FILE_NAME,FILE_ROW_NUMBER,RAW_RECORD
lead_activities_raw/load_type=full/lead_activities_raw_20260707_200944_part_00006.json,1,"{
  ""insert_date"": ""2026-06-15T11:01:24.506080"",
  ""raw_data"": {
    ""data"": [
      {
        ""_type"": ""Call"",
        ""activity_at"": ""2026-06-14T15:33:05.463000+00:00"",
        ""agent_config_id"": null,
        ""call_method"": ""regular"",
        ""coach_legs"": [],
        ""contact_id"": ""cont_dYcP3oZSbZjtlZ0RXwjK9FySGe8lWjdrzKoe4Cy3wbh"",
        ""conversation_type_id"": null,
        ""conversation_type_reason"": null,
        ""cost"": ""2"",
        ""created_by"": ""user_bVJs5qUUorvjXzLVcdGaaenO8UOXTMVtgfgVgPyh7D9"",
        ""created_by_name"": ""user_20d9a8b2049d2952651b295c62a8c1ff"",
        ""date_answered"": ""2026-06-14T15:33:19.270000+00:00"",
        ""date_created"": ""2026-06-14T15:33:05.463000+00:00"",
        ""date_updated"": ""2026-06-14T15:33:27.910000+00:00"",
        ""dialer_id"": null,
        ""dialer_saved_search_id"": null,
        ""direction"": ""outbound"",
        ""disposition"": ""answered"",
        ""duration"": 1,
        ""forwarded_to"": null,
        ""has_recording"": true,
        ""id"": ""acti_XfIMEv1QSPjvNUslZ4C90MMjhe4KDcYiuTdSTarQkKg"",
        ""is_forwarded"": false,
        ""is_joinable"": false,
        ""is_to_group_number"": false,
        ""lead_id"": ""lead_fnYCwkiyO6vFBbFJ9vb5uaYw4h8UdCgql6D5dPhoap8"",
        ""local_country_iso"": ""US"",
        ""local_phone"": ""+1-use-r_d-b8b5"",
        ""local_phone_formatted"": ""+1-use-r_e-29a1"",
        ""note"": """",
        ""note_date_updated"": ""2026-06-14T15:33:05.463000+00:00"",
        ""note_html"": """",
        ""note_mentions"": [],
        ""notetaker_id"": ""user_bVJs5qUUorvjXzLVcdGaaenO8UOXTMVtgfgVgPyh7D9"",
        ""organization_id"": ""orga_rq7EW7TTwnrAshSzIQ49jJUWzDxtTQUBBrA4VoRWElD"",
        ""outcome_autofill_confidence"": null,
        ""outcome_autofill_reasoning"": null,
        ""outcome_id"": null,
        ""outcome_reason"": null,
        ""parent_meeting_id"": null,
        ""phone"": ""+1-use-r_c-a8fb"",
        ""playbook_id"": null,
        ""playbook_reason"": null,
        ""recording_duration"": 2,
        ""recording_expires_at"": null,
        ""recording_history"": [
          {
            ""action"": ""auto-start-initializing"",
            ""timestamp"": ""2026-06-14T15:33:07.018000+00:00""
          },
          {
            ""action"": ""auto-started"",
            ""timestamp"": ""2026-06-14T15:33:19+00:00""
          }
        ],
        ""recording_url"": ""https://api.close.com/call/acti_XfIMEv1QSPjvNUslZ4C90MMjhe4KDcYiuTdSTarQkKg/recording/"",
        ""remote_country_iso"": ""US"",
        ""remote_phone"": ""+1-use-r_c-a8fb"",
        ""remote_phone_formatted"": ""+1-use-r_e-fc60"",
        ""sequence_id"": null,
        ""sequence_name"": null,
        ""sequence_subscription_id"": null,
        ""source"": ""Close.io"",
        ""status"": ""completed"",
        ""transferred_from"": null,
        ""transferred_from_user_id"": null,
        ""transferred_to"": null,
        ""transferred_to_user_id"": null,
        ""updated_by"": ""user_bVJs5qUUorvjXzLVcdGaaenO8UOXTMVtgfgVgPyh7D9"",
        ""updated_by_name"": ""user_20d9a8b2049d2952651b295c62a8c1ff"",
        ""user_id"": ""user_bVJs5qUUorvjXzLVcdGaaenO8UOXTMVtgfgVgPyh7D9"",
        ""user_name"": ""user_20d9a8b2049d2952651b295c62a8c1ff"",
        ""users"": [],
        ""voicemail_duration"": 0,
        ""voicemail_url"": null
      },
      {
        ""_type"": ""CustomActivity"",
        ""activity_at"": ""2026-06-10T23:49:03.545000+00:00"",
        ""contact_id"": null,
        ""created_by"": ""user_bIvwEVqazwdp4VFjtJRdOOthSsvx4ylfkNLqmbMWkma"",
        ""created_by_name"": ""user_3005b347129d801dc8c687e3bbcef2bb"",
        ""custom.cf_62mvcO7UbxQVhUegjATbPS9ApH3fXpZkf1FC2XrpjmU"": ""2026-06-15"",
        ""custom.cf_7Df2ZW0hUOYqwr28Z4msBZ4PywPXVmz9O37tC2Mv2qo"": ""Reschedule?"",
        ""custom.cf_HWa8eGa4tTRW4yGJRSvRotesxxQd0JEaXINpzf7Tsdp"": ""No showed call. Couldn't get through."",
        ""custom.cf_LGyzSTMPy37y87rDOUmFXlZA42HPSIpbipeT2OsQNHW"": ""No"",
        ""custom.cf_Lv5lSqLOZwLrNhe5M7kWx2mF8Ge2Z23aw5NUNhbXvVS"": ""user_bIvwEVqazwdp4VFjtJRdOOthSsvx4ylfkNLqmbMWkma"",
        ""custom.cf_XHq3brEgAdmZ8peVXr7pKJ0zSsLBZUhdZH1TKGI903g"": ""2026-06-10"",
        ""custom.cf_aIN5Gtqq33tUCCBxFTW63FY6d3mofnKIfFqfWPkvNla"": [
          ""No Show""
        ],
        ""custom.cf_dhJR4N7Rm6czuJthYGJP6KqUcuOzi7fqApGI7puWnMo"": ""4. No Show"",
        ""custom.cf_hhJuhxsj1vjvZITKKzfnxtCz1fnRFkC1DPiEPp4LyQc"": ""0. Strategy Call Scheduled"",
        ""custom.cf_ljVwaKsdb9FMxA07jJ0RW2CVbROPmyA6DdA8IpjhUJ5"": ""3- Looking/ Open"",
        ""custom.cf_pKBlZZGysAukrVnwgPAqJn6ozWC2dhiBgHMXy74h24F"": ""No"",
        ""custom.cf_v385AJ8HSgepKQ3rvqo4yOA3nn49eGqz39DOqojJG5M"": ""user_bVJs5qUUorvjXzLVcdGaaenO8UOXTMVtgfgVgPyh7D9"",
        ""custom.cf_wp24VoqhLv6QwwkDkkNCE9XFTchjquWWMIuVM9lGMB5"": ""Full transitioner"",
        ""custom_activity_type_id"": ""actitype_2VcSfZQX6FeIL8kkxy48C2"",
        ""date_created"": ""2026-06-10T23:49:03.545000+00:00"",
        ""date_updated"": ""2026-06-10T23:50:54.190000+00:00"",
        ""id"": ""acti_kCBPGagOhCeOhMuAFGdCiFAjsLw5hQdNZTzo7fSygjE"",
        ""last_published_at"": ""2026-06-10T23:50:54.190000+00:00"",
        ""lead_id"": ""lead_fnYCwkiyO6vFBbFJ9vb5uaYw4h8UdCgql6D5dPhoap8"",
        ""mentions"": [],
        ""mentions_updated_at"": ""2026-06-10T23:50:54.160000+00:00"",
        ""organization_id"": ""orga_rq7EW7TTwnrAshSzIQ49jJUWzDxtTQUBBrA4VoRWElD"",
        ""pinned"": false,
        ""pinned_at"": null,
        ""source"": ""ui"",
        ""status"": ""published"",
        ""updated_by"": ""user_bIvwEVqazwdp4VFjtJRdOOthSsvx4ylfkNLqmbMWkma"",
        ""updated_by_name"": ""user_3005b347129d801dc8c687e3bbcef2bb"",
        ""user_id"": ""user_bIvwEVqazwdp4VFjtJRdOOthSsvx4ylfkNLqmbMWkma"",
        ""user_name"": ""user_3005b347129d801dc8c687e3bbcef2bb"",
        ""users"": []
      },
      {
        ""_type"": ""Call"",
        ""activity_at"": ""2026-06-10T21:06:28.380000+00:00"",
        ""agent_config_id"": null,
        ""call_method"": ""regular"",
        ""coach_legs"": [],
        ""contact_id"": ""cont_dYcP3oZSbZjtlZ0RXwjK9FySGe8lWjdrzKoe4Cy3wbh"",
        ""conversation_type_id"": null,
        ""conversation_type_reason"": null,
        ""cost"": ""2"",
        ""created_by"": ""user_bIvwEVqazwdp4VFjtJRdOOthSsvx4ylfkNLqmbMWkma"",
        ""created_by_name"": ""user_3005b347129d801dc8c687e3bbcef2bb"",
        ""date_answered"": ""2026-06-10T21:06:33.048000+00:00"",
        ""date_created"": ""2026-06-10T21:06:28.380000+00:00"",
        ""date_updated"": ""2026-06-10T21:06:40.563000+00:00"",
        ""dialer_id"": null,
        ""dialer_saved_search_id"": null,
        ""direction"": ""outbound"",
        ""disposition"": ""answered"",
        ""duration"": 2,
        ""forwarded_to"": null,
        ""has_recording"": true,
        ""id"": ""acti_lNntGIK4EvJeY9FMWEeZf5Vli9GucrOxBADrsvZ06HK"",
        ""is_forwarded"": false,
        ""is_joinable"": false,
        ""is_to_group_number"": false,
        ""lead_id"": ""lead_fnYCwkiyO6vFBbFJ9vb5uaYw4h8UdCgql6D5dPhoap8"",
        ""local_country_iso"": ""US"",
        ""local_phone"": ""+1-use-r_1-3a21"",
        ""local_phone_formatted"": ""+1-use-r_0-6e51"",
        ""note"": null,
        ""note_date_updated"": ""2026-06-10T21:06:28.379000+00:00"",
        ""note_html"": null,
        ""note_mentions"": [],
        ""notetaker_id"": ""user_bIvwEVqazwdp4VFjtJRdOOthSsvx4ylfkNLqmbMWkma"",
        ""organization_id"": ""orga_rq7EW7TTwnrAshSzIQ49jJUWzDxtTQUBBrA4VoRWElD"",
        ""outcome_autofill_confidence"": null,
        ""outcome_autofill_reasoning"": null,
        ""outcome_id"": null,
        ""outcome_reason"": null,
        ""parent_meeting_id"": ""acti_ZOeZhMx1DoWht9p2bLntcv8ntnZja2nK0nFE9GrU6ip"",
        ""phone"": ""+1-use-r_c-a8fb"",
        ""playbook_id"": null,
        ""playbook_reason"": null,
        ""recording_duration"": 2,
        ""recording_expires_at"": null,
        ""recording_history"": [
          {
            ""action"": ""auto-start-initializing"",
            ""timestamp"": ""2026-06-10T21:06:30.163000+00:00""
          },
          {
            ""action"": ""auto-started"",
            ""timestamp"": ""2026-06-10T21:06:32+00:00""
          }
        ],
        ""recording_url"": ""https://api.close.com/call/acti_lNntGIK4EvJeY9FMWEeZf5Vli9GucrOxBADrsvZ06HK/recording/"",
        ""remote_country_iso"": ""US"",
        ""remote_phone"": ""+1-use-r_c-a8fb"",
        ""remote_phone_formatted"": ""+1-use-r_e-fc60"",
        ""sequence_id"": null,
        ""sequence_name"": null,
        ""sequence_subscription_id"": null,
        ""source"": ""Close.io"",
        ""status"": ""completed"",
        ""transferred_from"": null,
        ""transferred_from_user_id"": null,
        ""transferred_to"": null,
        ""transferred_to_user_id"": null,
        ""updated_by"": ""user_bIvwEVqazwdp4VFjtJRdOOthSsvx4ylfkNLqmbMWkma"",
        ""updated_by_name"": ""user_3005b347129d801dc8c687e3bbcef2bb"",
        ""user_id"": ""user_bIvwEVqazwdp4VFjtJRdOOthSsvx4ylfkNLqmbMWkma"",
        ""user_name"": ""user_3005b347129d801dc8c687e3bbcef2bb"",
        ""users"": [],
        ""voicemail_duration"": 0,
        ""voicemail_url"": null
      },
      {
        ""_type"": ""Call"",
        ""activity_at"": ""2026-06-10T21:06:01.888000+00:00"",
        ""agent_config_id"": null,
        ""call_method"": ""regular"",
        ""coach_legs"": [],
        ""contact_id"": ""cont_dYcP3oZSbZjtlZ0RXwjK9FySGe8lWjdrzKoe4Cy3wbh"",
        ""conversation_type_id"": null,
        ""conversation_type_reason"": null,
        ""cost"": ""2"",
        ""created_by"": ""user_bIvwEVqazwdp4VFjtJRdOOthSsvx4ylfkNLqmbMWkma"",
        ""created_by_name"": ""user_3005b347129d801dc8c687e3bbcef2bb"",
        ""date_answered"": ""2026-06-10T21:06:07.175000+00:00"",
        ""date_created"": ""2026-06-10T21:06:01.888000+00:00"",
        ""date_updated"": ""2026-06-10T21:06:33.068000+00:00"",
        ""dialer_id"": null,
        ""dialer_saved_search_id"": null,
        ""direction"": ""outbound"",
        ""disposition"": ""answered"",
        ""duration"": 19,
        ""forwarded_to"": null,
        ""has_recording"": true,
        ""id"": ""acti_PWexPdxFUwAYinH6kKz0cusOCVuyLKihKhK3AtR6w7c"",
        ""is_forwarded"": false,
        ""is_joinable"": false,
        ""is_to_group_number"": false,
        ""lead_id"": ""lead_fnYCwkiyO6vFBbFJ9vb5uaYw4h8UdCgql6D5dPhoap8"",
        ""local_country_iso"": ""US"",
        ""local_phone"": ""+1-use-r_1-3a21"",
        ""local_phone_formatted"": ""+1-use-r_0-6e51"",
        ""note"": null,
        ""note_date_updated"": ""2026-06-10T21:06:01.888000+00:00"",
        ""note_html"": null,
        ""note_mentions"": [],
        ""notetaker_id"": ""user_bIvwEVqazwdp4VFjtJRdOOthSsvx4ylfkNLqmbMWkma"",
        ""organization_id"": ""orga_rq7EW7TTwnrAshSzIQ49jJUWzDxtTQUBBrA4VoRWElD"",
        ""outcome_autofill_confidence"": null,
        ""outcome_autofill_reasoning"": null,
        ""outcome_id"": null,
        ""outcome_reason"": null,
        ""parent_meeting_id"": ""acti_ZOeZhMx1DoWht9p2bLntcv8ntnZja2nK0nFE9GrU6ip"",
        ""phone"": ""+1-use-r_c-a8fb"",
        ""playbook_id"": null,
        ""playbook_reason"": null,
        ""recording_duration"": 18,
        ""recording_expires_at"": null,
        ""recording_history"": [
          {
            ""action"": ""auto-start-initializing"",
            ""timestamp"": ""2026-06-10T21:06:03.537000+00:00""
          },
          {
            ""action"": ""auto-started"",
            ""timestamp"": ""2026-06-10T21:06:06+00:00""
          }
        ],
        ""recording_url"": ""https://api.close.com/call/acti_PWexPdxFUwAYinH6kKz0cusOCVuyLKihKhK3AtR6w7c/recording/"",
        ""remote_country_iso"": ""US"",
        ""remote_phone"": ""+1-use-r_c-a8fb"",
        ""remote_phone_formatted"": ""+1-use-r_e-fc60"",
        ""sequence_id"": null,
        ""sequence_name"": null,
        ""sequence_subscription_id"": null,
        ""source"": ""Close.io"",
        ""status"": ""completed"",
        ""transferred_from"": null,
        ""transferred_from_user_id"": null,
        ""transferred_to"": null,
        ""transferred_to_user_id"": null,
        ""updated_by"": ""user_bIvwEVqazwdp4VFjtJRdOOthSsvx4ylfkNLqmbMWkma"",
        ""updated_by_name"": ""user_3005b347129d801dc8c687e3bbcef2bb"",
        ""user_id"": ""user_bIvwEVqazwdp4VFjtJRdOOthSsvx4ylfkNLqmbMWkma"",
        ""user_name"": ""user_3005b347129d801dc8c687e3bbcef2bb"",
        ""users"": [],
        ""voicemail_duration"": 0,
        ""voicemail_url"": null
      },
      {
        ""_type"": ""Email"",
        ""activity_at"": ""2026-06-10T21:00:08.187000+00:00"",
        ""agent_action_reason"": null,
        ""agent_config_id"": null,
        ""ai_draft"": null,
        ""attachments"": [],
        ""bcc"": [],
        ""body_html"": null,
        ""body_html_quoted"": null,
        ""body_preview"": null,
        ""body_text"": null,
        ""body_text_quoted"": null,
        ""bulk_email_action_id"": null,
        ""cc"": [],
        ""contact_id"": ""cont_dYcP3oZSbZjtlZ0RXwjK9FySGe8lWjdrzKoe4Cy3wbh"",
        ""created_by"": ""user_bIvwEVqazwdp4VFjtJRdOOthSsvx4ylfkNLqmbMWkma"",
        ""created_by_name"": ""user_3005b347129d801dc8c687e3bbcef2bb"",
        ""date_created"": ""2026-06-10T20:59:41.702000+00:00"",
        ""date_scheduled"": null,
        ""date_sent"": ""2026-06-10T21:00:08.187000+00:00"",
        ""date_updated"": ""2026-06-10T21:00:09.193000+00:00"",
        ""direction"": ""outgoing"",
        ""email_account_id"": ""emailacct_0GxBhhaSAo1JruvTLUOOLNpnQ7tSDHj9Ou6Tp5DCV9Z"",
        ""envelope"": {
          ""bcc"": [],
          ""cc"": [],
          ""date"": ""Wed, 10 Jun 2026 21:00:08 +0000"",
          ""from"": [
            {
              ""email"": ""user_9a95a63@masked.com"",
              ""name"": ""user_e003a8c4f7d7c9d03a9859b7d3a5a2dd""
            }
          ],
          ""in_reply_to"": null,
          ""is_autoreply"": false,
          ""message_id"": """",
          ""reply_to"": [],
          ""sender"": [
            {
              ""email"": ""user_9a95a63@masked.com"",
              ""name"": ""user_e003a8c4f7d7c9d03a9859b7d3a5a2dd""
            }
          ],
          ""subject"": ""Join Our Call Here: Data Engineer Ac."",
          ""to"": [
            {
              ""email"": ""user_6b2d57e@masked.com"",
              ""name"": """"
            }
          ]
        },
        ""followup_sequence_add_cc_bcc"": false,
        ""followup_sequence_delay"": null,
        ""followup_sequence_id"": null,
        ""has_reply"": false,
        ""id"": ""acti_WXBX0y4BaXucT1DLchkLywdEGiJk0TdPlXLdDykaZTL"",
        ""in_reply_to_id"": null,
        ""lead_id"": ""lead_fnYCwkiyO6vFBbFJ9vb5uaYw4h8UdCgql6D5dPhoap8"",
        ""message_ids"": [
          """",
          """"
        ],
        ""need_smtp_credentials"": false,
        ""opens"": [],
        ""opens_summary"": null,
        ""organization_id"": ""orga_rq7EW7TTwnrAshSzIQ49jJUWzDxtTQUBBrA4VoRWElD"",
        ""references"": [],
        ""send_as_id"": null,
        ""send_attempts"": [],
        ""sender"": ""user_73a0602594607b6bf74865b65b14a8ea"",
        ""sequence_id"": null,
        ""sequence_name"": null,
        ""sequence_subscription_id"": null,
        ""status"": ""sent"",
        ""subject"": ""user_f2f401c3b7296239d7e6af4f1596304d"",
        ""template_id"": ""tmpl_3NFI7EMf83xFZ2lWzQat1SxNZZkI23mPsyfIlDjK808"",
        ""template_name"": ""PJ - Zoom"",
        ""thread_id"": ""acti_VWKymlLkx6ShGhUNgrKtu8tQyPSbUUHQgN2qo0ZPprX"",
        ""to"": [
          ""user_6b2d57e@masked.com""
        ],
        ""updated_by"": ""user_bIvwEVqazwdp4VFjtJRdOOthSsvx4ylfkNLqmbMWkma"",
        ""updated_by_name"": ""user_3005b347129d801dc8c687e3bbcef2bb"",
        ""user_id"": ""user_bIvwEVqazwdp4VFjtJRdOOthSsvx4ylfkNLqmbMWkma"",
        ""user_name"": ""user_3005b347129d801dc8c687e3bbcef2bb"",
        ""users"": []
      },
      {
        ""_type"": ""Meeting"",
        ""activity_at"": ""2026-06-10T21:00:00+00:00"",
        ""actual_duration"": 21,
        ""attached_call_ids"": [
          ""acti_PWexPdxFUwAYinH6kKz0cusOCVuyLKihKhK3AtR6w7c"",
          ""acti_lNntGIK4EvJeY9FMWEeZf5Vli9GucrOxBADrsvZ06HK""
        ],
        ""attendees"": [
          {
            ""contact_id"": ""cont_dYcP3oZSbZjtlZ0RXwjK9FySGe8lWjdrzKoe4Cy3wbh"",
            ""email"": ""jcgarner1993@yahoo.com"",
            ""is_organizer"": false,
            ""name"": null,
            ""status"": ""noreply"",
            ""user_id"": null
          },
          {
            ""contact_id"": null,
            ""email"": ""peterj@dataengineeracademy.com"",
            ""is_organizer"": true,
            ""name"": null,
            ""status"": ""yes"",
            ""user_id"": ""user_bIvwEVqazwdp4VFjtJRdOOthSsvx4ylfkNLqmbMWkma""
          }
        ],
        ""calendar_event_link"": null,
        ""calendar_event_uids"": [
          ""0jodgk1f362gvuu5jaergbfr50""
        ],
        ""conference_links"": [
          {
            ""type"": ""ZOOM"",
            ""url"": ""https://zoom.us/j/97875726433?pwd=N5bWSp04IfYmMxgXG5P2xemAAVOT6b.1""
          }
        ],
        ""connected_account_id"": ""emailacct_0GxBhhaSAo1JruvTLUOOLNpnQ7tSDHj9Ou6Tp5DCV9Z"",
        ""contact_id"": null,
        ""conversation_type_id"": null,
        ""conversation_type_reason"": null,
        ""created_by"": ""user_bIvwEVqazwdp4VFjtJRdOOthSsvx4ylfkNLqmbMWkma"",
        ""created_by_name"": ""user_3005b347129d801dc8c687e3bbcef2bb"",
        ""date_created"": ""2026-06-08T21:19:59.122000+00:00"",
        ""date_updated"": ""2026-06-10T22:00:13.281000+00:00"",
        ""duration"": 3600,
        ""ends_at"": ""2026-06-10T22:00:00+00:00"",
        ""id"": ""acti_ZOeZhMx1DoWht9p2bLntcv8ntnZja2nK0nFE9GrU6ip"",
        ""integrations"": [
          {
            ""artifacts"": [],
            ""created_at"": ""2026-06-08T21:19:58.986345"",
            ""event_occurrence_id"": ""6f3641f5-3cd4-4aa4-9bfe-857457523bd4"",
            ""id"": ""evtint_5kOkkIe8R9DZQ6VjcN42bD"",
            ""integration_data"": {
              ""duration"": null,
              ""end_time"": null,
              ""participants"": [],
              ""processing_status"": ""unknown"",
              ""start_time"": null,
              ""zoom_account_id"": ""emailacct_ctk0EpnXXU0yWUdyQz7MHse3L4mo5tGZ0fKzCyNlrnx"",
              ""zoom_uuid"": ""VLZq/vhATViOqEW/Xb/oMA==""
            },
            ""integration_name"": ""zoom"",
            ""integration_object_id"": ""97875726433"",
            ""organization_id"": ""orga_rq7EW7TTwnrAshSzIQ49jJUWzDxtTQUBBrA4VoRWElD"",
            ""updated_at"": ""2026-06-10T20:59:17.216594""
          }
        ],
        ""is_recurring"": false,
        ""lead_id"": ""lead_fnYCwkiyO6vFBbFJ9vb5uaYw4h8UdCgql6D5dPhoap8"",
        ""location"": ""https://zoom.us/j/97875726433?pwd=N5bWSp04IfYmMxgXG5P2xemAAVOT6b.1"",
        ""note"": ""FRIENDLY REMINDER, this is a VIDEO CHAT and NOT a phone call, please make sure to prepare accordingly Event Name: Data Engineer Academy Breakthrough Session / PJ Location: This is a Zoom web conference. You can join this meeting from your computer, tablet, or smartphone. https://zoom.us/j/97875726433?pwd=N5bWSp04IfYmMxgXG5P2xemAAVOT6b.1 Password: 697998 One tap mobile: +1 646 931 3860,,97875726433# +1 301 715 8592,,97875726433# You can also dial in using your phone. US: +1 646 931 3860, +1 301 715 8592, +1 305 224 1968, +1 309 205 3325, +1 312 626 6799, +1 646 558 8656, +1 719 359 4580, +1 253 205 0468, +1 253 215 8782, +1 346 248 7799, +1 360 209 5623, +1 386 347 5053, +1 507 473 4847, +1 564 217 2000, +1 669 444 9171, +1 669 900 9128, +16892781000 Meeting ID: 978-757-26433 Join from a video system or application sip:97875726433@zoomcrc.com You can also dial and enter your meeting ID 978-757-26433 What is your phone number?: +1 786-801-7816"",
        ""notetaker_id"": null,
        ""organization_id"": ""orga_rq7EW7TTwnrAshSzIQ49jJUWzDxtTQUBBrA4VoRWElD"",
        ""outcome_autofill_confidence"": null,
        ""outcome_autofill_reasoning"": null,
        ""outcome_id"": null,
        ""outcome_reason"": null,
        ""playbook_id"": null,
        ""playbook_reason"": null,
        ""provider_calendar_event_id"": ""0jodgk1f362gvuu5jaergbfr50"",
        ""provider_calendar_ids"": [
          ""peterj@dataengineeracademy.com""
        ],
        ""provider_calendar_type"": ""google"",
        ""source"": ""calendar"",
        ""starts_at"": ""2026-06-10T21:00:00+00:00"",
        ""status"": ""completed"",
        ""summary"": null,
        ""title"": ""John Garner and PJ Jensen"",
        ""updated_by"": ""user_bIvwEVqazwdp4VFjtJRdOOthSsvx4ylfkNLqmbMWkma"",
        ""updated_by_name"": ""user_3005b347129d801dc8c687e3bbcef2bb"",
        ""user_id"": ""user_bIvwEVqazwdp4VFjtJRdOOthSsvx4ylfkNLqmbMWkma"",
        ""user_name"": ""user_3005b347129d801dc8c687e3bbcef2bb"",
        ""user_note"": null,
        ""user_note_date_updated"": null,
        ""user_note_html"": null,
        ""user_note_mentions"": [],
        ""users"": [
          ""user_bIvwEVqazwdp4VFjtJRdOOthSsvx4ylfkNLqmbMWkma""
        ]
      },
      {
        ""_type"": ""SMS"",
        ""activity_at"": ""2026-06-10T20:59:48.336000+00:00"",
        ""agent_action_reason"": null,
        ""agent_config_id"": null,
        ""attachments"": [],
        ""contact_id"": ""cont_dYcP3oZSbZjtlZ0RXwjK9FySGe8lWjdrzKoe4Cy3wbh"",
        ""cost"": ""1"",
        ""created_by"": ""user_bIvwEVqazwdp4VFjtJRdOOthSsvx4ylfkNLqmbMWkma"",
        ""created_by_name"": ""user_3005b347129d801dc8c687e3bbcef2bb"",
        ""date_created"": ""2026-06-10T20:59:33.837000+00:00"",
        ""date_scheduled"": null,
        ""date_sent"": ""2026-06-10T20:59:48.336000+00:00"",
        ""date_updated"": ""2026-06-10T20:59:48.336000+00:00"",
        ""direction"": ""outbound"",
        ""error_message"": null,
        ""id"": ""acti_EeaPxzHX0uTne00mh3u9hS7uWGiSKRkswl6r75lwAJj"",
        ""lead_id"": ""lead_fnYCwkiyO6vFBbFJ9vb5uaYw4h8UdCgql6D5dPhoap8"",
        ""local_country_iso"": ""US"",
        ""local_phone"": ""+1-use-r_8-d29c"",
        ""local_phone_formatted"": ""+1-use-r_f-eb89"",
        ""organization_id"": ""orga_rq7EW7TTwnrAshSzIQ49jJUWzDxtTQUBBrA4VoRWElD"",
        ""remote_country_iso"": ""US"",
        ""remote_phone"": ""+1-use-r_c-a8fb"",
        ""remote_phone_formatted"": ""+1-use-r_e-fc60"",
        ""sequence_id"": null,
        ""sequence_name"": null,
        ""sequence_subscription_id"": null,
        ""source"": ""Close.io"",
        ""status"": ""sent"",
        ""template_id"": ""smstmpl_1fNsfoKdF1B8N9tadnuDu1"",
        ""text"": ""user_6164f840422ddb08ed3626d7ff5d3eed"",
        ""updated_by"": ""user_bIvwEVqazwdp4VFjtJRdOOthSsvx4ylfkNLqmbMWkma"",
        ""updated_by_name"": ""user_3005b347129d801dc8c687e3bbcef2bb"",
        ""user_id"": ""user_bIvwEVqazwdp4VFjtJRdOOthSsvx4ylfkNLqmbMWkma"",
        ""user_name"": ""user_3005b347129d801dc8c687e3bbcef2bb""
      },
      {
        ""_type"": ""SMS"",
        ""activity_at"": ""2026-06-10T19:35:31.441000+00:00"",
        ""agent_action_reason"": null,
        ""agent_config_id"": null,
        ""attachments"": [],
        ""contact_id"": ""cont_dYcP3oZSbZjtlZ0RXwjK9FySGe8lWjdrzKoe4Cy3wbh"",
        ""cost"": ""1"",
        ""created_by"": ""user_bIvwEVqazwdp4VFjtJRdOOthSsvx4ylfkNLqmbMWkma"",
        ""created_by_name"": ""user_3005b347129d801dc8c687e3bbcef2bb"",
        ""date_created"": ""2026-06-10T19:35:02.723000+00:00"",
        ""date_scheduled"": null,
        ""date_sent"": ""2026-06-10T19:35:31.441000+00:00"",
        ""date_updated"": ""2026-06-10T19:35:31.442000+00:00"",
        ""direction"": ""outbound"",
        ""error_message"": null,
        ""id"": ""acti_pwR8EfTEwHOj1IN6wH7mKQAIrvEliBEKsydgJSmc9uy"",
        ""lead_id"": ""lead_fnYCwkiyO6vFBbFJ9vb5uaYw4h8UdCgql6D5dPhoap8"",
        ""local_country_iso"": ""US"",
        ""local_phone"": ""+1-use-r_1-3a21"",
        ""local_phone_formatted"": ""+1-use-r_0-6e51"",
        ""organization_id"": ""orga_rq7EW7TTwnrAshSzIQ49jJUWzDxtTQUBBrA4VoRWElD"",
        ""remote_country_iso"": ""US"",
        ""remote_phone"": ""+1-use-r_c-a8fb"",
        ""remote_phone_formatted"": ""+1-use-r_e-fc60"",
        ""sequence_id"": null,
        ""sequence_name"": null,
        ""sequence_subscription_id"": null,
        ""source"": ""Close.io"",
        ""status"": ""sent"",
        ""template_id"": ""smstmpl_5jWC467kMzFU7cM5etWjmC"",
        ""text"": ""user_ea82a551d2884a8ea6b0f3e296bb4e46"",
        ""updated_by"": ""user_bIvwEVqazwdp4VFjtJRdOOthSsvx4ylfkNLqmbMWkma"",
        ""updated_by_name"": ""user_3005b347129d801dc8c687e3bbcef2bb"",
        ""user_id"": ""user_bIvwEVqazwdp4VFjtJRdOOthSsvx4ylfkNLqmbMWkma"",
        ""user_name"": ""user_3005b347129d801dc8c687e3bbcef2bb""
      },
      {
        ""_type"": ""SMS"",
        ""activity_at"": ""2026-06-10T19:35:09.685000+00:00"",
        ""agent_action_reason"": null,
        ""agent_config_id"": null,
        ""attachments"": [],
        ""contact_id"": ""cont_dYcP3oZSbZjtlZ0RXwjK9FySGe8lWjdrzKoe4Cy3wbh"",
        ""cost"": ""1"",
        ""created_by"": ""user_bIvwEVqazwdp4VFjtJRdOOthSsvx4ylfkNLqmbMWkma"",
        ""created_by_name"": ""user_3005b347129d801dc8c687e3bbcef2bb"",
        ""date_created"": ""2026-06-10T19:34:29.485000+00:00"",
        ""date_scheduled"": null,
        ""date_sent"": ""2026-06-10T19:35:09.685000+00:00"",
        ""date_updated"": ""2026-06-10T19:35:09.685000+00:00"",
        ""direction"": ""outbound"",
        ""error_message"": null,
        ""id"": ""acti_V120T0HmSrMQeHcCXQEiilfalg9wrYL47G22d3FFSw0"",
        ""lead_id"": ""lead_fnYCwkiyO6vFBbFJ9vb5uaYw4h8UdCgql6D5dPhoap8"",
        ""local_country_iso"": ""US"",
        ""local_phone"": ""+1-use-r_1-3a21"",
        ""local_phone_formatted"": ""+1-use-r_0-6e51"",
        ""organization_id"": ""orga_rq7EW7TTwnrAshSzIQ49jJUWzDxtTQUBBrA4VoRWElD"",
        ""remote_country_iso"": ""US"",
        ""remote_phone"": ""+1-use-r_c-a8fb"",
        ""remote_phone_formatted"": ""+1-use-r_e-fc60"",
        ""sequence_id"": null,
        ""sequence_name"": null,
        ""sequence_subscription_id"": null,
        ""source"": ""Close.io"",
        ""status"": ""sent"",
        ""template_id"": """",
        ""text"": ""user_30dfa46480088b6ff0e9e1e73bb54aa3"",
        ""updated_by"": ""user_bIvwEVqazwdp4VFjtJRdOOthSsvx4ylfkNLqmbMWkma"",
        ""updated_by_name"": ""user_3005b347129d801dc8c687e3bbcef2bb"",
        ""user_id"": ""user_bIvwEVqazwdp4VFjtJRdOOthSsvx4ylfkNLqmbMWkma"",
        ""user_name"": ""user_3005b347129d801dc8c687e3bbcef2bb""
      },
      {
        ""_type"": ""CustomActivity"",
        ""activity_at"": ""2026-06-08T21:28:21.035000+00:00"",
        ""contact_id"": null,
        ""created_by"": ""user_bIvwEVqazwdp4VFjtJRdOOthSsvx4ylfkNLqmbMWkma"",
        ""created_by_name"": ""user_3005b347129d801dc8c687e3bbcef2bb"",
        ""custom.cf_62mvcO7UbxQVhUegjATbPS9ApH3fXpZkf1FC2XrpjmU"": ""2026-06-09"",
        ""custom.cf_7Df2ZW0hUOYqwr28Z4msBZ4PywPXVmz9O37tC2Mv2qo"": ""Confirm SC / Get resume."",
        ""custom.cf_E8RKXQOiaGUZVVTJfQ56VrlvvVf6aExtgHMrfsr6tnN"": ""DESIRED INCOME ($): $100,000 – $140,000 annually. DESIRED TIMELINE: 6–9 months (committed to studying ~10 hours per week). CURRENT ROLE: Part-time at UPS; also studying programming and 3D art at Kaiser University (since 2024). HOW LONG: Current student/part-time setup since 2024; previously worked briefly as a UX designer at a small startup. CURRENT INCOME ($): $40,000 – $45,000 per year. CURRENT STRATEGY/APPROACH GET TO DESIRED INCOME ($): Completed a UX/UI design bootcamp and has been applying to positions via Indeed, ZipRecruiter, and Glassdoor with very limited success/few responses. CURRENT PROBLEM: The UX/UI job market is extremely tough, and he has massive anxiety about AI automating and replacing design roles. He has a significant skill gap in modern data tools (SQL, Python, AWS, data visualization). CURRENT ACCESS TO FUNDING: Expressed willingness to invest if it's the right fit. Prefers monthly financing options in the $300–$500 range. Needs to review his budget and check his credit score (has no outstanding loans besides student loans). WHY NOW: He feels his current path in design is not future-proof. He needs a secure, stable, and lucrative career track before AI completely disrupts his options. EMOTIONAL DRIVER(S): Security, stability, and future-proofing his career against automation. Closer Assessment Criteria Annual earnings / Credit score: Earns $40k–$45k. Credit score is currently unknown/unverified (he hasn't checked it in years, but plans to check it before the strategy call). Price dropped: Yes ($15,000 – $32,400 range given, with a mention of financing around $500/month). If under threshold, did they meet exception criteria: Yes (Highly motivated full-transitioner, clear technical aptitude from design/programming background, and willing to cut back personal expenses to clear budget). Level of intent: Hot Level of skepticism: Low Personality map: Intelligence (already trying to learn programming/3D art, understands the shifting landscape), Significance (wants a high-paying, secure role over part-time work). Agreement to view pre-call materials: Yes (Agreed to watch the CEO video briefing, review the FAQ resources, and reply 'Yes' to the email invite)."",
        ""custom.cf_HYfcDO4JTrnLEw7zxYVEG6KfQKg9SVT0zGVJOD1F57X"": ""2026-06-08"",
        ""custom.cf_Q2fsrD8VpPaunZLtyiy7P3vG6qJTv0w1ESmlhdHU2ra"": ""1. Triage Booked"",
        ""custom.cf_YQwZc2L6sQdYt9uPDVJnfZiv6oBxXf8qrszmJvwLTR7"": ""Outbound"",
        ""custom.cf_wp24VoqhLv6QwwkDkkNCE9XFTchjquWWMIuVM9lGMB5"": ""Full transitioner"",
        ""custom_activity_type_id"": ""actitype_6ga7msjJ7kZcH2rGtYETwe"",
        ""date_created"": ""2026-06-08T21:28:21.035000+00:00"",
        ""date_updated"": ""2026-06-08T21:33:28.070000+00:00"",
        ""id"": ""acti_IVyxo3vQMAuZkPhxKpMjKP4l5X3Tsx9kAHqZwgjBQZf"",
        ""last_published_at"": ""2026-06-08T21:33:28.070000+00:00"",
        ""lead_id"": ""lead_fnYCwkiyO6vFBbFJ9vb5uaYw4h8UdCgql6D5dPhoap8"",
        ""mentions"": [],
        ""mentions_updated_at"": ""2026-06-08T21:33:28.028000+00:00"",
        ""organization_id"": ""orga_rq7EW7TTwnrAshSzIQ49jJUWzDxtTQUBBrA4VoRWElD"",
        ""pinned"": false,
        ""pinned_at"": null,
        ""source"": ""ui"",
        ""status"": ""published"",
        ""updated_by"": ""user_bIvwEVqazwdp4VFjtJRdOOthSsvx4ylfkNLqmbMWkma"",
        ""updated_by_name"": ""user_3005b347129d801dc8c687e3bbcef2bb"",
        ""user_id"": ""user_bIvwEVqazwdp4VFjtJRdOOthSsvx4ylfkNLqmbMWkma"",
        ""user_name"": ""user_3005b347129d801dc8c687e3bbcef2bb"",
        ""users"": []
      },
      {
        ""_type"": ""Email"",
        ""activity_at"": ""2026-06-08T21:20:47.110000+00:00"",
        ""agent_action_reason"": null,
        ""agent_config_id"": null,
        ""ai_draft"": null,
        ""attachments"": [],
        ""bcc"": [],
        ""body_html"": null,
        ""body_html_quoted"": null,
        ""body_preview"": null,
        ""body_text"": null,
        ""body_text_quoted"": null,
        ""bulk_email_action_id"": null,
        ""cc"": [],
        ""contact_id"": ""cont_dYcP3oZSbZjtlZ0RXwjK9FySGe8lWjdrzKoe4Cy3wbh"",
        ""created_by"": ""user_bIvwEVqazwdp4VFjtJRdOOthSsvx4ylfkNLqmbMWkma"",
        ""created_by_name"": ""user_3005b347129d801dc8c687e3bbcef2bb"",
        ""date_created"": ""2026-06-08T21:20:15.662000+00:00"",
        ""date_scheduled"": null,
        ""date_sent"": ""2026-06-08T21:20:47.110000+00:00"",
        ""date_updated"": ""2026-06-08T21:20:48.135000+00:00"",
        ""direction"": ""outgoing"",
        ""email_account_id"": ""emailacct_0GxBhhaSAo1JruvTLUOOLNpnQ7tSDHj9Ou6Tp5DCV9Z"",
        ""envelope"": {
          ""bcc"": [],
          ""cc"": [],
          ""date"": ""Mon, 08 Jun 2026 21:20:47 +0000"",
          ""from"": [
            {
              ""email"": ""user_9a95a63@masked.com"",
              ""name"": ""user_e003a8c4f7d7c9d03a9859b7d3a5a2dd""
            }
          ],
          ""in_reply_to"": null,
          ""is_autoreply"": false,
          ""message_id"": """",
          ""reply_to"": [],
          ""sender"": [
            {
              ""email"": ""user_9a95a63@masked.com"",
              ""name"": ""user_e003a8c4f7d7c9d03a9859b7d3a5a2dd""
            }
          ],
          ""subject"": ""Data Engineer Academy Breakthrough Call"",
          ""to"": [
            {
              ""email"": ""user_6b2d57e@masked.com"",
              ""name"": """"
            }
          ]
        },
        ""followup_sequence_add_cc_bcc"": false,
        ""followup_sequence_delay"": null,
        ""followup_sequence_id"": null,
        ""has_reply"": false,
        ""id"": ""acti_ja81ZlBZ5hBljHVTHnEKe0BB1XKVTGls9N6jYnsgDZS"",
        ""in_reply_to_id"": null,
        ""lead_id"": ""lead_fnYCwkiyO6vFBbFJ9vb5uaYw4h8UdCgql6D5dPhoap8"",
        ""message_ids"": [
          """",
          """"
        ],
        ""need_smtp_credentials"": false,
        ""opens"": [],
        ""opens_summary"": null,
        ""organization_id"": ""orga_rq7EW7TTwnrAshSzIQ49jJUWzDxtTQUBBrA4VoRWElD"",
        ""references"": [],
        ""send_as_id"": null,
        ""send_attempts"": [],
        ""sender"": ""user_73a0602594607b6bf74865b65b14a8ea"",
        ""sequence_id"": null,
        ""sequence_name"": null,
        ""sequence_subscription_id"": null,
        ""status"": ""sent"",
        ""subject"": ""user_e1438cc616728e3ab4ced4aa9fc49c67"",
        ""template_id"": ""tmpl_vgadLI8SyvRchtANVTtGLKoKLXa8kzPClZ5uhkY7iDR"",
        ""template_name"": ""Data Crushers - Post - Triage - FT"",
        ""thread_id"": ""acti_FCZVnaWuLSTC4TZlmHdmb6H1n45578nrOtHGLcFGXbQ"",
        ""to"": [
          ""user_6b2d57e@masked.com""
        ],
        ""updated_by"": ""user_bIvwEVqazwdp4VFjtJRdOOthSsvx4ylfkNLqmbMWkma"",
        ""updated_by_name"": ""user_3005b347129d801dc8c687e3bbcef2bb"",
        ""user_id"": ""user_bIvwEVqazwdp4VFjtJRdOOthSsvx4ylfkNLqmbMWkma"",
        ""user_name"": ""user_3005b347129d801dc8c687e3bbcef2bb"",
        ""users"": []
      },
      {
        ""_type"": ""Email"",
        ""activity_at"": ""2026-06-08T21:20:11+00:00"",
        ""agent_action_reason"": null,
        ""agent_config_id"": null,
        ""ai_draft"": null,
        ""attachments"": [],
        ""bcc"": [],
        ""body_html"": null,
        ""body_html_quoted"": null,
        ""body_preview"": null,
        ""body_text"": null,
        ""body_text_quoted"": null,
        ""bulk_email_action_id"": null,
        ""cc"": [],
        ""contact_id"": ""cont_dYcP3oZSbZjtlZ0RXwjK9FySGe8lWjdrzKoe4Cy3wbh"",
        ""created_by"": null,
        ""created_by_name"": null,
        ""date_created"": ""2026-06-08T21:20:11+00:00"",
        ""date_scheduled"": null,
        ""date_sent"": null,
        ""date_updated"": ""2026-06-08T21:20:41.865000+00:00"",
        ""direction"": ""incoming"",
        ""email_account_id"": ""emailacct_0GxBhhaSAo1JruvTLUOOLNpnQ7tSDHj9Ou6Tp5DCV9Z"",
        ""envelope"": {
          ""bcc"": [],
          ""cc"": [],
          ""date"": ""Mon, 08 Jun 2026 21:20:11 +0000 (UTC)"",
          ""from"": [
            {
              ""email"": ""user_d0dc265@masked.com"",
              ""name"": ""user_d834c26c004bd650c25586a525eebeb7""
            }
          ],
          ""in_reply_to"": null,
          ""is_autoreply"": false,
          ""message_id"": """",
          ""reply_to"": [
            {
              ""email"": ""user_6b2d57e@masked.com"",
              ""name"": """"
            }
          ],
          ""sender"": [
            {
              ""email"": ""user_d0dc265@masked.com"",
              ""name"": ""user_d834c26c004bd650c25586a525eebeb7""
            }
          ],
          ""subject"": ""New Event: John Garner - 03:00pm Wed, Jun 10, 2026 - Data Engineer Academy Breakthrough Session / PJ"",
          ""to"": [
            {
              ""email"": ""user_9a95a63@masked.com"",
              ""name"": """"
            }
          ]
        },
        ""followup_sequence_add_cc_bcc"": false,
        ""followup_sequence_delay"": null,
        ""followup_sequence_id"": null,
        ""has_reply"": false,
        ""id"": ""acti_n2ZaIVgZ2YqArX3kSvuDLG7hVOtS35qFoYlNL1ilYHl"",
        ""in_reply_to_id"": null,
        ""lead_id"": ""lead_fnYCwkiyO6vFBbFJ9vb5uaYw4h8UdCgql6D5dPhoap8"",
        ""message_ids"": [
          """"
        ],
        ""need_smtp_credentials"": false,
        ""opens"": [],
        ""opens_summary"": null,
        ""organization_id"": ""orga_rq7EW7TTwnrAshSzIQ49jJUWzDxtTQUBBrA4VoRWElD"",
        ""references"": [],
        ""send_as_id"": null,
        ""send_attempts"": [],
        ""sender"": ""user_3e9eae9d3de9db0647d640687369d8b2"",
        ""sequence_id"": null,
        ""sequence_name"": null,
        ""sequence_subscription_id"": null,
        ""status"": ""inbox"",
        ""subject"": ""user_a5f6780b05da032dc7ce408dbeaae58a"",
        ""template_id"": null,
        ""template_name"": null,
        ""thread_id"": ""acti_bI4J59uJuuZnkVLE4uaK30K6V0ibLBhAcUgYPIWy6d8"",
        ""to"": [
          ""user_9a95a63@masked.com""
        ],
        ""updated_by"": null,
        ""updated_by_name"": null,
        ""user_id"": ""user_bIvwEVqazwdp4VFjtJRdOOthSsvx4ylfkNLqmbMWkma"",
        ""user_name"": ""user_3005b347129d801dc8c687e3bbcef2bb"",
        ""users"": []
      },
      {
        ""_type"": ""Call"",
        ""activity_at"": ""2026-06-08T21:00:49.906000+00:00"",
        ""agent_config_id"": null,
        ""call_method"": ""regular"",
        ""coach_legs"": [],
        ""contact_id"": ""cont_dYcP3oZSbZjtlZ0RXwjK9FySGe8lWjdrzKoe4Cy3wbh"",
        ""conversation_type_id"": null,
        ""conversation_type_reason"": null,
        ""cost"": ""31"",
        ""created_by"": ""user_bIvwEVqazwdp4VFjtJRdOOthSsvx4ylfkNLqmbMWkma"",
        ""created_by_name"": ""user_3005b347129d801dc8c687e3bbcef2bb"",
        ""date_answered"": ""2026-06-08T21:00:57.027000+00:00"",
        ""date_created"": ""2026-06-08T21:00:49.906000+00:00"",
        ""date_updated"": ""2026-06-08T21:24:32.051000+00:00"",
        ""dialer_id"": null,
        ""dialer_saved_search_id"": null,
        ""direction"": ""outbound"",
        ""disposition"": ""answered"",
        ""duration"": 1296,
        ""forwarded_to"": null,
        ""has_recording"": true,
        ""id"": ""acti_EFBzqh23cSX6uYV6QOE8FD99D9VFKHkboBT9nNbikv7"",
        ""is_forwarded"": false,
        ""is_joinable"": false,
        ""is_to_group_number"": false,
        ""lead_id"": ""lead_fnYCwkiyO6vFBbFJ9vb5uaYw4h8UdCgql6D5dPhoap8"",
        ""local_country_iso"": ""US"",
        ""local_phone"": ""+1-use-r_1-3a21"",
        ""local_phone_formatted"": ""+1-use-r_0-6e51"",
        ""note"": """",
        ""note_date_updated"": ""2026-06-08T21:00:49.906000+00:00"",
        ""note_html"": """",
        ""note_mentions"": [],
        ""notetaker_id"": ""user_bIvwEVqazwdp4VFjtJRdOOthSsvx4ylfkNLqmbMWkma"",
        ""organization_id"": ""orga_rq7EW7TTwnrAshSzIQ49jJUWzDxtTQUBBrA4VoRWElD"",
        ""outcome_autofill_confidence"": ""high"",
        ""outcome_autofill_reasoning"": ""The call was a full, productive conversation between the agent (PJ Jensen) and the intended contact (John Garner). John was qualified through a series of discovery questions — he is actively looking for a new career, interested in data roles, has some technical background, earns ~$40-45k/year, is willing to invest in training, and can potentially manage monthly payments. The agent explicitly booked a Zoom consultation for Wednesday at 5pm Eastern, sent a calendar invite to John's email, and outlined pre-call homework. John confirmed the meeting and agreed to complete the required steps. A meeting was explicitly scheduled as the direct next step."",
        ""outcome_id"": ""outcome_033856dSfubJajCddHbQZ9"",
        ""outcome_reason"": ""autofilled"",
        ""parent_meeting_id"": null,
        ""phone"": ""+1-use-r_c-a8fb"",
        ""playbook_id"": null,
        ""playbook_reason"": null,
        ""recording_duration"": 1295,
        ""recording_expires_at"": null,
        ""recording_history"": [
          {
            ""action"": ""auto-start-initializing"",
            ""timestamp"": ""2026-06-08T21:00:51.291000+00:00""
          },
          {
            ""action"": ""auto-started"",
            ""timestamp"": ""2026-06-08T21:00:56+00:00""
          }
        ],
        ""recording_url"": ""https://api.close.com/call/acti_EFBzqh23cSX6uYV6QOE8FD99D9VFKHkboBT9nNbikv7/recording/"",
        ""remote_country_iso"": ""US"",
        ""remote_phone"": ""+1-use-r_c-a8fb"",
        ""remote_phone_formatted"": ""+1-use-r_e-fc60"",
        ""sequence_id"": null,
        ""sequence_name"": null,
        ""sequence_subscription_id"": null,
        ""source"": ""Close.io"",
        ""status"": ""completed"",
        ""transferred_from"": null,
        ""transferred_from_user_id"": null,
        ""transferred_to"": null,
        ""transferred_to_user_id"": null,
        ""updated_by"": ""user_bIvwEVqazwdp4VFjtJRdOOthSsvx4ylfkNLqmbMWkma"",
        ""updated_by_name"": ""user_3005b347129d801dc8c687e3bbcef2bb"",
        ""user_id"": ""user_bIvwEVqazwdp4VFjtJRdOOthSsvx4ylfkNLqmbMWkma"",
        ""user_name"": ""user_3005b347129d801dc8c687e3bbcef2bb"",
        ""users"": [],
        ""voicemail_duration"": 0,
        ""voicemail_url"": null
      },
      {
        ""_type"": ""Call"",
        ""activity_at"": ""2026-06-08T21:00:29.621000+00:00"",
        ""agent_config_id"": null,
        ""call_method"": ""regular"",
        ""coach_legs"": [],
        ""contact_id"": ""cont_dYcP3oZSbZjtlZ0RXwjK9FySGe8lWjdrzKoe4Cy3wbh"",
        ""conversation_type_id"": null,
        ""conversation_type_reason"": null,
        ""cost"": ""2"",
        ""created_by"": ""user_bIvwEVqazwdp4VFjtJRdOOthSsvx4ylfkNLqmbMWkma"",
        ""created_by_name"": ""user_3005b347129d801dc8c687e3bbcef2bb"",
        ""date_answered"": ""2026-06-08T21:00:34.235000+00:00"",
        ""date_created"": ""2026-06-08T21:00:29.621000+00:00"",
        ""date_updated"": ""2026-06-08T21:00:44.042000+00:00"",
        ""dialer_id"": null,
        ""dialer_saved_search_id"": null,
        ""direction"": ""outbound"",
        ""disposition"": ""answered"",
        ""duration"": 4,
        ""forwarded_to"": null,
        ""has_recording"": true,
        ""id"": ""acti_Ezvx6eXhccKtACLma5UwOdLN8682h1mZlQgBFuC08Kc"",
        ""is_forwarded"": false,
        ""is_joinable"": false,
        ""is_to_group_number"": false,
        ""lead_id"": ""lead_fnYCwkiyO6vFBbFJ9vb5uaYw4h8UdCgql6D5dPhoap8"",
        ""local_country_iso"": ""US"",
        ""local_phone"": ""+1-use-r_1-3a21"",
        ""local_phone_formatted"": ""+1-use-r_0-6e51"",
        ""note"": """",
        ""note_date_updated"": ""2026-06-08T21:00:31.680000+00:00"",
        ""note_html"": """",
        ""note_mentions"": [],
        ""notetaker_id"": ""user_bIvwEVqazwdp4VFjtJRdOOthSsvx4ylfkNLqmbMWkma"",
        ""organization_id"": ""orga_rq7EW7TTwnrAshSzIQ49jJUWzDxtTQUBBrA4VoRWElD"",
        ""outcome_autofill_confidence"": null,
        ""outcome_autofill_reasoning"": null,
        ""outcome_id"": null,
        ""outcome_reason"": null,
        ""parent_meeting_id"": null,
        ""phone"": ""+1-use-r_c-a8fb"",
        ""playbook_id"": null,
        ""playbook_reason"": null,
        ""recording_duration"": 4,
        ""recording_expires_at"": null,
        ""recording_history"": [
          {
            ""action"": ""auto-start-initializing"",
            ""timestamp"": ""2026-06-08T21:00:31.759000+00:00""
          },
          {
            ""action"": ""auto-started"",
            ""timestamp"": ""2026-06-08T21:00:33+00:00""
          }
        ],
        ""recording_url"": ""https://api.close.com/call/acti_Ezvx6eXhccKtACLma5UwOdLN8682h1mZlQgBFuC08Kc/recording/"",
        ""remote_country_iso"": ""US"",
        ""remote_phone"": ""+1-use-r_c-a8fb"",
        ""remote_phone_formatted"": ""+1-use-r_e-fc60"",
        ""sequence_id"": null,
        ""sequence_name"": null,
        ""sequence_subscription_id"": null,
        ""source"": ""Close.io"",
        ""status"": ""completed"",
        ""transferred_from"": null,
        ""transferred_from_user_id"": null,
        ""transferred_to"": null,
        ""transferred_to_user_id"": null,
        ""updated_by"": ""user_bIvwEVqazwdp4VFjtJRdOOthSsvx4ylfkNLqmbMWkma"",
        ""updated_by_name"": ""user_3005b347129d801dc8c687e3bbcef2bb"",
        ""user_id"": ""user_bIvwEVqazwdp4VFjtJRdOOthSsvx4ylfkNLqmbMWkma"",
        ""user_name"": ""user_3005b347129d801dc8c687e3bbcef2bb"",
        ""users"": [],
        ""voicemail_duration"": 0,
        ""voicemail_url"": null
      },
      {
        ""_type"": ""SMS"",
        ""activity_at"": ""2026-06-08T02:20:40.487000+00:00"",
        ""agent_action_reason"": null,
        ""agent_config_id"": null,
        ""attachments"": [],
        ""contact_id"": ""cont_dYcP3oZSbZjtlZ0RXwjK9FySGe8lWjdrzKoe4Cy3wbh"",
        ""cost"": ""1"",
        ""created_by"": null,
        ""created_by_name"": null,
        ""date_created"": ""2026-06-08T02:20:40.487000+00:00"",
        ""date_scheduled"": null,
        ""date_sent"": null,
        ""date_updated"": ""2026-06-08T02:20:40.631000+00:00"",
        ""direction"": ""inbound"",
        ""error_message"": null,
        ""id"": ""acti_EazNpfUCk2wQlek04SgmHEPGc87ZS3Q8W4rLgGBtjsy"",
        ""lead_id"": ""lead_fnYCwkiyO6vFBbFJ9vb5uaYw4h8UdCgql6D5dPhoap8"",
        ""local_country_iso"": ""US"",
        ""local_phone"": ""+1-use-r_1-3a21"",
        ""local_phone_formatted"": ""+1-use-r_0-6e51"",
        ""organization_id"": ""orga_rq7EW7TTwnrAshSzIQ49jJUWzDxtTQUBBrA4VoRWElD"",
        ""remote_country_iso"": ""US"",
        ""remote_phone"": ""+1-use-r_c-a8fb"",
        ""remote_phone_formatted"": ""+1-use-r_e-fc60"",
        ""sequence_id"": null,
        ""sequence_name"": null,
        ""sequence_subscription_id"": null,
        ""source"": ""Close.io"",
        ""status"": ""inbox"",
        ""template_id"": null,
        ""text"": ""user_11f971f3b8da13fc593f9b97588908fc"",
        ""updated_by"": null,
        ""updated_by_name"": null,
        ""user_id"": ""user_bIvwEVqazwdp4VFjtJRdOOthSsvx4ylfkNLqmbMWkma"",
        ""user_name"": ""user_3005b347129d801dc8c687e3bbcef2bb""
      },
      {
        ""_type"": ""SMS"",
        ""activity_at"": ""2026-06-08T02:20:36.262000+00:00"",
        ""agent_action_reason"": null,
        ""agent_config_id"": null,
        ""attachments"": [],
        ""contact_id"": ""cont_dYcP3oZSbZjtlZ0RXwjK9FySGe8lWjdrzKoe4Cy3wbh"",
        ""cost"": ""1"",
        ""created_by"": null,
        ""created_by_name"": null,
        ""date_created"": ""2026-06-08T02:20:36.262000+00:00"",
        ""date_scheduled"": null,
        ""date_sent"": null,
        ""date_updated"": ""2026-06-08T02:20:36.395000+00:00"",
        ""direction"": ""inbound"",
        ""error_message"": null,
        ""id"": ""acti_2bLHwHMqSrWr9TvwSRqOeNgYwVspSPs1EymyjnaoyWq"",
        ""lead_id"": ""lead_fnYCwkiyO6vFBbFJ9vb5uaYw4h8UdCgql6D5dPhoap8"",
        ""local_country_iso"": ""US"",
        ""local_phone"": ""+1-use-r_1-3a21"",
        ""local_phone_formatted"": ""+1-use-r_0-6e51"",
        ""organization_id"": ""orga_rq7EW7TTwnrAshSzIQ49jJUWzDxtTQUBBrA4VoRWElD"",
        ""remote_country_iso"": ""US"",
        ""remote_phone"": ""+1-use-r_c-a8fb"",
        ""remote_phone_formatted"": ""+1-use-r_e-fc60"",
        ""sequence_id"": null,
        ""sequence_name"": null,
        ""sequence_subscription_id"": null,
        ""source"": ""Close.io"",
        ""status"": ""inbox"",
        ""template_id"": null,
        ""text"": ""user_b12dc5ce5c0f5fd89139b19e9d1a5df8"",
        ""updated_by"": null,
        ""updated_by_name"": null,
        ""user_id"": ""user_bIvwEVqazwdp4VFjtJRdOOthSsvx4ylfkNLqmbMWkma"",
        ""user_name"": ""user_3005b347129d801dc8c687e3bbcef2bb""
      },
      {
        ""_type"": ""SMS"",
        ""activity_at"": ""2026-06-08T02:20:09.719000+00:00"",
        ""agent_action_reason"": null,
        ""agent_config_id"": null,
        ""attachments"": [],
        ""contact_id"": ""cont_dYcP3oZSbZjtlZ0RXwjK9FySGe8lWjdrzKoe4Cy3wbh"",
        ""cost"": ""1"",
        ""created_by"": null,
        ""created_by_name"": null,
        ""date_created"": ""2026-06-08T02:20:09.719000+00:00"",
        ""date_scheduled"": null,
        ""date_sent"": null,
        ""date_updated"": ""2026-06-08T02:20:09.901000+00:00"",
        ""direction"": ""inbound"",
        ""error_message"": null,
        ""id"": ""acti_rYL47cM7Q0mQmTxn6eNm2eU3LPGBGX49DAmPTmUBTNj"",
        ""lead_id"": ""lead_fnYCwkiyO6vFBbFJ9vb5uaYw4h8UdCgql6D5dPhoap8"",
        ""local_country_iso"": ""US"",
        ""local_phone"": ""+1-use-r_1-3a21"",
        ""local_phone_formatted"": ""+1-use-r_0-6e51"",
        ""organization_id"": ""orga_rq7EW7TTwnrAshSzIQ49jJUWzDxtTQUBBrA4VoRWElD"",
        ""remote_country_iso"": ""US"",
        ""remote_phone"": ""+1-use-r_c-a8fb"",
        ""remote_phone_formatted"": ""+1-use-r_e-fc60"",
        ""sequence_id"": null,
        ""sequence_name"": null,
        ""sequence_subscription_id"": null,
        ""source"": ""Close.io"",
        ""status"": ""inbox"",
        ""template_id"": null,
        ""text"": ""user_69acc7d8451a8578c96c3b223e84ba79"",
        ""updated_by"": null,
        ""updated_by_name"": null,
        ""user_id"": ""user_bIvwEVqazwdp4VFjtJRdOOthSsvx4ylfkNLqmbMWkma"",
        ""user_name"": ""user_3005b347129d801dc8c687e3bbcef2bb""
      },
      {
        ""_type"": ""SMS"",
        ""activity_at"": ""2026-06-07T23:58:26.905000+00:00"",
        ""agent_action_reason"": null,
        ""agent_config_id"": null,
        ""attachments"": [],
        ""contact_id"": ""cont_dYcP3oZSbZjtlZ0RXwjK9FySGe8lWjdrzKoe4Cy3wbh"",
        ""cost"": ""1"",
        ""created_by"": null,
        ""created_by_name"": null,
        ""date_created"": ""2026-06-07T23:58:26.293000+00:00"",
        ""date_scheduled"": null,
        ""date_sent"": ""2026-06-07T23:58:26.905000+00:00"",
        ""date_updated"": ""2026-06-07T23:58:26.905000+00:00"",
        ""direction"": ""outbound"",
        ""error_message"": null,
        ""id"": ""acti_TC7SMfCvjdFTLxGkjfV3HWu0BKe7RmtwY61meb0wUSr"",
        ""lead_id"": ""lead_fnYCwkiyO6vFBbFJ9vb5uaYw4h8UdCgql6D5dPhoap8"",
        ""local_country_iso"": ""US"",
        ""local_phone"": ""+1-use-r_1-3a21"",
        ""local_phone_formatted"": ""+1-use-r_0-6e51"",
        ""organization_id"": ""orga_rq7EW7TTwnrAshSzIQ49jJUWzDxtTQUBBrA4VoRWElD"",
        ""remote_country_iso"": ""US"",
        ""remote_phone"": ""+1-use-r_c-a8fb"",
        ""remote_phone_formatted"": ""+1-use-r_e-fc60"",
        ""sequence_id"": ""seq_132BAYZVxB0odnOvZbGSoF"",
        ""sequence_name"": ""New Opt-In- SMS Sequence #8 - Segment 4: Booked Closer, No Show (SMS + Value email) - Full Transitioner"",
        ""sequence_subscription_id"": ""sub_3aTS4npjkkNF7Tk9ZcJweC"",
        ""source"": ""Close.io"",
        ""status"": ""sent"",
        ""template_id"": ""smstmpl_4WfbCjZOmCqM5XVYo7WJHK"",
        ""text"": ""user_e2edc560d9453e62ac7b1ece723304f6"",
        ""updated_by"": ""user_bIvwEVqazwdp4VFjtJRdOOthSsvx4ylfkNLqmbMWkma"",
        ""updated_by_name"": ""user_3005b347129d801dc8c687e3bbcef2bb"",
        ""user_id"": ""user_bIvwEVqazwdp4VFjtJRdOOthSsvx4ylfkNLqmbMWkma"",
        ""user_name"": ""user_3005b347129d801dc8c687e3bbcef2bb""
      },
      {
        ""_type"": ""Call"",
        ""activity_at"": ""2026-06-02T17:07:56.681000+00:00"",
        ""agent_config_id"": null,
        ""call_method"": ""power"",
        ""coach_legs"": [],
        ""contact_id"": ""cont_dYcP3oZSbZjtlZ0RXwjK9FySGe8lWjdrzKoe4Cy3wbh"",
        ""conversation_type_id"": null,
        ""conversation_type_reason"": null,
        ""cost"": ""2"",
        ""created_by"": ""user_BD3inh6E77JXfLchKNi46mxfkzubV7KFfvlatgZoaHw"",
        ""created_by_name"": ""user_8824fec483469f25df69082fb72664de"",
        ""date_answered"": ""2026-06-02T17:08:00.187000+00:00"",
        ""date_created"": ""2026-06-02T17:07:56.681000+00:00"",
        ""date_updated"": ""2026-06-02T17:08:08.122000+00:00"",
        ""dialer_id"": ""dial_3rqtMklgUBTmifMsDcMtHg"",
        ""dialer_saved_search_id"": ""save_46EzUz0hP1CV75qZOZXRxGdL1UipEBulVeS4Tb23asD"",
        ""direction"": ""outbound"",
        ""disposition"": ""answered"",
        ""duration"": 3,
        ""forwarded_to"": null,
        ""has_recording"": true,
        ""id"": ""acti_gvXPID9G5gYACZtfCIOeHZXHISwBtW1ZerK6mdtBW12"",
        ""is_forwarded"": false,
        ""is_joinable"": false,
        ""is_to_group_number"": false,
        ""lead_id"": ""lead_fnYCwkiyO6vFBbFJ9vb5uaYw4h8UdCgql6D5dPhoap8"",
        ""local_country_iso"": ""US"",
        ""local_phone"": ""+1-use-r_3-0bd4"",
        ""local_phone_formatted"": ""+1-use-r_c-ee05"",
        ""note"": null,
        ""note_date_updated"": null,
        ""note_html"": null,
        ""note_mentions"": [],
        ""notetaker_id"": null,
        ""organization_id"": ""orga_rq7EW7TTwnrAshSzIQ49jJUWzDxtTQUBBrA4VoRWElD"",
        ""outcome_autofill_confidence"": null,
        ""outcome_autofill_reasoning"": null,
        ""outcome_id"": null,
        ""outcome_reason"": null,
        ""parent_meeting_id"": null,
        ""phone"": ""+1-use-r_c-a8fb"",
        ""playbook_id"": null,
        ""playbook_reason"": null,
        ""recording_duration"": 2,
        ""recording_expires_at"": null,
        ""recording_history"": [
          {
            ""action"": ""auto-start-initializing"",
            ""timestamp"": ""2026-06-02T17:07:56.656000+00:00""
          },
          {
            ""action"": ""auto-started"",
            ""timestamp"": ""2026-06-02T17:07:59+00:00""
          }
        ],
        ""recording_url"": ""https://api.close.com/call/acti_gvXPID9G5gYACZtfCIOeHZXHISwBtW1ZerK6mdtBW12/recording/"",
        ""remote_country_iso"": ""US"",
        ""remote_phone"": ""+1-use-r_c-a8fb"",
        ""remote_phone_formatted"": ""+1-use-r_e-fc60"",
        ""sequence_id"": null,
        ""sequence_name"": null,
        ""sequence_subscription_id"": null,
        ""source"": ""Close.io"",
        ""status"": ""completed"",
        ""transferred_from"": null,
        ""transferred_from_user_id"": null,
        ""transferred_to"": null,
        ""transferred_to_user_id"": null,
        ""updated_by"": ""user_BD3inh6E77JXfLchKNi46mxfkzubV7KFfvlatgZoaHw"",
        ""updated_by_name"": ""user_8824fec483469f25df69082fb72664de"",
        ""user_id"": ""user_BD3inh6E77JXfLchKNi46mxfkzubV7KFfvlatgZoaHw"",
        ""user_name"": ""user_8824fec483469f25df69082fb72664de"",
        ""users"": [],
        ""voicemail_duration"": 0,
        ""voicemail_url"": null
      },
      {
        ""_type"": ""Email"",
        ""activity_at"": ""2026-05-31T23:49:52.823000+00:00"",
        ""agent_action_reason"": null,
        ""agent_config_id"": null,
        ""ai_draft"": null,
        ""attachments"": [],
        ""bcc"": [],
        ""body_html"": null,
        ""body_html_quoted"": null,
        ""body_preview"": null,
        ""body_text"": null,
        ""body_text_quoted"": null,
        ""bulk_email_action_id"": null,
        ""cc"": [],
        ""contact_id"": ""cont_dYcP3oZSbZjtlZ0RXwjK9FySGe8lWjdrzKoe4Cy3wbh"",
        ""created_by"": null,
        ""created_by_name"": null,
        ""date_created"": ""2026-05-31T23:49:52.823000+00:00"",
        ""date_scheduled"": null,
        ""date_sent"": ""2026-05-31T23:49:52.823000+00:00"",
        ""date_updated"": ""2026-05-31T23:49:54.097000+00:00"",
        ""direction"": ""outgoing"",
        ""email_account_id"": ""emailacct_0GxBhhaSAo1JruvTLUOOLNpnQ7tSDHj9Ou6Tp5DCV9Z"",
        ""envelope"": {
          ""bcc"": [],
          ""cc"": [],
          ""date"": ""Sun, 31 May 2026 23:49:53 +0000"",
          ""from"": [
            {
              ""email"": ""user_9a95a63@masked.com"",
              ""name"": ""user_e003a8c4f7d7c9d03a9859b7d3a5a2dd""
            }
          ],
          ""in_reply_to"": null,
          ""is_autoreply"": false,
          ""message_id"": """",
          ""reply_to"": [],
          ""sender"": [
            {
              ""email"": ""user_9a95a63@masked.com"",
              ""name"": ""user_e003a8c4f7d7c9d03a9859b7d3a5a2dd""
            }
          ],
          ""subject"": ""maybe now’s the right time?"",
          ""to"": [
            {
              ""email"": ""user_6b2d57e@masked.com"",
              ""name"": ""user_728cfb3215596523beed282cdf58f172""
            }
          ]
        },
        ""followup_sequence_add_cc_bcc"": false,
        ""followup_sequence_delay"": null,
        ""followup_sequence_id"": null,
        ""has_reply"": false,
        ""id"": ""acti_N8M8Pq1EKweBXsohC2ybcSXKm9Ia3mHcOFV8fwk0pMv"",
        ""in_reply_to_id"": null,
        ""lead_id"": ""lead_fnYCwkiyO6vFBbFJ9vb5uaYw4h8UdCgql6D5dPhoap8"",
        ""message_ids"": [
          """",
          """"
        ],
        ""need_smtp_credentials"": false,
        ""opens"": [],
        ""opens_summary"": null,
        ""organization_id"": ""orga_rq7EW7TTwnrAshSzIQ49jJUWzDxtTQUBBrA4VoRWElD"",
        ""references"": [],
        ""send_as_id"": null,
        ""send_attempts"": [],
        ""sender"": ""user_73a0602594607b6bf74865b65b14a8ea"",
        ""sequence_id"": ""seq_132BAYZVxB0odnOvZbGSoF"",
        ""sequence_name"": ""New Opt-In- SMS Sequence #8 - Segment 4: Booked Closer, No Show (SMS + Value email) - Full Transitioner"",
        ""sequence_subscription_id"": ""sub_3aTS4npjkkNF7Tk9ZcJweC"",
        ""status"": ""sent"",
        ""subject"": ""user_fd5b1f62ff18e2a70983fa82b4c8c9f6"",
        ""template_id"": ""tmpl_8S4U7jcytoKkPyG4h9CpXdrpAVBbz01vpoBwYzU5LGR"",
        ""template_name"": ""Email #10 - Segment 4: Booked a Closer Call, No-show (Full Transitioner)"",
        ""thread_id"": ""acti_B4v4k7G6WK8ILvsGHOSKYYw8fgZUJ8hRj8ZKD4tPQlR"",
        ""to"": [
          ""user_8478faf@masked.com""
        ],
        ""updated_by"": ""user_bIvwEVqazwdp4VFjtJRdOOthSsvx4ylfkNLqmbMWkma"",
        ""updated_by_name"": ""user_3005b347129d801dc8c687e3bbcef2bb"",
        ""user_id"": ""user_bIvwEVqazwdp4VFjtJRdOOthSsvx4ylfkNLqmbMWkma"",
        ""user_name"": ""user_3005b347129d801dc8c687e3bbcef2bb"",
        ""users"": []
      },
      {
        ""_type"": ""SMS"",
        ""activity_at"": ""2026-05-31T22:26:56.090000+00:00"",
        ""agent_action_reason"": null,
        ""agent_config_id"": null,
        ""attachments"": [],
        ""contact_id"": ""cont_dYcP3oZSbZjtlZ0RXwjK9FySGe8lWjdrzKoe4Cy3wbh"",
        ""cost"": ""1"",
        ""created_by"": null,
        ""created_by_name"": null,
        ""date_created"": ""2026-05-31T22:26:55.442000+00:00"",
        ""date_scheduled"": null,
        ""date_sent"": ""2026-05-31T22:26:56.090000+00:00"",
        ""date_updated"": ""2026-05-31T22:26:56.090000+00:00"",
        ""direction"": ""outbound"",
        ""error_message"": null,
        ""id"": ""acti_RHB55uy5XrSmMHf3kT3ROVzaNsXMLCDUOVaJNxPtFnD"",
        ""lead_id"": ""lead_fnYCwkiyO6vFBbFJ9vb5uaYw4h8UdCgql6D5dPhoap8"",
        ""local_country_iso"": ""US"",
        ""local_phone"": ""+1-use-r_1-3a21"",
        ""local_phone_formatted"": ""+1-use-r_0-6e51"",
        ""organization_id"": ""orga_rq7EW7TTwnrAshSzIQ49jJUWzDxtTQUBBrA4VoRWElD"",
        ""remote_country_iso"": ""US"",
        ""remote_phone"": ""+1-use-r_c-a8fb"",
        ""remote_phone_formatted"": ""+1-use-r_e-fc60"",
        ""sequence_id"": ""seq_132BAYZVxB0odnOvZbGSoF"",
        ""sequence_name"": ""New Opt-In- SMS Sequence #8 - Segment 4: Booked Closer, No Show (SMS + Value email) - Full Transitioner"",
        ""sequence_subscription_id"": ""sub_3aTS4npjkkNF7Tk9ZcJweC"",
        ""source"": ""Close.io"",
        ""status"": ""sent"",
        ""template_id"": ""smstmpl_0bA0Mc5CXWpdiLWjUqhLEI"",
        ""text"": ""user_e9637fcfa2ca5fd30540561bea918b40"",
        ""updated_by"": ""user_bIvwEVqazwdp4VFjtJRdOOthSsvx4ylfkNLqmbMWkma"",
        ""updated_by_name"": ""user_3005b347129d801dc8c687e3bbcef2bb"",
        ""user_id"": ""user_bIvwEVqazwdp4VFjtJRdOOthSsvx4ylfkNLqmbMWkma"",
        ""user_name"": ""user_3005b347129d801dc8c687e3bbcef2bb""
      },
      {
        ""_type"": ""Call"",
        ""activity_at"": ""2026-05-27T16:47:09.752000+00:00"",
        ""agent_config_id"": null,
        ""call_method"": ""power"",
        ""coach_legs"": [],
        ""contact_id"": ""cont_dYcP3oZSbZjtlZ0RXwjK9FySGe8lWjdrzKoe4Cy3wbh"",
        ""conversation_type_id"": null,
        ""conversation_type_reason"": null,
        ""cost"": ""2"",
        ""created_by"": ""user_comhidVwbB3f6AqMfDdiEbbDYW291Nw5XVZrSzajAEB"",
        ""created_by_name"": ""user_ef455182f78a40f937104f7337dd5deb"",
        ""date_answered"": ""2026-05-27T16:47:12.571000+00:00"",
        ""date_created"": ""2026-05-27T16:47:09.752000+00:00"",
        ""date_updated"": ""2026-05-27T16:47:20.416000+00:00"",
        ""dialer_id"": ""dial_2GvnaQ8nDZjEfC4PcdDYO8"",
        ""dialer_saved_search_id"": ""save_46EzUz0hP1CV75qZOZXRxGdL1UipEBulVeS4Tb23asD"",
        ""direction"": ""outbound"",
        ""disposition"": ""answered"",
        ""duration"": 2,
        ""forwarded_to"": null,
        ""has_recording"": true,
        ""id"": ""acti_BVq7mMm6Ais2hHxRevYJbhutAAA7QCoTD8vuzmxez6P"",
        ""is_forwarded"": false,
        ""is_joinable"": false,
        ""is_to_group_number"": false,
        ""lead_id"": ""lead_fnYCwkiyO6vFBbFJ9vb5uaYw4h8UdCgql6D5dPhoap8"",
        ""local_country_iso"": ""US"",
        ""local_phone"": ""+1-use-r_6-ef64"",
        ""local_phone_formatted"": ""+1-use-r_f-98a6"",
        ""note"": null,
        ""note_date_updated"": null,
        ""note_html"": null,
        ""note_mentions"": [],
        ""notetaker_id"": null,
        ""organization_id"": ""orga_rq7EW7TTwnrAshSzIQ49jJUWzDxtTQUBBrA4VoRWElD"",
        ""outcome_autofill_confidence"": null,
        ""outcome_autofill_reasoning"": null,
        ""outcome_id"": null,
        ""outcome_reason"": null,
        ""parent_meeting_id"": null,
        ""phone"": ""+1-use-r_c-a8fb"",
        ""playbook_id"": null,
        ""playbook_reason"": null,
        ""recording_duration"": 2,
        ""recording_expires_at"": null,
        ""recording_history"": [
          {
            ""action"": ""auto-start-initializing"",
            ""timestamp"": ""2026-05-27T16:47:09.733000+00:00""
          },
          {
            ""action"": ""auto-started"",
            ""timestamp"": ""2026-05-27T16:47:12+00:00""
          }
        ],
        ""recording_url"": ""https://api.close.com/call/acti_BVq7mMm6Ais2hHxRevYJbhutAAA7QCoTD8vuzmxez6P/recording/"",
        ""remote_country_iso"": ""US"",
        ""remote_phone"": ""+1-use-r_c-a8fb"",
        ""remote_phone_formatted"": ""+1-use-r_e-fc60"",
        ""sequence_id"": null,
        ""sequence_name"": null,
        ""sequence_subscription_id"": null,
        ""source"": ""Close.io"",
        ""status"": ""completed"",
        ""transferred_from"": null,
        ""transferred_from_user_id"": null,
        ""transferred_to"": null,
        ""transferred_to_user_id"": null,
        ""updated_by"": ""user_comhidVwbB3f6AqMfDdiEbbDYW291Nw5XVZrSzajAEB"",
        ""updated_by_name"": ""user_ef455182f78a40f937104f7337dd5deb"",
        ""user_id"": ""user_comhidVwbB3f6AqMfDdiEbbDYW291Nw5XVZrSzajAEB"",
        ""user_name"": ""user_ef455182f78a40f937104f7337dd5deb"",
        ""users"": [],
        ""voicemail_duration"": 0,
        ""voicemail_url"": null
      },
      {
        ""_type"": ""Call"",
        ""activity_at"": ""2026-05-21T13:59:22.120000+00:00"",
        ""agent_config_id"": null,
        ""call_method"": ""power"",
        ""coach_legs"": [],
        ""contact_id"": ""cont_dYcP3oZSbZjtlZ0RXwjK9FySGe8lWjdrzKoe4Cy3wbh"",
        ""conversation_type_id"": null,
        ""conversation_type_reason"": null,
        ""cost"": ""2"",
        ""created_by"": ""user_txrVKyfEn4qRAb8ZmNDI1D6ex9CL74iJFWiSRls84nY"",
        ""created_by_name"": ""user_4fe5a856b8d9b9e059cdc79c8d67acc1"",
        ""date_answered"": ""2026-05-21T13:59:23.799000+00:00"",
        ""date_created"": ""2026-05-21T13:59:22.120000+00:00"",
        ""date_updated"": ""2026-05-21T13:59:48.708000+00:00"",
        ""dialer_id"": ""dial_6SuCLdKLCFk3mWe1doX6X2"",
        ""dialer_saved_search_id"": ""save_46EzUz0hP1CV75qZOZXRxGdL1UipEBulVeS4Tb23asD"",
        ""direction"": ""outbound"",
        ""disposition"": ""answered"",
        ""duration"": 19,
        ""forwarded_to"": null,
        ""has_recording"": true,
        ""id"": ""acti_Nf4A7eZSpUFpDbRZ1XaTNYQIcpZtnNOEBaQqCY0EC02"",
        ""is_forwarded"": false,
        ""is_joinable"": false,
        ""is_to_group_number"": false,
        ""lead_id"": ""lead_fnYCwkiyO6vFBbFJ9vb5uaYw4h8UdCgql6D5dPhoap8"",
        ""local_country_iso"": ""US"",
        ""local_phone"": ""+1-use-r_b-d8aa"",
        ""local_phone_formatted"": ""+1-use-r_4-44bd"",
        ""note"": null,
        ""note_date_updated"": null,
        ""note_html"": null,
        ""note_mentions"": [],
        ""notetaker_id"": null,
        ""organization_id"": ""orga_rq7EW7TTwnrAshSzIQ49jJUWzDxtTQUBBrA4VoRWElD"",
        ""outcome_autofill_confidence"": null,
        ""outcome_autofill_reasoning"": null,
        ""outcome_id"": null,
        ""outcome_reason"": null,
        ""parent_meeting_id"": null,
        ""phone"": ""+1-use-r_c-a8fb"",
        ""playbook_id"": null,
        ""playbook_reason"": null,
        ""recording_duration"": 18,
        ""recording_expires_at"": null,
        ""recording_history"": [
          {
            ""action"": ""auto-start-initializing"",
            ""timestamp"": ""2026-05-21T13:59:22.098000+00:00""
          },
          {
            ""action"": ""auto-started"",
            ""timestamp"": ""2026-05-21T13:59:23+00:00""
          }
        ],
        ""recording_url"": ""https://api.close.com/call/acti_Nf4A7eZSpUFpDbRZ1XaTNYQIcpZtnNOEBaQqCY0EC02/recording/"",
        ""remote_country_iso"": ""US"",
        ""remote_phone"": ""+1-use-r_c-a8fb"",
        ""remote_phone_formatted"": ""+1-use-r_e-fc60"",
        ""sequence_id"": null,
        ""sequence_name"": null,
        ""sequence_subscription_id"": null,
        ""source"": ""Close.io"",
        ""status"": ""completed"",
        ""transferred_from"": null,
        ""transferred_from_user_id"": null,
        ""transferred_to"": null,
        ""transferred_to_user_id"": null,
        ""updated_by"": ""user_txrVKyfEn4qRAb8ZmNDI1D6ex9CL74iJFWiSRls84nY"",
        ""updated_by_name"": ""user_4fe5a856b8d9b9e059cdc79c8d67acc1"",
        ""user_id"": ""user_txrVKyfEn4qRAb8ZmNDI1D6ex9CL74iJFWiSRls84nY"",
        ""user_name"": ""user_4fe5a856b8d9b9e059cdc79c8d67acc1"",
        ""users"": [],
        ""voicemail_duration"": 0,
        ""voicemail_url"": null
      },
      {
        ""_type"": ""Email"",
        ""activity_at"": ""2026-05-15T22:20:05.755000+00:00"",
        ""agent_action_reason"": null,
        ""agent_config_id"": null,
        ""ai_draft"": null,
        ""attachments"": [],
        ""bcc"": [],
        ""body_html"": null,
        ""body_html_quoted"": null,
        ""body_preview"": null,
        ""body_text"": null,
        ""body_text_quoted"": null,
        ""bulk_email_action_id"": null,
        ""cc"": [],
        ""contact_id"": ""cont_dYcP3oZSbZjtlZ0RXwjK9FySGe8lWjdrzKoe4Cy3wbh"",
        ""created_by"": null,
        ""created_by_name"": null,
        ""date_created"": ""2026-05-15T22:20:05.755000+00:00"",
        ""date_scheduled"": null,
        ""date_sent"": ""2026-05-15T22:20:05.755000+00:00"",
        ""date_updated"": ""2026-05-15T22:20:08.390000+00:00"",
        ""direction"": ""outgoing"",
        ""email_account_id"": ""emailacct_0GxBhhaSAo1JruvTLUOOLNpnQ7tSDHj9Ou6Tp5DCV9Z"",
        ""envelope"": {
          ""bcc"": [],
          ""cc"": [],
          ""date"": ""Fri, 15 May 2026 22:20:06 +0000"",
          ""from"": [
            {
              ""email"": ""user_9a95a63@masked.com"",
              ""name"": ""user_e003a8c4f7d7c9d03a9859b7d3a5a2dd""
            }
          ],
          ""in_reply_to"": null,
          ""is_autoreply"": false,
          ""message_id"": """",
          ""reply_to"": [],
          ""sender"": [
            {
              ""email"": ""user_9a95a63@masked.com"",
              ""name"": ""user_e003a8c4f7d7c9d03a9859b7d3a5a2dd""
            }
          ],
          ""subject"": ""this is one of our most popular free projects"",
          ""to"": [
            {
              ""email"": ""user_6b2d57e@masked.com"",
              ""name"": ""user_728cfb3215596523beed282cdf58f172""
            }
          ]
        },
        ""followup_sequence_add_cc_bcc"": false,
        ""followup_sequence_delay"": null,
        ""followup_sequence_id"": null,
        ""has_reply"": false,
        ""id"": ""acti_1MdsopwD7U41P2KMQ11AtPgzPlUgJbtIVjeb7FR049a"",
        ""in_reply_to_id"": null,
        ""lead_id"": ""lead_fnYCwkiyO6vFBbFJ9vb5uaYw4h8UdCgql6D5dPhoap8"",
        ""message_ids"": [
          """",
          """"
        ],
        ""need_smtp_credentials"": false,
        ""opens"": [],
        ""opens_summary"": null,
        ""organization_id"": ""orga_rq7EW7TTwnrAshSzIQ49jJUWzDxtTQUBBrA4VoRWElD"",
        ""references"": [],
        ""send_as_id"": null,
        ""send_attempts"": [],
        ""sender"": ""user_73a0602594607b6bf74865b65b14a8ea"",
        ""sequence_id"": ""seq_132BAYZVxB0odnOvZbGSoF"",
        ""sequence_name"": ""New Opt-In- SMS Sequence #8 - Segment 4: Booked Closer, No Show (SMS + Value email) - Full Transitioner"",
        ""sequence_subscription_id"": ""sub_3aTS4npjkkNF7Tk9ZcJweC"",
        ""status"": ""sent"",
        ""subject"": ""user_57ce7d5ad771b85b04136374f66b1638"",
        ""template_id"": ""tmpl_fFLvzd01zpWRRkXNwipidmnlWAobkflPkmcDi5Xom77"",
        ""template_name"": ""Segment 1: NBASC - Email #12 – Day 106"",
        ""thread_id"": ""acti_9wvLCktvOA1YC4o5FKbO2fx9R1aXDCALtAPrxEPzbQF"",
        ""to"": [
          ""user_8478faf@masked.com""
        ],
        ""updated_by"": ""user_bIvwEVqazwdp4VFjtJRdOOthSsvx4ylfkNLqmbMWkma"",
        ""updated_by_name"": ""user_3005b347129d801dc8c687e3bbcef2bb"",
        ""user_id"": ""user_bIvwEVqazwdp4VFjtJRdOOthSsvx4ylfkNLqmbMWkma"",
        ""user_name"": ""user_3005b347129d801dc8c687e3bbcef2bb"",
        ""users"": []
      },
      {
        ""_type"": ""SMS"",
        ""activity_at"": ""2026-05-15T21:47:02.932000+00:00"",
        ""agent_action_reason"": null,
        ""agent_config_id"": null,
        ""attachments"": [],
        ""contact_id"": ""cont_dYcP3oZSbZjtlZ0RXwjK9FySGe8lWjdrzKoe4Cy3wbh"",
        ""cost"": ""3"",
        ""created_by"": ""user_vjLf4dWq7WflulgOLEjwROWnGkx7djZiT9lgpEAcTyg"",
        ""created_by_name"": ""user_ac56fe8a078a7e65ae584b5b838beb31"",
        ""date_created"": ""2026-05-15T21:46:44.997000+00:00"",
        ""date_scheduled"": null,
        ""date_sent"": ""2026-05-15T21:47:02.932000+00:00"",
        ""date_updated"": ""2026-05-15T21:47:02.932000+00:00"",
        ""direction"": ""outbound"",
        ""error_message"": null,
        ""id"": ""acti_j7emYTfLMxwYSyFmz8DC3LIn5eeRa0GQrv1kLkmOmuN"",
        ""lead_id"": ""lead_fnYCwkiyO6vFBbFJ9vb5uaYw4h8UdCgql6D5dPhoap8"",
        ""local_country_iso"": ""US"",
        ""local_phone"": ""+1-use-r_4-23c7"",
        ""local_phone_formatted"": ""+1-use-r_7-3f2f"",
        ""organization_id"": ""orga_rq7EW7TTwnrAshSzIQ49jJUWzDxtTQUBBrA4VoRWElD"",
        ""remote_country_iso"": ""US"",
        ""remote_phone"": ""+1-use-r_c-a8fb"",
        ""remote_phone_formatted"": ""+1-use-r_e-fc60"",
        ""sequence_id"": null,
        ""sequence_name"": null,
        ""sequence_subscription_id"": null,
        ""source"": ""Close.io"",
        ""status"": ""sent"",
        ""template_id"": """",
        ""text"": ""user_4f0c74c83415ff037794a3db93d147ff"",
        ""updated_by"": ""user_vjLf4dWq7WflulgOLEjwROWnGkx7djZiT9lgpEAcTyg"",
        ""updated_by_name"": ""user_ac56fe8a078a7e65ae584b5b838beb31"",
        ""user_id"": ""user_vjLf4dWq7WflulgOLEjwROWnGkx7djZiT9lgpEAcTyg"",
        ""user_name"": ""user_ac56fe8a078a7e65ae584b5b838beb31""
      },
      {
        ""_type"": ""Call"",
        ""activity_at"": ""2026-05-15T21:46:28.684000+00:00"",
        ""agent_config_id"": null,
        ""call_method"": ""power"",
        ""coach_legs"": [],
        ""contact_id"": ""cont_dYcP3oZSbZjtlZ0RXwjK9FySGe8lWjdrzKoe4Cy3wbh"",
        ""conversation_type_id"": null,
        ""conversation_type_reason"": null,
        ""cost"": ""2"",
        ""created_by"": ""user_vjLf4dWq7WflulgOLEjwROWnGkx7djZiT9lgpEAcTyg"",
        ""created_by_name"": ""user_ac56fe8a078a7e65ae584b5b838beb31"",
        ""date_answered"": ""2026-05-15T21:46:30.914000+00:00"",
        ""date_created"": ""2026-05-15T21:46:28.684000+00:00"",
        ""date_updated"": ""2026-05-15T21:46:55.672000+00:00"",
        ""dialer_id"": ""dial_5soJdmxfOluIOryFaEtnuf"",
        ""dialer_saved_search_id"": ""save_9p9Qv0PXZQ7l9yu6dQYs4FLsPJl2gmdoSGXTQBR3n1p"",
        ""direction"": ""outbound"",
        ""disposition"": ""answered"",
        ""duration"": 19,
        ""forwarded_to"": null,
        ""has_recording"": true,
        ""id"": ""acti_7g4sOxQBfGvgrsJ1EALaacE02DujajLYFkRpIVTco8F"",
        ""is_forwarded"": false,
        ""is_joinable"": false,
        ""is_to_group_number"": false,
        ""lead_id"": ""lead_fnYCwkiyO6vFBbFJ9vb5uaYw4h8UdCgql6D5dPhoap8"",
        ""local_country_iso"": ""US"",
        ""local_phone"": ""+1-use-r_4-23c7"",
        ""local_phone_formatted"": ""+1-use-r_7-3f2f"",
        ""note"": null,
        ""note_date_updated"": null,
        ""note_html"": null,
        ""note_mentions"": [],
        ""notetaker_id"": null,
        ""organization_id"": ""orga_rq7EW7TTwnrAshSzIQ49jJUWzDxtTQUBBrA4VoRWElD"",
        ""outcome_autofill_confidence"": null,
        ""outcome_autofill_reasoning"": null,
        ""outcome_id"": null,
        ""outcome_reason"": null,
        ""parent_meeting_id"": null,
        ""phone"": ""+1-use-r_c-a8fb"",
        ""playbook_id"": null,
        ""playbook_reason"": null,
        ""recording_duration"": 18,
        ""recording_expires_at"": null,
        ""recording_history"": [
          {
            ""action"": ""auto-start-initializing"",
            ""timestamp"": ""2026-05-15T21:46:28.624000+00:00""
          },
          {
            ""action"": ""auto-started"",
            ""timestamp"": ""2026-05-15T21:46:30+00:00""
          }
        ],
        ""recording_url"": ""https://api.close.com/call/acti_7g4sOxQBfGvgrsJ1EALaacE02DujajLYFkRpIVTco8F/recording/"",
        ""remote_country_iso"": ""US"",
        ""remote_phone"": ""+1-use-r_c-a8fb"",
        ""remote_phone_formatted"": ""+1-use-r_e-fc60"",
        ""sequence_id"": null,
        ""sequence_name"": null,
        ""sequence_subscription_id"": null,
        ""source"": ""Close.io"",
        ""status"": ""completed"",
        ""transferred_from"": null,
        ""transferred_from_user_id"": null,
        ""transferred_to"": null,
        ""transferred_to_user_id"": null,
        ""updated_by"": ""user_vjLf4dWq7WflulgOLEjwROWnGkx7djZiT9lgpEAcTyg"",
        ""updated_by_name"": ""user_ac56fe8a078a7e65ae584b5b838beb31"",
        ""user_id"": ""user_vjLf4dWq7WflulgOLEjwROWnGkx7djZiT9lgpEAcTyg"",
        ""user_name"": ""user_ac56fe8a078a7e65ae584b5b838beb31"",
        ""users"": [],
        ""voicemail_duration"": 0,
        ""voicemail_url"": null
      },
      {
        ""_type"": ""SMS"",
        ""activity_at"": ""2026-05-12T19:00:43.512000+00:00"",
        ""agent_action_reason"": null,
        ""agent_config_id"": null,
        ""attachments"": [],
        ""contact_id"": ""cont_dYcP3oZSbZjtlZ0RXwjK9FySGe8lWjdrzKoe4Cy3wbh"",
        ""cost"": ""1"",
        ""created_by"": null,
        ""created_by_name"": null,
        ""date_created"": ""2026-05-12T19:00:42.754000+00:00"",
        ""date_scheduled"": null,
        ""date_sent"": ""2026-05-12T19:00:43.512000+00:00"",
        ""date_updated"": ""2026-05-12T19:00:43.512000+00:00"",
        ""direction"": ""outbound"",
        ""error_message"": null,
        ""id"": ""acti_mWSQ6TL0azLmKJyOIk7EPua1ATpR3bkqvDAitN3Zr38"",
        ""lead_id"": ""lead_fnYCwkiyO6vFBbFJ9vb5uaYw4h8UdCgql6D5dPhoap8"",
        ""local_country_iso"": ""US"",
        ""local_phone"": ""+1-use-r_1-3a21"",
        ""local_phone_formatted"": ""+1-use-r_0-6e51"",
        ""organization_id"": ""orga_rq7EW7TTwnrAshSzIQ49jJUWzDxtTQUBBrA4VoRWElD"",
        ""remote_country_iso"": ""US"",
        ""remote_phone"": ""+1-use-r_c-a8fb"",
        ""remote_phone_formatted"": ""+1-use-r_e-fc60"",
        ""sequence_id"": ""seq_132BAYZVxB0odnOvZbGSoF"",
        ""sequence_name"": ""New Opt-In- SMS Sequence #8 - Segment 4: Booked Closer, No Show (SMS + Value email) - Full Transitioner"",
        ""sequence_subscription_id"": ""sub_3aTS4npjkkNF7Tk9ZcJweC"",
        ""source"": ""Close.io"",
        ""status"": ""sent"",
        ""template_id"": ""smstmpl_2QWG3m7ehh8upSyYKuGfOP"",
        ""text"": ""user_f927054bafda7f22130220c211cf751a"",
        ""updated_by"": ""user_bIvwEVqazwdp4VFjtJRdOOthSsvx4ylfkNLqmbMWkma"",
        ""updated_by_name"": ""user_3005b347129d801dc8c687e3bbcef2bb"",
        ""user_id"": ""user_bIvwEVqazwdp4VFjtJRdOOthSsvx4ylfkNLqmbMWkma"",
        ""user_name"": ""user_3005b347129d801dc8c687e3bbcef2bb""
      },
      {
        ""_type"": ""Email"",
        ""activity_at"": ""2026-04-28T00:00:10.446000+00:00"",
        ""agent_action_reason"": null,
        ""agent_config_id"": null,
        ""ai_draft"": null,
        ""attachments"": [],
        ""bcc"": [],
        ""body_html"": null,
        ""body_html_quoted"": null,
        ""body_preview"": null,
        ""body_text"": null,
        ""body_text_quoted"": null,
        ""bulk_email_action_id"": null,
        ""cc"": [],
        ""contact_id"": ""cont_dYcP3oZSbZjtlZ0RXwjK9FySGe8lWjdrzKoe4Cy3wbh"",
        ""created_by"": null,
        ""created_by_name"": null,
        ""date_created"": ""2026-04-28T00:00:10.446000+00:00"",
        ""date_scheduled"": null,
        ""date_sent"": ""2026-04-28T00:00:10.446000+00:00"",
        ""date_updated"": ""2026-04-28T00:00:12.358000+00:00"",
        ""direction"": ""outgoing"",
        ""email_account_id"": ""emailacct_0GxBhhaSAo1JruvTLUOOLNpnQ7tSDHj9Ou6Tp5DCV9Z"",
        ""envelope"": {
          ""bcc"": [],
          ""cc"": [],
          ""date"": ""Tue, 28 Apr 2026 00:00:11 +0000"",
          ""from"": [
            {
              ""email"": ""user_9a95a63@masked.com"",
              ""name"": ""user_e003a8c4f7d7c9d03a9859b7d3a5a2dd""
            }
          ],
          ""in_reply_to"": null,
          ""is_autoreply"": false,
          ""message_id"": """",
          ""reply_to"": [],
          ""sender"": [
            {
              ""email"": ""user_9a95a63@masked.com"",
              ""name"": ""user_e003a8c4f7d7c9d03a9859b7d3a5a2dd""
            }
          ],
          ""subject"": ""this one’s short, free, and worth it"",
          ""to"": [
            {
              ""email"": ""user_6b2d57e@masked.com"",
              ""name"": ""user_728cfb3215596523beed282cdf58f172""
            }
          ]
        },
        ""followup_sequence_add_cc_bcc"": false,
        ""followup_sequence_delay"": null,
        ""followup_sequence_id"": null,
        ""has_reply"": false,
        ""id"": ""acti_qNDVif6Ni9KLtEzbzrUa9lLf0wdOV54fCEq5dgl0muv"",
        ""in_reply_to_id"": null,
        ""lead_id"": ""lead_fnYCwkiyO6vFBbFJ9vb5uaYw4h8UdCgql6D5dPhoap8"",
        ""message_ids"": [
          """",
          """"
        ],
        ""need_smtp_credentials"": false,
        ""opens"": [],
        ""opens_summary"": null,
        ""organization_id"": ""orga_rq7EW7TTwnrAshSzIQ49jJUWzDxtTQUBBrA4VoRWElD"",
        ""references"": [],
        ""send_as_id"": null,
        ""send_attempts"": [],
        ""sender"": ""user_73a0602594607b6bf74865b65b14a8ea"",
        ""sequence_id"": ""seq_132BAYZVxB0odnOvZbGSoF"",
        ""sequence_name"": ""New Opt-In- SMS Sequence #8 - Segment 4: Booked Closer, No Show (SMS + Value email) - Full Transitioner"",
        ""sequence_subscription_id"": ""sub_3aTS4npjkkNF7Tk9ZcJweC"",
        ""status"": ""sent"",
        ""subject"": ""user_a895ff66ace4f43f27dd4e89dc2e0880"",
        ""template_id"": ""tmpl_3GDdybjK98nynGg7SFqrfgYTcW8qm1Gby5b1nN5SfMw"",
        ""template_name"": ""Segment 1: NBASC - Email #11 – Day 78"",
        ""thread_id"": ""acti_ul2KBlWsmegy8bO6J7hRMZgj9tkwa1NeRGPpmJQwAcf"",
        ""to"": [
          ""user_8478faf@masked.com""
        ],
        ""updated_by"": ""user_bIvwEVqazwdp4VFjtJRdOOthSsvx4ylfkNLqmbMWkma"",
        ""updated_by_name"": ""user_3005b347129d801dc8c687e3bbcef2bb"",
        ""user_id"": ""user_bIvwEVqazwdp4VFjtJRdOOthSsvx4ylfkNLqmbMWkma"",
        ""user_name"": ""user_3005b347129d801dc8c687e3bbcef2bb"",
        ""users"": []
      },
      {
        ""_type"": ""SMS"",
        ""activity_at"": ""2026-04-24T23:59:55.614000+00:00"",
        ""agent_action_reason"": null,
        ""agent_config_id"": null,
        ""attachments"": [],
        ""contact_id"": ""cont_dYcP3oZSbZjtlZ0RXwjK9FySGe8lWjdrzKoe4Cy3wbh"",
        ""cost"": ""1"",
        ""created_by"": null,
        ""created_by_name"": null,
        ""date_created"": ""2026-04-24T23:59:54.998000+00:00"",
        ""date_scheduled"": null,
        ""date_sent"": ""2026-04-24T23:59:55.614000+00:00"",
        ""date_updated"": ""2026-04-24T23:59:55.614000+00:00"",
        ""direction"": ""outbound"",
        ""error_message"": null,
        ""id"": ""acti_tK3apSH8oMDTf05xq7gKuYeJWL410CQEZQsLCOBLyTD"",
        ""lead_id"": ""lead_fnYCwkiyO6vFBbFJ9vb5uaYw4h8UdCgql6D5dPhoap8"",
        ""local_country_iso"": ""US"",
        ""local_phone"": ""+1-use-r_1-3a21"",
        ""local_phone_formatted"": ""+1-use-r_0-6e51"",
        ""organization_id"": ""orga_rq7EW7TTwnrAshSzIQ49jJUWzDxtTQUBBrA4VoRWElD"",
        ""remote_country_iso"": ""US"",
        ""remote_phone"": ""+1-use-r_c-a8fb"",
        ""remote_phone_formatted"": ""+1-use-r_e-fc60"",
        ""sequence_id"": ""seq_132BAYZVxB0odnOvZbGSoF"",
        ""sequence_name"": ""New Opt-In- SMS Sequence #8 - Segment 4: Booked Closer, No Show (SMS + Value email) - Full Transitioner"",
        ""sequence_subscription_id"": ""sub_3aTS4npjkkNF7Tk9ZcJweC"",
        ""source"": ""Close.io"",
        ""status"": ""sent"",
        ""template_id"": ""smstmpl_37UQsAykLUJpQ7H5K7pN8o"",
        ""text"": ""user_3612bcd2e9119f97f2505eb3fb527b70"",
        ""updated_by"": ""user_bIvwEVqazwdp4VFjtJRdOOthSsvx4ylfkNLqmbMWkma"",
        ""updated_by_name"": ""user_3005b347129d801dc8c687e3bbcef2bb"",
        ""user_id"": ""user_bIvwEVqazwdp4VFjtJRdOOthSsvx4ylfkNLqmbMWkma"",
        ""user_name"": ""user_3005b347129d801dc8c687e3bbcef2bb""
      },
      {
        ""_type"": ""Call"",
        ""activity_at"": ""2026-04-22T18:10:25.072000+00:00"",
        ""agent_config_id"": null,
        ""call_method"": ""power"",
        ""coach_legs"": [],
        ""contact_id"": ""cont_dYcP3oZSbZjtlZ0RXwjK9FySGe8lWjdrzKoe4Cy3wbh"",
        ""conversation_type_id"": null,
        ""conversation_type_reason"": null,
        ""cost"": ""2"",
        ""created_by"": ""user_UlJX6R652YdVveBMTJX1KruSyLGrjNf2yXIfmkjwvE9"",
        ""created_by_name"": ""user_2cfc43b8763462fe07024b0d1c88d6e4"",
        ""date_answered"": ""2026-04-22T18:10:29.626000+00:00"",
        ""date_created"": ""2026-04-22T18:10:25.072000+00:00"",
        ""date_updated"": ""2026-04-22T18:10:38.328000+00:00"",
        ""dialer_id"": ""dial_0DjVk0FDBAjWBrZXmtzG9W"",
        ""dialer_saved_search_id"": ""save_VrUE9K6TLzeak2HFIldcViCHMhVZW7FqGcMw14y7AiN"",
        ""direction"": ""outbound"",
        ""disposition"": ""answered"",
        ""duration"": 3,
        ""forwarded_to"": null,
        ""has_recording"": true,
        ""id"": ""acti_aNBYGY73ahGn3p9g6Zg6cAHZFju7hS53CsVmxD4HSXb"",
        ""is_forwarded"": false,
        ""is_joinable"": false,
        ""is_to_group_number"": false,
        ""lead_id"": ""lead_fnYCwkiyO6vFBbFJ9vb5uaYw4h8UdCgql6D5dPhoap8"",
        ""local_country_iso"": ""US"",
        ""local_phone"": ""+1-use-r_7-43a0"",
        ""local_phone_formatted"": ""+1-use-r_b-2d51"",
        ""note"": null,
        ""note_date_updated"": null,
        ""note_html"": null,
        ""note_mentions"": [],
        ""notetaker_id"": null,
        ""organization_id"": ""orga_rq7EW7TTwnrAshSzIQ49jJUWzDxtTQUBBrA4VoRWElD"",
        ""outcome_autofill_confidence"": null,
        ""outcome_autofill_reasoning"": null,
        ""outcome_id"": null,
        ""outcome_reason"": null,
        ""parent_meeting_id"": null,
        ""phone"": ""+1-use-r_c-a8fb"",
        ""playbook_id"": null,
        ""playbook_reason"": null,
        ""recording_duration"": 3,
        ""recording_expires_at"": null,
        ""recording_history"": [
          {
            ""action"": ""auto-start-initializing"",
            ""timestamp"": ""2026-04-22T18:10:25.051000+00:00""
          },
          {
            ""action"": ""auto-started"",
            ""timestamp"": ""2026-04-22T18:10:29+00:00""
          }
        ],
        ""recording_url"": ""https://api.close.com/call/acti_aNBYGY73ahGn3p9g6Zg6cAHZFju7hS53CsVmxD4HSXb/recording/"",
        ""remote_country_iso"": ""US"",
        ""remote_phone"": ""+1-use-r_c-a8fb"",
        ""remote_phone_formatted"": ""+1-use-r_e-fc60"",
        ""sequence_id"": null,
        ""sequence_name"": null,
        ""sequence_subscription_id"": null,
        ""source"": ""Close.io"",
        ""status"": ""completed"",
        ""transferred_from"": null,
        ""transferred_from_user_id"": null,
        ""transferred_to"": null,
        ""transferred_to_user_id"": null,
        ""updated_by"": ""user_UlJX6R652YdVveBMTJX1KruSyLGrjNf2yXIfmkjwvE9"",
        ""updated_by_name"": ""user_2cfc43b8763462fe07024b0d1c88d6e4"",
        ""user_id"": ""user_UlJX6R652YdVveBMTJX1KruSyLGrjNf2yXIfmkjwvE9"",
        ""user_name"": ""user_2cfc43b8763462fe07024b0d1c88d6e4"",
        ""users"": [],
        ""voicemail_duration"": 0,
        ""voicemail_url"": null
      }
    ]
  }
}"
lead_activities_raw/load_type=full/lead_activities_raw_20260707_200944_part_00006.json,2,"{
  ""insert_date"": ""2026-06-15T11:01:24.506080"",
  ""raw_data"": {
    ""data"": [
      {
        ""_type"": ""Call"",
        ""activity_at"": ""2026-06-14T18:57:09.419000+00:00"",
        ""agent_config_id"": null,
        ""call_method"": ""power"",
        ""coach_legs"": [],
        ""contact_id"": ""cont_f4hJgfpydKShoXxUohWwttZUVgL6TX6mCS4kJa1SGQm"",
        ""conversation_type_id"": null,
        ""conversation_type_reason"": null,
        ""cost"": null,
        ""created_by"": ""user_bVJs5qUUorvjXzLVcdGaaenO8UOXTMVtgfgVgPyh7D9"",
        ""created_by_name"": ""user_20d9a8b2049d2952651b295c62a8c1ff"",
        ""date_answered"": null,
        ""date_created"": ""2026-06-14T18:57:09.419000+00:00"",
        ""date_updated"": ""2026-06-14T18:57:29.769000+00:00"",
        ""dialer_id"": ""dial_0LTnxIneJFmbYGSYSKFvr5"",
        ""dialer_saved_search_id"": ""save_5BfWN2sRVUf7XEVIJtOFULtvN8ghCCCAsRGCFoNvRVc"",
        ""direction"": ""outbound"",
        ""disposition"": ""no-answer"",
        ""duration"": 0,
        ""forwarded_to"": null,
        ""has_recording"": false,
        ""id"": ""acti_UNItuPeyzEJPLpaCgrA56y6UmIgKEIOOOauRrISTTaK"",
        ""is_forwarded"": false,
        ""is_joinable"": false,
        ""is_to_group_number"": false,
        ""lead_id"": ""lead_VUWk9JbHgDu2gDDgF8012dvFmV7m4NLX2COJUVjfXJi"",
        ""local_country_iso"": ""US"",
        ""local_phone"": ""+1-use-r_d-b8b5"",
        ""local_phone_formatted"": ""+1-use-r_e-29a1"",
        ""note"": null,
        ""note_date_updated"": null,
        ""note_html"": null,
        ""note_mentions"": [],
        ""notetaker_id"": null,
        ""organization_id"": ""orga_rq7EW7TTwnrAshSzIQ49jJUWzDxtTQUBBrA4VoRWElD"",
        ""outcome_autofill_confidence"": null,
        ""outcome_autofill_reasoning"": null,
        ""outcome_id"": null,
        ""outcome_reason"": null,
        ""parent_meeting_id"": null,
        ""phone"": ""+1-use-r_9-c290"",
        ""playbook_id"": null,
        ""playbook_reason"": null,
        ""recording_duration"": null,
        ""recording_expires_at"": null,
        ""recording_history"": [
          {
            ""action"": ""auto-start-initializing"",
            ""timestamp"": ""2026-06-14T18:57:09.407000+00:00""
          }
        ],
        ""recording_url"": null,
        ""remote_country_iso"": ""US"",
        ""remote_phone"": ""+1-use-r_9-c290"",
        ""remote_phone_formatted"": ""+1-use-r_0-966e"",
        ""sequence_id"": null,
        ""sequence_name"": null,
        ""sequence_subscription_id"": null,
        ""source"": ""Close.io"",
        ""status"": ""no-answer"",
        ""transferred_from"": null,
        ""transferred_from_user_id"": null,
        ""transferred_to"": null,
        ""transferred_to_user_id"": null,
        ""updated_by"": ""user_bVJs5qUUorvjXzLVcdGaaenO8UOXTMVtgfgVgPyh7D9"",
        ""updated_by_name"": ""user_20d9a8b2049d2952651b295c62a8c1ff"",
        ""user_id"": ""user_bVJs5qUUorvjXzLVcdGaaenO8UOXTMVtgfgVgPyh7D9"",
        ""user_name"": ""user_20d9a8b2049d2952651b295c62a8c1ff"",
        ""users"": [],
        ""voicemail_duration"": 0,
        ""voicemail_url"": null
      },
      {
        ""_type"": ""Call"",
        ""activity_at"": ""2026-06-05T17:02:49.753000+00:00"",
        ""agent_config_id"": null,
        ""call_method"": ""regular"",
        ""coach_legs"": [],
        ""contact_id"": ""cont_f4hJgfpydKShoXxUohWwttZUVgL6TX6mCS4kJa1SGQm"",
        ""conversation_type_id"": null,
        ""conversation_type_reason"": null,
        ""cost"": ""2"",
        ""created_by"": ""user_9dlTLS8pMYOePFZ0cU22V0WWI3QL4LMZVjQHTolrvIS"",
        ""created_by_name"": ""user_ff3722657d1610e173197c1425edd5ab"",
        ""date_answered"": ""2026-06-05T17:03:22.362000+00:00"",
        ""date_created"": ""2026-06-05T17:02:49.753000+00:00"",
        ""date_updated"": ""2026-06-05T17:03:36.391000+00:00"",
        ""dialer_id"": null,
        ""dialer_saved_search_id"": null,
        ""direction"": ""outbound"",
        ""disposition"": ""answered"",
        ""duration"": 8,
        ""forwarded_to"": null,
        ""has_recording"": true,
        ""id"": ""acti_IhuYamwpJdkOo8sb8f2cpPZh9VTtofAHViYGeVuvnXd"",
        ""is_forwarded"": false,
        ""is_joinable"": false,
        ""is_to_group_number"": false,
        ""lead_id"": ""lead_VUWk9JbHgDu2gDDgF8012dvFmV7m4NLX2COJUVjfXJi"",
        ""local_country_iso"": ""US"",
        ""local_phone"": ""+1-use-r_c-6221"",
        ""local_phone_formatted"": ""+1-use-r_e-12c2"",
        ""note"": """",
        ""note_date_updated"": ""2026-06-05T17:02:49.753000+00:00"",
        ""note_html"": """",
        ""note_mentions"": [],
        ""notetaker_id"": ""user_9dlTLS8pMYOePFZ0cU22V0WWI3QL4LMZVjQHTolrvIS"",
        ""organization_id"": ""orga_rq7EW7TTwnrAshSzIQ49jJUWzDxtTQUBBrA4VoRWElD"",
        ""outcome_autofill_confidence"": null,
        ""outcome_autofill_reasoning"": null,
        ""outcome_id"": null,
        ""outcome_reason"": null,
        ""parent_meeting_id"": null,
        ""phone"": ""+1-use-r_9-c290"",
        ""playbook_id"": null,
        ""playbook_reason"": null,
        ""recording_duration"": 7,
        ""recording_expires_at"": null,
        ""recording_history"": [
          {
            ""action"": ""auto-start-initializing"",
            ""timestamp"": ""2026-06-05T17:02:51.335000+00:00""
          },
          {
            ""action"": ""auto-started"",
            ""timestamp"": ""2026-06-05T17:03:22+00:00""
          }
        ],
        ""recording_url"": ""https://api.close.com/call/acti_IhuYamwpJdkOo8sb8f2cpPZh9VTtofAHViYGeVuvnXd/recording/"",
        ""remote_country_iso"": ""US"",
        ""remote_phone"": ""+1-use-r_9-c290"",
        ""remote_phone_formatted"": ""+1-use-r_0-966e"",
        ""sequence_id"": null,
        ""sequence_name"": null,
        ""sequence_subscription_id"": null,
        ""source"": ""Close.io"",
        ""status"": ""completed"",
        ""transferred_from"": null,
        ""transferred_from_user_id"": null,
        ""transferred_to"": null,
        ""transferred_to_user_id"": null,
        ""updated_by"": ""user_9dlTLS8pMYOePFZ0cU22V0WWI3QL4LMZVjQHTolrvIS"",
        ""updated_by_name"": ""user_ff3722657d1610e173197c1425edd5ab"",
        ""user_id"": ""user_9dlTLS8pMYOePFZ0cU22V0WWI3QL4LMZVjQHTolrvIS"",
        ""user_name"": ""user_ff3722657d1610e173197c1425edd5ab"",
        ""users"": [],
        ""voicemail_duration"": 0,
        ""voicemail_url"": null
      },
      {
        ""_type"": ""Meeting"",
        ""activity_at"": ""2026-06-05T15:30:00+00:00"",
        ""actual_duration"": null,
        ""attached_call_ids"": [],
        ""attendees"": [
          {
            ""contact_id"": null,
            ""email"": ""kevin@dataengineeracademy.com"",
            ""is_organizer"": true,
            ""name"": null,
            ""status"": ""yes"",
            ""user_id"": ""user_bC0YC1M3k1Kw2iSOa1DKZj6VPisM8aduT611puAHjJR""
          },
          {
            ""contact_id"": ""cont_f4hJgfpydKShoXxUohWwttZUVgL6TX6mCS4kJa1SGQm"",
            ""email"": ""rene@insomnyak.com"",
            ""is_organizer"": false,
            ""name"": ""Rene Serulle"",
            ""status"": ""no"",
            ""user_id"": null
          }
        ],
        ""calendar_event_link"": null,
        ""calendar_event_uids"": [
          ""1ofsjuk6d0icfsn3vb3dfsmk5s""
        ],
        ""conference_links"": [
          {
            ""type"": ""ZOOM"",
            ""url"": ""https://zoom.us/j/92871587687?pwd=bqzTFeksuNqEOEjg1CJj1YdjDIbmuQ.1""
          }
        ],
        ""connected_account_id"": ""emailacct_yFzkooimTJRuynIbMoV4EKnPev0Ro0SXLBW8SED6bbQ"",
        ""contact_id"": null,
        ""conversation_type_id"": null,
        ""conversation_type_reason"": null,
        ""created_by"": ""user_bC0YC1M3k1Kw2iSOa1DKZj6VPisM8aduT611puAHjJR"",
        ""created_by_name"": ""user_b4fd400b04a6bba41e29235574ef40f0"",
        ""date_created"": ""2026-06-04T00:58:59.892000+00:00"",
        ""date_updated"": ""2026-06-05T15:20:50.878000+00:00"",
        ""duration"": 3600,
        ""ends_at"": ""2026-06-05T16:30:00+00:00"",
        ""id"": ""acti_EeOW2zBm9AR0rOK3O0RsR04yTYhfxujlI1b35oAN8SZ"",
        ""integrations"": [
          {
            ""artifacts"": [],
            ""created_at"": ""2026-06-04T00:58:58.698668"",
            ""event_occurrence_id"": ""88c00492-8d63-4458-8f5a-34b893e90428"",
            ""id"": ""evtint_2KYJ2B0iMg3Gm96aShseli"",
            ""integration_data"": {
              ""duration"": null,
              ""end_time"": null,
              ""participants"": [],
              ""processing_status"": ""unknown"",
              ""start_time"": null,
              ""zoom_account_id"": ""emailacct_IiXpjVS3yyfRnqBMP8l8YHNH1vGri5sEhNnEW5dn61r"",
              ""zoom_uuid"": null
            },
            ""integration_name"": ""zoom"",
            ""integration_object_id"": ""92871587687"",
            ""organization_id"": ""orga_rq7EW7TTwnrAshSzIQ49jJUWzDxtTQUBBrA4VoRWElD"",
            ""updated_at"": ""2026-06-04T00:58:58.698668""
          }
        ],
        ""is_recurring"": false,
        ""lead_id"": ""lead_VUWk9JbHgDu2gDDgF8012dvFmV7m4NLX2COJUVjfXJi"",
        ""location"": ""https://zoom.us/j/92871587687?pwd=bqzTFeksuNqEOEjg1CJj1YdjDIbmuQ.1"",
        ""note"": ""Event Name Data Engineer Academy Breakthrough Session HT AN Location: This is a Zoom web conference. You can join this meeting from your computer, tablet, or smartphone. https://zoom.us/j/92871587687?pwd=bqzTFeksuNqEOEjg1CJj1YdjDIbmuQ.1 Password: 853864 One tap mobile: +1 305 224 1968,,92871587687# +1 309 205 3325,,92871587687# You can also dial in using your phone. US: +1 305 224 1968, +1 309 205 3325, +1 312 626 6799, +1 646 558 8656, +1 646 931 3860, +1 301 715 8592, +1 253 215 8782, +1 346 248 7799, +1 360 209 5623, +1 386 347 5053, +1 507 473 4847, +1 564 217 2000, +1 669 444 9171, +1 669 900 9128, +16892781000, +1 719 359 4580, +1 253 205 0468 Meeting ID: 928-715-87687 Join from a video system or application sip:92871587687@zoomcrc.com You can also dial and enter your meeting ID 928-715-87687 What is your phone number?: +1 940-230-7569"",
        ""notetaker_id"": null,
        ""organization_id"": ""orga_rq7EW7TTwnrAshSzIQ49jJUWzDxtTQUBBrA4VoRWElD"",
        ""outcome_autofill_confidence"": null,
        ""outcome_autofill_reasoning"": null,
        ""outcome_id"": null,
        ""outcome_reason"": null,
        ""playbook_id"": null,
        ""playbook_reason"": null,
        ""provider_calendar_event_id"": ""1ofsjuk6d0icfsn3vb3dfsmk5s"",
        ""provider_calendar_ids"": [
          ""kevin@dataengineeracademy.com""
        ],
        ""provider_calendar_type"": ""google"",
        ""source"": ""calendar"",
        ""starts_at"": ""2026-06-05T15:30:00+00:00"",
        ""status"": ""declined-by-lead"",
        ""summary"": null,
        ""title"": ""Rene Serulle and Kevin Hu"",
        ""updated_by"": ""user_bC0YC1M3k1Kw2iSOa1DKZj6VPisM8aduT611puAHjJR"",
        ""updated_by_name"": ""user_b4fd400b04a6bba41e29235574ef40f0"",
        ""user_id"": ""user_bC0YC1M3k1Kw2iSOa1DKZj6VPisM8aduT611puAHjJR"",
        ""user_name"": ""user_b4fd400b04a6bba41e29235574ef40f0"",
        ""user_note"": null,
        ""user_note_date_updated"": null,
        ""user_note_html"": null,
        ""user_note_mentions"": [],
        ""users"": [
          ""user_bC0YC1M3k1Kw2iSOa1DKZj6VPisM8aduT611puAHjJR""
        ]
      },
      {
        ""_type"": ""Email"",
        ""activity_at"": ""2026-06-05T15:20:45+00:00"",
        ""agent_action_reason"": null,
        ""agent_config_id"": null,
        ""ai_draft"": null,
        ""attachments"": [
          {
            ""content_id"": null,
            ""content_type"": ""text/calendar"",
            ""filename"": ""file.ics"",
            ""inline_only"": false,
            ""size"": 1657,
            ""url"": ""https://app.close.com/go/file/persisted/orga_rq7EW7TTwnrAshSzIQ49jJUWzDxtTQUBBrA4VoRWElD/activity.email/acti_9K85RmkxDehwEhSdoCKnbjzpQPHSJP5uXBoiPPvpqiv/6XaikLLEfOQHmhNPkpFUo1/file.ics/""
          },
          {
            ""content_id"": null,
            ""content_type"": ""application/ics"",
            ""filename"": ""invite.ics"",
            ""inline_only"": false,
            ""size"": 1657,
            ""url"": ""https://app.close.com/go/file/persisted/orga_rq7EW7TTwnrAshSzIQ49jJUWzDxtTQUBBrA4VoRWElD/activity.email/acti_9K85RmkxDehwEhSdoCKnbjzpQPHSJP5uXBoiPPvpqiv/2V8XE31601MKkSLbaBKzzY/invite.ics/""
          }
        ],
        ""bcc"": [],
        ""body_html"": null,
        ""body_html_quoted"": null,
        ""body_preview"": null,
        ""body_text"": null,
        ""body_text_quoted"": null,
        ""bulk_email_action_id"": null,
        ""cc"": [],
        ""contact_id"": ""cont_f4hJgfpydKShoXxUohWwttZUVgL6TX6mCS4kJa1SGQm"",
        ""created_by"": null,
        ""created_by_name"": null,
        ""date_created"": ""2026-06-05T15:20:45+00:00"",
        ""date_scheduled"": null,
        ""date_sent"": null,
        ""date_updated"": ""2026-06-05T15:21:18.237000+00:00"",
        ""direction"": ""incoming"",
        ""email_account_id"": ""emailacct_yFzkooimTJRuynIbMoV4EKnPev0Ro0SXLBW8SED6bbQ"",
        ""envelope"": {
          ""bcc"": [],
          ""cc"": [],
          ""date"": ""Fri, 05 Jun 2026 15:20:45 +0000"",
          ""from"": [
            {
              ""email"": ""user_236238d@masked.com"",
              ""name"": ""user_3d4b4e75982b3d91f1d0390228dea5c3""
            }
          ],
          ""in_reply_to"": null,
          ""is_autoreply"": true,
          ""message_id"": """",
          ""reply_to"": [
            {
              ""email"": ""user_236238d@masked.com"",
              ""name"": ""user_3d4b4e75982b3d91f1d0390228dea5c3""
            }
          ],
          ""sender"": [
            {
              ""email"": ""user_2373c0e@masked.com"",
              ""name"": ""user_b954fff0415dd374cf8162d112a03fb3""
            }
          ],
          ""subject"": ""Declined: Rene Serulle and Kevin Hu @ Fri Jun 5, 2026 10:30am - 11:30am (EST) (kevin@dataengineeracademy.com)"",
          ""to"": [
            {
              ""email"": ""user_a18d0df@masked.com"",
              ""name"": """"
            }
          ]
        },
        ""followup_sequence_add_cc_bcc"": false,
        ""followup_sequence_delay"": null,
        ""followup_sequence_id"": null,
        ""has_reply"": false,
        ""id"": ""acti_9K85RmkxDehwEhSdoCKnbjzpQPHSJP5uXBoiPPvpqiv"",
        ""in_reply_to_id"": null,
        ""lead_id"": ""lead_VUWk9JbHgDu2gDDgF8012dvFmV7m4NLX2COJUVjfXJi"",
        ""message_ids"": [
          """"
        ],
        ""need_smtp_credentials"": false,
        ""opens"": [],
        ""opens_summary"": null,
        ""organization_id"": ""orga_rq7EW7TTwnrAshSzIQ49jJUWzDxtTQUBBrA4VoRWElD"",
        ""references"": [],
        ""send_as_id"": null,
        ""send_attempts"": [],
        ""sender"": ""user_e63d1b9567438d4b75c025d1725fd95a"",
        ""sequence_id"": null,
        ""sequence_name"": null,
        ""sequence_subscription_id"": null,
        ""status"": ""inbox"",
        ""subject"": ""user_453038310e0751a74badb0fc4e8e1a78"",
        ""template_id"": null,
        ""template_name"": null,
        ""thread_id"": ""acti_f4zXRgVgAXzgMzqlXVgTRZ8Vy9xz8ZDfNQVhKixfYGO"",
        ""to"": [
          ""user_a18d0df@masked.com""
        ],
        ""updated_by"": null,
        ""updated_by_name"": null,
        ""user_id"": ""user_bC0YC1M3k1Kw2iSOa1DKZj6VPisM8aduT611puAHjJR"",
        ""user_name"": ""user_b4fd400b04a6bba41e29235574ef40f0"",
        ""users"": []
      },
      {
        ""_type"": ""SMS"",
        ""activity_at"": ""2026-06-05T13:58:51.226000+00:00"",
        ""agent_action_reason"": null,
        ""agent_config_id"": null,
        ""attachments"": [],
        ""contact_id"": ""cont_f4hJgfpydKShoXxUohWwttZUVgL6TX6mCS4kJa1SGQm"",
        ""cost"": ""1"",
        ""created_by"": ""user_bC0YC1M3k1Kw2iSOa1DKZj6VPisM8aduT611puAHjJR"",
        ""created_by_name"": ""user_b4fd400b04a6bba41e29235574ef40f0"",
        ""date_created"": ""2026-06-05T13:58:34.065000+00:00"",
        ""date_scheduled"": null,
        ""date_sent"": ""2026-06-05T13:58:51.226000+00:00"",
        ""date_updated"": ""2026-06-05T13:58:51.226000+00:00"",
        ""direction"": ""outbound"",
        ""error_message"": null,
        ""id"": ""acti_fU81UTykhrC4zrRHM9UW44pMeXUkNARUwte6ARmhyqz"",
        ""lead_id"": ""lead_VUWk9JbHgDu2gDDgF8012dvFmV7m4NLX2COJUVjfXJi"",
        ""local_country_iso"": ""US"",
        ""local_phone"": ""+1-use-r_5-12a7"",
        ""local_phone_formatted"": ""+1-use-r_4-95c1"",
        ""organization_id"": ""orga_rq7EW7TTwnrAshSzIQ49jJUWzDxtTQUBBrA4VoRWElD"",
        ""remote_country_iso"": ""US"",
        ""remote_phone"": ""+1-use-r_9-c290"",
        ""remote_phone_formatted"": ""+1-use-r_0-966e"",
        ""sequence_id"": null,
        ""sequence_name"": null,
        ""sequence_subscription_id"": null,
        ""source"": ""Close.io"",
        ""status"": ""sent"",
        ""template_id"": ""smstmpl_4TfnyOsDpcLfGgmf4JJfJC"",
        ""text"": ""user_b8e5bccc594517634264a762afe84512"",
        ""updated_by"": ""user_bC0YC1M3k1Kw2iSOa1DKZj6VPisM8aduT611puAHjJR"",
        ""updated_by_name"": ""user_b4fd400b04a6bba41e29235574ef40f0"",
        ""user_id"": ""user_bC0YC1M3k1Kw2iSOa1DKZj6VPisM8aduT611puAHjJR"",
        ""user_name"": ""user_b4fd400b04a6bba41e29235574ef40f0""
      },
      {
        ""_type"": ""Email"",
        ""activity_at"": ""2026-06-05T13:55:42.916000+00:00"",
        ""agent_action_reason"": null,
        ""agent_config_id"": null,
        ""ai_draft"": null,
        ""attachments"": [],
        ""bcc"": [],
        ""body_html"": null,
        ""body_html_quoted"": null,
        ""body_preview"": null,
        ""body_text"": null,
        ""body_text_quoted"": null,
        ""bulk_email_action_id"": null,
        ""cc"": [],
        ""contact_id"": ""cont_f4hJgfpydKShoXxUohWwttZUVgL6TX6mCS4kJa1SGQm"",
        ""created_by"": ""user_bC0YC1M3k1Kw2iSOa1DKZj6VPisM8aduT611puAHjJR"",
        ""created_by_name"": ""user_b4fd400b04a6bba41e29235574ef40f0"",
        ""date_created"": ""2026-06-05T13:55:28.400000+00:00"",
        ""date_scheduled"": null,
        ""date_sent"": ""2026-06-05T13:55:42.916000+00:00"",
        ""date_updated"": ""2026-06-05T13:55:44.731000+00:00"",
        ""direction"": ""outgoing"",
        ""email_account_id"": ""emailacct_yFzkooimTJRuynIbMoV4EKnPev0Ro0SXLBW8SED6bbQ"",
        ""envelope"": {
          ""bcc"": [],
          ""cc"": [],
          ""date"": ""Fri, 05 Jun 2026 13:55:43 +0000"",
          ""from"": [
            {
              ""email"": ""user_a18d0df@masked.com"",
              ""name"": ""user_b4fd400b04a6bba41e29235574ef40f0""
            }
          ],
          ""in_reply_to"": null,
          ""is_autoreply"": false,
          ""message_id"": """",
          ""reply_to"": [],
          ""sender"": [
            {
              ""email"": ""user_a18d0df@masked.com"",
              ""name"": ""user_b4fd400b04a6bba41e29235574ef40f0""
            }
          ],
          ""subject"": ""DE consultation call today - please send your resumé!"",
          ""to"": [
            {
              ""email"": ""user_236238d@masked.com"",
              ""name"": """"
            }
          ]
        },
        ""followup_sequence_add_cc_bcc"": false,
        ""followup_sequence_delay"": null,
        ""followup_sequence_id"": null,
        ""has_reply"": false,
        ""id"": ""acti_os7o8wov57pF1LYmKttakTaaQBA4SCqlXZutYQxkx6M"",
        ""in_reply_to_id"": null,
        ""lead_id"": ""lead_VUWk9JbHgDu2gDDgF8012dvFmV7m4NLX2COJUVjfXJi"",
        ""message_ids"": [
          """",
          """"
        ],
        ""need_smtp_credentials"": false,
        ""opens"": [],
        ""opens_summary"": null,
        ""organization_id"": ""orga_rq7EW7TTwnrAshSzIQ49jJUWzDxtTQUBBrA4VoRWElD"",
        ""references"": [],
        ""send_as_id"": null,
        ""send_attempts"": [],
        ""sender"": ""user_dcc3bd42519342615068a955ebbe07ad"",
        ""sequence_id"": null,
        ""sequence_name"": null,
        ""sequence_subscription_id"": null,
        ""status"": ""sent"",
        ""subject"": ""user_8124e49e0779595fb0a0931af3f45bdf"",
        ""template_id"": ""tmpl_vgrY1QBy34ijlz6GXe1Q4EguqUBBnSyZCk3vdPDRxJ5"",
        ""template_name"": ""Kevin - Intro (DE) 2"",
        ""thread_id"": ""acti_dV8mSlFOAloNuB35mf2kxBWJVqREt08jaEYPzicC2pI"",
        ""to"": [
          ""user_236238d@masked.com""
        ],
        ""updated_by"": ""user_bC0YC1M3k1Kw2iSOa1DKZj6VPisM8aduT611puAHjJR"",
        ""updated_by_name"": ""user_b4fd400b04a6bba41e29235574ef40f0"",
        ""user_id"": ""user_bC0YC1M3k1Kw2iSOa1DKZj6VPisM8aduT611puAHjJR"",
        ""user_name"": ""user_b4fd400b04a6bba41e29235574ef40f0"",
        ""users"": []
      },
      {
        ""_type"": ""SMS"",
        ""activity_at"": ""2026-06-04T10:16:15.217000+00:00"",
        ""agent_action_reason"": null,
        ""agent_config_id"": null,
        ""attachments"": [],
        ""contact_id"": ""cont_f4hJgfpydKShoXxUohWwttZUVgL6TX6mCS4kJa1SGQm"",
        ""cost"": ""1"",
        ""created_by"": null,
        ""created_by_name"": null,
        ""date_created"": ""2026-06-04T10:16:14.508000+00:00"",
        ""date_scheduled"": null,
        ""date_sent"": ""2026-06-04T10:16:15.217000+00:00"",
        ""date_updated"": ""2026-06-04T10:16:15.217000+00:00"",
        ""direction"": ""outbound"",
        ""error_message"": null,
        ""id"": ""acti_oO640NmWiJqOLegoCNd9NNwSvzDBQDPfl4FY3hEiiXK"",
        ""lead_id"": ""lead_VUWk9JbHgDu2gDDgF8012dvFmV7m4NLX2COJUVjfXJi"",
        ""local_country_iso"": ""US"",
        ""local_phone"": ""+1-use-r_3-1da7"",
        ""local_phone_formatted"": ""+1-use-r_1-7fb3"",
        ""organization_id"": ""orga_rq7EW7TTwnrAshSzIQ49jJUWzDxtTQUBBrA4VoRWElD"",
        ""remote_country_iso"": ""US"",
        ""remote_phone"": ""+1-use-r_9-c290"",
        ""remote_phone_formatted"": ""+1-use-r_0-966e"",
        ""sequence_id"": ""seq_5FMWE1KL1KKzF22CPkHaqh"",
        ""sequence_name"": ""003- Setter Booked // Closer Hand Off MT - DE"",
        ""sequence_subscription_id"": ""sub_142cISXrWJTjOgkFYHCvkb"",
        ""source"": ""Close.io"",
        ""status"": ""sent"",
        ""template_id"": ""smstmpl_60Nlvp4cr6H8NkGiAZ18YX"",
        ""text"": ""user_610f48e297faf6dbbd704ee74d5a1172"",
        ""updated_by"": ""user_bC0YC1M3k1Kw2iSOa1DKZj6VPisM8aduT611puAHjJR"",
        ""updated_by_name"": ""user_b4fd400b04a6bba41e29235574ef40f0"",
        ""user_id"": ""user_bC0YC1M3k1Kw2iSOa1DKZj6VPisM8aduT611puAHjJR"",
        ""user_name"": ""user_b4fd400b04a6bba41e29235574ef40f0""
      },
      {
        ""_type"": ""CustomActivity"",
        ""activity_at"": ""2026-06-04T01:16:46.731000+00:00"",
        ""contact_id"": null,
        ""created_by"": ""user_9dlTLS8pMYOePFZ0cU22V0WWI3QL4LMZVjQHTolrvIS"",
        ""created_by_name"": ""user_ff3722657d1610e173197c1425edd5ab"",
        ""custom.cf_62mvcO7UbxQVhUegjATbPS9ApH3fXpZkf1FC2XrpjmU"": ""2026-06-05"",
        ""custom.cf_6HQaICYRIBuewU3z3c7cMZIKicrS6NWcSMZT8rsMD3E"": ""5 - Good Fit, Ready Now, Financially Viable"",
        ""custom.cf_E8RKXQOiaGUZVVTJfQ56VrlvvVf6aExtgHMrfsr6tnN"": ""Here are the notes for the Rene Serulle call: Rene Serulle | 06/03/2026 | 20 min DESIRED INCOME: $215,000 (sees market range of $185k-$250k for his experience level) DESIRED TIMELINE: 3 to 6 months CURRENT ROLE: Data Analytics / Data Engineering (hybrid role, works closely with DE team building AWS pipelines, transitioning to Snowflake on the job) HOW LONG: 10 years CURRENT INCOME: $135,000 CURRENT STRATEGY/APPROACH TO GET TO DESIRED INCOME: Sending roughly one tailored application per month, waited 4 years for a raise that never came, had one interview with Automattic (WordPress) for an AI engineering role — lost it over one specific tool requirement. Also runs his own business and builds personal AI/data engineering projects CURRENT PROBLEM: Not enough time to job search properly — only 3 hours/week available. Sending too few applications. Unclear on whether to target leadership or technical roles. Underselling himself despite being highly qualified CURRENT ACCESS TO FUNDING: Budget constrained right now — getting married January/February and house hunting simultaneously. Credit score above 630, qualifies for financing. Said $500/month might be doable if role comes through quickly WHY NOW: 4 years waiting on a raise with no result, actively seeing market data showing he's $50k+ underpaid, wants change in the next few months EMOTIONAL DRIVER(S): Deeply frustrated at being undercompensated for a decade of experience. Proud of his work and technical depth — wants to be recognized and paid for it. Big life transitions coming (marriage, house) are creating both urgency and financial pressure simultaneously ADDITIONAL NOTES: Last name Serulle — possibly Hispanic/Caribbean origin, worth confirming visa/work authorization status Eastern time zone — booked with Kevin, Friday at 11:30am Eastern. He has a potential conflict with his manager at 12 — Kevin should be aware the call may need to end by noon and should pace accordingly Resume sent to Kevin's email before the call — comprehensive but untailored. Kevin should use this as a talking point around positioning and personal branding He runs his own business on top of his day job — time is genuinely scarce. Kevin should not lean heavily on the 10-15 hour/week expectation or it will kill the deal. Lead with the application scaling and job search side as the biggest value prop since that's what he has no time for He already knows his worth and the market — don't oversell him on salary potential, he's already done the research. Kevin should validate his numbers and focus on closing the gap faster The WordPress/Automattic interview is a great anchor — he got close on his own with one application. Kevin should use this: 'imagine what happens when we're sending hundreds of targeted applications and your resume is optimized' Biggest sell for this profile is time leverage — we do the job search while he keeps working and running his business Getting married January/February and buying a house — Kevin should frame the sign-on bonus angle carefully as a way to land a higher salary before those expenses hit, not add to the burden"",
        ""custom.cf_HYfcDO4JTrnLEw7zxYVEG6KfQKg9SVT0zGVJOD1F57X"": ""2026-06-03"",
        ""custom.cf_Q2fsrD8VpPaunZLtyiy7P3vG6qJTv0w1ESmlhdHU2ra"": ""2. Strategy Call Scheduled"",
        ""custom.cf_wp24VoqhLv6QwwkDkkNCE9XFTchjquWWMIuVM9lGMB5"": ""Highly technical"",
        ""custom_activity_type_id"": ""actitype_4tEv1xumZEk9vYYs7WxYy7"",
        ""date_created"": ""2026-06-04T01:16:46.731000+00:00"",
        ""date_updated"": ""2026-06-04T01:17:17.928000+00:00"",
        ""id"": ""acti_mUYwhH7Q1WbhwIxEq1SCCpjiMmq6fp2CSRHKffAw8qv"",
        ""last_published_at"": ""2026-06-04T01:17:17.928000+00:00"",
        ""lead_id"": ""lead_VUWk9JbHgDu2gDDgF8012dvFmV7m4NLX2COJUVjfXJi"",
        ""mentions"": [],
        ""mentions_updated_at"": ""2026-06-04T01:17:17.892000+00:00"",
        ""organization_id"": ""orga_rq7EW7TTwnrAshSzIQ49jJUWzDxtTQUBBrA4VoRWElD"",
        ""pinned"": false,
        ""pinned_at"": null,
        ""source"": ""ui"",
        ""status"": ""published"",
        ""updated_by"": ""user_9dlTLS8pMYOePFZ0cU22V0WWI3QL4LMZVjQHTolrvIS"",
        ""updated_by_name"": ""user_ff3722657d1610e173197c1425edd5ab"",
        ""user_id"": ""user_9dlTLS8pMYOePFZ0cU22V0WWI3QL4LMZVjQHTolrvIS"",
        ""user_name"": ""user_ff3722657d1610e173197c1425edd5ab"",
        ""users"": []
      },
      {
        ""_type"": ""SMS"",
        ""activity_at"": ""2026-06-04T01:14:33.472000+00:00"",
        ""agent_action_reason"": null,
        ""agent_config_id"": null,
        ""attachments"": [],
        ""contact_id"": ""cont_f4hJgfpydKShoXxUohWwttZUVgL6TX6mCS4kJa1SGQm"",
        ""cost"": ""2"",
        ""created_by"": null,
        ""created_by_name"": null,
        ""date_created"": ""2026-06-04T01:14:32.880000+00:00"",
        ""date_scheduled"": null,
        ""date_sent"": ""2026-06-04T01:14:33.472000+00:00"",
        ""date_updated"": ""2026-06-04T01:14:33.472000+00:00"",
        ""direction"": ""outbound"",
        ""error_message"": null,
        ""id"": ""acti_HVSomhWcNCwFouIDoWHXKtnLwtNRhywRoGVzkwZjFjU"",
        ""lead_id"": ""lead_VUWk9JbHgDu2gDDgF8012dvFmV7m4NLX2COJUVjfXJi"",
        ""local_country_iso"": ""US"",
        ""local_phone"": ""+1-use-r_3-1da7"",
        ""local_phone_formatted"": ""+1-use-r_1-7fb3"",
        ""organization_id"": ""orga_rq7EW7TTwnrAshSzIQ49jJUWzDxtTQUBBrA4VoRWElD"",
        ""remote_country_iso"": ""US"",
        ""remote_phone"": ""+1-use-r_9-c290"",
        ""remote_phone_formatted"": ""+1-use-r_0-966e"",
        ""sequence_id"": ""seq_5FMWE1KL1KKzF22CPkHaqh"",
        ""sequence_name"": ""003- Setter Booked // Closer Hand Off MT - DE"",
        ""sequence_subscription_id"": ""sub_142cISXrWJTjOgkFYHCvkb"",
        ""source"": ""Close.io"",
        ""status"": ""sent"",
        ""template_id"": ""smstmpl_7TVCfXFSai9bu95JVHP5B4"",
        ""text"": ""user_7ec4f38e08bfe1ef43d4ea673575b07b"",
        ""updated_by"": ""user_bC0YC1M3k1Kw2iSOa1DKZj6VPisM8aduT611puAHjJR"",
        ""updated_by_name"": ""user_b4fd400b04a6bba41e29235574ef40f0"",
        ""user_id"": ""user_bC0YC1M3k1Kw2iSOa1DKZj6VPisM8aduT611puAHjJR"",
        ""user_name"": ""user_b4fd400b04a6bba41e29235574ef40f0""
      },
      {
        ""_type"": ""SMS"",
        ""activity_at"": ""2026-06-04T01:08:53.745000+00:00"",
        ""agent_action_reason"": null,
        ""agent_config_id"": null,
        ""attachments"": [],
        ""contact_id"": ""cont_f4hJgfpydKShoXxUohWwttZUVgL6TX6mCS4kJa1SGQm"",
        ""cost"": ""2"",
        ""created_by"": null,
        ""created_by_name"": null,
        ""date_created"": ""2026-06-04T01:08:53.104000+00:00"",
        ""date_scheduled"": null,
        ""date_sent"": ""2026-06-04T01:08:53.745000+00:00"",
        ""date_updated"": ""2026-06-04T01:08:53.745000+00:00"",
        ""direction"": ""outbound"",
        ""error_message"": null,
        ""id"": ""acti_fiSHNrmjA4LCnKkUkmY0OM7cH7SPld804FNTrrYc9Z8"",
        ""lead_id"": ""lead_VUWk9JbHgDu2gDDgF8012dvFmV7m4NLX2COJUVjfXJi"",
        ""local_country_iso"": ""US"",
        ""local_phone"": ""+1-use-r_6-7e52"",
        ""local_phone_formatted"": ""+1-use-r_0-83ac"",
        ""organization_id"": ""orga_rq7EW7TTwnrAshSzIQ49jJUWzDxtTQUBBrA4VoRWElD"",
        ""remote_country_iso"": ""US"",
        ""remote_phone"": ""+1-use-r_9-c290"",
        ""remote_phone_formatted"": ""+1-use-r_0-966e"",
        ""sequence_id"": ""seq_5FMWE1KL1KKzF22CPkHaqh"",
        ""sequence_name"": ""003- Setter Booked // Closer Hand Off MT - DE"",
        ""sequence_subscription_id"": ""sub_142cISXrWJTjOgkFYHCvkb"",
        ""source"": ""Close.io"",
        ""status"": ""sent"",
        ""template_id"": ""smstmpl_1YskuJ4heKq0yqQKlKce6y"",
        ""text"": ""user_8c8d15e4ed29b2678197610e86b49ad9"",
        ""updated_by"": ""user_1x5aaG5n9Tk5VE42qtmbInArqpssoifWhf6MQz8MLYM"",
        ""updated_by_name"": ""user_75613a3d80a70bc160355cc67df557d0"",
        ""user_id"": ""user_1x5aaG5n9Tk5VE42qtmbInArqpssoifWhf6MQz8MLYM"",
        ""user_name"": ""user_75613a3d80a70bc160355cc67df557d0""
      },
      {
        ""_type"": ""Email"",
        ""activity_at"": ""2026-06-04T01:01:38+00:00"",
        ""agent_action_reason"": null,
        ""agent_config_id"": null,
        ""ai_draft"": null,
        ""attachments"": [
          {
            ""content_id"": ""f_mpysi72t0"",
            ""content_type"": ""application/vnd.openxmlformats-officedocument.wordprocessingml.document"",
            ""filename"": ""Rene_Serulle_Resume_Enriched.docx"",
            ""inline_only"": false,
            ""size"": 15740,
            ""url"": ""https://app.close.com/go/file/persisted/orga_rq7EW7TTwnrAshSzIQ49jJUWzDxtTQUBBrA4VoRWElD/activity.email/acti_sJbRv6jrn0vbO9n6xVeEyQITfHlxzeTSD3adI4pdfGn/5mnlhfrqWdwZb5VQfzUbvr/Rene_Serulle_Resume_Enriched.docx/""
          }
        ],
        ""bcc"": [],
        ""body_html"": null,
        ""body_html_quoted"": null,
        ""body_preview"": null,
        ""body_text"": null,
        ""body_text_quoted"": null,
        ""bulk_email_action_id"": null,
        ""cc"": [],
        ""contact_id"": ""cont_f4hJgfpydKShoXxUohWwttZUVgL6TX6mCS4kJa1SGQm"",
        ""created_by"": null,
        ""created_by_name"": null,
        ""date_created"": ""2026-06-04T01:01:38+00:00"",
        ""date_scheduled"": null,
        ""date_sent"": null,
        ""date_updated"": ""2026-06-04T01:06:16.750000+00:00"",
        ""direction"": ""incoming"",
        ""email_account_id"": ""emailacct_yFzkooimTJRuynIbMoV4EKnPev0Ro0SXLBW8SED6bbQ"",
        ""envelope"": {
          ""bcc"": [],
          ""cc"": [],
          ""date"": ""Wed, 3 Jun 2026 21:01:38 -0400"",
          ""from"": [
            {
              ""email"": ""user_236238d@masked.com"",
              ""name"": ""user_3d4b4e75982b3d91f1d0390228dea5c3""
            }
          ],
          ""in_reply_to"": """",
          ""is_autoreply"": false,
          ""message_id"": """",
          ""reply_to"": [],
          ""sender"": [
            {
              ""email"": ""user_236238d@masked.com"",
              ""name"": ""user_3d4b4e75982b3d91f1d0390228dea5c3""
            }
          ],
          ""subject"": ""Re: Invitation: Rene Serulle and Kevin Hu @ Fri Jun 5, 2026 11:30am - 12:30pm (EDT) (rene@insomnyak.com)"",
          ""to"": [
            {
              ""email"": ""user_a18d0df@masked.com"",
              ""name"": ""user_b4fd400b04a6bba41e29235574ef40f0""
            }
          ]
        },
        ""followup_sequence_add_cc_bcc"": false,
        ""followup_sequence_delay"": null,
        ""followup_sequence_id"": null,
        ""has_reply"": false,
        ""id"": ""acti_sJbRv6jrn0vbO9n6xVeEyQITfHlxzeTSD3adI4pdfGn"",
        ""in_reply_to_id"": null,
        ""lead_id"": ""lead_VUWk9JbHgDu2gDDgF8012dvFmV7m4NLX2COJUVjfXJi"",
        ""message_ids"": [
          """"
        ],
        ""need_smtp_credentials"": false,
        ""opens"": [],
        ""opens_summary"": null,
        ""organization_id"": ""orga_rq7EW7TTwnrAshSzIQ49jJUWzDxtTQUBBrA4VoRWElD"",
        ""references"": [
          """"
        ],
        ""send_as_id"": null,
        ""send_attempts"": [],
        ""sender"": ""user_e63d1b9567438d4b75c025d1725fd95a"",
        ""sequence_id"": null,
        ""sequence_name"": null,
        ""sequence_subscription_id"": null,
        ""status"": ""inbox"",
        ""subject"": ""user_e6101c694c0da56e5d1ebeff42d7f368"",
        ""template_id"": null,
        ""template_name"": null,
        ""thread_id"": ""acti_kKKOADWaZADb5CKn5fbRFWO8OxmHxta7QkgEqUpGJSo"",
        ""to"": [
          ""user_a18d0df@masked.com""
        ],
        ""updated_by"": null,
        ""updated_by_name"": null,
        ""user_id"": ""user_bC0YC1M3k1Kw2iSOa1DKZj6VPisM8aduT611puAHjJR"",
        ""user_name"": ""user_b4fd400b04a6bba41e29235574ef40f0"",
        ""users"": []
      },
      {
        ""_type"": ""Email"",
        ""activity_at"": ""2026-06-04T01:01:03.771000+00:00"",
        ""agent_action_reason"": null,
        ""agent_config_id"": null,
        ""ai_draft"": null,
        ""attachments"": [],
        ""bcc"": [],
        ""body_html"": null,
        ""body_html_quoted"": null,
        ""body_preview"": null,
        ""body_text"": null,
        ""body_text_quoted"": null,
        ""bulk_email_action_id"": null,
        ""cc"": [],
        ""contact_id"": ""cont_f4hJgfpydKShoXxUohWwttZUVgL6TX6mCS4kJa1SGQm"",
        ""created_by"": ""user_9dlTLS8pMYOePFZ0cU22V0WWI3QL4LMZVjQHTolrvIS"",
        ""created_by_name"": ""user_ff3722657d1610e173197c1425edd5ab"",
        ""date_created"": ""2026-06-04T01:00:11.708000+00:00"",
        ""date_scheduled"": null,
        ""date_sent"": ""2026-06-04T01:01:03.771000+00:00"",
        ""date_updated"": ""2026-06-04T01:01:44.522000+00:00"",
        ""direction"": ""outgoing"",
        ""email_account_id"": ""emailacct_sEZUX82zUG36JH7qkwRtn17OtWe1yBmvkEhdsgCWSfe"",
        ""envelope"": {
          ""bcc"": [],
          ""cc"": [],
          ""date"": ""Thu, 04 Jun 2026 01:01:04 +0000"",
          ""from"": [
            {
              ""email"": ""user_be5c1e0@masked.com"",
              ""name"": ""user_ff3722657d1610e173197c1425edd5ab""
            }
          ],
          ""in_reply_to"": null,
          ""is_autoreply"": false,
          ""message_id"": """",
          ""reply_to"": [],
          ""sender"": [
            {
              ""email"": ""user_be5c1e0@masked.com"",
              ""name"": ""user_ff3722657d1610e173197c1425edd5ab""
            }
          ],
          ""subject"": ""Data Engineer Academy Breakthrough Call"",
          ""to"": [
            {
              ""email"": ""user_236238d@masked.com"",
              ""name"": """"
            }
          ]
        },
        ""followup_sequence_add_cc_bcc"": false,
        ""followup_sequence_delay"": null,
        ""followup_sequence_id"": null,
        ""has_reply"": false,
        ""id"": ""acti_9z0fmS8xigNkqgc95ph5LcGb7njO3rQWN8WfLwkMxSn"",
        ""in_reply_to_id"": null,
        ""lead_id"": ""lead_VUWk9JbHgDu2gDDgF8012dvFmV7m4NLX2COJUVjfXJi"",
        ""message_ids"": [
          """",
          """"
        ],
        ""need_smtp_credentials"": false,
        ""opens"": [],
        ""opens_summary"": null,
        ""organization_id"": ""orga_rq7EW7TTwnrAshSzIQ49jJUWzDxtTQUBBrA4VoRWElD"",
        ""references"": [],
        ""send_as_id"": null,
        ""send_attempts"": [],
        ""sender"": ""user_bb721853ab274018a471dedf75890575"",
        ""sequence_id"": null,
        ""sequence_name"": null,
        ""sequence_subscription_id"": null,
        ""status"": ""sent"",
        ""subject"": ""user_e1438cc616728e3ab4ced4aa9fc49c67"",
        ""template_id"": ""tmpl_6Ex846jXXqiWE7TAp2yGl6DvmyTISirldOiBOMpWmjl"",
        ""template_name"": ""Data Crushers - Post - Triage - HT"",
        ""thread_id"": ""acti_JKjYsquESltaPm0c231XhVPigepZvgNxN7CEE4K2252"",
        ""to"": [
          ""user_236238d@masked.com""
        ],
        ""updated_by"": ""user_9dlTLS8pMYOePFZ0cU22V0WWI3QL4LMZVjQHTolrvIS"",
        ""updated_by_name"": ""user_ff3722657d1610e173197c1425edd5ab"",
        ""user_id"": ""user_9dlTLS8pMYOePFZ0cU22V0WWI3QL4LMZVjQHTolrvIS"",
        ""user_name"": ""user_ff3722657d1610e173197c1425edd5ab"",
        ""users"": []
      },
      {
        ""_type"": ""Email"",
        ""activity_at"": ""2026-06-04T00:59:27+00:00"",
        ""agent_action_reason"": null,
        ""agent_config_id"": null,
        ""ai_draft"": null,
        ""attachments"": [
          {
            ""content_id"": null,
            ""content_type"": ""text/calendar"",
            ""filename"": ""file.ics"",
            ""inline_only"": false,
            ""size"": 1657,
            ""url"": ""https://app.close.com/go/file/persisted/orga_rq7EW7TTwnrAshSzIQ49jJUWzDxtTQUBBrA4VoRWElD/activity.email/acti_SOVv4jfjMwuHBbbWNdovMj3de5XyI4bsPApmnrzTPJ7/2SUYR1eDS5WCBkiOF09jf8/file.ics/""
          },
          {
            ""content_id"": null,
            ""content_type"": ""application/ics"",
            ""filename"": ""invite.ics"",
            ""inline_only"": false,
            ""size"": 1657,
            ""url"": ""https://app.close.com/go/file/persisted/orga_rq7EW7TTwnrAshSzIQ49jJUWzDxtTQUBBrA4VoRWElD/activity.email/acti_SOVv4jfjMwuHBbbWNdovMj3de5XyI4bsPApmnrzTPJ7/6nzbnvo72NDBZ3Ib4Qto54/invite.ics/""
          }
        ],
        ""bcc"": [],
        ""body_html"": null,
        ""body_html_quoted"": null,
        ""body_preview"": null,
        ""body_text"": null,
        ""body_text_quoted"": null,
        ""bulk_email_action_id"": null,
        ""cc"": [],
        ""contact_id"": ""cont_f4hJgfpydKShoXxUohWwttZUVgL6TX6mCS4kJa1SGQm"",
        ""created_by"": null,
        ""created_by_name"": null,
        ""date_created"": ""2026-06-04T00:59:27+00:00"",
        ""date_scheduled"": null,
        ""date_sent"": null,
        ""date_updated"": ""2026-06-04T01:06:15.908000+00:00"",
        ""direction"": ""incoming"",
        ""email_account_id"": ""emailacct_yFzkooimTJRuynIbMoV4EKnPev0Ro0SXLBW8SED6bbQ"",
        ""envelope"": {
          ""bcc"": [],
          ""cc"": [],
          ""date"": ""Thu, 04 Jun 2026 00:59:27 +0000"",
          ""from"": [
            {
              ""email"": ""user_236238d@masked.com"",
              ""name"": ""user_3d4b4e75982b3d91f1d0390228dea5c3""
            }
          ],
          ""in_reply_to"": null,
          ""is_autoreply"": true,
          ""message_id"": """",
          ""reply_to"": [
            {
              ""email"": ""user_236238d@masked.com"",
              ""name"": ""user_3d4b4e75982b3d91f1d0390228dea5c3""
            }
          ],
          ""sender"": [
            {
              ""email"": ""user_2373c0e@masked.com"",
              ""name"": ""user_b954fff0415dd374cf8162d112a03fb3""
            }
          ],
          ""subject"": ""Accepted: Rene Serulle and Kevin Hu @ Fri Jun 5, 2026 10:30am - 11:30am (EST) (kevin@dataengineeracademy.com)"",
          ""to"": [
            {
              ""email"": ""user_a18d0df@masked.com"",
              ""name"": """"
            }
          ]
        },
        ""followup_sequence_add_cc_bcc"": false,
        ""followup_sequence_delay"": null,
        ""followup_sequence_id"": null,
        ""has_reply"": false,
        ""id"": ""acti_SOVv4jfjMwuHBbbWNdovMj3de5XyI4bsPApmnrzTPJ7"",
        ""in_reply_to_id"": null,
        ""lead_id"": ""lead_VUWk9JbHgDu2gDDgF8012dvFmV7m4NLX2COJUVjfXJi"",
        ""message_ids"": [
          """"
        ],
        ""need_smtp_credentials"": false,
        ""opens"": [],
        ""opens_summary"": null,
        ""organization_id"": ""orga_rq7EW7TTwnrAshSzIQ49jJUWzDxtTQUBBrA4VoRWElD"",
        ""references"": [],
        ""send_as_id"": null,
        ""send_attempts"": [],
        ""sender"": ""user_e63d1b9567438d4b75c025d1725fd95a"",
        ""sequence_id"": null,
        ""sequence_name"": null,
        ""sequence_subscription_id"": null,
        ""status"": ""inbox"",
        ""subject"": ""user_cedc8ceaa492e2ce4d3081f87a23ba38"",
        ""template_id"": null,
        ""template_name"": null,
        ""thread_id"": ""acti_VWAplIzQqoEQ3vcMKUB1cZQjTmIfcqBQl07HmuW5ocA"",
        ""to"": [
          ""user_a18d0df@masked.com""
        ],
        ""updated_by"": null,
        ""updated_by_name"": null,
        ""user_id"": ""user_bC0YC1M3k1Kw2iSOa1DKZj6VPisM8aduT611puAHjJR"",
        ""user_name"": ""user_b4fd400b04a6bba41e29235574ef40f0"",
        ""users"": []
      },
      {
        ""_type"": ""Email"",
        ""activity_at"": ""2026-06-04T00:58:50+00:00"",
        ""agent_action_reason"": null,
        ""agent_config_id"": null,
        ""ai_draft"": null,
        ""attachments"": [],
        ""bcc"": [],
        ""body_html"": null,
        ""body_html_quoted"": null,
        ""body_preview"": null,
        ""body_text"": null,
        ""body_text_quoted"": null,
        ""bulk_email_action_id"": null,
        ""cc"": [],
        ""contact_id"": ""cont_f4hJgfpydKShoXxUohWwttZUVgL6TX6mCS4kJa1SGQm"",
        ""created_by"": null,
        ""created_by_name"": null,
        ""date_created"": ""2026-06-04T00:58:50+00:00"",
        ""date_scheduled"": null,
        ""date_sent"": null,
        ""date_updated"": ""2026-06-04T00:59:29.703000+00:00"",
        ""direction"": ""incoming"",
        ""email_account_id"": ""emailacct_yFzkooimTJRuynIbMoV4EKnPev0Ro0SXLBW8SED6bbQ"",
        ""envelope"": {
          ""bcc"": [],
          ""cc"": [],
          ""date"": ""Thu, 04 Jun 2026 00:58:50 +0000 (UTC)"",
          ""from"": [
            {
              ""email"": ""user_d0dc265@masked.com"",
              ""name"": ""user_d834c26c004bd650c25586a525eebeb7""
            }
          ],
          ""in_reply_to"": null,
          ""is_autoreply"": false,
          ""message_id"": """",
          ""reply_to"": [
            {
              ""email"": ""user_236238d@masked.com"",
              ""name"": """"
            }
          ],
          ""sender"": [
            {
              ""email"": ""user_d0dc265@masked.com"",
              ""name"": ""user_d834c26c004bd650c25586a525eebeb7""
            }
          ],
          ""subject"": ""New Event: Rene Serulle - 10:30 Fri, 5 Jun 2026 - Data Engineer Academy Breakthrough Session HT AN"",
          ""to"": [
            {
              ""email"": ""user_a18d0df@masked.com"",
              ""name"": """"
            }
          ]
        },
        ""followup_sequence_add_cc_bcc"": false,
        ""followup_sequence_delay"": null,
        ""followup_sequence_id"": null,
        ""has_reply"": false,
        ""id"": ""acti_duwY7FMed078JNXEf6KHVgJlkUaJIuJtNK0MTBacyBp"",
        ""in_reply_to_id"": null,
        ""lead_id"": ""lead_VUWk9JbHgDu2gDDgF8012dvFmV7m4NLX2COJUVjfXJi"",
        ""message_ids"": [
          """"
        ],
        ""need_smtp_credentials"": false,
        ""opens"": [],
        ""opens_summary"": null,
        ""organization_id"": ""orga_rq7EW7TTwnrAshSzIQ49jJUWzDxtTQUBBrA4VoRWElD"",
        ""references"": [],
        ""send_as_id"": null,
        ""send_attempts"": [],
        ""sender"": ""user_3e9eae9d3de9db0647d640687369d8b2"",
        ""sequence_id"": null,
        ""sequence_name"": null,
        ""sequence_subscription_id"": null,
        ""status"": ""inbox"",
        ""subject"": ""user_e8ba0912c3ca2f019b6a358b3b84e321"",
        ""template_id"": null,
        ""template_name"": null,
        ""thread_id"": ""acti_d1EeoyZn98254g2AVPMVDHPR74HB8LsE0Ta7VJ4wdG8"",
        ""to"": [
          ""user_a18d0df@masked.com""
        ],
        ""updated_by"": null,
        ""updated_by_name"": null,
        ""user_id"": ""user_bC0YC1M3k1Kw2iSOa1DKZj6VPisM8aduT611puAHjJR"",
        ""user_name"": ""user_b4fd400b04a6bba41e29235574ef40f0"",
        ""users"": []
      },
      {
        ""_type"": ""Call"",
        ""activity_at"": ""2026-06-04T00:42:06.503000+00:00"",
        ""agent_config_id"": null,
        ""call_method"": ""power"",
        ""coach_legs"": [],
        ""contact_id"": ""cont_f4hJgfpydKShoXxUohWwttZUVgL6TX6mCS4kJa1SGQm"",
        ""conversation_type_id"": null,
        ""conversation_type_reason"": null,
        ""cost"": ""30"",
        ""created_by"": ""user_9dlTLS8pMYOePFZ0cU22V0WWI3QL4LMZVjQHTolrvIS"",
        ""created_by_name"": ""user_ff3722657d1610e173197c1425edd5ab"",
        ""date_answered"": ""2026-06-04T00:42:15.548000+00:00"",
        ""date_created"": ""2026-06-04T00:42:06.503000+00:00"",
        ""date_updated"": ""2026-06-04T01:07:31.466000+00:00"",
        ""dialer_id"": ""dial_7LwaoUWmMPXL8fXpR0u9w9"",
        ""dialer_saved_search_id"": ""save_5BfWN2sRVUf7XEVIJtOFULtvN8ghCCCAsRGCFoNvRVc"",
        ""direction"": ""outbound"",
        ""disposition"": ""answered"",
        ""duration"": 1207,
        ""forwarded_to"": null,
        ""has_recording"": true,
        ""id"": ""acti_AMI5mZMLqXegeqfG7g3tlJNudbkFRn83CQWkkgODEoA"",
        ""is_forwarded"": false,
        ""is_joinable"": false,
        ""is_to_group_number"": false,
        ""lead_id"": ""lead_VUWk9JbHgDu2gDDgF8012dvFmV7m4NLX2COJUVjfXJi"",
        ""local_country_iso"": ""US"",
        ""local_phone"": ""+1-use-r_c-6221"",
        ""local_phone_formatted"": ""+1-use-r_e-12c2"",
        ""note"": null,
        ""note_date_updated"": null,
        ""note_html"": null,
        ""note_mentions"": [],
        ""notetaker_id"": null,
        ""organization_id"": ""orga_rq7EW7TTwnrAshSzIQ49jJUWzDxtTQUBBrA4VoRWElD"",
        ""outcome_autofill_confidence"": ""high"",
        ""outcome_autofill_reasoning"": ""The call resulted in a meeting being explicitly scheduled. Ava (the sales agent) booked a Zoom call with Rene for Friday at 11:30 AM Eastern Time with a senior consultant named Kevin. Rene confirmed the calendar invite, sent over his resume, and received a follow-up email. All the logistics of the meeting were confirmed during the call — this is a clear Booked Meeting outcome."",
        ""outcome_id"": ""outcome_033856dSfubJajCddHbQZ9"",
        ""outcome_reason"": ""autofilled"",
        ""parent_meeting_id"": null,
        ""phone"": ""+1-use-r_9-c290"",
        ""playbook_id"": null,
        ""playbook_reason"": null,
        ""recording_duration"": 1203,
        ""recording_expires_at"": null,
        ""recording_history"": [
          {
            ""action"": ""auto-start-initializing"",
            ""timestamp"": ""2026-06-04T00:42:06.484000+00:00""
          },
          {
            ""action"": ""auto-started"",
            ""timestamp"": ""2026-06-04T00:42:15+00:00""
          }
        ],
        ""recording_url"": ""https://api.close.com/call/acti_AMI5mZMLqXegeqfG7g3tlJNudbkFRn83CQWkkgODEoA/recording/"",
        ""remote_country_iso"": ""US"",
        ""remote_phone"": ""+1-use-r_9-c290"",
        ""remote_phone_formatted"": ""+1-use-r_0-966e"",
        ""sequence_id"": null,
        ""sequence_name"": null,
        ""sequence_subscription_id"": null,
        ""source"": ""Close.io"",
        ""status"": ""completed"",
        ""transferred_from"": null,
        ""transferred_from_user_id"": null,
        ""transferred_to"": null,
        ""transferred_to_user_id"": null,
        ""updated_by"": ""user_9dlTLS8pMYOePFZ0cU22V0WWI3QL4LMZVjQHTolrvIS"",
        ""updated_by_name"": ""user_ff3722657d1610e173197c1425edd5ab"",
        ""user_id"": ""user_9dlTLS8pMYOePFZ0cU22V0WWI3QL4LMZVjQHTolrvIS"",
        ""user_name"": ""user_ff3722657d1610e173197c1425edd5ab"",
        ""users"": [],
        ""voicemail_duration"": 0,
        ""voicemail_url"": null
      },
      {
        ""_type"": ""Call"",
        ""activity_at"": ""2026-05-28T13:43:07.794000+00:00"",
        ""agent_config_id"": null,
        ""call_method"": ""power"",
        ""coach_legs"": [],
        ""contact_id"": ""cont_f4hJgfpydKShoXxUohWwttZUVgL6TX6mCS4kJa1SGQm"",
        ""conversation_type_id"": null,
        ""conversation_type_reason"": null,
        ""cost"": ""2"",
        ""created_by"": ""user_BD3inh6E77JXfLchKNi46mxfkzubV7KFfvlatgZoaHw"",
        ""created_by_name"": ""user_8824fec483469f25df69082fb72664de"",
        ""date_answered"": ""2026-05-28T13:43:15.583000+00:00"",
        ""date_created"": ""2026-05-28T13:43:07.794000+00:00"",
        ""date_updated"": ""2026-05-28T13:43:25.693000+00:00"",
        ""dialer_id"": ""dial_0nMBjibNK4ne3EyTzNRbEv"",
        ""dialer_saved_search_id"": ""save_5BfWN2sRVUf7XEVIJtOFULtvN8ghCCCAsRGCFoNvRVc"",
        ""direction"": ""outbound"",
        ""disposition"": ""answered"",
        ""duration"": 4,
        ""forwarded_to"": null,
        ""has_recording"": true,
        ""id"": ""acti_t0pusVdXuvnK4OyZGLmLlp5CmlnDkRjf2cSPuVwv11Q"",
        ""is_forwarded"": false,
        ""is_joinable"": false,
        ""is_to_group_number"": false,
        ""lead_id"": ""lead_VUWk9JbHgDu2gDDgF8012dvFmV7m4NLX2COJUVjfXJi"",
        ""local_country_iso"": ""US"",
        ""local_phone"": ""+1-use-r_9-d70e"",
        ""local_phone_formatted"": ""+1-use-r_e-852e"",
        ""note"": null,
        ""note_date_updated"": null,
        ""note_html"": null,
        ""note_mentions"": [],
        ""notetaker_id"": null,
        ""organization_id"": ""orga_rq7EW7TTwnrAshSzIQ49jJUWzDxtTQUBBrA4VoRWElD"",
        ""outcome_autofill_confidence"": null,
        ""outcome_autofill_reasoning"": null,
        ""outcome_id"": null,
        ""outcome_reason"": null,
        ""parent_meeting_id"": null,
        ""phone"": ""+1-use-r_9-c290"",
        ""playbook_id"": null,
        ""playbook_reason"": null,
        ""recording_duration"": 4,
        ""recording_expires_at"": null,
        ""recording_history"": [
          {
            ""action"": ""auto-start-initializing"",
            ""timestamp"": ""2026-05-28T13:43:07.752000+00:00""
          },
          {
            ""action"": ""auto-started"",
            ""timestamp"": ""2026-05-28T13:43:15+00:00""
          }
        ],
        ""recording_url"": ""https://api.close.com/call/acti_t0pusVdXuvnK4OyZGLmLlp5CmlnDkRjf2cSPuVwv11Q/recording/"",
        ""remote_country_iso"": ""US"",
        ""remote_phone"": ""+1-use-r_9-c290"",
        ""remote_phone_formatted"": ""+1-use-r_0-966e"",
        ""sequence_id"": null,
        ""sequence_name"": null,
        ""sequence_subscription_id"": null,
        ""source"": ""Close.io"",
        ""status"": ""completed"",
        ""transferred_from"": null,
        ""transferred_from_user_id"": null,
        ""transferred_to"": null,
        ""transferred_to_user_id"": null,
        ""updated_by"": ""user_BD3inh6E77JXfLchKNi46mxfkzubV7KFfvlatgZoaHw"",
        ""updated_by_name"": ""user_8824fec483469f25df69082fb72664de"",
        ""user_id"": ""user_BD3inh6E77JXfLchKNi46mxfkzubV7KFfvlatgZoaHw"",
        ""user_name"": ""user_8824fec483469f25df69082fb72664de"",
        ""users"": [],
        ""voicemail_duration"": 0,
        ""voicemail_url"": null
      },
      {
        ""_type"": ""Call"",
        ""activity_at"": ""2026-05-21T16:07:38.706000+00:00"",
        ""agent_config_id"": null,
        ""call_method"": ""power"",
        ""coach_legs"": [],
        ""contact_id"": ""cont_f4hJgfpydKShoXxUohWwttZUVgL6TX6mCS4kJa1SGQm"",
        ""conversation_type_id"": null,
        ""conversation_type_reason"": null,
        ""cost"": ""2"",
        ""created_by"": ""user_K832YXZSkywK6kBUpWLah4ZrZlSgOxecw2jjsvdrYNa"",
        ""created_by_name"": ""user_6b819bca77a690f65279b48dd406d9e8"",
        ""date_answered"": ""2026-05-21T16:07:50.370000+00:00"",
        ""date_created"": ""2026-05-21T16:07:38.706000+00:00"",
        ""date_updated"": ""2026-05-21T16:07:59.419000+00:00"",
        ""dialer_id"": ""dial_4aBLWVIOWxWGbgMg34wg8f"",
        ""dialer_saved_search_id"": ""save_5BfWN2sRVUf7XEVIJtOFULtvN8ghCCCAsRGCFoNvRVc"",
        ""direction"": ""outbound"",
        ""disposition"": ""answered"",
        ""duration"": 3,
        ""forwarded_to"": null,
        ""has_recording"": true,
        ""id"": ""acti_6Ih47himOmFyASXarz59V3kIU0NIbPCQl9iBpvouaHZ"",
        ""is_forwarded"": false,
        ""is_joinable"": false,
        ""is_to_group_number"": false,
        ""lead_id"": ""lead_VUWk9JbHgDu2gDDgF8012dvFmV7m4NLX2COJUVjfXJi"",
        ""local_country_iso"": ""US"",
        ""local_phone"": ""+1-use-r_1-f2c7"",
        ""local_phone_formatted"": ""+1-use-r_2-a00a"",
        ""note"": null,
        ""note_date_updated"": null,
        ""note_html"": null,
        ""note_mentions"": [],
        ""notetaker_id"": null,
        ""organization_id"": ""orga_rq7EW7TTwnrAshSzIQ49jJUWzDxtTQUBBrA4VoRWElD"",
        ""outcome_autofill_confidence"": null,
        ""outcome_autofill_reasoning"": null,
        ""outcome_id"": null,
        ""outcome_reason"": null,
        ""parent_meeting_id"": null,
        ""phone"": ""+1-use-r_9-c290"",
        ""playbook_id"": null,
        ""playbook_reason"": null,
        ""recording_duration"": 3,
        ""recording_expires_at"": null,
        ""recording_history"": [
          {
            ""action"": ""auto-start-initializing"",
            ""timestamp"": ""2026-05-21T16:07:38.684000+00:00""
          },
          {
            ""action"": ""auto-started"",
            ""timestamp"": ""2026-05-21T16:07:50+00:00""
          }
        ],
        ""recording_url"": ""https://api.close.com/call/acti_6Ih47himOmFyASXarz59V3kIU0NIbPCQl9iBpvouaHZ/recording/"",
        ""remote_country_iso"": ""US"",
        ""remote_phone"": ""+1-use-r_9-c290"",
        ""remote_phone_formatted"": ""+1-use-r_0-966e"",
        ""sequence_id"": null,
        ""sequence_name"": null,
        ""sequence_subscription_id"": null,
        ""source"": ""Close.io"",
        ""status"": ""completed"",
        ""transferred_from"": null,
        ""transferred_from_user_id"": null,
        ""transferred_to"": null,
        ""transferred_to_user_id"": null,
        ""updated_by"": ""user_K832YXZSkywK6kBUpWLah4ZrZlSgOxecw2jjsvdrYNa"",
        ""updated_by_name"": ""user_6b819bca77a690f65279b48dd406d9e8"",
        ""user_id"": ""user_K832YXZSkywK6kBUpWLah4ZrZlSgOxecw2jjsvdrYNa"",
        ""user_name"": ""user_6b819bca77a690f65279b48dd406d9e8"",
        ""users"": [],
        ""voicemail_duration"": 0,
        ""voicemail_url"": null
      },
      {
        ""_type"": ""Call"",
        ""activity_at"": ""2026-05-14T16:06:06.172000+00:00"",
        ""agent_config_id"": null,
        ""call_method"": ""power"",
        ""coach_legs"": [],
        ""contact_id"": ""cont_f4hJgfpydKShoXxUohWwttZUVgL6TX6mCS4kJa1SGQm"",
        ""conversation_type_id"": null,
        ""conversation_type_reason"": null,
        ""cost"": ""2"",
        ""created_by"": ""user_wPol5lzsYHal2Y3c3Sbd6S4cbFPWDRGgNrLDypo8yFK"",
        ""created_by_name"": ""user_1bdb77157022e8a1f51ac6a0b7f4ae6f"",
        ""date_answered"": ""2026-05-14T16:06:21.206000+00:00"",
        ""date_created"": ""2026-05-14T16:06:06.172000+00:00"",
        ""date_updated"": ""2026-05-14T16:06:31.051000+00:00"",
        ""dialer_id"": ""dial_2YlluD8g99Cyzy3IaOoSWA"",
        ""dialer_saved_search_id"": ""save_5BfWN2sRVUf7XEVIJtOFULtvN8ghCCCAsRGCFoNvRVc"",
        ""direction"": ""outbound"",
        ""disposition"": ""answered"",
        ""duration"": 4,
        ""forwarded_to"": null,
        ""has_recording"": true,
        ""id"": ""acti_5TgVuUGBKwyTE9cQ3jwfJwyhqBmcgp8NcgxEcWmxqTK"",
        ""is_forwarded"": false,
        ""is_joinable"": false,
        ""is_to_group_number"": false,
        ""lead_id"": ""lead_VUWk9JbHgDu2gDDgF8012dvFmV7m4NLX2COJUVjfXJi"",
        ""local_country_iso"": ""US"",
        ""local_phone"": ""+1-use-r_9-3c63"",
        ""local_phone_formatted"": ""+1-use-r_e-7db2"",
        ""note"": null,
        ""note_date_updated"": null,
        ""note_html"": null,
        ""note_mentions"": [],
        ""notetaker_id"": null,
        ""organization_id"": ""orga_rq7EW7TTwnrAshSzIQ49jJUWzDxtTQUBBrA4VoRWElD"",
        ""outcome_autofill_confidence"": null,
        ""outcome_autofill_reasoning"": null,
        ""outcome_id"": null,
        ""outcome_reason"": null,
        ""parent_meeting_id"": null,
        ""phone"": ""+1-use-r_9-c290"",
        ""playbook_id"": null,
        ""playbook_reason"": null,
        ""recording_duration"": 4,
        ""recording_expires_at"": null,
        ""recording_history"": [
          {
            ""action"": ""auto-start-initializing"",
            ""timestamp"": ""2026-05-14T16:06:06.120000+00:00""
          },
          {
            ""action"": ""auto-started"",
            ""timestamp"": ""2026-05-14T16:06:21+00:00""
          }
        ],
        ""recording_url"": ""https://api.close.com/call/acti_5TgVuUGBKwyTE9cQ3jwfJwyhqBmcgp8NcgxEcWmxqTK/recording/"",
        ""remote_country_iso"": ""US"",
        ""remote_phone"": ""+1-use-r_9-c290"",
        ""remote_phone_formatted"": ""+1-use-r_0-966e"",
        ""sequence_id"": null,
        ""sequence_name"": null,
        ""sequence_subscription_id"": null,
        ""source"": ""Close.io"",
        ""status"": ""completed"",
        ""transferred_from"": null,
        ""transferred_from_user_id"": null,
        ""transferred_to"": null,
        ""transferred_to_user_id"": null,
        ""updated_by"": ""user_wPol5lzsYHal2Y3c3Sbd6S4cbFPWDRGgNrLDypo8yFK"",
        ""updated_by_name"": ""user_1bdb77157022e8a1f51ac6a0b7f4ae6f"",
        ""user_id"": ""user_wPol5lzsYHal2Y3c3Sbd6S4cbFPWDRGgNrLDypo8yFK"",
        ""user_name"": ""user_1bdb77157022e8a1f51ac6a0b7f4ae6f"",
        ""users"": [],
        ""voicemail_duration"": 0,
        ""voicemail_url"": null
      },
      {
        ""_type"": ""Call"",
        ""activity_at"": ""2026-05-07T15:50:14.771000+00:00"",
        ""agent_config_id"": null,
        ""call_method"": ""power"",
        ""coach_legs"": [],
        ""contact_id"": ""cont_f4hJgfpydKShoXxUohWwttZUVgL6TX6mCS4kJa1SGQm"",
        ""conversation_type_id"": null,
        ""conversation_type_reason"": null,
        ""cost"": ""2"",
        ""created_by"": ""user_qSoeXYX0Ug8UcQSDkH9B4WHudbJhihQ9Unc564kCXGB"",
        ""created_by_name"": ""user_57cb0290870f6004c5a17979f8d69eff"",
        ""date_answered"": ""2026-05-07T15:50:26.930000+00:00"",
        ""date_created"": ""2026-05-07T15:50:14.771000+00:00"",
        ""date_updated"": ""2026-05-07T15:50:37.575000+00:00"",
        ""dialer_id"": ""dial_5YA0AfUoYDeDC1UDnIHbDY"",
        ""dialer_saved_search_id"": ""save_5BfWN2sRVUf7XEVIJtOFULtvN8ghCCCAsRGCFoNvRVc"",
        ""direction"": ""outbound"",
        ""disposition"": ""answered"",
        ""duration"": 5,
        ""forwarded_to"": null,
        ""has_recording"": true,
        ""id"": ""acti_vFr1QbWVLgnWeffOGNkTX3cDEi8k7YfwNHy9gDuRM5i"",
        ""is_forwarded"": false,
        ""is_joinable"": false,
        ""is_to_group_number"": false,
        ""lead_id"": ""lead_VUWk9JbHgDu2gDDgF8012dvFmV7m4NLX2COJUVjfXJi"",
        ""local_country_iso"": ""US"",
        ""local_phone"": ""+1-use-r_7-43a0"",
        ""local_phone_formatted"": ""+1-use-r_b-2d51"",
        ""note"": null,
        ""note_date_updated"": null,
        ""note_html"": null,
        ""note_mentions"": [],
        ""notetaker_id"": null,
        ""organization_id"": ""orga_rq7EW7TTwnrAshSzIQ49jJUWzDxtTQUBBrA4VoRWElD"",
        ""outcome_autofill_confidence"": null,
        ""outcome_autofill_reasoning"": null,
        ""outcome_id"": null,
        ""outcome_reason"": null,
        ""parent_meeting_id"": null,
        ""phone"": ""+1-use-r_9-c290"",
        ""playbook_id"": null,
        ""playbook_reason"": null,
        ""recording_duration"": 4,
        ""recording_expires_at"": null,
        ""recording_history"": [
          {
            ""action"": ""auto-start-initializing"",
            ""timestamp"": ""2026-05-07T15:50:14.741000+00:00""
          },
          {
            ""action"": ""auto-started"",
            ""timestamp"": ""2026-05-07T15:50:26+00:00""
          }
        ],
        ""recording_url"": ""https://api.close.com/call/acti_vFr1QbWVLgnWeffOGNkTX3cDEi8k7YfwNHy9gDuRM5i/recording/"",
        ""remote_country_iso"": ""US"",
        ""remote_phone"": ""+1-use-r_9-c290"",
        ""remote_phone_formatted"": ""+1-use-r_0-966e"",
        ""sequence_id"": null,
        ""sequence_name"": null,
        ""sequence_subscription_id"": null,
        ""source"": ""Close.io"",
        ""status"": ""completed"",
        ""transferred_from"": null,
        ""transferred_from_user_id"": null,
        ""transferred_to"": null,
        ""transferred_to_user_id"": null,
        ""updated_by"": ""user_qSoeXYX0Ug8UcQSDkH9B4WHudbJhihQ9Unc564kCXGB"",
        ""updated_by_name"": ""user_57cb0290870f6004c5a17979f8d69eff"",
        ""user_id"": ""user_qSoeXYX0Ug8UcQSDkH9B4WHudbJhihQ9Unc564kCXGB"",
        ""user_name"": ""user_57cb0290870f6004c5a17979f8d69eff"",
        ""users"": [],
        ""voicemail_duration"": 0,
        ""voicemail_url"": null
      },
      {
        ""_type"": ""Call"",
        ""activity_at"": ""2026-04-30T20:44:42.382000+00:00"",
        ""agent_config_id"": null,
        ""call_method"": ""power"",
        ""coach_legs"": [],
        ""contact_id"": ""cont_f4hJgfpydKShoXxUohWwttZUVgL6TX6mCS4kJa1SGQm"",
        ""conversation_type_id"": null,
        ""conversation_type_reason"": null,
        ""cost"": ""2"",
        ""created_by"": ""user_XnKmrJuiUwEvJGS85PrOuTtojNCUmMlrT3iJnWxgUBq"",
        ""created_by_name"": ""user_d8aa3c20da5a918e32807596b81ab896"",
        ""date_answered"": ""2026-04-30T20:44:47.395000+00:00"",
        ""date_created"": ""2026-04-30T20:44:42.382000+00:00"",
        ""date_updated"": ""2026-04-30T20:45:02.493000+00:00"",
        ""dialer_id"": ""dial_5uCDaMshmxxZOG5uG5B8ZY"",
        ""dialer_saved_search_id"": ""save_5BfWN2sRVUf7XEVIJtOFULtvN8ghCCCAsRGCFoNvRVc"",
        ""direction"": ""outbound"",
        ""disposition"": ""answered"",
        ""duration"": 9,
        ""forwarded_to"": null,
        ""has_recording"": true,
        ""id"": ""acti_GINZivG8EvZo2eAsKhTgFBXGphU7iPsIEq9C0Xo1zCP"",
        ""is_forwarded"": false,
        ""is_joinable"": false,
        ""is_to_group_number"": false,
        ""lead_id"": ""lead_VUWk9JbHgDu2gDDgF8012dvFmV7m4NLX2COJUVjfXJi"",
        ""local_country_iso"": ""US"",
        ""local_phone"": ""+1-use-r_7-43a0"",
        ""local_phone_formatted"": ""+1-use-r_b-2d51"",
        ""note"": null,
        ""note_date_updated"": null,
        ""note_html"": null,
        ""note_mentions"": [],
        ""notetaker_id"": null,
        ""organization_id"": ""orga_rq7EW7TTwnrAshSzIQ49jJUWzDxtTQUBBrA4VoRWElD"",
        ""outcome_autofill_confidence"": null,
        ""outcome_autofill_reasoning"": null,
        ""outcome_id"": null,
        ""outcome_reason"": null,
        ""parent_meeting_id"": null,
        ""phone"": ""+1-use-r_9-c290"",
        ""playbook_id"": null,
        ""playbook_reason"": null,
        ""recording_duration"": 7,
        ""recording_expires_at"": null,
        ""recording_history"": [
          {
            ""action"": ""auto-start-initializing"",
            ""timestamp"": ""2026-04-30T20:44:42.365000+00:00""
          },
          {
            ""action"": ""auto-started"",
            ""timestamp"": ""2026-04-30T20:44:47+00:00""
          }
        ],
        ""recording_url"": ""https://api.close.com/call/acti_GINZivG8EvZo2eAsKhTgFBXGphU7iPsIEq9C0Xo1zCP/recording/"",
        ""remote_country_iso"": ""US"",
        ""remote_phone"": ""+1-use-r_9-c290"",
        ""remote_phone_formatted"": ""+1-use-r_0-966e"",
        ""sequence_id"": null,
        ""sequence_name"": null,
        ""sequence_subscription_id"": null,
        ""source"": ""Close.io"",
        ""status"": ""completed"",
        ""transferred_from"": null,
        ""transferred_from_user_id"": null,
        ""transferred_to"": null,
        ""transferred_to_user_id"": null,
        ""updated_by"": ""user_XnKmrJuiUwEvJGS85PrOuTtojNCUmMlrT3iJnWxgUBq"",
        ""updated_by_name"": ""user_d8aa3c20da5a918e32807596b81ab896"",
        ""user_id"": ""user_XnKmrJuiUwEvJGS85PrOuTtojNCUmMlrT3iJnWxgUBq"",
        ""user_name"": ""user_d8aa3c20da5a918e32807596b81ab896"",
        ""users"": [],
        ""voicemail_duration"": 0,
        ""voicemail_url"": null
      },
      {
        ""_type"": ""Call"",
        ""activity_at"": ""2026-04-23T18:17:19.226000+00:00"",
        ""agent_config_id"": null,
        ""call_method"": ""power"",
        ""coach_legs"": [],
        ""contact_id"": ""cont_f4hJgfpydKShoXxUohWwttZUVgL6TX6mCS4kJa1SGQm"",
        ""conversation_type_id"": null,
        ""conversation_type_reason"": null,
        ""cost"": ""2"",
        ""created_by"": ""user_FnIhxe126CBgAcJ6PBUKTBaoLPccccS3xQBFYba2Tx8"",
        ""created_by_name"": ""user_94f8b2f27b8730c4b1185064bdfb5733"",
        ""date_answered"": ""2026-04-23T18:17:26.566000+00:00"",
        ""date_created"": ""2026-04-23T18:17:19.226000+00:00"",
        ""date_updated"": ""2026-04-23T20:18:19.998000+00:00"",
        ""dialer_id"": ""dial_25CnFDgio4tJd6BwGqL7KE"",
        ""dialer_saved_search_id"": ""save_5BfWN2sRVUf7XEVIJtOFULtvN8ghCCCAsRGCFoNvRVc"",
        ""direction"": ""outbound"",
        ""disposition"": ""answered"",
        ""duration"": 9,
        ""forwarded_to"": null,
        ""has_recording"": true,
        ""id"": ""acti_YSyJittiCZ38zvum5APkmUFDOM0KJvpSDl4ngt7fvCA"",
        ""is_forwarded"": false,
        ""is_joinable"": false,
        ""is_to_group_number"": false,
        ""lead_id"": ""lead_VUWk9JbHgDu2gDDgF8012dvFmV7m4NLX2COJUVjfXJi"",
        ""local_country_iso"": ""US"",
        ""local_phone"": ""+1-use-r_3-d46f"",
        ""local_phone_formatted"": ""+1-use-r_3-d6f5"",
        ""note"": null,
        ""note_date_updated"": null,
        ""note_html"": null,
        ""note_mentions"": [],
        ""notetaker_id"": null,
        ""organization_id"": ""orga_rq7EW7TTwnrAshSzIQ49jJUWzDxtTQUBBrA4VoRWElD"",
        ""outcome_autofill_confidence"": null,
        ""outcome_autofill_reasoning"": null,
        ""outcome_id"": null,
        ""outcome_reason"": null,
        ""parent_meeting_id"": null,
        ""phone"": ""+1-use-r_9-c290"",
        ""playbook_id"": null,
        ""playbook_reason"": null,
        ""recording_duration"": 7,
        ""recording_expires_at"": null,
        ""recording_history"": [
          {
            ""action"": ""auto-start-initializing"",
            ""timestamp"": ""2026-04-23T18:17:19.206000+00:00""
          },
          {
            ""action"": ""auto-started"",
            ""timestamp"": ""2026-04-23T18:17:26+00:00""
          }
        ],
        ""recording_url"": ""https://api.close.com/call/acti_YSyJittiCZ38zvum5APkmUFDOM0KJvpSDl4ngt7fvCA/recording/"",
        ""remote_country_iso"": ""US"",
        ""remote_phone"": ""+1-use-r_9-c290"",
        ""remote_phone_formatted"": ""+1-use-r_0-966e"",
        ""sequence_id"": null,
        ""sequence_name"": null,
        ""sequence_subscription_id"": null,
        ""source"": ""Close.io"",
        ""status"": ""completed"",
        ""transferred_from"": null,
        ""transferred_from_user_id"": null,
        ""transferred_to"": null,
        ""transferred_to_user_id"": null,
        ""updated_by"": ""user_FnIhxe126CBgAcJ6PBUKTBaoLPccccS3xQBFYba2Tx8"",
        ""updated_by_name"": ""user_94f8b2f27b8730c4b1185064bdfb5733"",
        ""user_id"": ""user_FnIhxe126CBgAcJ6PBUKTBaoLPccccS3xQBFYba2Tx8"",
        ""user_name"": ""user_94f8b2f27b8730c4b1185064bdfb5733"",
        ""users"": [],
        ""voicemail_duration"": 0,
        ""voicemail_url"": null
      }
    ]
  }
}"
lead_activities_raw/load_type=full/lead_activities_raw_20260707_200944_part_00006.json,3,"{
  ""insert_date"": ""2026-06-15T11:01:24.506080"",
  ""raw_data"": {
    ""data"": [
      {
        ""_type"": ""Call"",
        ""activity_at"": ""2026-06-08T20:05:52.143000+00:00"",
        ""agent_config_id"": null,
        ""call_method"": ""regular"",
        ""coach_legs"": [],
        ""contact_id"": ""cont_WocqvYWwdMmp0KGXpONuXH0tEdzXgaLncnW0QwrecoD"",
        ""conversation_type_id"": null,
        ""conversation_type_reason"": null,
        ""cost"": ""2"",
        ""created_by"": ""user_C2FAoq082j0eYvcKjn4tfMwmwUGIvvlmthEW2OFtJUd"",
        ""created_by_name"": ""user_2074ad2269df3c5784f09b34e5691254"",
        ""date_answered"": ""2026-06-08T20:06:00.120000+00:00"",
        ""date_created"": ""2026-06-08T20:05:52.143000+00:00"",
        ""date_updated"": ""2026-06-08T20:06:32.409000+00:00"",
        ""dialer_id"": null,
        ""dialer_saved_search_id"": null,
        ""direction"": ""outbound"",
        ""disposition"": ""answered"",
        ""duration"": 26,
        ""forwarded_to"": null,
        ""has_recording"": true,
        ""id"": ""acti_6Wc0Ku6Ta2yLKTFrpoIBrrUcZlCk5lu8ipUsqn7kC0M"",
        ""is_forwarded"": false,
        ""is_joinable"": false,
        ""is_to_group_number"": false,
        ""lead_id"": ""lead_FpUAkcfn8gxAURlE8YgleMa3gw3tjD5qK0j4ZGiYGZ4"",
        ""local_country_iso"": ""US"",
        ""local_phone"": ""+1-use-r_f-779b"",
        ""local_phone_formatted"": ""+1-use-r_5-d66c"",
        ""note"": null,
        ""note_date_updated"": ""2026-06-08T20:05:52.143000+00:00"",
        ""note_html"": null,
        ""note_mentions"": [],
        ""notetaker_id"": ""user_C2FAoq082j0eYvcKjn4tfMwmwUGIvvlmthEW2OFtJUd"",
        ""organization_id"": ""orga_rq7EW7TTwnrAshSzIQ49jJUWzDxtTQUBBrA4VoRWElD"",
        ""outcome_autofill_confidence"": null,
        ""outcome_autofill_reasoning"": null,
        ""outcome_id"": null,
        ""outcome_reason"": null,
        ""parent_meeting_id"": ""acti_I7JKhMOFlAzzMNseSoYfQoJlqM7T9aTXCjVS3I1tcvi"",
        ""phone"": ""+1-use-r_d-8aca"",
        ""playbook_id"": null,
        ""playbook_reason"": null,
        ""recording_duration"": 25,
        ""recording_expires_at"": null,
        ""recording_history"": [
          {
            ""action"": ""auto-start-initializing"",
            ""timestamp"": ""2026-06-08T20:05:54.579000+00:00""
          },
          {
            ""action"": ""auto-started"",
            ""timestamp"": ""2026-06-08T20:05:59+00:00""
          }
        ],
        ""recording_url"": ""https://api.close.com/call/acti_6Wc0Ku6Ta2yLKTFrpoIBrrUcZlCk5lu8ipUsqn7kC0M/recording/"",
        ""remote_country_iso"": ""US"",
        ""remote_phone"": ""+1-use-r_d-8aca"",
        ""remote_phone_formatted"": ""+1-use-r_0-00e1"",
        ""sequence_id"": null,
        ""sequence_name"": null,
        ""sequence_subscription_id"": null,
        ""source"": ""Close.io"",
        ""status"": ""completed"",
        ""transferred_from"": null,
        ""transferred_from_user_id"": null,
        ""transferred_to"": null,
        ""transferred_to_user_id"": null,
        ""updated_by"": ""user_C2FAoq082j0eYvcKjn4tfMwmwUGIvvlmthEW2OFtJUd"",
        ""updated_by_name"": ""user_2074ad2269df3c5784f09b34e5691254"",
        ""user_id"": ""user_C2FAoq082j0eYvcKjn4tfMwmwUGIvvlmthEW2OFtJUd"",
        ""user_name"": ""user_2074ad2269df3c5784f09b34e5691254"",
        ""users"": [],
        ""voicemail_duration"": 0,
        ""voicemail_url"": null
      },
      {
        ""_type"": ""Meeting"",
        ""activity_at"": ""2026-06-08T20:00:00+00:00"",
        ""actual_duration"": 26,
        ""attached_call_ids"": [
          ""acti_6Wc0Ku6Ta2yLKTFrpoIBrrUcZlCk5lu8ipUsqn7kC0M""
        ],
        ""attendees"": [
          {
            ""contact_id"": ""cont_WocqvYWwdMmp0KGXpONuXH0tEdzXgaLncnW0QwrecoD"",
            ""email"": ""jacob.samba@gmail.com"",
            ""is_organizer"": false,
            ""name"": null,
            ""status"": ""noreply"",
            ""user_id"": null
          },
          {
            ""contact_id"": null,
            ""email"": ""mihajlo@dataengineeracademy.com"",
            ""is_organizer"": true,
            ""name"": null,
            ""status"": ""yes"",
            ""user_id"": ""user_C2FAoq082j0eYvcKjn4tfMwmwUGIvvlmthEW2OFtJUd""
          }
        ],
        ""calendar_event_link"": null,
        ""calendar_event_uids"": [
          ""3qp4bamfs2paaksih9r5ic8i7k""
        ],
        ""conference_links"": [
          {
            ""type"": ""GOOGLE_MEET"",
            ""url"": ""https://meet.google.com/pcf-jxby-jkz""
          }
        ],
        ""connected_account_id"": ""emailacct_0tOOiln9fo8QDGaaUkzvinmLO9t4f4p1VdKMRzGyiMN"",
        ""contact_id"": null,
        ""conversation_type_id"": null,
        ""conversation_type_reason"": null,
        ""created_by"": ""user_C2FAoq082j0eYvcKjn4tfMwmwUGIvvlmthEW2OFtJUd"",
        ""created_by_name"": ""user_2074ad2269df3c5784f09b34e5691254"",
        ""date_created"": ""2026-06-02T01:33:28.669000+00:00"",
        ""date_updated"": ""2026-06-08T20:15:05.630000+00:00"",
        ""duration"": 900,
        ""ends_at"": ""2026-06-08T20:15:00+00:00"",
        ""id"": ""acti_I7JKhMOFlAzzMNseSoYfQoJlqM7T9aTXCjVS3I1tcvi"",
        ""integrations"": [],
        ""is_recurring"": false,
        ""lead_id"": ""lead_FpUAkcfn8gxAURlE8YgleMa3gw3tjD5qK0j4ZGiYGZ4"",
        ""location"": ""Google Meet (instructions in description)"",
        ""note"": ""Event Name Check In Location: This is a Google Meet web conference. You can join this meeting from your computer, tablet, or smartphone. https://calendly.com/events/fddc2b9e-c0d4-4432-8ed8-f01cbc7227c0/google_meet Need to make changes to this event? Cancel: https://calendly.com/cancellations/1ac6d22e-d977-47fa-8fdf-b400f5c138f2 Reschedule: https://calendly.com/reschedulings/1ac6d22e-d977-47fa-8fdf-b400f5c138f2"",
        ""notetaker_id"": null,
        ""organization_id"": ""orga_rq7EW7TTwnrAshSzIQ49jJUWzDxtTQUBBrA4VoRWElD"",
        ""outcome_autofill_confidence"": null,
        ""outcome_autofill_reasoning"": null,
        ""outcome_id"": null,
        ""outcome_reason"": null,
        ""playbook_id"": null,
        ""playbook_reason"": null,
        ""provider_calendar_event_id"": ""3qp4bamfs2paaksih9r5ic8i7k"",
        ""provider_calendar_ids"": [
          ""mihajlo@dataengineeracademy.com""
        ],
        ""provider_calendar_type"": ""google"",
        ""source"": ""calendar"",
        ""starts_at"": ""2026-06-08T20:00:00+00:00"",
        ""status"": ""completed"",
        ""summary"": null,
        ""title"": ""Jacob Bawe Samba and Mike"",
        ""updated_by"": ""user_C2FAoq082j0eYvcKjn4tfMwmwUGIvvlmthEW2OFtJUd"",
        ""updated_by_name"": ""user_2074ad2269df3c5784f09b34e5691254"",
        ""user_id"": ""user_C2FAoq082j0eYvcKjn4tfMwmwUGIvvlmthEW2OFtJUd"",
        ""user_name"": ""user_2074ad2269df3c5784f09b34e5691254"",
        ""user_note"": null,
        ""user_note_date_updated"": null,
        ""user_note_html"": null,
        ""user_note_mentions"": [],
        ""users"": [
          ""user_C2FAoq082j0eYvcKjn4tfMwmwUGIvvlmthEW2OFtJUd""
        ]
      },
      {
        ""_type"": ""Email"",
        ""activity_at"": ""2026-06-02T01:33:25+00:00"",
        ""agent_action_reason"": null,
        ""agent_config_id"": null,
        ""ai_draft"": null,
        ""attachments"": [],
        ""bcc"": [],
        ""body_html"": null,
        ""body_html_quoted"": null,
        ""body_preview"": null,
        ""body_text"": null,
        ""body_text_quoted"": null,
        ""bulk_email_action_id"": null,
        ""cc"": [],
        ""contact_id"": ""cont_WocqvYWwdMmp0KGXpONuXH0tEdzXgaLncnW0QwrecoD"",
        ""created_by"": null,
        ""created_by_name"": null,
        ""date_created"": ""2026-06-02T01:33:25+00:00"",
        ""date_scheduled"": null,
        ""date_sent"": null,
        ""date_updated"": ""2026-06-02T01:33:41.110000+00:00"",
        ""direction"": ""incoming"",
        ""email_account_id"": ""emailacct_0tOOiln9fo8QDGaaUkzvinmLO9t4f4p1VdKMRzGyiMN"",
        ""envelope"": {
          ""bcc"": [],
          ""cc"": [],
          ""date"": ""Tue, 02 Jun 2026 01:33:25 +0000 (UTC)"",
          ""from"": [
            {
              ""email"": ""user_d0dc265@masked.com"",
              ""name"": ""user_d834c26c004bd650c25586a525eebeb7""
            }
          ],
          ""in_reply_to"": null,
          ""is_autoreply"": false,
          ""message_id"": """",
          ""reply_to"": [
            {
              ""email"": ""user_c76189d@masked.com"",
              ""name"": """"
            }
          ],
          ""sender"": [
            {
              ""email"": ""user_d0dc265@masked.com"",
              ""name"": ""user_d834c26c004bd650c25586a525eebeb7""
            }
          ],
          ""subject"": ""New Event: Jacob Bawe Samba - 22:00 Mon, 8 Jun 2026 - Check In"",
          ""to"": [
            {
              ""email"": ""user_add2a96@masked.com"",
              ""name"": """"
            }
          ]
        },
        ""followup_sequence_add_cc_bcc"": false,
        ""followup_sequence_delay"": null,
        ""followup_sequence_id"": null,
        ""has_reply"": false,
        ""id"": ""acti_bUegc58Ziim9rNbbpFgcEOPPJUHu97vBeNodJk4H2hR"",
        ""in_reply_to_id"": null,
        ""lead_id"": ""lead_FpUAkcfn8gxAURlE8YgleMa3gw3tjD5qK0j4ZGiYGZ4"",
        ""message_ids"": [
          """"
        ],
        ""need_smtp_credentials"": false,
        ""opens"": [],
        ""opens_summary"": null,
        ""organization_id"": ""orga_rq7EW7TTwnrAshSzIQ49jJUWzDxtTQUBBrA4VoRWElD"",
        ""references"": [],
        ""send_as_id"": null,
        ""send_attempts"": [],
        ""sender"": ""user_3e9eae9d3de9db0647d640687369d8b2"",
        ""sequence_id"": null,
        ""sequence_name"": null,
        ""sequence_subscription_id"": null,
        ""status"": ""inbox"",
        ""subject"": ""user_73dafd7fb86461a51a3073ea85d38711"",
        ""template_id"": null,
        ""template_name"": null,
        ""thread_id"": ""acti_GVNj8FU52EOKl6HzLKxBsXVcBKruUh1a29cPtZc7ylq"",
        ""to"": [
          ""user_add2a96@masked.com""
        ],
        ""updated_by"": null,
        ""updated_by_name"": null,
        ""user_id"": ""user_C2FAoq082j0eYvcKjn4tfMwmwUGIvvlmthEW2OFtJUd"",
        ""user_name"": ""user_2074ad2269df3c5784f09b34e5691254"",
        ""users"": []
      },
      {
        ""_type"": ""Email"",
        ""activity_at"": ""2026-04-30T22:10:29.953000+00:00"",
        ""agent_action_reason"": null,
        ""agent_config_id"": null,
        ""ai_draft"": null,
        ""attachments"": [],
        ""bcc"": [],
        ""body_html"": null,
        ""body_html_quoted"": null,
        ""body_preview"": null,
        ""body_text"": null,
        ""body_text_quoted"": null,
        ""bulk_email_action_id"": ""bulkemail_Ax0Q7Z9KCT8j37PooGOFb5r1ROJ3QRTe2tHAI2qUVns"",
        ""cc"": [],
        ""contact_id"": ""cont_WocqvYWwdMmp0KGXpONuXH0tEdzXgaLncnW0QwrecoD"",
        ""created_by"": ""user_C2FAoq082j0eYvcKjn4tfMwmwUGIvvlmthEW2OFtJUd"",
        ""created_by_name"": ""user_2074ad2269df3c5784f09b34e5691254"",
        ""date_created"": ""2026-04-30T22:09:27.723000+00:00"",
        ""date_scheduled"": null,
        ""date_sent"": ""2026-04-30T22:10:29.953000+00:00"",
        ""date_updated"": ""2026-04-30T22:37:18.710000+00:00"",
        ""direction"": ""outgoing"",
        ""email_account_id"": ""emailacct_0tOOiln9fo8QDGaaUkzvinmLO9t4f4p1VdKMRzGyiMN"",
        ""envelope"": {
          ""bcc"": [],
          ""cc"": [],
          ""date"": ""Thu, 30 Apr 2026 22:10:31 +0000"",
          ""from"": [
            {
              ""email"": ""user_add2a96@masked.com"",
              ""name"": ""user_0a64b21f82cd68333bff500070fd3fef""
            }
          ],
          ""in_reply_to"": null,
          ""is_autoreply"": false,
          ""message_id"": """",
          ""reply_to"": [],
          ""sender"": [
            {
              ""email"": ""user_add2a96@masked.com"",
              ""name"": ""user_0a64b21f82cd68333bff500070fd3fef""
            }
          ],
          ""subject"": ""Out of Office"",
          ""to"": [
            {
              ""email"": ""user_c76189d@masked.com"",
              ""name"": """"
            }
          ]
        },
        ""followup_sequence_add_cc_bcc"": false,
        ""followup_sequence_delay"": null,
        ""followup_sequence_id"": null,
        ""has_reply"": false,
        ""id"": ""acti_gWsHeNoop6WnOV2jSAxmrI9xWHmxni6WR4vW6Sxoe4n"",
        ""in_reply_to_id"": null,
        ""lead_id"": ""lead_FpUAkcfn8gxAURlE8YgleMa3gw3tjD5qK0j4ZGiYGZ4"",
        ""message_ids"": [
          """",
          """"
        ],
        ""need_smtp_credentials"": false,
        ""opens"": [],
        ""opens_summary"": null,
        ""organization_id"": ""orga_rq7EW7TTwnrAshSzIQ49jJUWzDxtTQUBBrA4VoRWElD"",
        ""references"": [],
        ""send_as_id"": null,
        ""send_attempts"": [],
        ""sender"": ""user_df44ae16b48271b16af8e65aeebd9ca1"",
        ""sequence_id"": null,
        ""sequence_name"": null,
        ""sequence_subscription_id"": null,
        ""status"": ""sent"",
        ""subject"": ""user_b8e359b375ef8dfa07d9ab9c92026b02"",
        ""template_id"": ""tmpl_Tok1ux00Gy9K4oM9dWRqHreFFxKJS8QPShmuldasZ4E"",
        ""template_name"": ""Out of office mike"",
        ""thread_id"": ""acti_Q5WZjo1xSCZbrhUNHrHMZbKawucCjlXJJEfgSWatEml"",
        ""to"": [
          ""user_c76189d@masked.com""
        ],
        ""updated_by"": ""user_C2FAoq082j0eYvcKjn4tfMwmwUGIvvlmthEW2OFtJUd"",
        ""updated_by_name"": ""user_2074ad2269df3c5784f09b34e5691254"",
        ""user_id"": ""user_C2FAoq082j0eYvcKjn4tfMwmwUGIvvlmthEW2OFtJUd"",
        ""user_name"": ""user_2074ad2269df3c5784f09b34e5691254"",
        ""users"": []
      }
    ]
  }
}"
