name,size,md5,last_modified
s3://sales-analytics-raw-aqib-test/lead_activities_raw/load_type=full/lead_activities_raw_20260707_200934_part_00001.json,55981188,d655028152aeb0fde61c0d707d45f28c,"Tue, 7 Jul 2026 20:09:35 GMT"
s3://sales-analytics-raw-aqib-test/lead_activities_raw/load_type=full/lead_activities_raw_20260707_200936_part_00002.json,57519162,5deffeb0c33fd89706c495428dbe79a0,"Tue, 7 Jul 2026 20:09:37 GMT"
s3://sales-analytics-raw-aqib-test/lead_activities_raw/load_type=full/lead_activities_raw_20260707_200938_part_00003.json,59947414,7b906aff03c15dca0efc6f565b9c3fff,"Tue, 7 Jul 2026 20:09:40 GMT"
s3://sales-analytics-raw-aqib-test/lead_activities_raw/load_type=full/lead_activities_raw_20260707_200940_part_00004.json,54816393,f0719455ffb96a9c4cda6df0149cda28,"Tue, 7 Jul 2026 20:09:42 GMT"
s3://sales-analytics-raw-aqib-test/lead_activities_raw/load_type=full/lead_activities_raw_20260707_200942_part_00005.json,56442520,7752f264dcee37045a77299454609f4b,"Tue, 7 Jul 2026 20:09:44 GMT"
s3://sales-analytics-raw-aqib-test/lead_activities_raw/load_type=full/lead_activities_raw_20260707_200944_part_00006.json,51726778,72c8dbbf62b90dc8e87afd376457a748,"Tue, 7 Jul 2026 20:09:46 GMT"
s3://sales-analytics-raw-aqib-test/lead_activities_raw/load_type=full/lead_activities_raw_20260707_200946_part_00007.json,51334820,6f689b0cb62aaaa743256e907e414b1f,"Tue, 7 Jul 2026 20:09:48 GMT"
s3://sales-analytics-raw-aqib-test/lead_activities_raw/load_type=full/lead_activities_raw_20260707_200948_part_00008.json,50518934,1e2d8c90d3d1204ac275c36d04529e9c,"Tue, 7 Jul 2026 20:09:50 GMT"
s3://sales-analytics-raw-aqib-test/lead_activities_raw/load_type=full/lead_activities_raw_20260707_200950_part_00009.json,47950900,75db0b88965d070056332c18b9b2f9b8,"Tue, 7 Jul 2026 20:09:52 GMT"
s3://sales-analytics-raw-aqib-test/lead_activities_raw/load_type=full/lead_activities_raw_20260707_200952_part_00010.json,44687704,01d364967d753be2f2197351637a69ef,"Tue, 7 Jul 2026 20:09:53 GMT"
s3://sales-analytics-raw-aqib-test/lead_activities_raw/load_type=full/lead_activities_raw_20260707_200954_part_00011.json,51327034,e691a83a230bf15fed6010d2dd4a99f4,"Tue, 7 Jul 2026 20:09:55 GMT"
s3://sales-analytics-raw-aqib-test/lead_activities_raw/load_type=full/lead_activities_raw_20260707_200956_part_00012.json,45138958,85e93df6aeeebe05c15721080c0c5e9d,"Tue, 7 Jul 2026 20:09:57 GMT"
s3://sales-analytics-raw-aqib-test/lead_activities_raw/load_type=full/lead_activities_raw_20260707_200957_part_00013.json,45841508,c97d0650fa7c73800b8fecc12502f0e2,"Tue, 7 Jul 2026 20:09:59 GMT"
s3://sales-analytics-raw-aqib-test/lead_activities_raw/load_type=full/lead_activities_raw_20260707_200959_part_00014.json,47510313,796d9114f22fa4ea5e16e35dd66318ae,"Tue, 7 Jul 2026 20:10:01 GMT"
s3://sales-analytics-raw-aqib-test/lead_activities_raw/load_type=full/lead_activities_raw_20260707_201001_part_00015.json,45184572,0eabc85fa2f29d099ffc430309afea71,"Tue, 7 Jul 2026 20:10:03 GMT"
s3://sales-analytics-raw-aqib-test/lead_activities_raw/load_type=full/lead_activities_raw_20260707_201003_part_00016.json,44394917,b92da0bb1f978e581034c43c9283a1c3,"Tue, 7 Jul 2026 20:10:04 GMT"
s3://sales-analytics-raw-aqib-test/lead_activities_raw/load_type=full/lead_activities_raw_20260707_201004_part_00017.json,45671315,3a1c02243d00e04137a34cbf0c817adb,"Tue, 7 Jul 2026 20:10:06 GMT"
s3://sales-analytics-raw-aqib-test/lead_activities_raw/load_type=full/lead_activities_raw_20260707_201006_part_00018.json,45533745,d91fe248282e59f173030d64925a394c,"Tue, 7 Jul 2026 20:10:08 GMT"
s3://sales-analytics-raw-aqib-test/lead_activities_raw/load_type=full/lead_activities_raw_20260707_201008_part_00019.json,42270478,ec99b85271cfb27939904433b3be381f,"Tue, 7 Jul 2026 20:10:09 GMT"
s3://sales-analytics-raw-aqib-test/lead_activities_raw/load_type=full/lead_activities_raw_20260707_201009_part_00020.json,46573715,1db103e5c4fb19cc38cae69e42c23022,"Tue, 7 Jul 2026 20:10:11 GMT"
s3://sales-analytics-raw-aqib-test/lead_activities_raw/load_type=full/lead_activities_raw_20260707_201011_part_00021.json,48700374,0ae88c8b1443d042e10aa8c4cafa1ac1,"Tue, 7 Jul 2026 20:10:13 GMT"
s3://sales-analytics-raw-aqib-test/lead_activities_raw/load_type=full/lead_activities_raw_20260707_201013_part_00022.json,46411333,c3090df3539cef56a58660e78dc1b236,"Tue, 7 Jul 2026 20:10:15 GMT"
s3://sales-analytics-raw-aqib-test/lead_activities_raw/load_type=full/lead_activities_raw_20260707_201015_part_00023.json,47824920,4a7298cf6d5452dd7b1ed4cb2f610293,"Tue, 7 Jul 2026 20:10:16 GMT"
s3://sales-analytics-raw-aqib-test/lead_activities_raw/load_type=full/lead_activities_raw_20260707_201017_part_00024.json,49377546,dcc73bb74eecb79fe51aa273dd81697a,"Tue, 7 Jul 2026 20:10:18 GMT"
s3://sales-analytics-raw-aqib-test/lead_activities_raw/load_type=full/lead_activities_raw_20260707_201018_part_00025.json,47340739,70a66d305959c00235612432494c3293,"Tue, 7 Jul 2026 20:10:20 GMT"
s3://sales-analytics-raw-aqib-test/lead_activities_raw/load_type=full/lead_activities_raw_20260707_201020_part_00026.json,49849056,3bd105168247fabad446d4b3cd42a27e,"Tue, 7 Jul 2026 20:10:22 GMT"
s3://sales-analytics-raw-aqib-test/lead_activities_raw/load_type=full/lead_activities_raw_20260707_201022_part_00027.json,50656099,f44f02e6cd6865929de40694c35cddb6,"Tue, 7 Jul 2026 20:10:24 GMT"
s3://sales-analytics-raw-aqib-test/lead_activities_raw/load_type=full/lead_activities_raw_20260707_201024_part_00028.json,47609882,62aff16446073d2f9fc88ba54eafb5bb,"Tue, 7 Jul 2026 20:10:26 GMT"
s3://sales-analytics-raw-aqib-test/lead_activities_raw/load_type=full/lead_activities_raw_20260707_201026_part_00029.json,47938616,829fc8e8b719c0d8a569cd0c0107e030,"Tue, 7 Jul 2026 20:10:28 GMT"
s3://sales-analytics-raw-aqib-test/lead_activities_raw/load_type=full/lead_activities_raw_20260707_201028_part_00030.json,46284004,674e1ee5dd3b07404249442e58abc45f,"Tue, 7 Jul 2026 20:10:29 GMT"
s3://sales-analytics-raw-aqib-test/lead_activities_raw/load_type=full/lead_activities_raw_20260707_201030_part_00031.json,40537111,f600fa7d71b1447bea596025c3f40d23,"Tue, 7 Jul 2026 20:10:31 GMT"
s3://sales-analytics-raw-aqib-test/lead_activities_raw/load_type=full/lead_activities_raw_20260707_201031_part_00032.json,46063421,aaa6ba6cd6cef32ab59900d28116b82c,"Tue, 7 Jul 2026 20:10:33 GMT"
s3://sales-analytics-raw-aqib-test/lead_activities_raw/load_type=full/lead_activities_raw_20260707_201033_part_00033.json,47655212,938b3a6f6f25717d43dfa229b0861abf,"Tue, 7 Jul 2026 20:10:34 GMT"
s3://sales-analytics-raw-aqib-test/lead_activities_raw/load_type=full/lead_activities_raw_20260707_201035_part_00034.json,49440654,a35f0d6383ffa2b43a90701e1d27fb61,"Tue, 7 Jul 2026 20:10:36 GMT"
s3://sales-analytics-raw-aqib-test/lead_activities_raw/load_type=full/lead_activities_raw_20260707_201037_part_00035.json,47491547,fbece1a6686bc19ae3a8066a01cfc220,"Tue, 7 Jul 2026 20:10:38 GMT"
s3://sales-analytics-raw-aqib-test/lead_activities_raw/load_type=full/lead_activities_raw_20260707_201038_part_00036.json,48831643,cfe71bfe2d475715cbe3a0ebeecab764,"Tue, 7 Jul 2026 20:10:40 GMT"
s3://sales-analytics-raw-aqib-test/lead_activities_raw/load_type=full/lead_activities_raw_20260707_201040_part_00037.json,43169811,1b1fc4773de36c10aeff427cecf1fac0,"Tue, 7 Jul 2026 20:10:42 GMT"
s3://sales-analytics-raw-aqib-test/lead_activities_raw/load_type=full/lead_activities_raw_20260707_201042_part_00038.json,46078208,7242243953e49ff3feb52b4ddec9db9d,"Tue, 7 Jul 2026 20:10:44 GMT"
s3://sales-analytics-raw-aqib-test/lead_activities_raw/load_type=full/lead_activities_raw_20260707_201044_part_00039.json,45215142,4c0c5a67cd601b01c97f9659a7185570,"Tue, 7 Jul 2026 20:10:45 GMT"
s3://sales-analytics-raw-aqib-test/lead_activities_raw/load_type=full/lead_activities_raw_20260707_201045_part_00040.json,48125605,b6fbc47bce4ea62e79059bd5125ba91a,"Tue, 7 Jul 2026 20:10:47 GMT"
s3://sales-analytics-raw-aqib-test/lead_activities_raw/load_type=full/lead_activities_raw_20260707_201047_part_00041.json,51608724,3c8114052d9ab6d66fc4acf58aa04085,"Tue, 7 Jul 2026 20:10:49 GMT"
s3://sales-analytics-raw-aqib-test/lead_activities_raw/load_type=full/lead_activities_raw_20260707_201049_part_00042.json,50685607,d9512dfc443fd0b1489fe8cc7e0d930a,"Tue, 7 Jul 2026 20:10:51 GMT"
s3://sales-analytics-raw-aqib-test/lead_activities_raw/load_type=full/lead_activities_raw_20260707_201051_part_00043.json,50353254,a6d916010c5712462aaa9b87af136ed7,"Tue, 7 Jul 2026 20:10:53 GMT"
s3://sales-analytics-raw-aqib-test/lead_activities_raw/load_type=full/lead_activities_raw_20260707_201053_part_00044.json,49566962,a47bb59771f30e28824ee638ee53c24d,"Tue, 7 Jul 2026 20:10:55 GMT"
s3://sales-analytics-raw-aqib-test/lead_activities_raw/load_type=full/lead_activities_raw_20260707_201055_part_00045.json,54004383,cb429489946e8dcce9714725ec62077b,"Tue, 7 Jul 2026 20:10:57 GMT"
s3://sales-analytics-raw-aqib-test/lead_activities_raw/load_type=full/lead_activities_raw_20260707_201057_part_00046.json,51208712,9526ffb5b17939ea7cd76fdd623c2102,"Tue, 7 Jul 2026 20:10:59 GMT"
s3://sales-analytics-raw-aqib-test/lead_activities_raw/load_type=full/lead_activities_raw_20260707_201059_part_00047.json,46866988,9815852871512851fef842f1ab42eb55,"Tue, 7 Jul 2026 20:11:01 GMT"
s3://sales-analytics-raw-aqib-test/lead_activities_raw/load_type=full/lead_activities_raw_20260707_201101_part_00048.json,51752223,e120cf703d7724d168c856ff884e381c,"Tue, 7 Jul 2026 20:11:03 GMT"
s3://sales-analytics-raw-aqib-test/lead_activities_raw/load_type=full/lead_activities_raw_20260707_201103_part_00049.json,49594045,7522894b0e8578cae8e9c901e86e21af,"Tue, 7 Jul 2026 20:11:05 GMT"
s3://sales-analytics-raw-aqib-test/lead_activities_raw/load_type=full/lead_activities_raw_20260707_201105_part_00050.json,48423201,0eedf96c7b8ee9bcbf51650d859903b8,"Tue, 7 Jul 2026 20:11:07 GMT"
s3://sales-analytics-raw-aqib-test/lead_activities_raw/load_type=full/lead_activities_raw_20260707_201107_part_00051.json,49956083,bdb9c12aa4661acc497217b6ee671a2a,"Tue, 7 Jul 2026 20:11:09 GMT"
s3://sales-analytics-raw-aqib-test/lead_activities_raw/load_type=full/lead_activities_raw_20260707_201109_part_00052.json,48496982,5e34856271252740c41e6bff1b8aceba,"Tue, 7 Jul 2026 20:11:10 GMT"
s3://sales-analytics-raw-aqib-test/lead_activities_raw/load_type=full/lead_activities_raw_20260707_201111_part_00053.json,48619957,c6a33ab06f8b4c233d74b0544adb3aa5,"Tue, 7 Jul 2026 20:11:12 GMT"
s3://sales-analytics-raw-aqib-test/lead_activities_raw/load_type=full/lead_activities_raw_20260707_201112_part_00054.json,47424434,137ef154028c3918ff24f9fea331aa6f,"Tue, 7 Jul 2026 20:11:14 GMT"
s3://sales-analytics-raw-aqib-test/lead_activities_raw/load_type=full/lead_activities_raw_20260707_201114_part_00055.json,49586728,85c0baeb3831e81c1186903fb4dd3a4d,"Tue, 7 Jul 2026 20:11:16 GMT"
s3://sales-analytics-raw-aqib-test/lead_activities_raw/load_type=full/lead_activities_raw_20260707_201116_part_00056.json,47371944,29039f9a5e405c03f41e040ebc1725fd,"Tue, 7 Jul 2026 20:11:18 GMT"
s3://sales-analytics-raw-aqib-test/lead_activities_raw/load_type=full/lead_activities_raw_20260707_201118_part_00057.json,50991568,8478688c5e4da2db85e4750bbcf88b9a,"Tue, 7 Jul 2026 20:11:20 GMT"
s3://sales-analytics-raw-aqib-test/lead_activities_raw/load_type=full/lead_activities_raw_20260707_201120_part_00058.json,48284669,03e22e9adf9e46b6abf76bbd38976794,"Tue, 7 Jul 2026 20:11:22 GMT"
s3://sales-analytics-raw-aqib-test/lead_activities_raw/load_type=full/lead_activities_raw_20260707_201122_part_00059.json,47556771,bc037bd9ac7d924bb3ca2902691b99d8,"Tue, 7 Jul 2026 20:11:23 GMT"
s3://sales-analytics-raw-aqib-test/lead_activities_raw/load_type=full/lead_activities_raw_20260707_201124_part_00060.json,54127563,b2801e272a72afbd7315c481d0e8cb7f,"Tue, 7 Jul 2026 20:11:26 GMT"
s3://sales-analytics-raw-aqib-test/lead_activities_raw/load_type=full/lead_activities_raw_20260707_201126_part_00061.json,52620115,8131fbc7ee3f6ce147a46a164af00b01,"Tue, 7 Jul 2026 20:11:27 GMT"
s3://sales-analytics-raw-aqib-test/lead_activities_raw/load_type=full/lead_activities_raw_20260707_201128_part_00062.json,57504614,2014fd646cc9af55e9f577f313359a9b,"Tue, 7 Jul 2026 20:11:30 GMT"
s3://sales-analytics-raw-aqib-test/lead_activities_raw/load_type=full/lead_activities_raw_20260707_201130_part_00063.json,56237260,636414f5498a57b20be9aa43fb4f109f,"Tue, 7 Jul 2026 20:11:32 GMT"
s3://sales-analytics-raw-aqib-test/lead_activities_raw/load_type=full/lead_activities_raw_20260707_201132_part_00064.json,51808514,e070bb87fd42c3651ea0f7ffb29cddea,"Tue, 7 Jul 2026 20:11:34 GMT"
s3://sales-analytics-raw-aqib-test/lead_activities_raw/load_type=full/lead_activities_raw_20260707_201134_part_00065.json,53381021,d5a3cbf8d52275443a9f749ac824241b,"Tue, 7 Jul 2026 20:11:36 GMT"
s3://sales-analytics-raw-aqib-test/lead_activities_raw/load_type=full/lead_activities_raw_20260707_201137_part_00066.json,56014090,38b1762cb0198a34b27e21111334a968,"Tue, 7 Jul 2026 20:11:38 GMT"
s3://sales-analytics-raw-aqib-test/lead_activities_raw/load_type=full/lead_activities_raw_20260707_201139_part_00067.json,54347729,17541d972433c213a68e563d306a75e0,"Tue, 7 Jul 2026 20:11:40 GMT"
s3://sales-analytics-raw-aqib-test/lead_activities_raw/load_type=full/lead_activities_raw_20260707_201141_part_00068.json,55901488,9fc6bdd26f8282a5af28f7a8890e4cdd,"Tue, 7 Jul 2026 20:11:43 GMT"
s3://sales-analytics-raw-aqib-test/lead_activities_raw/load_type=full/lead_activities_raw_20260707_201143_part_00069.json,48629078,7fd3b5806dd4b5f652ec7774220ea79d,"Tue, 7 Jul 2026 20:11:44 GMT"
s3://sales-analytics-raw-aqib-test/lead_activities_raw/load_type=full/lead_activities_raw_20260707_201145_part_00070.json,47456864,a46499b32ce29cb4a35f1ea9656a385a,"Tue, 7 Jul 2026 20:11:46 GMT"
s3://sales-analytics-raw-aqib-test/lead_activities_raw/load_type=full/lead_activities_raw_20260707_201146_part_00071.json,49250494,87b4f4c3beb6297ac25e9527ebab4cab,"Tue, 7 Jul 2026 20:11:48 GMT"
s3://sales-analytics-raw-aqib-test/lead_activities_raw/load_type=full/lead_activities_raw_20260707_201148_part_00072.json,51332837,50a1340cc534da9da6825aab88fc484f,"Tue, 7 Jul 2026 20:11:50 GMT"
s3://sales-analytics-raw-aqib-test/lead_activities_raw/load_type=full/lead_activities_raw_20260707_201150_part_00073.json,45869981,b058790f5108fb818be84707a82bc5de,"Tue, 7 Jul 2026 20:11:52 GMT"
s3://sales-analytics-raw-aqib-test/lead_activities_raw/load_type=full/lead_activities_raw_20260707_201152_part_00074.json,50258400,d7c71aa58e587ba1272a7478955d8679,"Tue, 7 Jul 2026 20:11:54 GMT"
s3://sales-analytics-raw-aqib-test/lead_activities_raw/load_type=full/lead_activities_raw_20260707_201154_part_00075.json,50732093,ce7f36a9ef096d31468fb5fea508156c,"Tue, 7 Jul 2026 20:11:56 GMT"
s3://sales-analytics-raw-aqib-test/lead_activities_raw/load_type=full/lead_activities_raw_20260707_201156_part_00076.json,51950563,8b8cfc3f8f64714279ca1c9511bec520,"Tue, 7 Jul 2026 20:11:58 GMT"
s3://sales-analytics-raw-aqib-test/lead_activities_raw/load_type=full/lead_activities_raw_20260707_201158_part_00077.json,50698300,2dc4c954324eeb9e438aa21a38750bcf,"Tue, 7 Jul 2026 20:12:00 GMT"
s3://sales-analytics-raw-aqib-test/lead_activities_raw/load_type=full/lead_activities_raw_20260707_201200_part_00078.json,48351409,ab3493a781439950ce778b824bb3854d,"Tue, 7 Jul 2026 20:12:01 GMT"
s3://sales-analytics-raw-aqib-test/lead_activities_raw/load_type=full/lead_activities_raw_20260707_201202_part_00079.json,50987248,accd4fb7da047a86274a642fde609838,"Tue, 7 Jul 2026 20:12:03 GMT"
s3://sales-analytics-raw-aqib-test/lead_activities_raw/load_type=full/lead_activities_raw_20260707_201204_part_00080.json,52068745,761f539194fbac1d78258c94ab985dc5,"Tue, 7 Jul 2026 20:12:05 GMT"
s3://sales-analytics-raw-aqib-test/lead_activities_raw/load_type=full/lead_activities_raw_20260707_201206_part_00081.json,51696188,989468fbc4e973abb42e7957c4ad7404,"Tue, 7 Jul 2026 20:12:07 GMT"
s3://sales-analytics-raw-aqib-test/lead_activities_raw/load_type=full/lead_activities_raw_20260707_201208_part_00082.json,49702268,4b0ae9addf32cd96b907eaf373f7a9a9,"Tue, 7 Jul 2026 20:12:09 GMT"
s3://sales-analytics-raw-aqib-test/lead_activities_raw/load_type=full/lead_activities_raw_20260707_201210_part_00083.json,53897920,29f7a5753a86dd4bc8398bd38ae2b87b,"Tue, 7 Jul 2026 20:12:11 GMT"
s3://sales-analytics-raw-aqib-test/lead_activities_raw/load_type=full/lead_activities_raw_20260707_201212_part_00084.json,51725236,62ee84ae6959595ad3b5773182aad94b,"Tue, 7 Jul 2026 20:12:13 GMT"
s3://sales-analytics-raw-aqib-test/lead_activities_raw/load_type=full/lead_activities_raw_20260707_201214_part_00085.json,53110870,da9511b7ebc6e3c092adf88902ff7d6b,"Tue, 7 Jul 2026 20:12:16 GMT"
s3://sales-analytics-raw-aqib-test/lead_activities_raw/load_type=full/lead_activities_raw_20260707_201216_part_00086.json,52974430,60e7c2e9b8d8eccdd8ea5f6be7d94541,"Tue, 7 Jul 2026 20:12:18 GMT"
s3://sales-analytics-raw-aqib-test/lead_activities_raw/load_type=full/lead_activities_raw_20260707_201218_part_00087.json,54304967,a3903d01caa47598cfb8a3224b273cb7,"Tue, 7 Jul 2026 20:12:20 GMT"
s3://sales-analytics-raw-aqib-test/lead_activities_raw/load_type=full/lead_activities_raw_20260707_201220_part_00088.json,52785738,f8d496a96a47416b343cb0ce299f6758,"Tue, 7 Jul 2026 20:12:22 GMT"
s3://sales-analytics-raw-aqib-test/lead_activities_raw/load_type=full/lead_activities_raw_20260707_201222_part_00089.json,52177798,a9f6319269a2d5cefe1d73b7a7041269,"Tue, 7 Jul 2026 20:12:24 GMT"
s3://sales-analytics-raw-aqib-test/lead_activities_raw/load_type=full/lead_activities_raw_20260707_201224_part_00090.json,56660936,7be55bb5b9e6b89d2eee3627e0b37b24,"Tue, 7 Jul 2026 20:12:26 GMT"
s3://sales-analytics-raw-aqib-test/lead_activities_raw/load_type=full/lead_activities_raw_20260707_201226_part_00091.json,53591530,7c1d6244e96151d5e130bf04dd2af3f6,"Tue, 7 Jul 2026 20:12:28 GMT"
s3://sales-analytics-raw-aqib-test/lead_activities_raw/load_type=full/lead_activities_raw_20260707_201228_part_00092.json,55300466,ce91c09ed3d7bd8b34a6d830fafd39bc,"Tue, 7 Jul 2026 20:12:30 GMT"
s3://sales-analytics-raw-aqib-test/lead_activities_raw/load_type=full/lead_activities_raw_20260707_201231_part_00093.json,56023828,931a1c8c5c5dd667037a20eb2e091265,"Tue, 7 Jul 2026 20:12:32 GMT"
s3://sales-analytics-raw-aqib-test/lead_activities_raw/load_type=full/lead_activities_raw_20260707_201233_part_00094.json,52656552,cfc8154de72cd8d8a93365245e095c32,"Tue, 7 Jul 2026 20:12:34 GMT"
s3://sales-analytics-raw-aqib-test/lead_activities_raw/load_type=full/lead_activities_raw_20260707_201235_part_00095.json,58441168,0ca11a46e7a1d1e045ea73d6e230bf67,"Tue, 7 Jul 2026 20:12:36 GMT"
s3://sales-analytics-raw-aqib-test/lead_activities_raw/load_type=full/lead_activities_raw_20260707_201237_part_00096.json,51070968,5e665143165fb10c6334d95921391157,"Tue, 7 Jul 2026 20:12:39 GMT"
s3://sales-analytics-raw-aqib-test/lead_activities_raw/load_type=full/lead_activities_raw_20260707_201239_part_00097.json,56788138,65c03e9faace7bcf58ff587beac68ccd,"Tue, 7 Jul 2026 20:12:41 GMT"
s3://sales-analytics-raw-aqib-test/lead_activities_raw/load_type=full/lead_activities_raw_20260707_201241_part_00098.json,58748518,bc30d1b5838bd7a6275ba9ec0dd091e9,"Tue, 7 Jul 2026 20:12:43 GMT"
s3://sales-analytics-raw-aqib-test/lead_activities_raw/load_type=full/lead_activities_raw_20260707_201243_part_00099.json,54574376,a3a0d71a31a0db34c42dee0c6f28ee07,"Tue, 7 Jul 2026 20:12:45 GMT"
s3://sales-analytics-raw-aqib-test/lead_activities_raw/load_type=full/lead_activities_raw_20260707_201245_part_00100.json,55298581,8a934a43528831719497dc5fbacb1f65,"Tue, 7 Jul 2026 20:12:47 GMT"
s3://sales-analytics-raw-aqib-test/lead_activities_raw/load_type=full/lead_activities_raw_20260707_201248_part_00101.json,54729907,d25b3aa6f8084a1dae8c9c48f23db2fd,"Tue, 7 Jul 2026 20:12:49 GMT"
s3://sales-analytics-raw-aqib-test/lead_activities_raw/load_type=full/lead_activities_raw_20260707_201250_part_00102.json,55806416,e6c91251e278a7634a0165f7ca1c0f62,"Tue, 7 Jul 2026 20:12:52 GMT"
s3://sales-analytics-raw-aqib-test/lead_activities_raw/load_type=full/lead_activities_raw_20260707_201252_part_00103.json,54582292,81506fd50caf44a5a4ee5d629d99a5db,"Tue, 7 Jul 2026 20:12:54 GMT"
s3://sales-analytics-raw-aqib-test/lead_activities_raw/load_type=full/lead_activities_raw_20260707_201254_part_00104.json,61373393,46f6f27eb8be2a203fd1485f5b03f9e5,"Tue, 7 Jul 2026 20:12:56 GMT"
s3://sales-analytics-raw-aqib-test/lead_activities_raw/load_type=full/lead_activities_raw_20260707_201256_part_00105.json,57563299,973fc3e0a7a4e17e827321fcd3e9c49d,"Tue, 7 Jul 2026 20:12:58 GMT"
s3://sales-analytics-raw-aqib-test/lead_activities_raw/load_type=full/lead_activities_raw_20260707_201259_part_00106.json,63014230,911462e7833d4a819f232a1e1ec75343,"Tue, 7 Jul 2026 20:13:01 GMT"
s3://sales-analytics-raw-aqib-test/lead_activities_raw/load_type=full/lead_activities_raw_20260707_201301_part_00107.json,60574721,937b4386661440889cffc99ac787eb42,"Tue, 7 Jul 2026 20:13:03 GMT"
s3://sales-analytics-raw-aqib-test/lead_activities_raw/load_type=full/lead_activities_raw_20260707_201304_part_00108.json,57784617,38021f6fd99730ce4903718eba995751,"Tue, 7 Jul 2026 20:13:05 GMT"
s3://sales-analytics-raw-aqib-test/lead_activities_raw/load_type=full/lead_activities_raw_20260707_201306_part_00109.json,60922676,e5edc732e78d68f634fe10318a6611ed,"Tue, 7 Jul 2026 20:13:08 GMT"
s3://sales-analytics-raw-aqib-test/lead_activities_raw/load_type=full/lead_activities_raw_20260707_201308_part_00110.json,57632733,9b3e6b0958178b73af6d1bd676345a6d,"Tue, 7 Jul 2026 20:13:10 GMT"
s3://sales-analytics-raw-aqib-test/lead_activities_raw/load_type=full/lead_activities_raw_20260707_201311_part_00111.json,61034941,817e7d1eba4cff83cd8c144e612150f9,"Tue, 7 Jul 2026 20:13:12 GMT"
s3://sales-analytics-raw-aqib-test/lead_activities_raw/load_type=full/lead_activities_raw_20260707_201313_part_00112.json,65470353,e558798c008851ec6f7959d6ca386e58,"Tue, 7 Jul 2026 20:13:15 GMT"
s3://sales-analytics-raw-aqib-test/lead_activities_raw/load_type=full/lead_activities_raw_20260707_201315_part_00113.json,55484439,85408cf6a8045e5c3f2a1ae32eddef5e,"Tue, 7 Jul 2026 20:13:17 GMT"
s3://sales-analytics-raw-aqib-test/lead_activities_raw/load_type=full/lead_activities_raw_20260707_201318_part_00114.json,54426370,10c5283a4890b58998c60a468af94c3c,"Tue, 7 Jul 2026 20:13:19 GMT"
s3://sales-analytics-raw-aqib-test/lead_activities_raw/load_type=full/lead_activities_raw_20260707_201320_part_00115.json,57288569,5c608ffd295d39108cd572525869461c,"Tue, 7 Jul 2026 20:13:21 GMT"
s3://sales-analytics-raw-aqib-test/lead_activities_raw/load_type=full/lead_activities_raw_20260707_201322_part_00116.json,53533594,ed03a043923251db952c8c6b2e266a9f,"Tue, 7 Jul 2026 20:13:24 GMT"
s3://sales-analytics-raw-aqib-test/lead_activities_raw/load_type=full/lead_activities_raw_20260707_201324_part_00117.json,54842201,9e027921510b14f1edf2317e1d35be5f,"Tue, 7 Jul 2026 20:13:26 GMT"
s3://sales-analytics-raw-aqib-test/lead_activities_raw/load_type=full/lead_activities_raw_20260707_201326_part_00118.json,57534956,be909dfde2f44e799e9cb658b4fa287c,"Tue, 7 Jul 2026 20:13:28 GMT"
s3://sales-analytics-raw-aqib-test/lead_activities_raw/load_type=full/lead_activities_raw_20260707_201328_part_00119.json,55966527,b673c6f8451545ca63f6b69ae943d70d,"Tue, 7 Jul 2026 20:13:30 GMT"
s3://sales-analytics-raw-aqib-test/lead_activities_raw/load_type=full/lead_activities_raw_20260707_201331_part_00120.json,60489379,f1177802f5cc2710a41c684523bef711,"Tue, 7 Jul 2026 20:13:33 GMT"
s3://sales-analytics-raw-aqib-test/lead_activities_raw/load_type=full/lead_activities_raw_20260707_201333_part_00121.json,56839936,3dca0e5215527d5f0b6f184dcbbb5655,"Tue, 7 Jul 2026 20:13:35 GMT"
s3://sales-analytics-raw-aqib-test/lead_activities_raw/load_type=full/lead_activities_raw_20260707_201335_part_00122.json,60219018,67f9a375c497bff31e8d448a748f7487,"Tue, 7 Jul 2026 20:13:37 GMT"
s3://sales-analytics-raw-aqib-test/lead_activities_raw/load_type=full/lead_activities_raw_20260707_201338_part_00123.json,60299677,aeefc8d8d176da7f3d51a6ac334c019b,"Tue, 7 Jul 2026 20:13:39 GMT"
s3://sales-analytics-raw-aqib-test/lead_activities_raw/load_type=full/lead_activities_raw_20260707_201340_part_00124.json,59944534,97c3847631757305641f92aa100fa2aa,"Tue, 7 Jul 2026 20:13:42 GMT"
s3://sales-analytics-raw-aqib-test/lead_activities_raw/load_type=full/lead_activities_raw_20260707_201342_part_00125.json,57873756,18e1a64fc8fd2ad727045f5b60d2e895,"Tue, 7 Jul 2026 20:13:44 GMT"
s3://sales-analytics-raw-aqib-test/lead_activities_raw/load_type=full/lead_activities_raw_20260707_201344_part_00126.json,58071356,993b7843582ff13acd4d24fc83137f37,"Tue, 7 Jul 2026 20:13:46 GMT"
s3://sales-analytics-raw-aqib-test/lead_activities_raw/load_type=full/lead_activities_raw_20260707_201347_part_00127.json,57522185,bb641a19b33ea75230b709c83ae248de,"Tue, 7 Jul 2026 20:13:48 GMT"
s3://sales-analytics-raw-aqib-test/lead_activities_raw/load_type=full/lead_activities_raw_20260707_201349_part_00128.json,56046485,19e206d2b1d3003fb6b4c3ba8d11441c,"Tue, 7 Jul 2026 20:13:50 GMT"
s3://sales-analytics-raw-aqib-test/lead_activities_raw/load_type=full/lead_activities_raw_20260707_201351_part_00129.json,61109293,c6b77256fe027a751d516100e00d385f,"Tue, 7 Jul 2026 20:13:53 GMT"
s3://sales-analytics-raw-aqib-test/lead_activities_raw/load_type=full/lead_activities_raw_20260707_201353_part_00130.json,60460724,497779e893680200e759795b754d39bb,"Tue, 7 Jul 2026 20:13:55 GMT"
s3://sales-analytics-raw-aqib-test/lead_activities_raw/load_type=full/lead_activities_raw_20260707_201356_part_00131.json,59128485,4bd8b28acc2f9bb540e4b8918c632427,"Tue, 7 Jul 2026 20:13:58 GMT"
s3://sales-analytics-raw-aqib-test/lead_activities_raw/load_type=full/lead_activities_raw_20260707_201358_part_00132.json,54955347,cd95a52753f4166645d1cc00c20b70f3,"Tue, 7 Jul 2026 20:14:00 GMT"
s3://sales-analytics-raw-aqib-test/lead_activities_raw/load_type=full/lead_activities_raw_20260707_201400_part_00133.json,57647832,6b4f8c24f7ee95807334b3266db93f7c,"Tue, 7 Jul 2026 20:14:02 GMT"
s3://sales-analytics-raw-aqib-test/lead_activities_raw/load_type=full/lead_activities_raw_20260707_201402_part_00134.json,55326635,56db5d733e180d873136c5241fa5f4e7,"Tue, 7 Jul 2026 20:14:04 GMT"
s3://sales-analytics-raw-aqib-test/lead_activities_raw/load_type=full/lead_activities_raw_20260707_201404_part_00135.json,53754159,cb40c0d585f8a9dfa14448b2f4077e68,"Tue, 7 Jul 2026 20:14:06 GMT"
s3://sales-analytics-raw-aqib-test/lead_activities_raw/load_type=full/lead_activities_raw_20260707_201407_part_00136.json,58309474,4dcffbc6124acbdd223f7272378eed16,"Tue, 7 Jul 2026 20:14:09 GMT"
s3://sales-analytics-raw-aqib-test/lead_activities_raw/load_type=full/lead_activities_raw_20260707_201409_part_00137.json,58940994,875c0f7c36ed46b10096fbc105ae51d9,"Tue, 7 Jul 2026 20:14:11 GMT"
s3://sales-analytics-raw-aqib-test/lead_activities_raw/load_type=full/lead_activities_raw_20260707_201411_part_00138.json,58162144,8d528be86ee5f20119f463b48ba5089c,"Tue, 7 Jul 2026 20:14:13 GMT"
s3://sales-analytics-raw-aqib-test/lead_activities_raw/load_type=full/lead_activities_raw_20260707_201413_part_00139.json,56885527,3695ab74b3cc9317fdf07998cea38e07,"Tue, 7 Jul 2026 20:14:15 GMT"
s3://sales-analytics-raw-aqib-test/lead_activities_raw/load_type=full/lead_activities_raw_20260707_201416_part_00140.json,66368691,0721fcc4c9c2a4b6a5f9eb55b84f54ec,"Tue, 7 Jul 2026 20:14:18 GMT"
s3://sales-analytics-raw-aqib-test/lead_activities_raw/load_type=full/lead_activities_raw_20260707_201418_part_00141.json,57954382,3fdb258281dccdb439d3411198363bbb,"Tue, 7 Jul 2026 20:14:20 GMT"
s3://sales-analytics-raw-aqib-test/lead_activities_raw/load_type=full/lead_activities_raw_20260707_201421_part_00142.json,52328778,63e9a6f59585630f82f6efbc02455505,"Tue, 7 Jul 2026 20:14:22 GMT"
s3://sales-analytics-raw-aqib-test/lead_activities_raw/load_type=full/lead_activities_raw_20260707_201423_part_00143.json,55554708,d47bc0dae25fe090a79a7b85116f9e06,"Tue, 7 Jul 2026 20:14:24 GMT"
s3://sales-analytics-raw-aqib-test/lead_activities_raw/load_type=full/lead_activities_raw_20260707_201425_part_00144.json,56281511,32ace8080598b8158acc4c8b6e78c660,"Tue, 7 Jul 2026 20:14:27 GMT"
s3://sales-analytics-raw-aqib-test/lead_activities_raw/load_type=full/lead_activities_raw_20260707_201427_part_00145.json,55409661,ef48831509419447e4a2a55b52c46fa4,"Tue, 7 Jul 2026 20:14:29 GMT"
s3://sales-analytics-raw-aqib-test/lead_activities_raw/load_type=full/lead_activities_raw_20260707_201429_part_00146.json,55075459,a588953745c22dce9f1550705eba791a,"Tue, 7 Jul 2026 20:14:31 GMT"
s3://sales-analytics-raw-aqib-test/lead_activities_raw/load_type=full/lead_activities_raw_20260707_201432_part_00147.json,56138724,33557b8571d920a9b164f5b6cbb18bf7,"Tue, 7 Jul 2026 20:14:33 GMT"
s3://sales-analytics-raw-aqib-test/lead_activities_raw/load_type=full/lead_activities_raw_20260707_201434_part_00148.json,57487328,b672920b49bf373144ef8185826b3109,"Tue, 7 Jul 2026 20:14:36 GMT"
s3://sales-analytics-raw-aqib-test/lead_activities_raw/load_type=full/lead_activities_raw_20260707_201436_part_00149.json,56752283,009f0b45ff70199a7c04d63acf2c5270,"Tue, 7 Jul 2026 20:14:38 GMT"
s3://sales-analytics-raw-aqib-test/lead_activities_raw/load_type=full/lead_activities_raw_20260707_201438_part_00150.json,52367132,628c35580dae6b971d44dc2ca546eb0e,"Tue, 7 Jul 2026 20:14:40 GMT"
s3://sales-analytics-raw-aqib-test/lead_activities_raw/load_type=full/lead_activities_raw_20260707_201440_part_00151.json,52876252,4f30cfdc374af7ae32c7b2362600c7b4,"Tue, 7 Jul 2026 20:14:42 GMT"
s3://sales-analytics-raw-aqib-test/lead_activities_raw/load_type=full/lead_activities_raw_20260707_201442_part_00152.json,50486440,6c673564d9f8968dff46be7a162f8d05,"Tue, 7 Jul 2026 20:14:44 GMT"
s3://sales-analytics-raw-aqib-test/lead_activities_raw/load_type=full/lead_activities_raw_20260707_201444_part_00153.json,53760451,297e9ec8688d7d09c5534617e385cfe8,"Tue, 7 Jul 2026 20:14:46 GMT"
s3://sales-analytics-raw-aqib-test/lead_activities_raw/load_type=full/lead_activities_raw_20260707_201446_part_00154.json,52502166,9bf802b245239886966ecc58e7077a40,"Tue, 7 Jul 2026 20:14:48 GMT"
s3://sales-analytics-raw-aqib-test/lead_activities_raw/load_type=full/lead_activities_raw_20260707_201448_part_00155.json,53759366,2c39c2a22dbd0ef8ea5d449ef9de8c27,"Tue, 7 Jul 2026 20:14:50 GMT"
s3://sales-analytics-raw-aqib-test/lead_activities_raw/load_type=full/lead_activities_raw_20260707_201451_part_00156.json,57715079,6ee4e142964bbe42b0aaa3a1b1aeb26f,"Tue, 7 Jul 2026 20:14:52 GMT"
s3://sales-analytics-raw-aqib-test/lead_activities_raw/load_type=full/lead_activities_raw_20260707_201453_part_00157.json,52422714,0a073ce22c61cdf273f44095ed3ff6b1,"Tue, 7 Jul 2026 20:14:54 GMT"
s3://sales-analytics-raw-aqib-test/lead_activities_raw/load_type=full/lead_activities_raw_20260707_201455_part_00158.json,52342543,671d1877bf2a39f1ab43050e058295c3,"Tue, 7 Jul 2026 20:14:56 GMT"
s3://sales-analytics-raw-aqib-test/lead_activities_raw/load_type=full/lead_activities_raw_20260707_201457_part_00159.json,54663058,a7a3d3711060fc86126525839278804b,"Tue, 7 Jul 2026 20:14:59 GMT"
s3://sales-analytics-raw-aqib-test/lead_activities_raw/load_type=full/lead_activities_raw_20260707_201459_part_00160.json,52062479,ec509515a5ae0117176bc5296786ef24,"Tue, 7 Jul 2026 20:15:01 GMT"
s3://sales-analytics-raw-aqib-test/lead_activities_raw/load_type=full/lead_activities_raw_20260707_201501_part_00161.json,54182804,2c25447b226e55b93b57fa5ceca3f767,"Tue, 7 Jul 2026 20:15:03 GMT"
s3://sales-analytics-raw-aqib-test/lead_activities_raw/load_type=full/lead_activities_raw_20260707_201503_part_00162.json,52860771,9ac471ef18caca55440b4d4f9bd30a64,"Tue, 7 Jul 2026 20:15:05 GMT"
s3://sales-analytics-raw-aqib-test/lead_activities_raw/load_type=full/lead_activities_raw_20260707_201505_part_00163.json,46285205,1d7fd9b13df47aca0e7ec90a44624433,"Tue, 7 Jul 2026 20:15:07 GMT"
s3://sales-analytics-raw-aqib-test/lead_activities_raw/load_type=full/lead_activities_raw_20260707_201507_part_00164.json,51643962,45896919ef8e49adc236972f4df614ec,"Tue, 7 Jul 2026 20:15:09 GMT"
s3://sales-analytics-raw-aqib-test/lead_activities_raw/load_type=full/lead_activities_raw_20260707_201509_part_00165.json,56541902,0b9dacff35ea05827babcea058e0cc0f,"Tue, 7 Jul 2026 20:15:11 GMT"
s3://sales-analytics-raw-aqib-test/lead_activities_raw/load_type=full/lead_activities_raw_20260707_201511_part_00166.json,51651428,1871e2d22aee6820d55ae3b999832b3f,"Tue, 7 Jul 2026 20:15:13 GMT"
s3://sales-analytics-raw-aqib-test/lead_activities_raw/load_type=full/lead_activities_raw_20260707_201513_part_00167.json,57409380,f98f0d81c972e3536beed342bd395ba6,"Tue, 7 Jul 2026 20:15:15 GMT"
s3://sales-analytics-raw-aqib-test/lead_activities_raw/load_type=full/lead_activities_raw_20260707_201516_part_00168.json,52372266,eb7d100430e86de697c89d92f3c3cdf0,"Tue, 7 Jul 2026 20:15:17 GMT"
s3://sales-analytics-raw-aqib-test/lead_activities_raw/load_type=full/lead_activities_raw_20260707_201518_part_00169.json,54447646,a71ffe4c04c154fff17282a3976717b7,"Tue, 7 Jul 2026 20:15:19 GMT"
s3://sales-analytics-raw-aqib-test/lead_activities_raw/load_type=full/lead_activities_raw_20260707_201520_part_00170.json,52656281,2913bd50b8aa7c288d55b5b4e7ea49a2,"Tue, 7 Jul 2026 20:15:22 GMT"
s3://sales-analytics-raw-aqib-test/lead_activities_raw/load_type=full/lead_activities_raw_20260707_201522_part_00171.json,41173522,1d9b418359d933919fddd966d7ea0628,"Tue, 7 Jul 2026 20:15:23 GMT"
s3://sales-analytics-raw-aqib-test/lead_activities_raw/load_type=full/lead_activities_raw_20260707_201523_part_00172.json,41488203,93abc7b63106163e2abe1206ff74698c,"Tue, 7 Jul 2026 20:15:25 GMT"
s3://sales-analytics-raw-aqib-test/lead_activities_raw/load_type=full/lead_activities_raw_20260707_201525_part_00173.json,41660980,9ebc5457dd613a8277fac751d36cd503,"Tue, 7 Jul 2026 20:15:26 GMT"
s3://sales-analytics-raw-aqib-test/lead_activities_raw/load_type=full/lead_activities_raw_20260707_201527_part_00174.json,41431602,0511893fca6f2dd0163aa92df74b3029,"Tue, 7 Jul 2026 20:15:28 GMT"
s3://sales-analytics-raw-aqib-test/lead_activities_raw/load_type=full/lead_activities_raw_20260707_201528_part_00175.json,39257449,9f607299f4dbb27add0ae7f51e88c0e5,"Tue, 7 Jul 2026 20:15:30 GMT"
s3://sales-analytics-raw-aqib-test/lead_activities_raw/load_type=full/lead_activities_raw_20260707_201530_part_00176.json,39704992,7ca388ebaba71320f36d074d33b4fe69,"Tue, 7 Jul 2026 20:15:31 GMT"
s3://sales-analytics-raw-aqib-test/lead_activities_raw/load_type=full/lead_activities_raw_20260707_201531_part_00177.json,42274273,9fed337877ec678f68812fd09a31525f,"Tue, 7 Jul 2026 20:15:33 GMT"
s3://sales-analytics-raw-aqib-test/lead_activities_raw/load_type=full/lead_activities_raw_20260707_201533_part_00178.json,45966985,20631f0e4cc42f15c4152578f1dffaa4,"Tue, 7 Jul 2026 20:15:34 GMT"
s3://sales-analytics-raw-aqib-test/lead_activities_raw/load_type=full/lead_activities_raw_20260707_201535_part_00179.json,44662887,da96c5e5d784be93a22c232af30f0b08,"Tue, 7 Jul 2026 20:15:36 GMT"
s3://sales-analytics-raw-aqib-test/lead_activities_raw/load_type=full/lead_activities_raw_20260707_201536_part_00180.json,43531476,8b6f54d97201611db925743062603bd8,"Tue, 7 Jul 2026 20:15:38 GMT"
s3://sales-analytics-raw-aqib-test/lead_activities_raw/load_type=full/lead_activities_raw_20260707_201538_part_00181.json,44742400,9aa02fddcccc716d2548c44deff69b84,"Tue, 7 Jul 2026 20:15:40 GMT"
s3://sales-analytics-raw-aqib-test/lead_activities_raw/load_type=full/lead_activities_raw_20260707_201540_part_00182.json,47037569,1791230df9981c5f1b4400752a4c55b3,"Tue, 7 Jul 2026 20:15:41 GMT"
s3://sales-analytics-raw-aqib-test/lead_activities_raw/load_type=full/lead_activities_raw_20260707_201541_part_00183.json,46622258,dadc0d3b85037c035fc6e72c6d1ce42d,"Tue, 7 Jul 2026 20:15:43 GMT"
s3://sales-analytics-raw-aqib-test/lead_activities_raw/load_type=full/lead_activities_raw_20260707_201543_part_00184.json,48040773,96bde50af42eb0f062711de19f506816,"Tue, 7 Jul 2026 20:15:45 GMT"
s3://sales-analytics-raw-aqib-test/lead_activities_raw/load_type=full/lead_activities_raw_20260707_201545_part_00185.json,46620269,39e359f763d41352a15fa3f59a44eb32,"Tue, 7 Jul 2026 20:15:47 GMT"
s3://sales-analytics-raw-aqib-test/lead_activities_raw/load_type=full/lead_activities_raw_20260707_201547_part_00186.json,53199024,4e8fb99ee03ca87bb3f2fbce4d584056,"Tue, 7 Jul 2026 20:15:49 GMT"
s3://sales-analytics-raw-aqib-test/lead_activities_raw/load_type=full/lead_activities_raw_20260707_201549_part_00187.json,45186928,912b4083493d26541fb8e96630decacb,"Tue, 7 Jul 2026 20:15:51 GMT"
s3://sales-analytics-raw-aqib-test/lead_activities_raw/load_type=full/lead_activities_raw_20260707_201551_part_00188.json,47095399,31518ba1b5b8833b20d9f3dd6df63530,"Tue, 7 Jul 2026 20:15:53 GMT"
s3://sales-analytics-raw-aqib-test/lead_activities_raw/load_type=full/lead_activities_raw_20260707_201553_part_00189.json,42366887,e313caeb9fe28b01d4110b21c495ba2c,"Tue, 7 Jul 2026 20:15:54 GMT"
s3://sales-analytics-raw-aqib-test/lead_activities_raw/load_type=full/lead_activities_raw_20260707_201554_part_00190.json,42648012,eb18f50c4cef8caa7deaf503111f334c,"Tue, 7 Jul 2026 20:15:56 GMT"
s3://sales-analytics-raw-aqib-test/lead_activities_raw/load_type=full/lead_activities_raw_20260707_201556_part_00191.json,43231106,ea2e6a1193e365165a4fc9129a73a22b,"Tue, 7 Jul 2026 20:15:57 GMT"
s3://sales-analytics-raw-aqib-test/lead_activities_raw/load_type=full/lead_activities_raw_20260707_201558_part_00192.json,44650395,cf945da3501242db2280d8f532619e3a,"Tue, 7 Jul 2026 20:15:59 GMT"
s3://sales-analytics-raw-aqib-test/lead_activities_raw/load_type=full/lead_activities_raw_20260707_201559_part_00193.json,40438756,89908fed6c6f69d5c6a646e97308a35f,"Tue, 7 Jul 2026 20:16:01 GMT"
s3://sales-analytics-raw-aqib-test/lead_activities_raw/load_type=full/lead_activities_raw_20260707_201601_part_00194.json,44739307,f09956ca3f272676f5602dda402c2689,"Tue, 7 Jul 2026 20:16:02 GMT"
s3://sales-analytics-raw-aqib-test/lead_activities_raw/load_type=full/lead_activities_raw_20260707_201603_part_00195.json,47044934,4de3b32db8f95fdd932ae1525890c38e,"Tue, 7 Jul 2026 20:16:04 GMT"
s3://sales-analytics-raw-aqib-test/lead_activities_raw/load_type=full/lead_activities_raw_20260707_201604_part_00196.json,44232404,1f71800f845a3b8e9600e2ff460a84d0,"Tue, 7 Jul 2026 20:16:06 GMT"
s3://sales-analytics-raw-aqib-test/lead_activities_raw/load_type=full/lead_activities_raw_20260707_201606_part_00197.json,43545169,b12fcd37e8242ca8ad863bbe4cee24ee,"Tue, 7 Jul 2026 20:16:08 GMT"
s3://sales-analytics-raw-aqib-test/lead_activities_raw/load_type=full/lead_activities_raw_20260707_201608_part_00198.json,41275392,69ba79aaa84114b1c6c2bf37d2312341,"Tue, 7 Jul 2026 20:16:09 GMT"
s3://sales-analytics-raw-aqib-test/lead_activities_raw/load_type=full/lead_activities_raw_20260707_201609_part_00199.json,40209359,3640cf510e4c8ac68ade298d874e3590,"Tue, 7 Jul 2026 20:16:11 GMT"
s3://sales-analytics-raw-aqib-test/lead_activities_raw/load_type=full/lead_activities_raw_20260707_201611_part_00200.json,44977829,f176e5a22e507babfc7508487a9f4ff8,"Tue, 7 Jul 2026 20:16:13 GMT"
s3://sales-analytics-raw-aqib-test/lead_activities_raw/load_type=full/lead_activities_raw_20260707_201613_part_00201.json,40553571,ba42bd54b3585fac9489794599d57870,"Tue, 7 Jul 2026 20:16:14 GMT"
s3://sales-analytics-raw-aqib-test/lead_activities_raw/load_type=full/lead_activities_raw_20260707_201614_part_00202.json,40983529,176189a686cd715146b614714d37aa10,"Tue, 7 Jul 2026 20:16:16 GMT"
s3://sales-analytics-raw-aqib-test/lead_activities_raw/load_type=full/lead_activities_raw_20260707_201616_part_00203.json,40938967,06af1ae873e7227807809d534547cfea,"Tue, 7 Jul 2026 20:16:18 GMT"
s3://sales-analytics-raw-aqib-test/lead_activities_raw/load_type=full/lead_activities_raw_20260707_201618_part_00204.json,40352260,5c70c03799b5d6c36842226e98c0ecda,"Tue, 7 Jul 2026 20:16:19 GMT"
s3://sales-analytics-raw-aqib-test/lead_activities_raw/load_type=full/lead_activities_raw_20260707_201619_part_00205.json,41284553,0559efa8cd65cd370777b921aa5e4f5c,"Tue, 7 Jul 2026 20:16:21 GMT"
s3://sales-analytics-raw-aqib-test/lead_activities_raw/load_type=full/lead_activities_raw_20260707_201621_part_00206.json,40002882,133c6ffee35860084feb4320de5c30b4,"Tue, 7 Jul 2026 20:16:22 GMT"
s3://sales-analytics-raw-aqib-test/lead_activities_raw/load_type=full/lead_activities_raw_20260707_201622_part_00207.json,40595252,cdd3b152bdc0bf5eb2ede92e9c9ba622,"Tue, 7 Jul 2026 20:16:24 GMT"
s3://sales-analytics-raw-aqib-test/lead_activities_raw/load_type=full/lead_activities_raw_20260707_201624_part_00208.json,40916721,12225a2b5dc76830d7c33430c73cacf3,"Tue, 7 Jul 2026 20:16:26 GMT"
s3://sales-analytics-raw-aqib-test/lead_activities_raw/load_type=full/lead_activities_raw_20260707_201626_part_00209.json,42199240,84625c6b21e02b7f4486d9487eae6246,"Tue, 7 Jul 2026 20:16:27 GMT"
s3://sales-analytics-raw-aqib-test/lead_activities_raw/load_type=full/lead_activities_raw_20260707_201627_part_00210.json,41523693,f1e27fea44c7aabf2709ab863d7b5e71,"Tue, 7 Jul 2026 20:16:29 GMT"
s3://sales-analytics-raw-aqib-test/lead_activities_raw/load_type=full/lead_activities_raw_20260707_201629_part_00211.json,48411458,ad38c222b3011b4cde29cf090b767f57,"Tue, 7 Jul 2026 20:16:30 GMT"
s3://sales-analytics-raw-aqib-test/lead_activities_raw/load_type=full/lead_activities_raw_20260707_201631_part_00212.json,47222211,6427eb24613a98386dd4e1557a0c81f7,"Tue, 7 Jul 2026 20:16:32 GMT"
s3://sales-analytics-raw-aqib-test/lead_activities_raw/load_type=full/lead_activities_raw_20260707_201633_part_00213.json,43841872,335437d069611ead7354751903550f6e,"Tue, 7 Jul 2026 20:16:34 GMT"
s3://sales-analytics-raw-aqib-test/lead_activities_raw/load_type=full/lead_activities_raw_20260707_201634_part_00214.json,44807185,3c010b222f3767dffa0a92b0cc1979ce,"Tue, 7 Jul 2026 20:16:36 GMT"
s3://sales-analytics-raw-aqib-test/lead_activities_raw/load_type=full/lead_activities_raw_20260707_201636_part_00215.json,45412029,f7f0438d7d20732659037fae77ca7db8,"Tue, 7 Jul 2026 20:16:38 GMT"
s3://sales-analytics-raw-aqib-test/lead_activities_raw/load_type=full/lead_activities_raw_20260707_201638_part_00216.json,50562902,f2cccb7cea7a14af7d8747e8c58a302d,"Tue, 7 Jul 2026 20:16:40 GMT"
s3://sales-analytics-raw-aqib-test/lead_activities_raw/load_type=full/lead_activities_raw_20260707_201640_part_00217.json,45672200,86021402ecba94f8b5b025779c081fdd,"Tue, 7 Jul 2026 20:16:41 GMT"
s3://sales-analytics-raw-aqib-test/lead_activities_raw/load_type=full/lead_activities_raw_20260707_201642_part_00218.json,44179132,5dbabe6df5189289bf41aeac8b253070,"Tue, 7 Jul 2026 20:16:43 GMT"
s3://sales-analytics-raw-aqib-test/lead_activities_raw/load_type=full/lead_activities_raw_20260707_201643_part_00219.json,52178341,082e375b6150378ce7d9f57f18474172,"Tue, 7 Jul 2026 20:16:45 GMT"
s3://sales-analytics-raw-aqib-test/lead_activities_raw/load_type=full/lead_activities_raw_20260707_201645_part_00220.json,53669285,b724a3d23dde83b7f6d2c161a3b48f77,"Tue, 7 Jul 2026 20:16:47 GMT"
s3://sales-analytics-raw-aqib-test/lead_activities_raw/load_type=full/lead_activities_raw_20260707_201648_part_00221.json,56260321,99c2c75f8b7d8f5c544f8f4934198d83,"Tue, 7 Jul 2026 20:16:49 GMT"
s3://sales-analytics-raw-aqib-test/lead_activities_raw/load_type=full/lead_activities_raw_20260707_201650_part_00222.json,39277142,2b5f965ca2f6d7773ba3dea87e8e4380,"Tue, 7 Jul 2026 20:16:51 GMT"
s3://sales-analytics-raw-aqib-test/lead_activities_raw/load_type=full/lead_activities_raw_20260707_202836_part_00001.json,55981188,d655028152aeb0fde61c0d707d45f28c,"Tue, 7 Jul 2026 20:28:37 GMT"
s3://sales-analytics-raw-aqib-test/lead_activities_raw/load_type=full/lead_activities_raw_20260707_202838_part_00002.json,57519162,5deffeb0c33fd89706c495428dbe79a0,"Tue, 7 Jul 2026 20:28:39 GMT"
s3://sales-analytics-raw-aqib-test/lead_activities_raw/load_type=full/lead_activities_raw_20260707_202840_part_00003.json,59947414,7b906aff03c15dca0efc6f565b9c3fff,"Tue, 7 Jul 2026 20:28:42 GMT"
s3://sales-analytics-raw-aqib-test/lead_activities_raw/load_type=full/lead_activities_raw_20260707_202842_part_00004.json,54816393,f0719455ffb96a9c4cda6df0149cda28,"Tue, 7 Jul 2026 20:28:44 GMT"
s3://sales-analytics-raw-aqib-test/lead_activities_raw/load_type=full/lead_activities_raw_20260707_202844_part_00005.json,56442520,7752f264dcee37045a77299454609f4b,"Tue, 7 Jul 2026 20:28:46 GMT"
s3://sales-analytics-raw-aqib-test/lead_activities_raw/load_type=full/lead_activities_raw_20260707_202847_part_00006.json,51726778,72c8dbbf62b90dc8e87afd376457a748,"Tue, 7 Jul 2026 20:28:48 GMT"
s3://sales-analytics-raw-aqib-test/lead_activities_raw/load_type=full/lead_activities_raw_20260707_202848_part_00007.json,51334820,6f689b0cb62aaaa743256e907e414b1f,"Tue, 7 Jul 2026 20:28:50 GMT"
s3://sales-analytics-raw-aqib-test/lead_activities_raw/load_type=full/lead_activities_raw_20260707_202850_part_00008.json,50518934,1e2d8c90d3d1204ac275c36d04529e9c,"Tue, 7 Jul 2026 20:28:52 GMT"
s3://sales-analytics-raw-aqib-test/lead_activities_raw/load_type=full/lead_activities_raw_20260707_202852_part_00009.json,47950900,75db0b88965d070056332c18b9b2f9b8,"Tue, 7 Jul 2026 20:28:54 GMT"
s3://sales-analytics-raw-aqib-test/lead_activities_raw/load_type=full/lead_activities_raw_20260707_202854_part_00010.json,44687704,01d364967d753be2f2197351637a69ef,"Tue, 7 Jul 2026 20:28:56 GMT"
s3://sales-analytics-raw-aqib-test/lead_activities_raw/load_type=full/lead_activities_raw_20260707_202856_part_00011.json,51327034,e691a83a230bf15fed6010d2dd4a99f4,"Tue, 7 Jul 2026 20:28:58 GMT"
s3://sales-analytics-raw-aqib-test/lead_activities_raw/load_type=full/lead_activities_raw_20260707_202858_part_00012.json,45138958,85e93df6aeeebe05c15721080c0c5e9d,"Tue, 7 Jul 2026 20:29:00 GMT"
s3://sales-analytics-raw-aqib-test/lead_activities_raw/load_type=full/lead_activities_raw_20260707_202900_part_00013.json,45841508,c97d0650fa7c73800b8fecc12502f0e2,"Tue, 7 Jul 2026 20:29:01 GMT"
s3://sales-analytics-raw-aqib-test/lead_activities_raw/load_type=full/lead_activities_raw_20260707_202902_part_00014.json,47510313,796d9114f22fa4ea5e16e35dd66318ae,"Tue, 7 Jul 2026 20:29:03 GMT"
s3://sales-analytics-raw-aqib-test/lead_activities_raw/load_type=full/lead_activities_raw_20260707_202903_part_00015.json,45184572,0eabc85fa2f29d099ffc430309afea71,"Tue, 7 Jul 2026 20:29:05 GMT"
s3://sales-analytics-raw-aqib-test/lead_activities_raw/load_type=full/lead_activities_raw_20260707_202905_part_00016.json,44394917,b92da0bb1f978e581034c43c9283a1c3,"Tue, 7 Jul 2026 20:29:07 GMT"
s3://sales-analytics-raw-aqib-test/lead_activities_raw/load_type=full/lead_activities_raw_20260707_202907_part_00017.json,45671315,3a1c02243d00e04137a34cbf0c817adb,"Tue, 7 Jul 2026 20:29:08 GMT"
s3://sales-analytics-raw-aqib-test/lead_activities_raw/load_type=full/lead_activities_raw_20260707_202909_part_00018.json,45533745,d91fe248282e59f173030d64925a394c,"Tue, 7 Jul 2026 20:29:10 GMT"
s3://sales-analytics-raw-aqib-test/lead_activities_raw/load_type=full/lead_activities_raw_20260707_202910_part_00019.json,42270478,ec99b85271cfb27939904433b3be381f,"Tue, 7 Jul 2026 20:29:12 GMT"
s3://sales-analytics-raw-aqib-test/lead_activities_raw/load_type=full/lead_activities_raw_20260707_202912_part_00020.json,46573715,1db103e5c4fb19cc38cae69e42c23022,"Tue, 7 Jul 2026 20:29:14 GMT"
s3://sales-analytics-raw-aqib-test/lead_activities_raw/load_type=full/lead_activities_raw_20260707_202914_part_00021.json,48700374,0ae88c8b1443d042e10aa8c4cafa1ac1,"Tue, 7 Jul 2026 20:29:15 GMT"
s3://sales-analytics-raw-aqib-test/lead_activities_raw/load_type=full/lead_activities_raw_20260707_202916_part_00022.json,46411333,c3090df3539cef56a58660e78dc1b236,"Tue, 7 Jul 2026 20:29:17 GMT"
s3://sales-analytics-raw-aqib-test/lead_activities_raw/load_type=full/lead_activities_raw_20260707_202918_part_00023.json,47824920,4a7298cf6d5452dd7b1ed4cb2f610293,"Tue, 7 Jul 2026 20:29:19 GMT"
s3://sales-analytics-raw-aqib-test/lead_activities_raw/load_type=full/lead_activities_raw_20260707_202919_part_00024.json,49377546,dcc73bb74eecb79fe51aa273dd81697a,"Tue, 7 Jul 2026 20:29:21 GMT"
s3://sales-analytics-raw-aqib-test/lead_activities_raw/load_type=full/lead_activities_raw_20260707_202921_part_00025.json,47340739,70a66d305959c00235612432494c3293,"Tue, 7 Jul 2026 20:29:23 GMT"
s3://sales-analytics-raw-aqib-test/lead_activities_raw/load_type=full/lead_activities_raw_20260707_202923_part_00026.json,49849056,3bd105168247fabad446d4b3cd42a27e,"Tue, 7 Jul 2026 20:29:25 GMT"
s3://sales-analytics-raw-aqib-test/lead_activities_raw/load_type=full/lead_activities_raw_20260707_202925_part_00027.json,50656099,f44f02e6cd6865929de40694c35cddb6,"Tue, 7 Jul 2026 20:29:27 GMT"
s3://sales-analytics-raw-aqib-test/lead_activities_raw/load_type=full/lead_activities_raw_20260707_202927_part_00028.json,47609882,62aff16446073d2f9fc88ba54eafb5bb,"Tue, 7 Jul 2026 20:29:29 GMT"
s3://sales-analytics-raw-aqib-test/lead_activities_raw/load_type=full/lead_activities_raw_20260707_202929_part_00029.json,47938616,829fc8e8b719c0d8a569cd0c0107e030,"Tue, 7 Jul 2026 20:29:30 GMT"
s3://sales-analytics-raw-aqib-test/lead_activities_raw/load_type=full/lead_activities_raw_20260707_202931_part_00030.json,46284004,674e1ee5dd3b07404249442e58abc45f,"Tue, 7 Jul 2026 20:29:32 GMT"
s3://sales-analytics-raw-aqib-test/lead_activities_raw/load_type=full/lead_activities_raw_20260707_202932_part_00031.json,40537111,f600fa7d71b1447bea596025c3f40d23,"Tue, 7 Jul 2026 20:29:34 GMT"
s3://sales-analytics-raw-aqib-test/lead_activities_raw/load_type=full/lead_activities_raw_20260707_202934_part_00032.json,46063421,aaa6ba6cd6cef32ab59900d28116b82c,"Tue, 7 Jul 2026 20:29:36 GMT"
s3://sales-analytics-raw-aqib-test/lead_activities_raw/load_type=full/lead_activities_raw_20260707_202936_part_00033.json,47655212,938b3a6f6f25717d43dfa229b0861abf,"Tue, 7 Jul 2026 20:29:37 GMT"
s3://sales-analytics-raw-aqib-test/lead_activities_raw/load_type=full/lead_activities_raw_20260707_202938_part_00034.json,49440654,a35f0d6383ffa2b43a90701e1d27fb61,"Tue, 7 Jul 2026 20:29:39 GMT"
s3://sales-analytics-raw-aqib-test/lead_activities_raw/load_type=full/lead_activities_raw_20260707_202940_part_00035.json,47491547,fbece1a6686bc19ae3a8066a01cfc220,"Tue, 7 Jul 2026 20:29:41 GMT"
s3://sales-analytics-raw-aqib-test/lead_activities_raw/load_type=full/lead_activities_raw_20260707_202941_part_00036.json,48831643,cfe71bfe2d475715cbe3a0ebeecab764,"Tue, 7 Jul 2026 20:29:43 GMT"
s3://sales-analytics-raw-aqib-test/lead_activities_raw/load_type=full/lead_activities_raw_20260707_202943_part_00037.json,43169811,1b1fc4773de36c10aeff427cecf1fac0,"Tue, 7 Jul 2026 20:29:45 GMT"
s3://sales-analytics-raw-aqib-test/lead_activities_raw/load_type=full/lead_activities_raw_20260707_202945_part_00038.json,46078208,7242243953e49ff3feb52b4ddec9db9d,"Tue, 7 Jul 2026 20:29:46 GMT"
s3://sales-analytics-raw-aqib-test/lead_activities_raw/load_type=full/lead_activities_raw_20260707_202947_part_00039.json,45215142,4c0c5a67cd601b01c97f9659a7185570,"Tue, 7 Jul 2026 20:29:48 GMT"
s3://sales-analytics-raw-aqib-test/lead_activities_raw/load_type=full/lead_activities_raw_20260707_202948_part_00040.json,48125605,b6fbc47bce4ea62e79059bd5125ba91a,"Tue, 7 Jul 2026 20:29:50 GMT"
s3://sales-analytics-raw-aqib-test/lead_activities_raw/load_type=full/lead_activities_raw_20260707_202950_part_00041.json,51608724,3c8114052d9ab6d66fc4acf58aa04085,"Tue, 7 Jul 2026 20:29:52 GMT"
s3://sales-analytics-raw-aqib-test/lead_activities_raw/load_type=full/lead_activities_raw_20260707_202952_part_00042.json,50685607,d9512dfc443fd0b1489fe8cc7e0d930a,"Tue, 7 Jul 2026 20:29:54 GMT"
s3://sales-analytics-raw-aqib-test/lead_activities_raw/load_type=full/lead_activities_raw_20260707_202954_part_00043.json,50353254,a6d916010c5712462aaa9b87af136ed7,"Tue, 7 Jul 2026 20:29:56 GMT"
s3://sales-analytics-raw-aqib-test/lead_activities_raw/load_type=full/lead_activities_raw_20260707_202956_part_00044.json,49566962,a47bb59771f30e28824ee638ee53c24d,"Tue, 7 Jul 2026 20:29:58 GMT"
s3://sales-analytics-raw-aqib-test/lead_activities_raw/load_type=full/lead_activities_raw_20260707_202958_part_00045.json,54004383,cb429489946e8dcce9714725ec62077b,"Tue, 7 Jul 2026 20:30:00 GMT"
s3://sales-analytics-raw-aqib-test/lead_activities_raw/load_type=full/lead_activities_raw_20260707_203000_part_00046.json,51208712,9526ffb5b17939ea7cd76fdd623c2102,"Tue, 7 Jul 2026 20:30:02 GMT"
s3://sales-analytics-raw-aqib-test/lead_activities_raw/load_type=full/lead_activities_raw_20260707_203002_part_00047.json,46866988,9815852871512851fef842f1ab42eb55,"Tue, 7 Jul 2026 20:30:04 GMT"
s3://sales-analytics-raw-aqib-test/lead_activities_raw/load_type=full/lead_activities_raw_20260707_203004_part_00048.json,51752223,e120cf703d7724d168c856ff884e381c,"Tue, 7 Jul 2026 20:30:06 GMT"
s3://sales-analytics-raw-aqib-test/lead_activities_raw/load_type=full/lead_activities_raw_20260707_203006_part_00049.json,49594045,7522894b0e8578cae8e9c901e86e21af,"Tue, 7 Jul 2026 20:30:08 GMT"
s3://sales-analytics-raw-aqib-test/lead_activities_raw/load_type=full/lead_activities_raw_20260707_203008_part_00050.json,48423201,0eedf96c7b8ee9bcbf51650d859903b8,"Tue, 7 Jul 2026 20:30:10 GMT"
s3://sales-analytics-raw-aqib-test/lead_activities_raw/load_type=full/lead_activities_raw_20260707_203010_part_00051.json,49956083,bdb9c12aa4661acc497217b6ee671a2a,"Tue, 7 Jul 2026 20:30:12 GMT"
s3://sales-analytics-raw-aqib-test/lead_activities_raw/load_type=full/lead_activities_raw_20260707_203012_part_00052.json,48496982,5e34856271252740c41e6bff1b8aceba,"Tue, 7 Jul 2026 20:30:14 GMT"
s3://sales-analytics-raw-aqib-test/lead_activities_raw/load_type=full/lead_activities_raw_20260707_203014_part_00053.json,48619957,c6a33ab06f8b4c233d74b0544adb3aa5,"Tue, 7 Jul 2026 20:30:16 GMT"
s3://sales-analytics-raw-aqib-test/lead_activities_raw/load_type=full/lead_activities_raw_20260707_203016_part_00054.json,47424434,137ef154028c3918ff24f9fea331aa6f,"Tue, 7 Jul 2026 20:30:17 GMT"
s3://sales-analytics-raw-aqib-test/lead_activities_raw/load_type=full/lead_activities_raw_20260707_203018_part_00055.json,49586728,85c0baeb3831e81c1186903fb4dd3a4d,"Tue, 7 Jul 2026 20:30:19 GMT"
s3://sales-analytics-raw-aqib-test/lead_activities_raw/load_type=full/lead_activities_raw_20260707_203020_part_00056.json,47371944,29039f9a5e405c03f41e040ebc1725fd,"Tue, 7 Jul 2026 20:30:21 GMT"
s3://sales-analytics-raw-aqib-test/lead_activities_raw/load_type=full/lead_activities_raw_20260707_203021_part_00057.json,50991568,8478688c5e4da2db85e4750bbcf88b9a,"Tue, 7 Jul 2026 20:30:23 GMT"
s3://sales-analytics-raw-aqib-test/lead_activities_raw/load_type=full/lead_activities_raw_20260707_203023_part_00058.json,48284669,03e22e9adf9e46b6abf76bbd38976794,"Tue, 7 Jul 2026 20:30:25 GMT"
s3://sales-analytics-raw-aqib-test/lead_activities_raw/load_type=full/lead_activities_raw_20260707_203025_part_00059.json,47556771,bc037bd9ac7d924bb3ca2902691b99d8,"Tue, 7 Jul 2026 20:30:27 GMT"
s3://sales-analytics-raw-aqib-test/lead_activities_raw/load_type=full/lead_activities_raw_20260707_203027_part_00060.json,54127563,b2801e272a72afbd7315c481d0e8cb7f,"Tue, 7 Jul 2026 20:30:29 GMT"
s3://sales-analytics-raw-aqib-test/lead_activities_raw/load_type=full/lead_activities_raw_20260707_203029_part_00061.json,52620115,8131fbc7ee3f6ce147a46a164af00b01,"Tue, 7 Jul 2026 20:30:31 GMT"
s3://sales-analytics-raw-aqib-test/lead_activities_raw/load_type=full/lead_activities_raw_20260707_203032_part_00062.json,57504614,2014fd646cc9af55e9f577f313359a9b,"Tue, 7 Jul 2026 20:30:33 GMT"
s3://sales-analytics-raw-aqib-test/lead_activities_raw/load_type=full/lead_activities_raw_20260707_203034_part_00063.json,56237260,636414f5498a57b20be9aa43fb4f109f,"Tue, 7 Jul 2026 20:30:36 GMT"
s3://sales-analytics-raw-aqib-test/lead_activities_raw/load_type=full/lead_activities_raw_20260707_203036_part_00064.json,51808514,e070bb87fd42c3651ea0f7ffb29cddea,"Tue, 7 Jul 2026 20:30:38 GMT"
s3://sales-analytics-raw-aqib-test/lead_activities_raw/load_type=full/lead_activities_raw_20260707_203038_part_00065.json,53381021,d5a3cbf8d52275443a9f749ac824241b,"Tue, 7 Jul 2026 20:30:40 GMT"
s3://sales-analytics-raw-aqib-test/lead_activities_raw/load_type=full/lead_activities_raw_20260707_203041_part_00066.json,56014090,38b1762cb0198a34b27e21111334a968,"Tue, 7 Jul 2026 20:30:42 GMT"
s3://sales-analytics-raw-aqib-test/lead_activities_raw/load_type=full/lead_activities_raw_20260707_203042_part_00067.json,54347729,17541d972433c213a68e563d306a75e0,"Tue, 7 Jul 2026 20:30:44 GMT"
s3://sales-analytics-raw-aqib-test/lead_activities_raw/load_type=full/lead_activities_raw_20260707_203045_part_00068.json,55901488,9fc6bdd26f8282a5af28f7a8890e4cdd,"Tue, 7 Jul 2026 20:30:47 GMT"
s3://sales-analytics-raw-aqib-test/lead_activities_raw/load_type=full/lead_activities_raw_20260707_203047_part_00069.json,48629078,7fd3b5806dd4b5f652ec7774220ea79d,"Tue, 7 Jul 2026 20:30:49 GMT"
s3://sales-analytics-raw-aqib-test/lead_activities_raw/load_type=full/lead_activities_raw_20260707_203049_part_00070.json,47456864,a46499b32ce29cb4a35f1ea9656a385a,"Tue, 7 Jul 2026 20:30:51 GMT"
s3://sales-analytics-raw-aqib-test/lead_activities_raw/load_type=full/lead_activities_raw_20260707_203051_part_00071.json,49250494,87b4f4c3beb6297ac25e9527ebab4cab,"Tue, 7 Jul 2026 20:30:53 GMT"
s3://sales-analytics-raw-aqib-test/lead_activities_raw/load_type=full/lead_activities_raw_20260707_203053_part_00072.json,51332837,50a1340cc534da9da6825aab88fc484f,"Tue, 7 Jul 2026 20:30:55 GMT"
s3://sales-analytics-raw-aqib-test/lead_activities_raw/load_type=full/lead_activities_raw_20260707_203055_part_00073.json,45869981,b058790f5108fb818be84707a82bc5de,"Tue, 7 Jul 2026 20:30:57 GMT"
s3://sales-analytics-raw-aqib-test/lead_activities_raw/load_type=full/lead_activities_raw_20260707_203057_part_00074.json,50258400,d7c71aa58e587ba1272a7478955d8679,"Tue, 7 Jul 2026 20:30:59 GMT"
s3://sales-analytics-raw-aqib-test/lead_activities_raw/load_type=full/lead_activities_raw_20260707_203059_part_00075.json,50732093,ce7f36a9ef096d31468fb5fea508156c,"Tue, 7 Jul 2026 20:31:00 GMT"
s3://sales-analytics-raw-aqib-test/lead_activities_raw/load_type=full/lead_activities_raw_20260707_203101_part_00076.json,51950563,8b8cfc3f8f64714279ca1c9511bec520,"Tue, 7 Jul 2026 20:31:03 GMT"
s3://sales-analytics-raw-aqib-test/lead_activities_raw/load_type=full/lead_activities_raw_20260707_203103_part_00077.json,50698300,2dc4c954324eeb9e438aa21a38750bcf,"Tue, 7 Jul 2026 20:31:05 GMT"
s3://sales-analytics-raw-aqib-test/lead_activities_raw/load_type=full/lead_activities_raw_20260707_203105_part_00078.json,48351409,ab3493a781439950ce778b824bb3854d,"Tue, 7 Jul 2026 20:31:07 GMT"
s3://sales-analytics-raw-aqib-test/lead_activities_raw/load_type=full/lead_activities_raw_20260707_203107_part_00079.json,50987248,accd4fb7da047a86274a642fde609838,"Tue, 7 Jul 2026 20:31:09 GMT"
s3://sales-analytics-raw-aqib-test/lead_activities_raw/load_type=full/lead_activities_raw_20260707_203109_part_00080.json,52068745,761f539194fbac1d78258c94ab985dc5,"Tue, 7 Jul 2026 20:31:11 GMT"
s3://sales-analytics-raw-aqib-test/lead_activities_raw/load_type=full/lead_activities_raw_20260707_203111_part_00081.json,51696188,989468fbc4e973abb42e7957c4ad7404,"Tue, 7 Jul 2026 20:31:13 GMT"
s3://sales-analytics-raw-aqib-test/lead_activities_raw/load_type=full/lead_activities_raw_20260707_203114_part_00082.json,49702268,4b0ae9addf32cd96b907eaf373f7a9a9,"Tue, 7 Jul 2026 20:31:16 GMT"
s3://sales-analytics-raw-aqib-test/lead_activities_raw/load_type=full/lead_activities_raw_20260707_203117_part_00083.json,53897920,29f7a5753a86dd4bc8398bd38ae2b87b,"Tue, 7 Jul 2026 20:31:18 GMT"
s3://sales-analytics-raw-aqib-test/lead_activities_raw/load_type=full/lead_activities_raw_20260707_203119_part_00084.json,51725236,62ee84ae6959595ad3b5773182aad94b,"Tue, 7 Jul 2026 20:31:20 GMT"
s3://sales-analytics-raw-aqib-test/lead_activities_raw/load_type=full/lead_activities_raw_20260707_203121_part_00085.json,53110870,da9511b7ebc6e3c092adf88902ff7d6b,"Tue, 7 Jul 2026 20:31:23 GMT"
s3://sales-analytics-raw-aqib-test/lead_activities_raw/load_type=full/lead_activities_raw_20260707_203123_part_00086.json,52974430,60e7c2e9b8d8eccdd8ea5f6be7d94541,"Tue, 7 Jul 2026 20:31:25 GMT"
s3://sales-analytics-raw-aqib-test/lead_activities_raw/load_type=full/lead_activities_raw_20260707_203125_part_00087.json,54304967,a3903d01caa47598cfb8a3224b273cb7,"Tue, 7 Jul 2026 20:31:27 GMT"
s3://sales-analytics-raw-aqib-test/lead_activities_raw/load_type=full/lead_activities_raw_20260707_203127_part_00088.json,52785738,f8d496a96a47416b343cb0ce299f6758,"Tue, 7 Jul 2026 20:31:29 GMT"
s3://sales-analytics-raw-aqib-test/lead_activities_raw/load_type=full/lead_activities_raw_20260707_203129_part_00089.json,52177798,a9f6319269a2d5cefe1d73b7a7041269,"Tue, 7 Jul 2026 20:31:31 GMT"
s3://sales-analytics-raw-aqib-test/lead_activities_raw/load_type=full/lead_activities_raw_20260707_203131_part_00090.json,56660936,7be55bb5b9e6b89d2eee3627e0b37b24,"Tue, 7 Jul 2026 20:31:33 GMT"
s3://sales-analytics-raw-aqib-test/lead_activities_raw/load_type=full/lead_activities_raw_20260707_203134_part_00091.json,53591530,7c1d6244e96151d5e130bf04dd2af3f6,"Tue, 7 Jul 2026 20:31:35 GMT"
s3://sales-analytics-raw-aqib-test/lead_activities_raw/load_type=full/lead_activities_raw_20260707_203136_part_00092.json,55300466,ce91c09ed3d7bd8b34a6d830fafd39bc,"Tue, 7 Jul 2026 20:31:37 GMT"
s3://sales-analytics-raw-aqib-test/lead_activities_raw/load_type=full/lead_activities_raw_20260707_203138_part_00093.json,56023828,931a1c8c5c5dd667037a20eb2e091265,"Tue, 7 Jul 2026 20:31:40 GMT"
s3://sales-analytics-raw-aqib-test/lead_activities_raw/load_type=full/lead_activities_raw_20260707_203140_part_00094.json,52656552,cfc8154de72cd8d8a93365245e095c32,"Tue, 7 Jul 2026 20:31:42 GMT"
s3://sales-analytics-raw-aqib-test/lead_activities_raw/load_type=full/lead_activities_raw_20260707_203142_part_00095.json,58441168,0ca11a46e7a1d1e045ea73d6e230bf67,"Tue, 7 Jul 2026 20:31:44 GMT"
s3://sales-analytics-raw-aqib-test/lead_activities_raw/load_type=full/lead_activities_raw_20260707_203144_part_00096.json,51070968,5e665143165fb10c6334d95921391157,"Tue, 7 Jul 2026 20:31:46 GMT"
s3://sales-analytics-raw-aqib-test/lead_activities_raw/load_type=full/lead_activities_raw_20260707_203146_part_00097.json,56788138,65c03e9faace7bcf58ff587beac68ccd,"Tue, 7 Jul 2026 20:31:48 GMT"
s3://sales-analytics-raw-aqib-test/lead_activities_raw/load_type=full/lead_activities_raw_20260707_203149_part_00098.json,58748518,bc30d1b5838bd7a6275ba9ec0dd091e9,"Tue, 7 Jul 2026 20:31:50 GMT"
s3://sales-analytics-raw-aqib-test/lead_activities_raw/load_type=full/lead_activities_raw_20260707_203151_part_00099.json,54574376,a3a0d71a31a0db34c42dee0c6f28ee07,"Tue, 7 Jul 2026 20:31:53 GMT"
s3://sales-analytics-raw-aqib-test/lead_activities_raw/load_type=full/lead_activities_raw_20260707_203153_part_00100.json,55298581,8a934a43528831719497dc5fbacb1f65,"Tue, 7 Jul 2026 20:31:55 GMT"
s3://sales-analytics-raw-aqib-test/lead_activities_raw/load_type=full/lead_activities_raw_20260707_203155_part_00101.json,54729907,d25b3aa6f8084a1dae8c9c48f23db2fd,"Tue, 7 Jul 2026 20:31:57 GMT"
s3://sales-analytics-raw-aqib-test/lead_activities_raw/load_type=full/lead_activities_raw_20260707_203157_part_00102.json,55806416,e6c91251e278a7634a0165f7ca1c0f62,"Tue, 7 Jul 2026 20:31:59 GMT"
s3://sales-analytics-raw-aqib-test/lead_activities_raw/load_type=full/lead_activities_raw_20260707_203159_part_00103.json,54582292,81506fd50caf44a5a4ee5d629d99a5db,"Tue, 7 Jul 2026 20:32:01 GMT"
s3://sales-analytics-raw-aqib-test/lead_activities_raw/load_type=full/lead_activities_raw_20260707_203202_part_00104.json,61373393,46f6f27eb8be2a203fd1485f5b03f9e5,"Tue, 7 Jul 2026 20:32:04 GMT"
s3://sales-analytics-raw-aqib-test/lead_activities_raw/load_type=full/lead_activities_raw_20260707_203204_part_00105.json,57563299,973fc3e0a7a4e17e827321fcd3e9c49d,"Tue, 7 Jul 2026 20:32:06 GMT"
s3://sales-analytics-raw-aqib-test/lead_activities_raw/load_type=full/lead_activities_raw_20260707_203207_part_00106.json,63014230,911462e7833d4a819f232a1e1ec75343,"Tue, 7 Jul 2026 20:32:09 GMT"
s3://sales-analytics-raw-aqib-test/lead_activities_raw/load_type=full/lead_activities_raw_20260707_203209_part_00107.json,60574721,937b4386661440889cffc99ac787eb42,"Tue, 7 Jul 2026 20:32:11 GMT"
s3://sales-analytics-raw-aqib-test/lead_activities_raw/load_type=full/lead_activities_raw_20260707_203211_part_00108.json,57784617,38021f6fd99730ce4903718eba995751,"Tue, 7 Jul 2026 20:32:13 GMT"
s3://sales-analytics-raw-aqib-test/lead_activities_raw/load_type=full/lead_activities_raw_20260707_203214_part_00109.json,60922676,e5edc732e78d68f634fe10318a6611ed,"Tue, 7 Jul 2026 20:32:16 GMT"
s3://sales-analytics-raw-aqib-test/lead_activities_raw/load_type=full/lead_activities_raw_20260707_203216_part_00110.json,57632733,9b3e6b0958178b73af6d1bd676345a6d,"Tue, 7 Jul 2026 20:32:18 GMT"
s3://sales-analytics-raw-aqib-test/lead_activities_raw/load_type=full/lead_activities_raw_20260707_203218_part_00111.json,61034941,817e7d1eba4cff83cd8c144e612150f9,"Tue, 7 Jul 2026 20:32:20 GMT"
s3://sales-analytics-raw-aqib-test/lead_activities_raw/load_type=full/lead_activities_raw_20260707_203221_part_00112.json,65470353,e558798c008851ec6f7959d6ca386e58,"Tue, 7 Jul 2026 20:32:23 GMT"
s3://sales-analytics-raw-aqib-test/lead_activities_raw/load_type=full/lead_activities_raw_20260707_203224_part_00113.json,55484439,85408cf6a8045e5c3f2a1ae32eddef5e,"Tue, 7 Jul 2026 20:32:25 GMT"
s3://sales-analytics-raw-aqib-test/lead_activities_raw/load_type=full/lead_activities_raw_20260707_203226_part_00114.json,54426370,10c5283a4890b58998c60a468af94c3c,"Tue, 7 Jul 2026 20:32:27 GMT"
s3://sales-analytics-raw-aqib-test/lead_activities_raw/load_type=full/lead_activities_raw_20260707_203228_part_00115.json,57288569,5c608ffd295d39108cd572525869461c,"Tue, 7 Jul 2026 20:32:30 GMT"
s3://sales-analytics-raw-aqib-test/lead_activities_raw/load_type=full/lead_activities_raw_20260707_203230_part_00116.json,53533594,ed03a043923251db952c8c6b2e266a9f,"Tue, 7 Jul 2026 20:32:32 GMT"
s3://sales-analytics-raw-aqib-test/lead_activities_raw/load_type=full/lead_activities_raw_20260707_203232_part_00117.json,54842201,9e027921510b14f1edf2317e1d35be5f,"Tue, 7 Jul 2026 20:32:34 GMT"
s3://sales-analytics-raw-aqib-test/lead_activities_raw/load_type=full/lead_activities_raw_20260707_203235_part_00118.json,57534956,be909dfde2f44e799e9cb658b4fa287c,"Tue, 7 Jul 2026 20:32:36 GMT"
s3://sales-analytics-raw-aqib-test/lead_activities_raw/load_type=full/lead_activities_raw_20260707_203237_part_00119.json,55966527,b673c6f8451545ca63f6b69ae943d70d,"Tue, 7 Jul 2026 20:32:39 GMT"
s3://sales-analytics-raw-aqib-test/lead_activities_raw/load_type=full/lead_activities_raw_20260707_203239_part_00120.json,60489379,f1177802f5cc2710a41c684523bef711,"Tue, 7 Jul 2026 20:32:41 GMT"
s3://sales-analytics-raw-aqib-test/lead_activities_raw/load_type=full/lead_activities_raw_20260707_203241_part_00121.json,56839936,3dca0e5215527d5f0b6f184dcbbb5655,"Tue, 7 Jul 2026 20:32:43 GMT"
s3://sales-analytics-raw-aqib-test/lead_activities_raw/load_type=full/lead_activities_raw_20260707_203244_part_00122.json,60219018,67f9a375c497bff31e8d448a748f7487,"Tue, 7 Jul 2026 20:32:46 GMT"
s3://sales-analytics-raw-aqib-test/lead_activities_raw/load_type=full/lead_activities_raw_20260707_203246_part_00123.json,60299677,aeefc8d8d176da7f3d51a6ac334c019b,"Tue, 7 Jul 2026 20:32:48 GMT"
s3://sales-analytics-raw-aqib-test/lead_activities_raw/load_type=full/lead_activities_raw_20260707_203249_part_00124.json,59944534,97c3847631757305641f92aa100fa2aa,"Tue, 7 Jul 2026 20:32:51 GMT"
s3://sales-analytics-raw-aqib-test/lead_activities_raw/load_type=full/lead_activities_raw_20260707_203251_part_00125.json,57873756,18e1a64fc8fd2ad727045f5b60d2e895,"Tue, 7 Jul 2026 20:32:53 GMT"
s3://sales-analytics-raw-aqib-test/lead_activities_raw/load_type=full/lead_activities_raw_20260707_203253_part_00126.json,58071356,993b7843582ff13acd4d24fc83137f37,"Tue, 7 Jul 2026 20:32:55 GMT"
s3://sales-analytics-raw-aqib-test/lead_activities_raw/load_type=full/lead_activities_raw_20260707_203255_part_00127.json,57522185,bb641a19b33ea75230b709c83ae248de,"Tue, 7 Jul 2026 20:32:57 GMT"
s3://sales-analytics-raw-aqib-test/lead_activities_raw/load_type=full/lead_activities_raw_20260707_203258_part_00128.json,56046485,19e206d2b1d3003fb6b4c3ba8d11441c,"Tue, 7 Jul 2026 20:32:59 GMT"
s3://sales-analytics-raw-aqib-test/lead_activities_raw/load_type=full/lead_activities_raw_20260707_203300_part_00129.json,61109293,c6b77256fe027a751d516100e00d385f,"Tue, 7 Jul 2026 20:33:02 GMT"
s3://sales-analytics-raw-aqib-test/lead_activities_raw/load_type=full/lead_activities_raw_20260707_203302_part_00130.json,60460724,497779e893680200e759795b754d39bb,"Tue, 7 Jul 2026 20:33:04 GMT"
s3://sales-analytics-raw-aqib-test/lead_activities_raw/load_type=full/lead_activities_raw_20260707_203305_part_00131.json,59128485,4bd8b28acc2f9bb540e4b8918c632427,"Tue, 7 Jul 2026 20:33:07 GMT"
s3://sales-analytics-raw-aqib-test/lead_activities_raw/load_type=full/lead_activities_raw_20260707_203307_part_00132.json,54955347,cd95a52753f4166645d1cc00c20b70f3,"Tue, 7 Jul 2026 20:33:09 GMT"
s3://sales-analytics-raw-aqib-test/lead_activities_raw/load_type=full/lead_activities_raw_20260707_203309_part_00133.json,57647832,6b4f8c24f7ee95807334b3266db93f7c,"Tue, 7 Jul 2026 20:33:11 GMT"
s3://sales-analytics-raw-aqib-test/lead_activities_raw/load_type=full/lead_activities_raw_20260707_203311_part_00134.json,55326635,56db5d733e180d873136c5241fa5f4e7,"Tue, 7 Jul 2026 20:33:13 GMT"
s3://sales-analytics-raw-aqib-test/lead_activities_raw/load_type=full/lead_activities_raw_20260707_203313_part_00135.json,53754159,cb40c0d585f8a9dfa14448b2f4077e68,"Tue, 7 Jul 2026 20:33:15 GMT"
s3://sales-analytics-raw-aqib-test/lead_activities_raw/load_type=full/lead_activities_raw_20260707_203316_part_00136.json,58309474,4dcffbc6124acbdd223f7272378eed16,"Tue, 7 Jul 2026 20:33:18 GMT"
s3://sales-analytics-raw-aqib-test/lead_activities_raw/load_type=full/lead_activities_raw_20260707_203318_part_00137.json,58940994,875c0f7c36ed46b10096fbc105ae51d9,"Tue, 7 Jul 2026 20:33:20 GMT"
s3://sales-analytics-raw-aqib-test/lead_activities_raw/load_type=full/lead_activities_raw_20260707_203320_part_00138.json,58162144,8d528be86ee5f20119f463b48ba5089c,"Tue, 7 Jul 2026 20:33:22 GMT"
s3://sales-analytics-raw-aqib-test/lead_activities_raw/load_type=full/lead_activities_raw_20260707_203322_part_00139.json,56885527,3695ab74b3cc9317fdf07998cea38e07,"Tue, 7 Jul 2026 20:33:24 GMT"
s3://sales-analytics-raw-aqib-test/lead_activities_raw/load_type=full/lead_activities_raw_20260707_203325_part_00140.json,66368691,0721fcc4c9c2a4b6a5f9eb55b84f54ec,"Tue, 7 Jul 2026 20:33:27 GMT"
s3://sales-analytics-raw-aqib-test/lead_activities_raw/load_type=full/lead_activities_raw_20260707_203328_part_00141.json,57954382,3fdb258281dccdb439d3411198363bbb,"Tue, 7 Jul 2026 20:33:29 GMT"
s3://sales-analytics-raw-aqib-test/lead_activities_raw/load_type=full/lead_activities_raw_20260707_203330_part_00142.json,52328778,63e9a6f59585630f82f6efbc02455505,"Tue, 7 Jul 2026 20:33:32 GMT"
s3://sales-analytics-raw-aqib-test/lead_activities_raw/load_type=full/lead_activities_raw_20260707_203332_part_00143.json,55554708,d47bc0dae25fe090a79a7b85116f9e06,"Tue, 7 Jul 2026 20:33:34 GMT"
s3://sales-analytics-raw-aqib-test/lead_activities_raw/load_type=full/lead_activities_raw_20260707_203334_part_00144.json,56281511,32ace8080598b8158acc4c8b6e78c660,"Tue, 7 Jul 2026 20:33:36 GMT"
s3://sales-analytics-raw-aqib-test/lead_activities_raw/load_type=full/lead_activities_raw_20260707_203336_part_00145.json,55409661,ef48831509419447e4a2a55b52c46fa4,"Tue, 7 Jul 2026 20:33:38 GMT"
s3://sales-analytics-raw-aqib-test/lead_activities_raw/load_type=full/lead_activities_raw_20260707_203339_part_00146.json,55075459,a588953745c22dce9f1550705eba791a,"Tue, 7 Jul 2026 20:33:40 GMT"
s3://sales-analytics-raw-aqib-test/lead_activities_raw/load_type=full/lead_activities_raw_20260707_203341_part_00147.json,56138724,33557b8571d920a9b164f5b6cbb18bf7,"Tue, 7 Jul 2026 20:33:43 GMT"
s3://sales-analytics-raw-aqib-test/lead_activities_raw/load_type=full/lead_activities_raw_20260707_203343_part_00148.json,57487328,b672920b49bf373144ef8185826b3109,"Tue, 7 Jul 2026 20:33:45 GMT"
s3://sales-analytics-raw-aqib-test/lead_activities_raw/load_type=full/lead_activities_raw_20260707_203345_part_00149.json,56752283,009f0b45ff70199a7c04d63acf2c5270,"Tue, 7 Jul 2026 20:33:47 GMT"
s3://sales-analytics-raw-aqib-test/lead_activities_raw/load_type=full/lead_activities_raw_20260707_203348_part_00150.json,52367132,628c35580dae6b971d44dc2ca546eb0e,"Tue, 7 Jul 2026 20:33:49 GMT"
s3://sales-analytics-raw-aqib-test/lead_activities_raw/load_type=full/lead_activities_raw_20260707_203350_part_00151.json,52876252,4f30cfdc374af7ae32c7b2362600c7b4,"Tue, 7 Jul 2026 20:33:52 GMT"
s3://sales-analytics-raw-aqib-test/lead_activities_raw/load_type=full/lead_activities_raw_20260707_203352_part_00152.json,50486440,6c673564d9f8968dff46be7a162f8d05,"Tue, 7 Jul 2026 20:33:53 GMT"
s3://sales-analytics-raw-aqib-test/lead_activities_raw/load_type=full/lead_activities_raw_20260707_203354_part_00153.json,53760451,297e9ec8688d7d09c5534617e385cfe8,"Tue, 7 Jul 2026 20:33:55 GMT"
s3://sales-analytics-raw-aqib-test/lead_activities_raw/load_type=full/lead_activities_raw_20260707_203356_part_00154.json,52502166,9bf802b245239886966ecc58e7077a40,"Tue, 7 Jul 2026 20:33:58 GMT"
s3://sales-analytics-raw-aqib-test/lead_activities_raw/load_type=full/lead_activities_raw_20260707_203358_part_00155.json,53759366,2c39c2a22dbd0ef8ea5d449ef9de8c27,"Tue, 7 Jul 2026 20:34:00 GMT"
s3://sales-analytics-raw-aqib-test/lead_activities_raw/load_type=full/lead_activities_raw_20260707_203400_part_00156.json,57715079,6ee4e142964bbe42b0aaa3a1b1aeb26f,"Tue, 7 Jul 2026 20:34:02 GMT"
s3://sales-analytics-raw-aqib-test/lead_activities_raw/load_type=full/lead_activities_raw_20260707_203402_part_00157.json,52422714,0a073ce22c61cdf273f44095ed3ff6b1,"Tue, 7 Jul 2026 20:34:04 GMT"
s3://sales-analytics-raw-aqib-test/lead_activities_raw/load_type=full/lead_activities_raw_20260707_203404_part_00158.json,52342543,671d1877bf2a39f1ab43050e058295c3,"Tue, 7 Jul 2026 20:34:06 GMT"
s3://sales-analytics-raw-aqib-test/lead_activities_raw/load_type=full/lead_activities_raw_20260707_203407_part_00159.json,54663058,a7a3d3711060fc86126525839278804b,"Tue, 7 Jul 2026 20:34:08 GMT"
s3://sales-analytics-raw-aqib-test/lead_activities_raw/load_type=full/lead_activities_raw_20260707_203409_part_00160.json,52062479,ec509515a5ae0117176bc5296786ef24,"Tue, 7 Jul 2026 20:34:10 GMT"
s3://sales-analytics-raw-aqib-test/lead_activities_raw/load_type=full/lead_activities_raw_20260707_203411_part_00161.json,54182804,2c25447b226e55b93b57fa5ceca3f767,"Tue, 7 Jul 2026 20:34:12 GMT"
s3://sales-analytics-raw-aqib-test/lead_activities_raw/load_type=full/lead_activities_raw_20260707_203413_part_00162.json,52860771,9ac471ef18caca55440b4d4f9bd30a64,"Tue, 7 Jul 2026 20:34:15 GMT"
s3://sales-analytics-raw-aqib-test/lead_activities_raw/load_type=full/lead_activities_raw_20260707_203415_part_00163.json,46285205,1d7fd9b13df47aca0e7ec90a44624433,"Tue, 7 Jul 2026 20:34:16 GMT"
s3://sales-analytics-raw-aqib-test/lead_activities_raw/load_type=full/lead_activities_raw_20260707_203417_part_00164.json,51643962,45896919ef8e49adc236972f4df614ec,"Tue, 7 Jul 2026 20:34:18 GMT"
s3://sales-analytics-raw-aqib-test/lead_activities_raw/load_type=full/lead_activities_raw_20260707_203419_part_00165.json,56541902,0b9dacff35ea05827babcea058e0cc0f,"Tue, 7 Jul 2026 20:34:21 GMT"
s3://sales-analytics-raw-aqib-test/lead_activities_raw/load_type=full/lead_activities_raw_20260707_203421_part_00166.json,51651428,1871e2d22aee6820d55ae3b999832b3f,"Tue, 7 Jul 2026 20:34:23 GMT"
s3://sales-analytics-raw-aqib-test/lead_activities_raw/load_type=full/lead_activities_raw_20260707_203423_part_00167.json,57409380,f98f0d81c972e3536beed342bd395ba6,"Tue, 7 Jul 2026 20:34:25 GMT"
s3://sales-analytics-raw-aqib-test/lead_activities_raw/load_type=full/lead_activities_raw_20260707_203426_part_00168.json,52372266,eb7d100430e86de697c89d92f3c3cdf0,"Tue, 7 Jul 2026 20:34:27 GMT"
s3://sales-analytics-raw-aqib-test/lead_activities_raw/load_type=full/lead_activities_raw_20260707_203428_part_00169.json,54447646,a71ffe4c04c154fff17282a3976717b7,"Tue, 7 Jul 2026 20:34:29 GMT"
s3://sales-analytics-raw-aqib-test/lead_activities_raw/load_type=full/lead_activities_raw_20260707_203430_part_00170.json,52656281,2913bd50b8aa7c288d55b5b4e7ea49a2,"Tue, 7 Jul 2026 20:34:32 GMT"
s3://sales-analytics-raw-aqib-test/lead_activities_raw/load_type=full/lead_activities_raw_20260707_203432_part_00171.json,41173522,1d9b418359d933919fddd966d7ea0628,"Tue, 7 Jul 2026 20:34:33 GMT"
s3://sales-analytics-raw-aqib-test/lead_activities_raw/load_type=full/lead_activities_raw_20260707_203433_part_00172.json,41488203,93abc7b63106163e2abe1206ff74698c,"Tue, 7 Jul 2026 20:34:35 GMT"
s3://sales-analytics-raw-aqib-test/lead_activities_raw/load_type=full/lead_activities_raw_20260707_203435_part_00173.json,41660980,9ebc5457dd613a8277fac751d36cd503,"Tue, 7 Jul 2026 20:34:36 GMT"
s3://sales-analytics-raw-aqib-test/lead_activities_raw/load_type=full/lead_activities_raw_20260707_203437_part_00174.json,41431602,0511893fca6f2dd0163aa92df74b3029,"Tue, 7 Jul 2026 20:34:38 GMT"
s3://sales-analytics-raw-aqib-test/lead_activities_raw/load_type=full/lead_activities_raw_20260707_203438_part_00175.json,39257449,9f607299f4dbb27add0ae7f51e88c0e5,"Tue, 7 Jul 2026 20:34:40 GMT"
s3://sales-analytics-raw-aqib-test/lead_activities_raw/load_type=full/lead_activities_raw_20260707_203440_part_00176.json,39704992,7ca388ebaba71320f36d074d33b4fe69,"Tue, 7 Jul 2026 20:34:41 GMT"
s3://sales-analytics-raw-aqib-test/lead_activities_raw/load_type=full/lead_activities_raw_20260707_203441_part_00177.json,42274273,9fed337877ec678f68812fd09a31525f,"Tue, 7 Jul 2026 20:34:43 GMT"
s3://sales-analytics-raw-aqib-test/lead_activities_raw/load_type=full/lead_activities_raw_20260707_203443_part_00178.json,45966985,20631f0e4cc42f15c4152578f1dffaa4,"Tue, 7 Jul 2026 20:34:44 GMT"
s3://sales-analytics-raw-aqib-test/lead_activities_raw/load_type=full/lead_activities_raw_20260707_203445_part_00179.json,44662887,da96c5e5d784be93a22c232af30f0b08,"Tue, 7 Jul 2026 20:34:46 GMT"
s3://sales-analytics-raw-aqib-test/lead_activities_raw/load_type=full/lead_activities_raw_20260707_203446_part_00180.json,43531476,8b6f54d97201611db925743062603bd8,"Tue, 7 Jul 2026 20:34:48 GMT"
s3://sales-analytics-raw-aqib-test/lead_activities_raw/load_type=full/lead_activities_raw_20260707_203448_part_00181.json,44742400,9aa02fddcccc716d2548c44deff69b84,"Tue, 7 Jul 2026 20:34:50 GMT"
s3://sales-analytics-raw-aqib-test/lead_activities_raw/load_type=full/lead_activities_raw_20260707_203450_part_00182.json,47037569,1791230df9981c5f1b4400752a4c55b3,"Tue, 7 Jul 2026 20:34:51 GMT"
s3://sales-analytics-raw-aqib-test/lead_activities_raw/load_type=full/lead_activities_raw_20260707_203452_part_00183.json,46622258,dadc0d3b85037c035fc6e72c6d1ce42d,"Tue, 7 Jul 2026 20:34:53 GMT"
s3://sales-analytics-raw-aqib-test/lead_activities_raw/load_type=full/lead_activities_raw_20260707_203454_part_00184.json,48040773,96bde50af42eb0f062711de19f506816,"Tue, 7 Jul 2026 20:34:55 GMT"
s3://sales-analytics-raw-aqib-test/lead_activities_raw/load_type=full/lead_activities_raw_20260707_203455_part_00185.json,46620269,39e359f763d41352a15fa3f59a44eb32,"Tue, 7 Jul 2026 20:34:57 GMT"
s3://sales-analytics-raw-aqib-test/lead_activities_raw/load_type=full/lead_activities_raw_20260707_203457_part_00186.json,53199024,4e8fb99ee03ca87bb3f2fbce4d584056,"Tue, 7 Jul 2026 20:34:59 GMT"
s3://sales-analytics-raw-aqib-test/lead_activities_raw/load_type=full/lead_activities_raw_20260707_203459_part_00187.json,45186928,912b4083493d26541fb8e96630decacb,"Tue, 7 Jul 2026 20:35:01 GMT"
s3://sales-analytics-raw-aqib-test/lead_activities_raw/load_type=full/lead_activities_raw_20260707_203501_part_00188.json,47095399,31518ba1b5b8833b20d9f3dd6df63530,"Tue, 7 Jul 2026 20:35:03 GMT"
s3://sales-analytics-raw-aqib-test/lead_activities_raw/load_type=full/lead_activities_raw_20260707_203503_part_00189.json,42366887,e313caeb9fe28b01d4110b21c495ba2c,"Tue, 7 Jul 2026 20:35:05 GMT"
s3://sales-analytics-raw-aqib-test/lead_activities_raw/load_type=full/lead_activities_raw_20260707_203505_part_00190.json,42648012,eb18f50c4cef8caa7deaf503111f334c,"Tue, 7 Jul 2026 20:35:06 GMT"
s3://sales-analytics-raw-aqib-test/lead_activities_raw/load_type=full/lead_activities_raw_20260707_203507_part_00191.json,43231106,ea2e6a1193e365165a4fc9129a73a22b,"Tue, 7 Jul 2026 20:35:08 GMT"
s3://sales-analytics-raw-aqib-test/lead_activities_raw/load_type=full/lead_activities_raw_20260707_203508_part_00192.json,44650395,cf945da3501242db2280d8f532619e3a,"Tue, 7 Jul 2026 20:35:10 GMT"
s3://sales-analytics-raw-aqib-test/lead_activities_raw/load_type=full/lead_activities_raw_20260707_203510_part_00193.json,40438756,89908fed6c6f69d5c6a646e97308a35f,"Tue, 7 Jul 2026 20:35:11 GMT"
s3://sales-analytics-raw-aqib-test/lead_activities_raw/load_type=full/lead_activities_raw_20260707_203511_part_00194.json,44739307,f09956ca3f272676f5602dda402c2689,"Tue, 7 Jul 2026 20:35:13 GMT"
s3://sales-analytics-raw-aqib-test/lead_activities_raw/load_type=full/lead_activities_raw_20260707_203513_part_00195.json,47044934,4de3b32db8f95fdd932ae1525890c38e,"Tue, 7 Jul 2026 20:35:15 GMT"
s3://sales-analytics-raw-aqib-test/lead_activities_raw/load_type=full/lead_activities_raw_20260707_203515_part_00196.json,44232404,1f71800f845a3b8e9600e2ff460a84d0,"Tue, 7 Jul 2026 20:35:17 GMT"
s3://sales-analytics-raw-aqib-test/lead_activities_raw/load_type=full/lead_activities_raw_20260707_203517_part_00197.json,43545169,b12fcd37e8242ca8ad863bbe4cee24ee,"Tue, 7 Jul 2026 20:35:18 GMT"
s3://sales-analytics-raw-aqib-test/lead_activities_raw/load_type=full/lead_activities_raw_20260707_203518_part_00198.json,41275392,69ba79aaa84114b1c6c2bf37d2312341,"Tue, 7 Jul 2026 20:35:20 GMT"
s3://sales-analytics-raw-aqib-test/lead_activities_raw/load_type=full/lead_activities_raw_20260707_203520_part_00199.json,40209359,3640cf510e4c8ac68ade298d874e3590,"Tue, 7 Jul 2026 20:35:22 GMT"
s3://sales-analytics-raw-aqib-test/lead_activities_raw/load_type=full/lead_activities_raw_20260707_203522_part_00200.json,44977829,f176e5a22e507babfc7508487a9f4ff8,"Tue, 7 Jul 2026 20:35:23 GMT"
s3://sales-analytics-raw-aqib-test/lead_activities_raw/load_type=full/lead_activities_raw_20260707_203523_part_00201.json,40553571,ba42bd54b3585fac9489794599d57870,"Tue, 7 Jul 2026 20:35:25 GMT"
s3://sales-analytics-raw-aqib-test/lead_activities_raw/load_type=full/lead_activities_raw_20260707_203525_part_00202.json,40983529,176189a686cd715146b614714d37aa10,"Tue, 7 Jul 2026 20:35:27 GMT"
s3://sales-analytics-raw-aqib-test/lead_activities_raw/load_type=full/lead_activities_raw_20260707_203527_part_00203.json,40938967,06af1ae873e7227807809d534547cfea,"Tue, 7 Jul 2026 20:35:28 GMT"
s3://sales-analytics-raw-aqib-test/lead_activities_raw/load_type=full/lead_activities_raw_20260707_203528_part_00204.json,40352260,5c70c03799b5d6c36842226e98c0ecda,"Tue, 7 Jul 2026 20:35:30 GMT"
s3://sales-analytics-raw-aqib-test/lead_activities_raw/load_type=full/lead_activities_raw_20260707_203530_part_00205.json,41284553,0559efa8cd65cd370777b921aa5e4f5c,"Tue, 7 Jul 2026 20:35:32 GMT"
s3://sales-analytics-raw-aqib-test/lead_activities_raw/load_type=full/lead_activities_raw_20260707_203532_part_00206.json,40002882,133c6ffee35860084feb4320de5c30b4,"Tue, 7 Jul 2026 20:35:33 GMT"
s3://sales-analytics-raw-aqib-test/lead_activities_raw/load_type=full/lead_activities_raw_20260707_203533_part_00207.json,40595252,cdd3b152bdc0bf5eb2ede92e9c9ba622,"Tue, 7 Jul 2026 20:35:35 GMT"
s3://sales-analytics-raw-aqib-test/lead_activities_raw/load_type=full/lead_activities_raw_20260707_203535_part_00208.json,40916721,12225a2b5dc76830d7c33430c73cacf3,"Tue, 7 Jul 2026 20:35:36 GMT"
s3://sales-analytics-raw-aqib-test/lead_activities_raw/load_type=full/lead_activities_raw_20260707_203536_part_00209.json,42199240,84625c6b21e02b7f4486d9487eae6246,"Tue, 7 Jul 2026 20:35:38 GMT"
s3://sales-analytics-raw-aqib-test/lead_activities_raw/load_type=full/lead_activities_raw_20260707_203538_part_00210.json,41523693,f1e27fea44c7aabf2709ab863d7b5e71,"Tue, 7 Jul 2026 20:35:40 GMT"
s3://sales-analytics-raw-aqib-test/lead_activities_raw/load_type=full/lead_activities_raw_20260707_203540_part_00211.json,48411458,ad38c222b3011b4cde29cf090b767f57,"Tue, 7 Jul 2026 20:35:41 GMT"
s3://sales-analytics-raw-aqib-test/lead_activities_raw/load_type=full/lead_activities_raw_20260707_203541_part_00212.json,47222211,6427eb24613a98386dd4e1557a0c81f7,"Tue, 7 Jul 2026 20:35:43 GMT"
s3://sales-analytics-raw-aqib-test/lead_activities_raw/load_type=full/lead_activities_raw_20260707_203543_part_00213.json,43841872,335437d069611ead7354751903550f6e,"Tue, 7 Jul 2026 20:35:45 GMT"
s3://sales-analytics-raw-aqib-test/lead_activities_raw/load_type=full/lead_activities_raw_20260707_203545_part_00214.json,44807185,3c010b222f3767dffa0a92b0cc1979ce,"Tue, 7 Jul 2026 20:35:47 GMT"
s3://sales-analytics-raw-aqib-test/lead_activities_raw/load_type=full/lead_activities_raw_20260707_203547_part_00215.json,45412029,f7f0438d7d20732659037fae77ca7db8,"Tue, 7 Jul 2026 20:35:48 GMT"
s3://sales-analytics-raw-aqib-test/lead_activities_raw/load_type=full/lead_activities_raw_20260707_203549_part_00216.json,50562902,f2cccb7cea7a14af7d8747e8c58a302d,"Tue, 7 Jul 2026 20:35:50 GMT"
s3://sales-analytics-raw-aqib-test/lead_activities_raw/load_type=full/lead_activities_raw_20260707_203551_part_00217.json,45672200,86021402ecba94f8b5b025779c081fdd,"Tue, 7 Jul 2026 20:35:52 GMT"
s3://sales-analytics-raw-aqib-test/lead_activities_raw/load_type=full/lead_activities_raw_20260707_203552_part_00218.json,44179132,5dbabe6df5189289bf41aeac8b253070,"Tue, 7 Jul 2026 20:35:54 GMT"
s3://sales-analytics-raw-aqib-test/lead_activities_raw/load_type=full/lead_activities_raw_20260707_203554_part_00219.json,52178341,082e375b6150378ce7d9f57f18474172,"Tue, 7 Jul 2026 20:35:56 GMT"
s3://sales-analytics-raw-aqib-test/lead_activities_raw/load_type=full/lead_activities_raw_20260707_203556_part_00220.json,53669285,b724a3d23dde83b7f6d2c161a3b48f77,"Tue, 7 Jul 2026 20:35:58 GMT"
s3://sales-analytics-raw-aqib-test/lead_activities_raw/load_type=full/lead_activities_raw_20260707_203559_part_00221.json,56260321,99c2c75f8b7d8f5c544f8f4934198d83,"Tue, 7 Jul 2026 20:36:00 GMT"
s3://sales-analytics-raw-aqib-test/lead_activities_raw/load_type=full/lead_activities_raw_20260707_203601_part_00222.json,39277142,2b5f965ca2f6d7773ba3dea87e8e4380,"Tue, 7 Jul 2026 20:36:02 GMT"
s3://sales-analytics-raw-aqib-test/lead_activities_raw/load_type=full/load_date=2026-06-14/lead_activities_raw_20260614_195618_part_00001.json,47776857,f6e686a62390161037fab894fd67832c,"Sun, 14 Jun 2026 19:56:19 GMT"
s3://sales-analytics-raw-aqib-test/lead_activities_raw/load_type=full/load_date=2026-06-14/lead_activities_raw_20260614_195620_part_00002.json,47016880,da5d7312cbd0462443771e0f67dabcb2,"Sun, 14 Jun 2026 19:56:22 GMT"
s3://sales-analytics-raw-aqib-test/lead_activities_raw/load_type=full/load_date=2026-06-14/lead_activities_raw_20260614_195622_part_00003.json,48256694,4cc0f0ba4889371f2c41f71ed2750073,"Sun, 14 Jun 2026 19:56:24 GMT"
s3://sales-analytics-raw-aqib-test/lead_activities_raw/load_type=full/load_date=2026-06-14/lead_activities_raw_20260614_195624_part_00004.json,48771894,1855e89255345cc8438ab5e820f55604,"Sun, 14 Jun 2026 19:56:26 GMT"
s3://sales-analytics-raw-aqib-test/lead_activities_raw/load_type=full/load_date=2026-06-14/lead_activities_raw_20260614_195626_part_00005.json,40809947,609ecc6a8fe9541570a83e868b5e7101,"Sun, 14 Jun 2026 19:56:27 GMT"
s3://sales-analytics-raw-aqib-test/lead_activities_raw/load_type=full/load_date=2026-06-14/lead_activities_raw_20260614_195628_part_00006.json,43030788,a48b5969e33a89aae8dc27552751e979,"Sun, 14 Jun 2026 19:56:29 GMT"
s3://sales-analytics-raw-aqib-test/lead_activities_raw/load_type=full/load_date=2026-06-14/lead_activities_raw_20260614_195630_part_00007.json,40614855,31bb77c1ea6d6652dea5de39c427520f,"Sun, 14 Jun 2026 19:56:31 GMT"
s3://sales-analytics-raw-aqib-test/lead_activities_raw/load_type=full/load_date=2026-06-14/lead_activities_raw_20260614_195631_part_00008.json,36610134,f63cc4cf9e0d6a1a3cac58df21acf225,"Sun, 14 Jun 2026 19:56:33 GMT"
s3://sales-analytics-raw-aqib-test/lead_activities_raw/load_type=full/load_date=2026-06-14/lead_activities_raw_20260614_195633_part_00009.json,39595116,107ee6dd8a0142fcb36896689f080535,"Sun, 14 Jun 2026 19:56:34 GMT"
s3://sales-analytics-raw-aqib-test/lead_activities_raw/load_type=full/load_date=2026-06-14/lead_activities_raw_20260614_195634_part_00010.json,36879210,8292a8ddd96310978a4bf4c888357084,"Sun, 14 Jun 2026 19:56:36 GMT"
s3://sales-analytics-raw-aqib-test/lead_activities_raw/load_type=full/load_date=2026-06-14/lead_activities_raw_20260614_195636_part_00011.json,38635468,ab9429ca860af3f4e77e03da2a710066,"Sun, 14 Jun 2026 19:56:38 GMT"
s3://sales-analytics-raw-aqib-test/lead_activities_raw/load_type=full/load_date=2026-06-14/lead_activities_raw_20260614_195638_part_00012.json,37589109,1a3b669f87f0fa54a47a078543d72bd9,"Sun, 14 Jun 2026 19:56:39 GMT"
s3://sales-analytics-raw-aqib-test/lead_activities_raw/load_type=full/load_date=2026-06-14/lead_activities_raw_20260614_195639_part_00013.json,36398192,9bd35c917271ed04aa1bc87b1ebe2bd5,"Sun, 14 Jun 2026 19:56:41 GMT"
s3://sales-analytics-raw-aqib-test/lead_activities_raw/load_type=full/load_date=2026-06-14/lead_activities_raw_20260614_195641_part_00014.json,38601901,d79e9de3638e4320bf77ead0d997cf34,"Sun, 14 Jun 2026 19:56:42 GMT"
s3://sales-analytics-raw-aqib-test/lead_activities_raw/load_type=full/load_date=2026-06-14/lead_activities_raw_20260614_195642_part_00015.json,39165330,ec33662181441fbd18f2294e15b6d904,"Sun, 14 Jun 2026 19:56:44 GMT"
s3://sales-analytics-raw-aqib-test/lead_activities_raw/load_type=full/load_date=2026-06-14/lead_activities_raw_20260614_195644_part_00016.json,38953373,09ca80b601b8c8526bd22a33a5496453,"Sun, 14 Jun 2026 19:56:46 GMT"
s3://sales-analytics-raw-aqib-test/lead_activities_raw/load_type=full/load_date=2026-06-14/lead_activities_raw_20260614_195646_part_00017.json,36675697,0f2bfb0df6c0e3edbc73783426d6d7fe,"Sun, 14 Jun 2026 19:56:47 GMT"
s3://sales-analytics-raw-aqib-test/lead_activities_raw/load_type=full/load_date=2026-06-14/lead_activities_raw_20260614_195647_part_00018.json,38826895,d95619837c4a480c200d1d03ba0b7e2b,"Sun, 14 Jun 2026 19:56:49 GMT"
s3://sales-analytics-raw-aqib-test/lead_activities_raw/load_type=full/load_date=2026-06-14/lead_activities_raw_20260614_195649_part_00019.json,37029769,a7051c5c8c26904aaa71c72599ec6ed9,"Sun, 14 Jun 2026 19:56:50 GMT"
s3://sales-analytics-raw-aqib-test/lead_activities_raw/load_type=full/load_date=2026-06-14/lead_activities_raw_20260614_195650_part_00020.json,36994035,0ec54782cd0f6ec35d5fd3cfe891f8e8,"Sun, 14 Jun 2026 19:56:52 GMT"
s3://sales-analytics-raw-aqib-test/lead_activities_raw/load_type=full/load_date=2026-06-14/lead_activities_raw_20260614_195652_part_00021.json,38863503,e032da8490290819ebf45215cfb66abd,"Sun, 14 Jun 2026 19:56:53 GMT"
s3://sales-analytics-raw-aqib-test/lead_activities_raw/load_type=full/load_date=2026-06-14/lead_activities_raw_20260614_195654_part_00022.json,37523197,6537ded0c35b81b292bf6cdd2ec88281,"Sun, 14 Jun 2026 19:56:55 GMT"
s3://sales-analytics-raw-aqib-test/lead_activities_raw/load_type=full/load_date=2026-06-14/lead_activities_raw_20260614_195655_part_00023.json,38668030,ee367650d999f642073ab6527754eda6,"Sun, 14 Jun 2026 19:56:57 GMT"
s3://sales-analytics-raw-aqib-test/lead_activities_raw/load_type=full/load_date=2026-06-14/lead_activities_raw_20260614_195657_part_00024.json,40222496,5dca5ed93e629e87652fb7d36a5249d4,"Sun, 14 Jun 2026 19:56:58 GMT"
s3://sales-analytics-raw-aqib-test/lead_activities_raw/load_type=full/load_date=2026-06-14/lead_activities_raw_20260614_195658_part_00025.json,35126406,e1d074e79ff317656e5e7485d1260355,"Sun, 14 Jun 2026 19:57:00 GMT"
s3://sales-analytics-raw-aqib-test/lead_activities_raw/load_type=full/load_date=2026-06-14/lead_activities_raw_20260614_195700_part_00026.json,38329632,76f65b344e97a80ecae5b778816605a8,"Sun, 14 Jun 2026 19:57:01 GMT"
s3://sales-analytics-raw-aqib-test/lead_activities_raw/load_type=full/load_date=2026-06-14/lead_activities_raw_20260614_195702_part_00027.json,38156164,131fc3c069505e74b3e87a6e1d30dec1,"Sun, 14 Jun 2026 19:57:03 GMT"
s3://sales-analytics-raw-aqib-test/lead_activities_raw/load_type=full/load_date=2026-06-14/lead_activities_raw_20260614_195703_part_00028.json,36532530,7671c0decc8ad3501f5d1b7c00d317f9,"Sun, 14 Jun 2026 19:57:05 GMT"
s3://sales-analytics-raw-aqib-test/lead_activities_raw/load_type=full/load_date=2026-06-14/lead_activities_raw_20260614_195705_part_00029.json,36581171,c23e6560266204bf6677f7ce1ee2ccbb,"Sun, 14 Jun 2026 19:57:06 GMT"
s3://sales-analytics-raw-aqib-test/lead_activities_raw/load_type=full/load_date=2026-06-14/lead_activities_raw_20260614_195706_part_00030.json,36856248,e8e64bec9d62fe1eb68e4dc38e5c516e,"Sun, 14 Jun 2026 19:57:08 GMT"
s3://sales-analytics-raw-aqib-test/lead_activities_raw/load_type=full/load_date=2026-06-14/lead_activities_raw_20260614_195708_part_00031.json,40604972,d7d38fd75e1234dfcd3d4ad01e821357,"Sun, 14 Jun 2026 19:57:10 GMT"
s3://sales-analytics-raw-aqib-test/lead_activities_raw/load_type=full/load_date=2026-06-14/lead_activities_raw_20260614_195710_part_00032.json,37115712,fd6b114595a7c00eca78dabb7a16c2ce,"Sun, 14 Jun 2026 19:57:11 GMT"
s3://sales-analytics-raw-aqib-test/lead_activities_raw/load_type=full/load_date=2026-06-14/lead_activities_raw_20260614_195711_part_00033.json,38937363,84f1c64bc2f6e7312e59ee49fa409f1a,"Sun, 14 Jun 2026 19:57:13 GMT"
s3://sales-analytics-raw-aqib-test/lead_activities_raw/load_type=full/load_date=2026-06-14/lead_activities_raw_20260614_195713_part_00034.json,41162051,c9c4dc43ce33a50a584a4b5c53272cf7,"Sun, 14 Jun 2026 19:57:15 GMT"
s3://sales-analytics-raw-aqib-test/lead_activities_raw/load_type=full/load_date=2026-06-14/lead_activities_raw_20260614_195715_part_00035.json,38973442,c5dc60227dc78058691dfa6fad604f61,"Sun, 14 Jun 2026 19:57:16 GMT"
s3://sales-analytics-raw-aqib-test/lead_activities_raw/load_type=full/load_date=2026-06-14/lead_activities_raw_20260614_195717_part_00036.json,37582593,a6ba71592399cf082d50818962f84f18,"Sun, 14 Jun 2026 19:57:18 GMT"
s3://sales-analytics-raw-aqib-test/lead_activities_raw/load_type=full/load_date=2026-06-14/lead_activities_raw_20260614_195718_part_00037.json,31622465,cb14812ba22d548e4e641165467099d8,"Sun, 14 Jun 2026 19:57:19 GMT"
s3://sales-analytics-raw-aqib-test/lead_activities_raw/load_type=full/load_date=2026-06-14/lead_activities_raw_20260614_195719_part_00038.json,32835718,98375e4800c9dc62a507952c4369cf86,"Sun, 14 Jun 2026 19:57:21 GMT"
s3://sales-analytics-raw-aqib-test/lead_activities_raw/load_type=full/load_date=2026-06-14/lead_activities_raw_20260614_195721_part_00039.json,33240694,2a713a83444be6c58767431ea564529f,"Sun, 14 Jun 2026 19:57:22 GMT"
s3://sales-analytics-raw-aqib-test/lead_activities_raw/load_type=full/load_date=2026-06-14/lead_activities_raw_20260614_195722_part_00040.json,32846931,322ef62d8eb9882a8c14d0f08cbc3078,"Sun, 14 Jun 2026 19:57:24 GMT"
s3://sales-analytics-raw-aqib-test/lead_activities_raw/load_type=full/load_date=2026-06-14/lead_activities_raw_20260614_195724_part_00041.json,33896251,cf141b24a4090dd547b3ca2ebf9b4fd0,"Sun, 14 Jun 2026 19:57:25 GMT"
s3://sales-analytics-raw-aqib-test/lead_activities_raw/load_type=full/load_date=2026-06-14/lead_activities_raw_20260614_195725_part_00042.json,34431598,43b07087b31fe14e13626b2312992181,"Sun, 14 Jun 2026 19:57:26 GMT"
s3://sales-analytics-raw-aqib-test/lead_activities_raw/load_type=full/load_date=2026-06-14/lead_activities_raw_20260614_195727_part_00043.json,35589788,d844ab37377e348be88bd6584551d40e,"Sun, 14 Jun 2026 19:57:28 GMT"
s3://sales-analytics-raw-aqib-test/lead_activities_raw/load_type=full/load_date=2026-06-14/lead_activities_raw_20260614_195728_part_00044.json,32445453,a55bb76f6279592ad7c0dfa6a21c5d90,"Sun, 14 Jun 2026 19:57:29 GMT"
s3://sales-analytics-raw-aqib-test/lead_activities_raw/load_type=full/load_date=2026-06-14/lead_activities_raw_20260614_195729_part_00045.json,31687191,d19019272d3f3016d9a9ae557f82851e,"Sun, 14 Jun 2026 19:57:31 GMT"
s3://sales-analytics-raw-aqib-test/lead_activities_raw/load_type=full/load_date=2026-06-14/lead_activities_raw_20260614_195731_part_00046.json,32647055,935682178d5dfc87f2894e3bc44010d6,"Sun, 14 Jun 2026 19:57:32 GMT"
s3://sales-analytics-raw-aqib-test/lead_activities_raw/load_type=full/load_date=2026-06-14/lead_activities_raw_20260614_195732_part_00047.json,34372054,959816ed58970fe92d2e5146d9a3f8d7,"Sun, 14 Jun 2026 19:57:33 GMT"
s3://sales-analytics-raw-aqib-test/lead_activities_raw/load_type=full/load_date=2026-06-14/lead_activities_raw_20260614_195733_part_00048.json,31860855,70ee739bbb4beaf82db3aa7fc7245904,"Sun, 14 Jun 2026 19:57:35 GMT"
s3://sales-analytics-raw-aqib-test/lead_activities_raw/load_type=full/load_date=2026-06-14/lead_activities_raw_20260614_195735_part_00049.json,35362482,36277c62b9aa6789ac77ac2ac2e9ff9b,"Sun, 14 Jun 2026 19:57:36 GMT"
s3://sales-analytics-raw-aqib-test/lead_activities_raw/load_type=full/load_date=2026-06-14/lead_activities_raw_20260614_195736_part_00050.json,31846027,bed3c06a455972effdb25ed2f53b5419,"Sun, 14 Jun 2026 19:57:38 GMT"
s3://sales-analytics-raw-aqib-test/lead_activities_raw/load_type=full/load_date=2026-06-14/lead_activities_raw_20260614_195737_part_00051.json,32811302,85caf96b87bcfc9080ede0c6108d52cd,"Sun, 14 Jun 2026 19:57:39 GMT"
s3://sales-analytics-raw-aqib-test/lead_activities_raw/load_type=full/load_date=2026-06-14/lead_activities_raw_20260614_195739_part_00052.json,33147629,b502de80fd0a87dba40b62c6ea5b8da7,"Sun, 14 Jun 2026 19:57:40 GMT"
s3://sales-analytics-raw-aqib-test/lead_activities_raw/load_type=full/load_date=2026-06-14/lead_activities_raw_20260614_195740_part_00053.json,35278258,1b7e88183fc98d6fc2e0038da06a5583,"Sun, 14 Jun 2026 19:57:42 GMT"
s3://sales-analytics-raw-aqib-test/lead_activities_raw/load_type=full/load_date=2026-06-14/lead_activities_raw_20260614_195742_part_00054.json,33945174,5195280939ddabfae5a6f28219aee25f,"Sun, 14 Jun 2026 19:57:43 GMT"
s3://sales-analytics-raw-aqib-test/lead_activities_raw/load_type=full/load_date=2026-06-14/lead_activities_raw_20260614_195743_part_00055.json,38306841,1b0552c63b461f60bfbe473c3850a5a6,"Sun, 14 Jun 2026 19:57:45 GMT"
s3://sales-analytics-raw-aqib-test/lead_activities_raw/load_type=full/load_date=2026-06-14/lead_activities_raw_20260614_195745_part_00056.json,37549009,3fba427828b7720bad3d3a415ed6071c,"Sun, 14 Jun 2026 19:57:46 GMT"
s3://sales-analytics-raw-aqib-test/lead_activities_raw/load_type=full/load_date=2026-06-14/lead_activities_raw_20260614_195747_part_00057.json,38313555,4778a75a915e498e60327fcdaeca0756,"Sun, 14 Jun 2026 19:57:48 GMT"
s3://sales-analytics-raw-aqib-test/lead_activities_raw/load_type=full/load_date=2026-06-14/lead_activities_raw_20260614_195748_part_00058.json,37821355,07af285d73ccb586999091b384e2b1c9,"Sun, 14 Jun 2026 19:57:50 GMT"
s3://sales-analytics-raw-aqib-test/lead_activities_raw/load_type=full/load_date=2026-06-14/lead_activities_raw_20260614_195750_part_00059.json,40980635,8079b583f117ff6ff025ae7ae795d410,"Sun, 14 Jun 2026 19:57:51 GMT"
s3://sales-analytics-raw-aqib-test/lead_activities_raw/load_type=full/load_date=2026-06-14/lead_activities_raw_20260614_195751_part_00060.json,38088759,04d309ddd5fa83e1f897ba5b41ab2824,"Sun, 14 Jun 2026 19:57:53 GMT"
s3://sales-analytics-raw-aqib-test/lead_activities_raw/load_type=full/load_date=2026-06-14/lead_activities_raw_20260614_195753_part_00061.json,38594021,4f0a0edab236f5169f409fe69fc0237a,"Sun, 14 Jun 2026 19:57:54 GMT"
s3://sales-analytics-raw-aqib-test/lead_activities_raw/load_type=full/load_date=2026-06-14/lead_activities_raw_20260614_195755_part_00062.json,38503975,92adb011d6ca054ffd980ac64cd58f08,"Sun, 14 Jun 2026 19:57:56 GMT"
s3://sales-analytics-raw-aqib-test/lead_activities_raw/load_type=full/load_date=2026-06-14/lead_activities_raw_20260614_195756_part_00063.json,37186572,486429c2e4e415cf3559c639f89db64b,"Sun, 14 Jun 2026 19:57:58 GMT"
s3://sales-analytics-raw-aqib-test/lead_activities_raw/load_type=full/load_date=2026-06-14/lead_activities_raw_20260614_195758_part_00064.json,39271877,d1712b2f51c356dcc7a4289ef863cc22,"Sun, 14 Jun 2026 19:57:59 GMT"
s3://sales-analytics-raw-aqib-test/lead_activities_raw/load_type=full/load_date=2026-06-14/lead_activities_raw_20260614_195759_part_00065.json,34747662,f13caf8efb9447a4f42febefdcd571e3,"Sun, 14 Jun 2026 19:58:01 GMT"
s3://sales-analytics-raw-aqib-test/lead_activities_raw/load_type=full/load_date=2026-06-14/lead_activities_raw_20260614_195801_part_00066.json,34267008,2c11eba51f7e0fd9ee3ae6f3dea0bc82,"Sun, 14 Jun 2026 19:58:02 GMT"
s3://sales-analytics-raw-aqib-test/lead_activities_raw/load_type=full/load_date=2026-06-14/lead_activities_raw_20260614_195802_part_00067.json,34684412,9fba8d2c7f1b767045b7042964a77942,"Sun, 14 Jun 2026 19:58:04 GMT"
s3://sales-analytics-raw-aqib-test/lead_activities_raw/load_type=full/load_date=2026-06-14/lead_activities_raw_20260614_195804_part_00068.json,36471713,2f23cc4173dfd5844215d8feab3afb46,"Sun, 14 Jun 2026 19:58:05 GMT"
s3://sales-analytics-raw-aqib-test/lead_activities_raw/load_type=full/load_date=2026-06-14/lead_activities_raw_20260614_195805_part_00069.json,35366928,a9602b825ee67ca293f8e40108974fcd,"Sun, 14 Jun 2026 19:58:07 GMT"
s3://sales-analytics-raw-aqib-test/lead_activities_raw/load_type=full/load_date=2026-06-14/lead_activities_raw_20260614_195807_part_00070.json,33463119,7669feb115f6097ae9174129b9cb04aa,"Sun, 14 Jun 2026 19:58:08 GMT"
s3://sales-analytics-raw-aqib-test/lead_activities_raw/load_type=full/load_date=2026-06-14/lead_activities_raw_20260614_195808_part_00071.json,34852401,dcc5d7b58f10d1568735cbb9ed6d31a5,"Sun, 14 Jun 2026 19:58:10 GMT"
s3://sales-analytics-raw-aqib-test/lead_activities_raw/load_type=full/load_date=2026-06-14/lead_activities_raw_20260614_195810_part_00072.json,34338145,38c317c5363fb32e3e0a41666c7bf224,"Sun, 14 Jun 2026 19:58:11 GMT"
s3://sales-analytics-raw-aqib-test/lead_activities_raw/load_type=full/load_date=2026-06-14/lead_activities_raw_20260614_195811_part_00073.json,31027534,7aafc5c9f21cee02156aa9366a819df9,"Sun, 14 Jun 2026 19:58:12 GMT"
s3://sales-analytics-raw-aqib-test/lead_activities_raw/load_type=full/load_date=2026-06-14/lead_activities_raw_20260614_195812_part_00074.json,36309429,45dc0d0583fa717dd6ab7527abb174b1,"Sun, 14 Jun 2026 19:58:14 GMT"
s3://sales-analytics-raw-aqib-test/lead_activities_raw/load_type=full/load_date=2026-06-14/lead_activities_raw_20260614_195814_part_00075.json,35306046,8e0192445db4ede54a5ad23c5acd09f4,"Sun, 14 Jun 2026 19:58:15 GMT"
s3://sales-analytics-raw-aqib-test/lead_activities_raw/load_type=full/load_date=2026-06-14/lead_activities_raw_20260614_195815_part_00076.json,32609468,17592a77cdb28dbc13e4049d6341e6b1,"Sun, 14 Jun 2026 19:58:17 GMT"
s3://sales-analytics-raw-aqib-test/lead_activities_raw/load_type=full/load_date=2026-06-14/lead_activities_raw_20260614_195817_part_00077.json,32796271,88d9780e08eb72f5e11f92aa3e9457af,"Sun, 14 Jun 2026 19:58:18 GMT"
s3://sales-analytics-raw-aqib-test/lead_activities_raw/load_type=full/load_date=2026-06-14/lead_activities_raw_20260614_195818_part_00078.json,33910919,db52d3ed7e1c0b9fa388825f0a7c01bb,"Sun, 14 Jun 2026 19:58:19 GMT"
s3://sales-analytics-raw-aqib-test/lead_activities_raw/load_type=full/load_date=2026-06-14/lead_activities_raw_20260614_195820_part_00079.json,40741985,1078ec34d3c474aa9057841a011dd5ec,"Sun, 14 Jun 2026 19:58:21 GMT"
s3://sales-analytics-raw-aqib-test/lead_activities_raw/load_type=full/load_date=2026-06-14/lead_activities_raw_20260614_195821_part_00080.json,34663850,e886d8b0bd997cd1190983e423cda014,"Sun, 14 Jun 2026 19:58:23 GMT"
s3://sales-analytics-raw-aqib-test/lead_activities_raw/load_type=full/load_date=2026-06-14/lead_activities_raw_20260614_195823_part_00081.json,34551192,f2143a32e5fc60979373541bdba09ced,"Sun, 14 Jun 2026 19:58:24 GMT"
s3://sales-analytics-raw-aqib-test/lead_activities_raw/load_type=full/load_date=2026-06-14/lead_activities_raw_20260614_195824_part_00082.json,37411526,8c94f4c2593c37c2f6d7e23ea9741f3d,"Sun, 14 Jun 2026 19:58:26 GMT"
s3://sales-analytics-raw-aqib-test/lead_activities_raw/load_type=full/load_date=2026-06-14/lead_activities_raw_20260614_195826_part_00083.json,36928132,cf3ff8260f97e9e81ff7b4668529b93d,"Sun, 14 Jun 2026 19:58:27 GMT"
s3://sales-analytics-raw-aqib-test/lead_activities_raw/load_type=full/load_date=2026-06-14/lead_activities_raw_20260614_195827_part_00084.json,35038112,1c34589eff30f731398e53a5fff57529,"Sun, 14 Jun 2026 19:58:28 GMT"
s3://sales-analytics-raw-aqib-test/lead_activities_raw/load_type=full/load_date=2026-06-14/lead_activities_raw_20260614_195829_part_00085.json,37367071,6c044135a4d6cf791c183c99915ea7a2,"Sun, 14 Jun 2026 19:58:30 GMT"
s3://sales-analytics-raw-aqib-test/lead_activities_raw/load_type=full/load_date=2026-06-14/lead_activities_raw_20260614_195830_part_00086.json,36306366,025eda1815d582518a4ddec825c92e85,"Sun, 14 Jun 2026 19:58:32 GMT"
s3://sales-analytics-raw-aqib-test/lead_activities_raw/load_type=full/load_date=2026-06-14/lead_activities_raw_20260614_195832_part_00087.json,37430183,fb72299cc64648c1baea14abbddbff95,"Sun, 14 Jun 2026 19:58:33 GMT"
s3://sales-analytics-raw-aqib-test/lead_activities_raw/load_type=full/load_date=2026-06-14/lead_activities_raw_20260614_195833_part_00088.json,37837186,19590d58cd096ba71739cbdd6ba04ff6,"Sun, 14 Jun 2026 19:58:35 GMT"
s3://sales-analytics-raw-aqib-test/lead_activities_raw/load_type=full/load_date=2026-06-14/lead_activities_raw_20260614_195835_part_00089.json,35994822,91c0cac5bf75fcdd3e87056c28bf5731,"Sun, 14 Jun 2026 19:58:36 GMT"
s3://sales-analytics-raw-aqib-test/lead_activities_raw/load_type=full/load_date=2026-06-14/lead_activities_raw_20260614_195836_part_00090.json,36213889,7d3578ad07f1891edb8241efa24a4e78,"Sun, 14 Jun 2026 19:58:38 GMT"
s3://sales-analytics-raw-aqib-test/lead_activities_raw/load_type=full/load_date=2026-06-14/lead_activities_raw_20260614_195838_part_00091.json,34303022,b0830f7b904bd7e33a0a35b13d56c7ce,"Sun, 14 Jun 2026 19:58:39 GMT"
s3://sales-analytics-raw-aqib-test/lead_activities_raw/load_type=full/load_date=2026-06-14/lead_activities_raw_20260614_195839_part_00092.json,37359963,0db093bb2aa44ab0606a69f98a12bdba,"Sun, 14 Jun 2026 19:58:41 GMT"
s3://sales-analytics-raw-aqib-test/lead_activities_raw/load_type=full/load_date=2026-06-14/lead_activities_raw_20260614_195841_part_00093.json,37613886,f51cc81593c559f5639f9b155831b848,"Sun, 14 Jun 2026 19:58:42 GMT"
s3://sales-analytics-raw-aqib-test/lead_activities_raw/load_type=full/load_date=2026-06-14/lead_activities_raw_20260614_195842_part_00094.json,39871742,02d98617351517c7ec71eccb2e2ddbef,"Sun, 14 Jun 2026 19:58:44 GMT"
s3://sales-analytics-raw-aqib-test/lead_activities_raw/load_type=full/load_date=2026-06-14/lead_activities_raw_20260614_195844_part_00095.json,44560621,d70e0ff3bab36503281645408d17284b,"Sun, 14 Jun 2026 19:58:46 GMT"
s3://sales-analytics-raw-aqib-test/lead_activities_raw/load_type=full/load_date=2026-06-14/lead_activities_raw_20260614_195846_part_00096.json,44033245,3f25c484f04cc7942c6068831763ea8f,"Sun, 14 Jun 2026 19:58:48 GMT"
s3://sales-analytics-raw-aqib-test/lead_activities_raw/load_type=full/load_date=2026-06-14/lead_activities_raw_20260614_195848_part_00097.json,45043162,160e6529dfef844ab7d373f7391216e6,"Sun, 14 Jun 2026 19:58:49 GMT"
s3://sales-analytics-raw-aqib-test/lead_activities_raw/load_type=full/load_date=2026-06-14/lead_activities_raw_20260614_195850_part_00098.json,46715382,d338aced7fbb305af2f840b984f9c6ad,"Sun, 14 Jun 2026 19:58:51 GMT"
s3://sales-analytics-raw-aqib-test/lead_activities_raw/load_type=full/load_date=2026-06-14/lead_activities_raw_20260614_195852_part_00099.json,42851716,2819ab871cc1de419936a681ee750fcd,"Sun, 14 Jun 2026 19:58:53 GMT"
s3://sales-analytics-raw-aqib-test/lead_activities_raw/load_type=full/load_date=2026-06-14/lead_activities_raw_20260614_195853_part_00100.json,41484688,d9197c6a0d952847df7129c27b03ff64,"Sun, 14 Jun 2026 19:58:55 GMT"
s3://sales-analytics-raw-aqib-test/lead_activities_raw/load_type=full/load_date=2026-06-14/lead_activities_raw_20260614_195855_part_00101.json,45340942,9b81a61e89d5238bc89f44c08bd805f3,"Sun, 14 Jun 2026 19:58:57 GMT"
s3://sales-analytics-raw-aqib-test/lead_activities_raw/load_type=full/load_date=2026-06-14/lead_activities_raw_20260614_195857_part_00102.json,42393366,e808b2da2eca5615f623699f26c9bfa0,"Sun, 14 Jun 2026 19:58:59 GMT"
s3://sales-analytics-raw-aqib-test/lead_activities_raw/load_type=full/load_date=2026-06-14/lead_activities_raw_20260614_195859_part_00103.json,45866003,3d89f232733897ccd34432c1a6bf12a9,"Sun, 14 Jun 2026 19:59:00 GMT"
s3://sales-analytics-raw-aqib-test/lead_activities_raw/load_type=full/load_date=2026-06-14/lead_activities_raw_20260614_195901_part_00104.json,38810548,693d0532d5fac92149af90b63172d018,"Sun, 14 Jun 2026 19:59:02 GMT"
s3://sales-analytics-raw-aqib-test/lead_activities_raw/load_type=full/load_date=2026-06-14/lead_activities_raw_20260614_195902_part_00105.json,41339483,8ad0890715e2af81bdd0f2d6e0978d60,"Sun, 14 Jun 2026 19:59:04 GMT"
s3://sales-analytics-raw-aqib-test/lead_activities_raw/load_type=full/load_date=2026-06-14/lead_activities_raw_20260614_195904_part_00106.json,39990422,bb7db814406beac5772d69ff48b22f03,"Sun, 14 Jun 2026 19:59:06 GMT"
s3://sales-analytics-raw-aqib-test/lead_activities_raw/load_type=full/load_date=2026-06-14/lead_activities_raw_20260614_195906_part_00107.json,38741575,ea75f1357caa48fa15cef25f518a1449,"Sun, 14 Jun 2026 19:59:07 GMT"
s3://sales-analytics-raw-aqib-test/lead_activities_raw/load_type=full/load_date=2026-06-14/lead_activities_raw_20260614_195907_part_00108.json,41346255,d7e9d790632f869fe0881da5cbffe334,"Sun, 14 Jun 2026 19:59:09 GMT"
s3://sales-analytics-raw-aqib-test/lead_activities_raw/load_type=full/load_date=2026-06-14/lead_activities_raw_20260614_195909_part_00109.json,40360043,f288973fe9aeb86f7c9bf80c4bd89551,"Sun, 14 Jun 2026 19:59:11 GMT"
s3://sales-analytics-raw-aqib-test/lead_activities_raw/load_type=full/load_date=2026-06-14/lead_activities_raw_20260614_195911_part_00110.json,41859504,6e7f24f3b6c1b1acda27e76694cf258e,"Sun, 14 Jun 2026 19:59:12 GMT"
s3://sales-analytics-raw-aqib-test/lead_activities_raw/load_type=full/load_date=2026-06-14/lead_activities_raw_20260614_195913_part_00111.json,46030267,abdc0987fe873b25111f7e880da9d7cb,"Sun, 14 Jun 2026 19:59:14 GMT"
s3://sales-analytics-raw-aqib-test/lead_activities_raw/load_type=full/load_date=2026-06-14/lead_activities_raw_20260614_195915_part_00112.json,43795399,1c86d6d2ce5434544f7540e778fd6a34,"Sun, 14 Jun 2026 19:59:16 GMT"
s3://sales-analytics-raw-aqib-test/lead_activities_raw/load_type=full/load_date=2026-06-14/lead_activities_raw_20260614_195917_part_00113.json,43430205,2c79be98136e38606d4417571b057758,"Sun, 14 Jun 2026 19:59:18 GMT"
s3://sales-analytics-raw-aqib-test/lead_activities_raw/load_type=full/load_date=2026-06-14/lead_activities_raw_20260614_195919_part_00114.json,46031486,5084749a80f305b45fc513da850b0f52,"Sun, 14 Jun 2026 19:59:20 GMT"
s3://sales-analytics-raw-aqib-test/lead_activities_raw/load_type=full/load_date=2026-06-14/lead_activities_raw_20260614_195920_part_00115.json,43298488,7928b253fc9c571075b28f36ece9c587,"Sun, 14 Jun 2026 19:59:22 GMT"
s3://sales-analytics-raw-aqib-test/lead_activities_raw/load_type=full/load_date=2026-06-14/lead_activities_raw_20260614_195922_part_00116.json,49223641,23f47e2305d7f1918f306891470e4992,"Sun, 14 Jun 2026 19:59:24 GMT"
s3://sales-analytics-raw-aqib-test/lead_activities_raw/load_type=full/load_date=2026-06-14/lead_activities_raw_20260614_195925_part_00117.json,46107817,2019bc6751b3f0a8e4aa7ab15be7e7fd,"Sun, 14 Jun 2026 19:59:26 GMT"
s3://sales-analytics-raw-aqib-test/lead_activities_raw/load_type=full/load_date=2026-06-14/lead_activities_raw_20260614_195926_part_00118.json,42541107,48e9ca541dcc29db2783fcf5c262a0be,"Sun, 14 Jun 2026 19:59:28 GMT"
s3://sales-analytics-raw-aqib-test/lead_activities_raw/load_type=full/load_date=2026-06-14/lead_activities_raw_20260614_195928_part_00119.json,44040728,54b37df46817e43c60b5bfe886038afc,"Sun, 14 Jun 2026 19:59:30 GMT"
s3://sales-analytics-raw-aqib-test/lead_activities_raw/load_type=full/load_date=2026-06-14/lead_activities_raw_20260614_195930_part_00120.json,46468078,07589f74aa05045b5582ced408d2ac36,"Sun, 14 Jun 2026 19:59:32 GMT"
s3://sales-analytics-raw-aqib-test/lead_activities_raw/load_type=full/load_date=2026-06-14/lead_activities_raw_20260614_195932_part_00121.json,45355298,63c5d011c454a49c97060f4235438b93,"Sun, 14 Jun 2026 19:59:34 GMT"
s3://sales-analytics-raw-aqib-test/lead_activities_raw/load_type=full/load_date=2026-06-14/lead_activities_raw_20260614_195934_part_00122.json,47048959,c1cf74a77402006613829b950e3ae7c5,"Sun, 14 Jun 2026 19:59:35 GMT"
s3://sales-analytics-raw-aqib-test/lead_activities_raw/load_type=full/load_date=2026-06-14/lead_activities_raw_20260614_195936_part_00123.json,44590344,f67e85b347db6f752083abf5979a8cea,"Sun, 14 Jun 2026 19:59:37 GMT"
s3://sales-analytics-raw-aqib-test/lead_activities_raw/load_type=full/load_date=2026-06-14/lead_activities_raw_20260614_195938_part_00124.json,42559722,0b96ed2b700df5bedfefdd85e9aa2a6e,"Sun, 14 Jun 2026 19:59:39 GMT"
s3://sales-analytics-raw-aqib-test/lead_activities_raw/load_type=full/load_date=2026-06-14/lead_activities_raw_20260614_195940_part_00125.json,46426674,780c92783f717c8731216002d4a7d796,"Sun, 14 Jun 2026 19:59:41 GMT"
s3://sales-analytics-raw-aqib-test/lead_activities_raw/load_type=full/load_date=2026-06-14/lead_activities_raw_20260614_195942_part_00126.json,48835853,e773c31c58d0e4573566553f52cdfd5f,"Sun, 14 Jun 2026 19:59:43 GMT"
s3://sales-analytics-raw-aqib-test/lead_activities_raw/load_type=full/load_date=2026-06-14/lead_activities_raw_20260614_195944_part_00127.json,42112347,53620be0c6a9d3c88bec0e464a94955f,"Sun, 14 Jun 2026 19:59:45 GMT"
s3://sales-analytics-raw-aqib-test/lead_activities_raw/load_type=full/load_date=2026-06-14/lead_activities_raw_20260614_195946_part_00128.json,47181311,0846a38d3458a9d13157b9f2524169b0,"Sun, 14 Jun 2026 19:59:47 GMT"
s3://sales-analytics-raw-aqib-test/lead_activities_raw/load_type=full/load_date=2026-06-14/lead_activities_raw_20260614_195948_part_00129.json,44494767,816edeaea2fcfe53b44d16a752776a55,"Sun, 14 Jun 2026 19:59:49 GMT"
s3://sales-analytics-raw-aqib-test/lead_activities_raw/load_type=full/load_date=2026-06-14/lead_activities_raw_20260614_195949_part_00130.json,46122023,c1cb2b3568630e655461b3948becc0d5,"Sun, 14 Jun 2026 19:59:51 GMT"
s3://sales-analytics-raw-aqib-test/lead_activities_raw/load_type=full/load_date=2026-06-14/lead_activities_raw_20260614_195951_part_00131.json,43740888,e87a01072f03a193ef8c5b9586a166b6,"Sun, 14 Jun 2026 19:59:53 GMT"
s3://sales-analytics-raw-aqib-test/lead_activities_raw/load_type=full/load_date=2026-06-14/lead_activities_raw_20260614_195953_part_00132.json,46760022,5b13743d07dd5cd0eb15a40bd911873a,"Sun, 14 Jun 2026 19:59:55 GMT"
s3://sales-analytics-raw-aqib-test/lead_activities_raw/load_type=full/load_date=2026-06-14/lead_activities_raw_20260614_195955_part_00133.json,45396639,e48ab26226fe15302ce89d697f2d1a1c,"Sun, 14 Jun 2026 19:59:57 GMT"
s3://sales-analytics-raw-aqib-test/lead_activities_raw/load_type=full/load_date=2026-06-14/lead_activities_raw_20260614_195957_part_00134.json,51719022,c6e5e225cf7fdab1d0f398a1616f0140,"Sun, 14 Jun 2026 19:59:59 GMT"
s3://sales-analytics-raw-aqib-test/lead_activities_raw/load_type=full/load_date=2026-06-14/lead_activities_raw_20260614_195959_part_00135.json,46554276,de3f078504f8f2aa3885ad35f51c939f,"Sun, 14 Jun 2026 20:00:01 GMT"
s3://sales-analytics-raw-aqib-test/lead_activities_raw/load_type=full/load_date=2026-06-14/lead_activities_raw_20260614_200001_part_00136.json,45720368,36bc9aa857abf97aa14b14a9ed948062,"Sun, 14 Jun 2026 20:00:03 GMT"
s3://sales-analytics-raw-aqib-test/lead_activities_raw/load_type=full/load_date=2026-06-14/lead_activities_raw_20260614_200003_part_00137.json,46780841,acb22ab798d8f06fad544db5f070c194,"Sun, 14 Jun 2026 20:00:05 GMT"
s3://sales-analytics-raw-aqib-test/lead_activities_raw/load_type=full/load_date=2026-06-14/lead_activities_raw_20260614_200005_part_00138.json,46996517,2c5d9d8388220bab7f509b5b3f6411a4,"Sun, 14 Jun 2026 20:00:07 GMT"
s3://sales-analytics-raw-aqib-test/lead_activities_raw/load_type=full/load_date=2026-06-14/lead_activities_raw_20260614_200007_part_00139.json,48491540,b34585749acd40d2e8648f06efbe1448,"Sun, 14 Jun 2026 20:00:09 GMT"
s3://sales-analytics-raw-aqib-test/lead_activities_raw/load_type=full/load_date=2026-06-14/lead_activities_raw_20260614_200009_part_00140.json,47234255,c4ff37469b02d2dbb5a4119ee75475fd,"Sun, 14 Jun 2026 20:00:11 GMT"
s3://sales-analytics-raw-aqib-test/lead_activities_raw/load_type=full/load_date=2026-06-14/lead_activities_raw_20260614_200011_part_00141.json,45202976,1279526cd3d799017409b6503c5cafc8,"Sun, 14 Jun 2026 20:00:13 GMT"
s3://sales-analytics-raw-aqib-test/lead_activities_raw/load_type=full/load_date=2026-06-14/lead_activities_raw_20260614_200013_part_00142.json,39032528,69b01b8148d3cc2da6b208f5c33b50e1,"Sun, 14 Jun 2026 20:00:15 GMT"
s3://sales-analytics-raw-aqib-test/lead_activities_raw/load_type=full/load_date=2026-06-14/lead_activities_raw_20260614_200015_part_00143.json,41511821,6748dff2485b0dcee68dcb9f1004df2c,"Sun, 14 Jun 2026 20:00:16 GMT"
s3://sales-analytics-raw-aqib-test/lead_activities_raw/load_type=full/load_date=2026-06-14/lead_activities_raw_20260614_200017_part_00144.json,40178870,8359f73a04d4af1af503b5bdc6aeacae,"Sun, 14 Jun 2026 20:00:18 GMT"
s3://sales-analytics-raw-aqib-test/lead_activities_raw/load_type=full/load_date=2026-06-14/lead_activities_raw_20260614_200018_part_00145.json,39108761,6756550203ce44eafec17906fdcb9cc7,"Sun, 14 Jun 2026 20:00:20 GMT"
s3://sales-analytics-raw-aqib-test/lead_activities_raw/load_type=full/load_date=2026-06-14/lead_activities_raw_20260614_200020_part_00146.json,40379511,d0e75c397c775afceca0c98364f1103a,"Sun, 14 Jun 2026 20:00:21 GMT"
s3://sales-analytics-raw-aqib-test/lead_activities_raw/load_type=full/load_date=2026-06-14/lead_activities_raw_20260614_200022_part_00147.json,38014649,9def0e1c6e1887770ca908077ac8826a,"Sun, 14 Jun 2026 20:00:23 GMT"
s3://sales-analytics-raw-aqib-test/lead_activities_raw/load_type=full/load_date=2026-06-14/lead_activities_raw_20260614_200023_part_00148.json,41906324,595682952922382d60d3038d31282a90,"Sun, 14 Jun 2026 20:00:25 GMT"
s3://sales-analytics-raw-aqib-test/lead_activities_raw/load_type=full/load_date=2026-06-14/lead_activities_raw_20260614_200025_part_00149.json,35506028,51ce2a8398c9115c701cdc349a6e6627,"Sun, 14 Jun 2026 20:00:26 GMT"
s3://sales-analytics-raw-aqib-test/lead_activities_raw/load_type=full/load_date=2026-06-14/lead_activities_raw_20260614_200027_part_00150.json,42117131,9124b88e6ecd471ee85297a2006de355,"Sun, 14 Jun 2026 20:00:28 GMT"
s3://sales-analytics-raw-aqib-test/lead_activities_raw/load_type=full/load_date=2026-06-14/lead_activities_raw_20260614_200028_part_00151.json,39657401,5ca8da11f929790c694b8d0163506c2e,"Sun, 14 Jun 2026 20:00:30 GMT"
s3://sales-analytics-raw-aqib-test/lead_activities_raw/load_type=full/load_date=2026-06-14/lead_activities_raw_20260614_200030_part_00152.json,40758575,619d6ceba1b8402861f9a0be1296ec30,"Sun, 14 Jun 2026 20:00:31 GMT"
s3://sales-analytics-raw-aqib-test/lead_activities_raw/load_type=full/load_date=2026-06-14/lead_activities_raw_20260614_200032_part_00153.json,42779693,cd1b081126638e97b8ecd9124a3f5678,"Sun, 14 Jun 2026 20:00:33 GMT"
s3://sales-analytics-raw-aqib-test/lead_activities_raw/load_type=full/load_date=2026-06-14/lead_activities_raw_20260614_200034_part_00154.json,48115879,1a101ec889d32e9f593d123164984d9c,"Sun, 14 Jun 2026 20:00:35 GMT"
s3://sales-analytics-raw-aqib-test/lead_activities_raw/load_type=full/load_date=2026-06-14/lead_activities_raw_20260614_200036_part_00155.json,45810415,5d4996d36116d5211464874e953e16dc,"Sun, 14 Jun 2026 20:00:37 GMT"
s3://sales-analytics-raw-aqib-test/lead_activities_raw/load_type=full/load_date=2026-06-14/lead_activities_raw_20260614_200038_part_00156.json,43790344,435444d766f9caadd69ab2663168d06a,"Sun, 14 Jun 2026 20:00:39 GMT"
s3://sales-analytics-raw-aqib-test/lead_activities_raw/load_type=full/load_date=2026-06-14/lead_activities_raw_20260614_200040_part_00157.json,48720884,1452d873041839ec4faece288312b8e7,"Sun, 14 Jun 2026 20:00:41 GMT"
s3://sales-analytics-raw-aqib-test/lead_activities_raw/load_type=full/load_date=2026-06-14/lead_activities_raw_20260614_200042_part_00158.json,48604349,04b20bc119f1b06b24c85e898c93d665,"Sun, 14 Jun 2026 20:00:43 GMT"
s3://sales-analytics-raw-aqib-test/lead_activities_raw/load_type=full/load_date=2026-06-14/lead_activities_raw_20260614_200044_part_00159.json,54173915,c2b197568ef060399a1f99674b8ede0b,"Sun, 14 Jun 2026 20:00:45 GMT"
s3://sales-analytics-raw-aqib-test/lead_activities_raw/load_type=full/load_date=2026-06-14/lead_activities_raw_20260614_200046_part_00160.json,52689388,b8a4e8bff610f070c77d17aa0b7a226d,"Sun, 14 Jun 2026 20:00:48 GMT"
s3://sales-analytics-raw-aqib-test/lead_activities_raw/load_type=full/load_date=2026-06-14/lead_activities_raw_20260614_200048_part_00161.json,48140066,b24e631a62c40621e4aaaecf78a99d14,"Sun, 14 Jun 2026 20:00:50 GMT"
s3://sales-analytics-raw-aqib-test/lead_activities_raw/load_type=full/load_date=2026-06-14/lead_activities_raw_20260614_200050_part_00162.json,47439292,bbe7f5e6aaba2b386ca97d828fa12e5c,"Sun, 14 Jun 2026 20:00:52 GMT"
s3://sales-analytics-raw-aqib-test/lead_activities_raw/load_type=full/load_date=2026-06-14/lead_activities_raw_20260614_200053_part_00163.json,50658248,6873fcff5e50db1dcc6832d7407e9dc7,"Sun, 14 Jun 2026 20:00:54 GMT"
s3://sales-analytics-raw-aqib-test/lead_activities_raw/load_type=full/load_date=2026-06-14/lead_activities_raw_20260614_200055_part_00164.json,53200445,74f19947651addd57f917cb1cc85f6d4,"Sun, 14 Jun 2026 20:00:57 GMT"
s3://sales-analytics-raw-aqib-test/lead_activities_raw/load_type=full/load_date=2026-06-14/lead_activities_raw_20260614_200057_part_00165.json,46564975,d6db1a5c8e89982d9d6a6bd89b810993,"Sun, 14 Jun 2026 20:00:59 GMT"
s3://sales-analytics-raw-aqib-test/lead_activities_raw/load_type=full/load_date=2026-06-14/lead_activities_raw_20260614_200059_part_00166.json,51753470,10dafe69ae7fe2ec817a76f854ceee53,"Sun, 14 Jun 2026 20:01:01 GMT"
s3://sales-analytics-raw-aqib-test/lead_activities_raw/load_type=full/load_date=2026-06-14/lead_activities_raw_20260614_200101_part_00167.json,45558944,e48020214d714501515553861b5618ac,"Sun, 14 Jun 2026 20:01:03 GMT"
s3://sales-analytics-raw-aqib-test/lead_activities_raw/load_type=full/load_date=2026-06-14/lead_activities_raw_20260614_200103_part_00168.json,43994661,4ff4a61f94867966eb93d85e3fd0c000,"Sun, 14 Jun 2026 20:01:05 GMT"
s3://sales-analytics-raw-aqib-test/lead_activities_raw/load_type=full/load_date=2026-06-14/lead_activities_raw_20260614_200105_part_00169.json,44619432,d1315d80435e521a7fd6104c09584990,"Sun, 14 Jun 2026 20:01:07 GMT"
s3://sales-analytics-raw-aqib-test/lead_activities_raw/load_type=full/load_date=2026-06-14/lead_activities_raw_20260614_200107_part_00170.json,44789188,7ec217df98615337bc744c49b2214f80,"Sun, 14 Jun 2026 20:01:08 GMT"
s3://sales-analytics-raw-aqib-test/lead_activities_raw/load_type=full/load_date=2026-06-14/lead_activities_raw_20260614_200109_part_00171.json,45193278,c1486ec8910c0dadad4c16b16fbcab5b,"Sun, 14 Jun 2026 20:01:10 GMT"
s3://sales-analytics-raw-aqib-test/lead_activities_raw/load_type=full/load_date=2026-06-14/lead_activities_raw_20260614_200111_part_00172.json,46094950,22474cb41ebffa0017bcef7e7fe431a4,"Sun, 14 Jun 2026 20:01:12 GMT"
s3://sales-analytics-raw-aqib-test/lead_activities_raw/load_type=full/load_date=2026-06-14/lead_activities_raw_20260614_200113_part_00173.json,45377554,363e119c80ecf19603e81530c91b0c8d,"Sun, 14 Jun 2026 20:01:14 GMT"
s3://sales-analytics-raw-aqib-test/lead_activities_raw/load_type=full/load_date=2026-06-14/lead_activities_raw_20260614_200114_part_00174.json,36602041,f91a8f13db9aed3609e1223de5049449,"Sun, 14 Jun 2026 20:01:16 GMT"
s3://sales-analytics-raw-aqib-test/lead_activities_raw/load_type=full/load_date=2026-06-14/lead_activities_raw_20260614_200116_part_00175.json,38661113,9cc43ee003f179f1b5f8de2dc026cf24,"Sun, 14 Jun 2026 20:01:18 GMT"
s3://sales-analytics-raw-aqib-test/lead_activities_raw/load_type=full/load_date=2026-06-14/lead_activities_raw_20260614_200118_part_00176.json,37556532,d99ae019882b7318b9332a0910f1cd79,"Sun, 14 Jun 2026 20:01:19 GMT"
s3://sales-analytics-raw-aqib-test/lead_activities_raw/load_type=full/load_date=2026-06-14/lead_activities_raw_20260614_200119_part_00177.json,42205195,effb0df038ae67589c4f3aec862893ae,"Sun, 14 Jun 2026 20:01:21 GMT"
s3://sales-analytics-raw-aqib-test/lead_activities_raw/load_type=full/load_date=2026-06-14/lead_activities_raw_20260614_200121_part_00178.json,38107470,581478a298c6c79e1217d75056d7917d,"Sun, 14 Jun 2026 20:01:22 GMT"
s3://sales-analytics-raw-aqib-test/lead_activities_raw/load_type=full/load_date=2026-06-14/lead_activities_raw_20260614_200123_part_00179.json,39538955,63af9b73de95ffae65cb214d1fa23df7,"Sun, 14 Jun 2026 20:01:24 GMT"
s3://sales-analytics-raw-aqib-test/lead_activities_raw/load_type=full/load_date=2026-06-14/lead_activities_raw_20260614_200124_part_00180.json,39345426,130163b5dea13bb5fad9fcc5b053aec9,"Sun, 14 Jun 2026 20:01:26 GMT"
s3://sales-analytics-raw-aqib-test/lead_activities_raw/load_type=full/load_date=2026-06-14/lead_activities_raw_20260614_200126_part_00181.json,39265674,5d5e0477631c464ac9454d155edfa7d1,"Sun, 14 Jun 2026 20:01:28 GMT"
s3://sales-analytics-raw-aqib-test/lead_activities_raw/load_type=full/load_date=2026-06-14/lead_activities_raw_20260614_200128_part_00182.json,38354800,bd40aa15d8c09fe706fcbf008bd2df97,"Sun, 14 Jun 2026 20:01:29 GMT"
s3://sales-analytics-raw-aqib-test/lead_activities_raw/load_type=full/load_date=2026-06-14/lead_activities_raw_20260614_200129_part_00183.json,37312295,2e0a9eb6f6fc39d6458e89a3449569fb,"Sun, 14 Jun 2026 20:01:31 GMT"
s3://sales-analytics-raw-aqib-test/lead_activities_raw/load_type=full/load_date=2026-06-14/lead_activities_raw_20260614_200131_part_00184.json,41977584,59e14b276342b88cf059c7f951a2b6de,"Sun, 14 Jun 2026 20:01:32 GMT"
s3://sales-analytics-raw-aqib-test/lead_activities_raw/load_type=full/load_date=2026-06-14/lead_activities_raw_20260614_200133_part_00185.json,38689297,010316c8b26fc7dfdb1ea956b5ba94ff,"Sun, 14 Jun 2026 20:01:34 GMT"
s3://sales-analytics-raw-aqib-test/lead_activities_raw/load_type=full/load_date=2026-06-14/lead_activities_raw_20260614_200134_part_00186.json,40427056,92f5e4ac1f3168e4c136cb76d76b78d8,"Sun, 14 Jun 2026 20:01:36 GMT"
s3://sales-analytics-raw-aqib-test/lead_activities_raw/load_type=full/load_date=2026-06-14/lead_activities_raw_20260614_200136_part_00187.json,41380438,a56d9aac1d73d8acd6550c53852f0556,"Sun, 14 Jun 2026 20:01:38 GMT"
s3://sales-analytics-raw-aqib-test/lead_activities_raw/load_type=full/load_date=2026-06-14/lead_activities_raw_20260614_200138_part_00188.json,43655985,1e9f6b02fb046ffd0ec872f54c4a03e0,"Sun, 14 Jun 2026 20:01:40 GMT"
s3://sales-analytics-raw-aqib-test/lead_activities_raw/load_type=full/load_date=2026-06-14/lead_activities_raw_20260614_200140_part_00189.json,40894860,79114c102939c4227c84a2a849322c18,"Sun, 14 Jun 2026 20:01:41 GMT"
s3://sales-analytics-raw-aqib-test/lead_activities_raw/load_type=full/load_date=2026-06-14/lead_activities_raw_20260614_200141_part_00190.json,41979338,74205d38dbe7a91ca7ebc370e475ff1f,"Sun, 14 Jun 2026 20:01:43 GMT"
s3://sales-analytics-raw-aqib-test/lead_activities_raw/load_type=full/load_date=2026-06-14/lead_activities_raw_20260614_200143_part_00191.json,42421802,86561a2b29793ceb36ae5ca70865b378,"Sun, 14 Jun 2026 20:01:45 GMT"
s3://sales-analytics-raw-aqib-test/lead_activities_raw/load_type=full/load_date=2026-06-14/lead_activities_raw_20260614_200145_part_00192.json,39680959,5ad0ccce835afeb2f01d08f376086816,"Sun, 14 Jun 2026 20:01:46 GMT"
s3://sales-analytics-raw-aqib-test/lead_activities_raw/load_type=full/load_date=2026-06-14/lead_activities_raw_20260614_200147_part_00193.json,40593020,9ac79e632f35130c4c03fd524bc1c52e,"Sun, 14 Jun 2026 20:01:48 GMT"
s3://sales-analytics-raw-aqib-test/lead_activities_raw/load_type=full/load_date=2026-06-14/lead_activities_raw_20260614_200148_part_00194.json,43396125,c268185999e6d6bcf6a76d681fcd7429,"Sun, 14 Jun 2026 20:01:50 GMT"
s3://sales-analytics-raw-aqib-test/lead_activities_raw/load_type=full/load_date=2026-06-14/lead_activities_raw_20260614_200150_part_00195.json,39033233,97dfa295d2bea6aa38f9f6a678e97b77,"Sun, 14 Jun 2026 20:01:51 GMT"
s3://sales-analytics-raw-aqib-test/lead_activities_raw/load_type=full/load_date=2026-06-14/lead_activities_raw_20260614_200152_part_00196.json,40619823,cf75802ec9c9c58191d10497d0097629,"Sun, 14 Jun 2026 20:01:53 GMT"
s3://sales-analytics-raw-aqib-test/lead_activities_raw/load_type=full/load_date=2026-06-14/lead_activities_raw_20260614_200153_part_00197.json,41175220,62dbf4040786728f5555dbdd5b51aa68,"Sun, 14 Jun 2026 20:01:55 GMT"
s3://sales-analytics-raw-aqib-test/lead_activities_raw/load_type=full/load_date=2026-06-14/lead_activities_raw_20260614_200155_part_00198.json,39953756,4f25cc1894b7ec37820227651e8ef7c6,"Sun, 14 Jun 2026 20:01:56 GMT"
s3://sales-analytics-raw-aqib-test/lead_activities_raw/load_type=full/load_date=2026-06-14/lead_activities_raw_20260614_200157_part_00199.json,41854608,cb7a65df5ee295bb85485e41f82980e4,"Sun, 14 Jun 2026 20:01:58 GMT"
s3://sales-analytics-raw-aqib-test/lead_activities_raw/load_type=full/load_date=2026-06-14/lead_activities_raw_20260614_200159_part_00200.json,43255740,7816f23045b6f89a2d9b249169c4bdf3,"Sun, 14 Jun 2026 20:02:00 GMT"
s3://sales-analytics-raw-aqib-test/lead_activities_raw/load_type=full/load_date=2026-06-14/lead_activities_raw_20260614_200200_part_00201.json,44114924,b546153060f296d5f01595fde0fea094,"Sun, 14 Jun 2026 20:02:02 GMT"
s3://sales-analytics-raw-aqib-test/lead_activities_raw/load_type=full/load_date=2026-06-14/lead_activities_raw_20260614_200202_part_00202.json,43621724,1d0deb5e51a6ff1cfe53cab1780b790e,"Sun, 14 Jun 2026 20:02:04 GMT"
s3://sales-analytics-raw-aqib-test/lead_activities_raw/load_type=full/load_date=2026-06-14/lead_activities_raw_20260614_200204_part_00203.json,43459980,6d2018ff9b13fe831133195f35d10021,"Sun, 14 Jun 2026 20:02:06 GMT"
s3://sales-analytics-raw-aqib-test/lead_activities_raw/load_type=full/load_date=2026-06-14/lead_activities_raw_20260614_200206_part_00204.json,42862588,4c299632fac2b6213d4cdd7c037949ab,"Sun, 14 Jun 2026 20:02:08 GMT"
s3://sales-analytics-raw-aqib-test/lead_activities_raw/load_type=full/load_date=2026-06-14/lead_activities_raw_20260614_200208_part_00205.json,40985563,047be4a572c3355ee50eb8571933efca,"Sun, 14 Jun 2026 20:02:09 GMT"
s3://sales-analytics-raw-aqib-test/lead_activities_raw/load_type=full/load_date=2026-06-14/lead_activities_raw_20260614_200210_part_00206.json,42730511,fe5b905b7e05149390912f310bce7b98,"Sun, 14 Jun 2026 20:02:11 GMT"
s3://sales-analytics-raw-aqib-test/lead_activities_raw/load_type=full/load_date=2026-06-14/lead_activities_raw_20260614_200212_part_00207.json,43943792,5eb8b73c2aa36d5f0d2fffca3f7123e0,"Sun, 14 Jun 2026 20:02:13 GMT"
s3://sales-analytics-raw-aqib-test/lead_activities_raw/load_type=full/load_date=2026-06-14/lead_activities_raw_20260614_200213_part_00208.json,40901225,9b8bc3334f9c5d868fb6dc2e9454ce5e,"Sun, 14 Jun 2026 20:02:15 GMT"
s3://sales-analytics-raw-aqib-test/lead_activities_raw/load_type=full/load_date=2026-06-14/lead_activities_raw_20260614_200215_part_00209.json,43655015,c6f1c5d95039dbf4dee71d001b008940,"Sun, 14 Jun 2026 20:02:17 GMT"
s3://sales-analytics-raw-aqib-test/lead_activities_raw/load_type=full/load_date=2026-06-14/lead_activities_raw_20260614_200217_part_00210.json,43293893,ffd184e59bffc9c7793c9b149715cad5,"Sun, 14 Jun 2026 20:02:19 GMT"
s3://sales-analytics-raw-aqib-test/lead_activities_raw/load_type=full/load_date=2026-06-14/lead_activities_raw_20260614_200219_part_00211.json,48376299,9656f5e46f2f5367c8b784f923d72ab8,"Sun, 14 Jun 2026 20:02:20 GMT"
s3://sales-analytics-raw-aqib-test/lead_activities_raw/load_type=full/load_date=2026-06-14/lead_activities_raw_20260614_200221_part_00212.json,49526461,3220d1680377cbc95ec20de1bdd9374a,"Sun, 14 Jun 2026 20:02:23 GMT"
s3://sales-analytics-raw-aqib-test/lead_activities_raw/load_type=full/load_date=2026-06-14/lead_activities_raw_20260614_200223_part_00213.json,44273819,97540e93011a71a0d8ae261a4547e777,"Sun, 14 Jun 2026 20:02:25 GMT"
s3://sales-analytics-raw-aqib-test/lead_activities_raw/load_type=full/load_date=2026-06-14/lead_activities_raw_20260614_200225_part_00214.json,43318392,3e2f447a06e2182f1cadda36240f78a0,"Sun, 14 Jun 2026 20:02:26 GMT"
s3://sales-analytics-raw-aqib-test/lead_activities_raw/load_type=full/load_date=2026-06-14/lead_activities_raw_20260614_200227_part_00215.json,45547854,717ce6c09f4d28eb33c9bcd37d2b67a6,"Sun, 14 Jun 2026 20:02:28 GMT"
s3://sales-analytics-raw-aqib-test/lead_activities_raw/load_type=full/load_date=2026-06-14/lead_activities_raw_20260614_200229_part_00216.json,50446273,993ac1524d5e055ff7470db0258b85fb,"Sun, 14 Jun 2026 20:02:30 GMT"
s3://sales-analytics-raw-aqib-test/lead_activities_raw/load_type=full/load_date=2026-06-14/lead_activities_raw_20260614_200231_part_00217.json,44608381,41a4a1ebef5dab9b4fa84c3bef12584b,"Sun, 14 Jun 2026 20:02:32 GMT"
s3://sales-analytics-raw-aqib-test/lead_activities_raw/load_type=full/load_date=2026-06-14/lead_activities_raw_20260614_200233_part_00218.json,44127258,755f86f5a343c8fd96d0bb4ae4a50976,"Sun, 14 Jun 2026 20:02:34 GMT"
s3://sales-analytics-raw-aqib-test/lead_activities_raw/load_type=full/load_date=2026-06-14/lead_activities_raw_20260614_200235_part_00219.json,50321671,2bab6fe22840b72d24dca424be1052f6,"Sun, 14 Jun 2026 20:02:36 GMT"
s3://sales-analytics-raw-aqib-test/lead_activities_raw/load_type=full/load_date=2026-06-14/lead_activities_raw_20260614_200237_part_00220.json,57315787,44353b7e1440630d8b65d12bb4790f1e,"Sun, 14 Jun 2026 20:02:39 GMT"
s3://sales-analytics-raw-aqib-test/lead_activities_raw/load_type=full/load_date=2026-06-14/lead_activities_raw_20260614_200240_part_00221.json,52347404,b2be6c74b1f87617d453b06ba80786ae,"Sun, 14 Jun 2026 20:02:41 GMT"
s3://sales-analytics-raw-aqib-test/lead_activities_raw/load_type=full/load_date=2026-06-14/lead_activities_raw_20260614_200242_part_00222.json,55577124,6d15b85d5896452f9f7db51bb9cfc51b,"Sun, 14 Jun 2026 20:02:44 GMT"
s3://sales-analytics-raw-aqib-test/lead_activities_raw/load_type=full/load_date=2026-06-14/lead_activities_raw_20260614_200244_part_00223.json,52332744,9b978278d44f57654befb5dc182e298a,"Sun, 14 Jun 2026 20:02:46 GMT"
s3://sales-analytics-raw-aqib-test/lead_activities_raw/load_type=full/load_date=2026-06-14/lead_activities_raw_20260614_200247_part_00224.json,54428894,c52ffafa9acdca179154b5afbe044487,"Sun, 14 Jun 2026 20:02:48 GMT"
s3://sales-analytics-raw-aqib-test/lead_activities_raw/load_type=full/load_date=2026-06-14/lead_activities_raw_20260614_200249_part_00225.json,52716790,ede85a68df0bebeb928026cb4d238fc3,"Sun, 14 Jun 2026 20:02:51 GMT"
s3://sales-analytics-raw-aqib-test/lead_activities_raw/load_type=full/load_date=2026-06-14/lead_activities_raw_20260614_200251_part_00226.json,40526614,ac92f6e7b7c3b920e81b9f96ecc2f190,"Sun, 14 Jun 2026 20:02:53 GMT"
s3://sales-analytics-raw-aqib-test/lead_activities_raw/load_type=full/load_date=2026-06-14/lead_activities_raw_20260614_200253_part_00227.json,42311869,b3f7856e841ff9e62efc69e7ed78fbde,"Sun, 14 Jun 2026 20:02:54 GMT"
s3://sales-analytics-raw-aqib-test/lead_activities_raw/load_type=full/load_date=2026-06-14/lead_activities_raw_20260614_200255_part_00228.json,40684133,1f9c67d3bf8185811345e40cbdb38f0b,"Sun, 14 Jun 2026 20:02:56 GMT"
s3://sales-analytics-raw-aqib-test/lead_activities_raw/load_type=full/load_date=2026-06-14/lead_activities_raw_20260614_200256_part_00229.json,41489677,139fc95cc67fdfb92b25b1e50a58f712,"Sun, 14 Jun 2026 20:02:58 GMT"
s3://sales-analytics-raw-aqib-test/lead_activities_raw/load_type=full/load_date=2026-06-14/lead_activities_raw_20260614_200258_part_00230.json,39108356,2f90b1c47c1ee12358038e892c8743c5,"Sun, 14 Jun 2026 20:03:00 GMT"
s3://sales-analytics-raw-aqib-test/lead_activities_raw/load_type=full/load_date=2026-06-14/lead_activities_raw_20260614_200300_part_00231.json,40497141,55d49c195c42d450840e8895f4c3e326,"Sun, 14 Jun 2026 20:03:01 GMT"
s3://sales-analytics-raw-aqib-test/lead_activities_raw/load_type=full/load_date=2026-06-14/lead_activities_raw_20260614_200302_part_00232.json,45692847,a7d4375bcfe8e126cc69604b72d94f3b,"Sun, 14 Jun 2026 20:03:03 GMT"
s3://sales-analytics-raw-aqib-test/lead_activities_raw/load_type=full/load_date=2026-06-14/lead_activities_raw_20260614_200304_part_00233.json,41982159,5b0952083c8bd73611efc5e64b380c54,"Sun, 14 Jun 2026 20:03:05 GMT"
s3://sales-analytics-raw-aqib-test/lead_activities_raw/load_type=full/load_date=2026-06-14/lead_activities_raw_20260614_200305_part_00234.json,44957025,b15256fa215b3a5ce62682fc3d43b7b5,"Sun, 14 Jun 2026 20:03:07 GMT"
s3://sales-analytics-raw-aqib-test/lead_activities_raw/load_type=full/load_date=2026-06-14/lead_activities_raw_20260614_200307_part_00235.json,44108654,e3435ed844eda43581fadddcbf685f39,"Sun, 14 Jun 2026 20:03:09 GMT"
s3://sales-analytics-raw-aqib-test/lead_activities_raw/load_type=full/load_date=2026-06-14/lead_activities_raw_20260614_200309_part_00236.json,45949499,9a30b212fae9e8e32b166f920f6cb535,"Sun, 14 Jun 2026 20:03:11 GMT"
s3://sales-analytics-raw-aqib-test/lead_activities_raw/load_type=full/load_date=2026-06-14/lead_activities_raw_20260614_200311_part_00237.json,46750582,856bd8e5a91a467ba65063db18eb7829,"Sun, 14 Jun 2026 20:03:13 GMT"
s3://sales-analytics-raw-aqib-test/lead_activities_raw/load_type=full/load_date=2026-06-14/lead_activities_raw_20260614_200313_part_00238.json,45688919,940b64dd682e41c0249a936c7b0bbbfe,"Sun, 14 Jun 2026 20:03:15 GMT"
s3://sales-analytics-raw-aqib-test/lead_activities_raw/load_type=full/load_date=2026-06-14/lead_activities_raw_20260614_200315_part_00239.json,48776016,14594be2f6a6572179728c3023bc188e,"Sun, 14 Jun 2026 20:03:17 GMT"
s3://sales-analytics-raw-aqib-test/lead_activities_raw/load_type=full/load_date=2026-06-14/lead_activities_raw_20260614_200318_part_00240.json,46031881,a767d701c2d98757d57f4af90d139fba,"Sun, 14 Jun 2026 20:03:19 GMT"
s3://sales-analytics-raw-aqib-test/lead_activities_raw/load_type=full/load_date=2026-06-14/lead_activities_raw_20260614_200320_part_00241.json,52939061,4ceef729b1b41b6effa0280fe2796f7b,"Sun, 14 Jun 2026 20:03:21 GMT"
s3://sales-analytics-raw-aqib-test/lead_activities_raw/load_type=full/load_date=2026-06-14/lead_activities_raw_20260614_200322_part_00242.json,46452399,d136b0d237c703c3da9b2e08bbfe8e61,"Sun, 14 Jun 2026 20:03:24 GMT"
s3://sales-analytics-raw-aqib-test/lead_activities_raw/load_type=full/load_date=2026-06-14/lead_activities_raw_20260614_200324_part_00243.json,45687651,646d5c78e6cabc38e8c7efc065f3fe21,"Sun, 14 Jun 2026 20:03:25 GMT"
s3://sales-analytics-raw-aqib-test/lead_activities_raw/load_type=full/load_date=2026-06-14/lead_activities_raw_20260614_200326_part_00244.json,41768704,9af98e6129f97a58fbc18370f292412b,"Sun, 14 Jun 2026 20:03:27 GMT"
s3://sales-analytics-raw-aqib-test/lead_activities_raw/load_type=full/load_date=2026-06-14/lead_activities_raw_20260614_200328_part_00245.json,42928035,6a4442f204d57cc8256e57f5985850c9,"Sun, 14 Jun 2026 20:03:29 GMT"
s3://sales-analytics-raw-aqib-test/lead_activities_raw/load_type=full/load_date=2026-06-14/lead_activities_raw_20260614_200330_part_00246.json,43783072,37079b1d735cb7b9c8655992c6b421b0,"Sun, 14 Jun 2026 20:03:31 GMT"
s3://sales-analytics-raw-aqib-test/lead_activities_raw/load_type=full/load_date=2026-06-14/lead_activities_raw_20260614_200331_part_00247.json,44001254,74b614bd92a8ee115af64952c3c2f6b7,"Sun, 14 Jun 2026 20:03:33 GMT"
s3://sales-analytics-raw-aqib-test/lead_activities_raw/load_type=full/load_date=2026-06-14/lead_activities_raw_20260614_200333_part_00248.json,41528904,7f0ef7edfe06fe8b87f1396c38666803,"Sun, 14 Jun 2026 20:03:35 GMT"
s3://sales-analytics-raw-aqib-test/lead_activities_raw/load_type=full/load_date=2026-06-14/lead_activities_raw_20260614_200335_part_00249.json,44508306,121d4f4206a78073fc2e74fd57fb1b24,"Sun, 14 Jun 2026 20:03:37 GMT"
s3://sales-analytics-raw-aqib-test/lead_activities_raw/load_type=full/load_date=2026-06-14/lead_activities_raw_20260614_200337_part_00250.json,47955237,7a816e9b51d7cdadd5f678793a31fa85,"Sun, 14 Jun 2026 20:03:39 GMT"
s3://sales-analytics-raw-aqib-test/lead_activities_raw/load_type=full/load_date=2026-06-14/lead_activities_raw_20260614_200339_part_00251.json,42291179,9780bd9dbeef2cf858e2844e4951334c,"Sun, 14 Jun 2026 20:03:40 GMT"
s3://sales-analytics-raw-aqib-test/lead_activities_raw/load_type=full/load_date=2026-06-14/lead_activities_raw_20260614_200341_part_00252.json,44061013,5e2621ce108600b3e151dcea61bbbea9,"Sun, 14 Jun 2026 20:03:42 GMT"
s3://sales-analytics-raw-aqib-test/lead_activities_raw/load_type=full/load_date=2026-06-14/lead_activities_raw_20260614_200343_part_00253.json,41532416,9e6ad1a08871b020d91d54c7780c9ec0,"Sun, 14 Jun 2026 20:03:44 GMT"
s3://sales-analytics-raw-aqib-test/lead_activities_raw/load_type=full/load_date=2026-06-14/lead_activities_raw_20260614_200344_part_00254.json,40103846,a65b53349e589b4db3ef1b884cf0b0bb,"Sun, 14 Jun 2026 20:03:46 GMT"
s3://sales-analytics-raw-aqib-test/lead_activities_raw/load_type=full/load_date=2026-06-14/lead_activities_raw_20260614_200346_part_00255.json,45449005,227c3c15bb85102240003abbf22b0ef7,"Sun, 14 Jun 2026 20:03:48 GMT"
s3://sales-analytics-raw-aqib-test/lead_activities_raw/load_type=full/load_date=2026-06-14/lead_activities_raw_20260614_200348_part_00256.json,39541253,40be4268fc00f9a1d29d9e3b5e74d15f,"Sun, 14 Jun 2026 20:03:50 GMT"
s3://sales-analytics-raw-aqib-test/lead_activities_raw/load_type=full/load_date=2026-06-14/lead_activities_raw_20260614_200350_part_00257.json,41119283,f3b1490b3f48038b3ecfdcc49e38441b,"Sun, 14 Jun 2026 20:03:51 GMT"
s3://sales-analytics-raw-aqib-test/lead_activities_raw/load_type=full/load_date=2026-06-14/lead_activities_raw_20260614_200352_part_00258.json,41217281,febc9d84e0a926eb956f9b5aba21b95b,"Sun, 14 Jun 2026 20:03:53 GMT"
s3://sales-analytics-raw-aqib-test/lead_activities_raw/load_type=full/load_date=2026-06-14/lead_activities_raw_20260614_200353_part_00259.json,39739347,91c5362490893b37e1ac8d0bf5b921e6,"Sun, 14 Jun 2026 20:03:55 GMT"
s3://sales-analytics-raw-aqib-test/lead_activities_raw/load_type=full/load_date=2026-06-14/lead_activities_raw_20260614_200355_part_00260.json,41714226,9fd104dd93d1954edcee7b6a4a42858a,"Sun, 14 Jun 2026 20:03:57 GMT"
s3://sales-analytics-raw-aqib-test/lead_activities_raw/load_type=full/load_date=2026-06-14/lead_activities_raw_20260614_200357_part_00261.json,40247221,835ad7361ef0e7dd6c4b581a56896752,"Sun, 14 Jun 2026 20:03:58 GMT"
s3://sales-analytics-raw-aqib-test/lead_activities_raw/load_type=full/load_date=2026-06-14/lead_activities_raw_20260614_200359_part_00262.json,40120380,517179908f041a7cd5f511096631db49,"Sun, 14 Jun 2026 20:04:00 GMT"
s3://sales-analytics-raw-aqib-test/lead_activities_raw/load_type=full/load_date=2026-06-14/lead_activities_raw_20260614_200400_part_00263.json,41415993,3835e5504534adcd96ba7dfbdbe2f0ae,"Sun, 14 Jun 2026 20:04:02 GMT"
s3://sales-analytics-raw-aqib-test/lead_activities_raw/load_type=full/load_date=2026-06-14/lead_activities_raw_20260614_200402_part_00264.json,42026565,6890c555ead9098ecaa6dbc1983b245f,"Sun, 14 Jun 2026 20:04:04 GMT"
s3://sales-analytics-raw-aqib-test/lead_activities_raw/load_type=full/load_date=2026-06-14/lead_activities_raw_20260614_200404_part_00265.json,42212637,0b1ef36274b2706c897f0ded31f7caf3,"Sun, 14 Jun 2026 20:04:05 GMT"
s3://sales-analytics-raw-aqib-test/lead_activities_raw/load_type=full/load_date=2026-06-14/lead_activities_raw_20260614_200406_part_00266.json,48123838,4789c6d0c3509ff4298fda54a02bc345,"Sun, 14 Jun 2026 20:04:07 GMT"
s3://sales-analytics-raw-aqib-test/lead_activities_raw/load_type=full/load_date=2026-06-14/lead_activities_raw_20260614_200408_part_00267.json,47531431,e23e2276753756ee2a7f3ae8b7a37a86,"Sun, 14 Jun 2026 20:04:09 GMT"
s3://sales-analytics-raw-aqib-test/lead_activities_raw/load_type=full/load_date=2026-06-14/lead_activities_raw_20260614_200410_part_00268.json,43403048,13e4d9bdfd58e09507d1add891059812,"Sun, 14 Jun 2026 20:04:11 GMT"
s3://sales-analytics-raw-aqib-test/lead_activities_raw/load_type=full/load_date=2026-06-14/lead_activities_raw_20260614_200412_part_00269.json,44528654,c1d3825294922692981d9f72d8158271,"Sun, 14 Jun 2026 20:04:13 GMT"
s3://sales-analytics-raw-aqib-test/lead_activities_raw/load_type=full/load_date=2026-06-14/lead_activities_raw_20260614_200414_part_00270.json,46279053,12f051ccfd503997cf88a6e33b35983a,"Sun, 14 Jun 2026 20:04:15 GMT"
s3://sales-analytics-raw-aqib-test/lead_activities_raw/load_type=full/load_date=2026-06-14/lead_activities_raw_20260614_200416_part_00271.json,49836410,f9bb14c685cb24791a8c0f6a64f6fe52,"Sun, 14 Jun 2026 20:04:17 GMT"
s3://sales-analytics-raw-aqib-test/lead_activities_raw/load_type=full/load_date=2026-06-14/lead_activities_raw_20260614_200418_part_00272.json,45695871,3a9f45ec49a3a7eaff5c3b376a6b973e,"Sun, 14 Jun 2026 20:04:19 GMT"
s3://sales-analytics-raw-aqib-test/lead_activities_raw/load_type=full/load_date=2026-06-14/lead_activities_raw_20260614_200420_part_00273.json,44734897,04c0301ab25122867c82f819aae96143,"Sun, 14 Jun 2026 20:04:21 GMT"
s3://sales-analytics-raw-aqib-test/lead_activities_raw/load_type=full/load_date=2026-06-14/lead_activities_raw_20260614_200422_part_00274.json,52636227,ae2102cd0d8a210cfa5e0451d2a27c5d,"Sun, 14 Jun 2026 20:04:24 GMT"
s3://sales-analytics-raw-aqib-test/lead_activities_raw/load_type=full/load_date=2026-06-14/lead_activities_raw_20260614_200424_part_00275.json,53859679,ea5a55721409c350bfb770c0e324cb56,"Sun, 14 Jun 2026 20:04:26 GMT"
s3://sales-analytics-raw-aqib-test/lead_activities_raw/load_type=full/load_date=2026-06-14/lead_activities_raw_20260614_200427_part_00276.json,55802389,f87d4c9d3a55b5d9b94a483ad2df1d59,"Sun, 14 Jun 2026 20:04:28 GMT"
s3://sales-analytics-raw-aqib-test/lead_activities_raw/load_type=full/load_date=2026-06-14/lead_activities_raw_20260614_200429_part_00277.json,34111673,2f5257834bc98196f2428f594bfea518,"Sun, 14 Jun 2026 20:04:30 GMT"
s3://sales-analytics-raw-aqib-test/lead_activities_raw/load_type=incremental/load_date=2026-06-18/lead_activities_raw_20260618_184157_part_00001.json,53867967,3338e6ca7f196bec4676a04847b4ba8b,"Thu, 18 Jun 2026 18:41:58 GMT"
s3://sales-analytics-raw-aqib-test/lead_activities_raw/load_type=incremental/load_date=2026-06-18/lead_activities_raw_20260618_184159_part_00002.json,52666789,ea504bc3c9f007ed7c3b7411d1a8b89b,"Thu, 18 Jun 2026 18:42:01 GMT"
s3://sales-analytics-raw-aqib-test/lead_activities_raw/load_type=incremental/load_date=2026-06-18/lead_activities_raw_20260618_184202_part_00003.json,53041239,c22fd33a6542c88d50636c4184382a77,"Thu, 18 Jun 2026 18:42:03 GMT"
s3://sales-analytics-raw-aqib-test/lead_activities_raw/load_type=incremental/load_date=2026-06-18/lead_activities_raw_20260618_184204_part_00004.json,56141785,9752ee9a7c2ace9727c816741fcbe637,"Thu, 18 Jun 2026 18:42:06 GMT"
s3://sales-analytics-raw-aqib-test/lead_activities_raw/load_type=incremental/load_date=2026-06-18/lead_activities_raw_20260618_184207_part_00005.json,50079164,b794852b8b26d51ca3dd47997c1507cc,"Thu, 18 Jun 2026 18:42:08 GMT"
s3://sales-analytics-raw-aqib-test/lead_activities_raw/load_type=incremental/load_date=2026-06-18/lead_activities_raw_20260618_184209_part_00006.json,49573673,0c19b1863f35d6462649d79e11a1ebc6,"Thu, 18 Jun 2026 18:42:10 GMT"
s3://sales-analytics-raw-aqib-test/lead_activities_raw/load_type=incremental/load_date=2026-06-18/lead_activities_raw_20260618_184211_part_00007.json,51828687,dbdc217358e22d6fa799866d75f0ca9e,"Thu, 18 Jun 2026 18:42:13 GMT"
s3://sales-analytics-raw-aqib-test/lead_activities_raw/load_type=incremental/load_date=2026-06-18/lead_activities_raw_20260618_184213_part_00008.json,51154461,fb8db0c71c9ca66d869f80001bf580e3,"Thu, 18 Jun 2026 18:42:15 GMT"
s3://sales-analytics-raw-aqib-test/lead_activities_raw/load_type=incremental/load_date=2026-06-18/lead_activities_raw_20260618_184215_part_00009.json,44904957,53feacfc21667fbbd56e0fde4beb489f,"Thu, 18 Jun 2026 18:42:17 GMT"
s3://sales-analytics-raw-aqib-test/lead_activities_raw/load_type=incremental/load_date=2026-06-18/lead_activities_raw_20260618_184217_part_00010.json,46325797,9278a6ad5bfe5e5bdf737c0c5f3e2c09,"Thu, 18 Jun 2026 18:42:19 GMT"
s3://sales-analytics-raw-aqib-test/lead_activities_raw/load_type=incremental/load_date=2026-06-18/lead_activities_raw_20260618_184219_part_00011.json,44906883,da9bfe3085158176432901eb54adfa34,"Thu, 18 Jun 2026 18:42:21 GMT"
s3://sales-analytics-raw-aqib-test/lead_activities_raw/load_type=incremental/load_date=2026-06-18/lead_activities_raw_20260618_184221_part_00012.json,44998714,1bb25cec58f33901c294dbf90d8032a8,"Thu, 18 Jun 2026 18:42:23 GMT"
s3://sales-analytics-raw-aqib-test/lead_activities_raw/load_type=incremental/load_date=2026-06-18/lead_activities_raw_20260618_184223_part_00013.json,45023003,f5bf487246b07fc11ce6a7d471175bff,"Thu, 18 Jun 2026 18:42:25 GMT"
s3://sales-analytics-raw-aqib-test/lead_activities_raw/load_type=incremental/load_date=2026-06-18/lead_activities_raw_20260618_184225_part_00014.json,43394031,5b6df24986a1dadcf2cb321d4ff08fe5,"Thu, 18 Jun 2026 18:42:27 GMT"
s3://sales-analytics-raw-aqib-test/lead_activities_raw/load_type=incremental/load_date=2026-06-18/lead_activities_raw_20260618_184227_part_00015.json,43735038,2e1e6784fa7ea55cf63448328297fe87,"Thu, 18 Jun 2026 18:42:29 GMT"
s3://sales-analytics-raw-aqib-test/lead_activities_raw/load_type=incremental/load_date=2026-06-18/lead_activities_raw_20260618_184229_part_00016.json,51749019,95c15fd7ac91506afe57e1670c959562,"Thu, 18 Jun 2026 18:42:31 GMT"
s3://sales-analytics-raw-aqib-test/lead_activities_raw/load_type=incremental/load_date=2026-06-18/lead_activities_raw_20260618_184231_part_00017.json,43793841,8a24e1fb453f50a12a0c7a11ce3a70f3,"Thu, 18 Jun 2026 18:42:33 GMT"
s3://sales-analytics-raw-aqib-test/lead_activities_raw/load_type=incremental/load_date=2026-06-18/lead_activities_raw_20260618_184233_part_00018.json,45784429,c02d7a97b9545d8c8d4677a0cf61d5ad,"Thu, 18 Jun 2026 18:42:35 GMT"
s3://sales-analytics-raw-aqib-test/lead_activities_raw/load_type=incremental/load_date=2026-06-18/lead_activities_raw_20260618_184235_part_00019.json,46734719,9bd573f5905d608fe697d1bd92c46a52,"Thu, 18 Jun 2026 18:42:37 GMT"
s3://sales-analytics-raw-aqib-test/lead_activities_raw/load_type=incremental/load_date=2026-06-18/lead_activities_raw_20260618_184237_part_00020.json,48912788,9a81877d39d450cedc4ee8c67fcbc3d3,"Thu, 18 Jun 2026 18:42:39 GMT"
s3://sales-analytics-raw-aqib-test/lead_activities_raw/load_type=incremental/load_date=2026-06-18/lead_activities_raw_20260618_184239_part_00021.json,44862734,d9e4010d722ef1e467d12dcf0b68a83e,"Thu, 18 Jun 2026 18:42:41 GMT"
s3://sales-analytics-raw-aqib-test/lead_activities_raw/load_type=incremental/load_date=2026-06-18/lead_activities_raw_20260618_184241_part_00022.json,52278824,882beebd8b8f4a75da703fd6db8fe355,"Thu, 18 Jun 2026 18:42:43 GMT"
s3://sales-analytics-raw-aqib-test/lead_activities_raw/load_type=incremental/load_date=2026-06-18/lead_activities_raw_20260618_184244_part_00023.json,46557795,67dd94f42db810bcd65a9b37305e88f2,"Thu, 18 Jun 2026 18:42:45 GMT"
s3://sales-analytics-raw-aqib-test/lead_activities_raw/load_type=incremental/load_date=2026-06-18/lead_activities_raw_20260618_184246_part_00024.json,48552519,a1051ef181839d188b12eb2d464ce4e0,"Thu, 18 Jun 2026 18:42:47 GMT"
s3://sales-analytics-raw-aqib-test/lead_activities_raw/load_type=incremental/load_date=2026-06-18/lead_activities_raw_20260618_184248_part_00025.json,51628271,f9fbe67b562151cc7605e09397a905fe,"Thu, 18 Jun 2026 18:42:50 GMT"
s3://sales-analytics-raw-aqib-test/lead_activities_raw/load_type=incremental/load_date=2026-06-18/lead_activities_raw_20260618_184250_part_00026.json,48506661,e6821d52a654c053646fe1c0e93fe83e,"Thu, 18 Jun 2026 18:42:52 GMT"
s3://sales-analytics-raw-aqib-test/lead_activities_raw/load_type=incremental/load_date=2026-06-18/lead_activities_raw_20260618_184252_part_00027.json,46673240,4511d9b904dfe0b912edd1da7ae8c194,"Thu, 18 Jun 2026 18:42:54 GMT"
s3://sales-analytics-raw-aqib-test/lead_activities_raw/load_type=incremental/load_date=2026-06-18/lead_activities_raw_20260618_184254_part_00028.json,43575575,9d8367782bccc01cd113b069b0c9966f,"Thu, 18 Jun 2026 18:42:55 GMT"
s3://sales-analytics-raw-aqib-test/lead_activities_raw/load_type=incremental/load_date=2026-06-18/lead_activities_raw_20260618_184256_part_00029.json,45118000,b400b412bc31aea39c62bbbf0342acf4,"Thu, 18 Jun 2026 18:42:57 GMT"
s3://sales-analytics-raw-aqib-test/lead_activities_raw/load_type=incremental/load_date=2026-06-18/lead_activities_raw_20260618_184258_part_00030.json,42468619,a5ed77093d8f6a137313bd7cd57ea27f,"Thu, 18 Jun 2026 18:42:59 GMT"
s3://sales-analytics-raw-aqib-test/lead_activities_raw/load_type=incremental/load_date=2026-06-18/lead_activities_raw_20260618_184259_part_00031.json,43126163,6366941801e43208c3d632351f8cb9d8,"Thu, 18 Jun 2026 18:43:01 GMT"
s3://sales-analytics-raw-aqib-test/lead_activities_raw/load_type=incremental/load_date=2026-06-18/lead_activities_raw_20260618_184301_part_00032.json,47489568,626d43d778a05cb408d56705e6090e31,"Thu, 18 Jun 2026 18:43:03 GMT"
s3://sales-analytics-raw-aqib-test/lead_activities_raw/load_type=incremental/load_date=2026-06-18/lead_activities_raw_20260618_184303_part_00033.json,47844413,3a6470727e1e6f68f86f5c7690dc5954,"Thu, 18 Jun 2026 18:43:05 GMT"
s3://sales-analytics-raw-aqib-test/lead_activities_raw/load_type=incremental/load_date=2026-06-18/lead_activities_raw_20260618_184305_part_00034.json,47673517,c8e85ef19e9ae1fa3c7529c6c570ccec,"Thu, 18 Jun 2026 18:43:07 GMT"
s3://sales-analytics-raw-aqib-test/lead_activities_raw/load_type=incremental/load_date=2026-06-18/lead_activities_raw_20260618_184307_part_00035.json,48152719,87b72f3a24ecd1d8878c8a1a4dc8a648,"Thu, 18 Jun 2026 18:43:09 GMT"
s3://sales-analytics-raw-aqib-test/lead_activities_raw/load_type=incremental/load_date=2026-06-18/lead_activities_raw_20260618_184310_part_00036.json,43850078,4f266d197a13f37be3513b0ecb8e3d3d,"Thu, 18 Jun 2026 18:43:11 GMT"
s3://sales-analytics-raw-aqib-test/lead_activities_raw/load_type=incremental/load_date=2026-06-18/lead_activities_raw_20260618_184312_part_00037.json,48025577,02f0c77a7e00a48045defa29623ce6b9,"Thu, 18 Jun 2026 18:43:13 GMT"
s3://sales-analytics-raw-aqib-test/lead_activities_raw/load_type=incremental/load_date=2026-06-18/lead_activities_raw_20260618_184313_part_00038.json,12498404,2751c570ab1a87d0c8d800783746064c,"Thu, 18 Jun 2026 18:43:14 GMT"
s3://sales-analytics-raw-aqib-test/lead_activities_raw/load_type=incremental/load_date=2026-06-22/lead_activities_raw_20260622_161652_part_00001.json,42861409,35644f80cacf636f8cee9da0c615682b,"Mon, 22 Jun 2026 16:16:53 GMT"
s3://sales-analytics-raw-aqib-test/lead_activities_raw/load_type=incremental/load_date=2026-06-22/lead_activities_raw_20260622_161654_part_00002.json,46997155,33c923fd55e802f2e9f7407661a76b06,"Mon, 22 Jun 2026 16:16:55 GMT"
s3://sales-analytics-raw-aqib-test/lead_activities_raw/load_type=incremental/load_date=2026-06-22/lead_activities_raw_20260622_161656_part_00003.json,40660146,ee67b0916f3ac5dac23377ce2b0a9187,"Mon, 22 Jun 2026 16:16:57 GMT"
s3://sales-analytics-raw-aqib-test/lead_activities_raw/load_type=incremental/load_date=2026-06-22/lead_activities_raw_20260622_161658_part_00004.json,46870677,fad9d5f224a6d0ea146dc2cbcf7f0d45,"Mon, 22 Jun 2026 16:16:59 GMT"
s3://sales-analytics-raw-aqib-test/lead_activities_raw/load_type=incremental/load_date=2026-06-22/lead_activities_raw_20260622_161700_part_00005.json,48044254,f9a21ec1803cef0c7b0577604505f445,"Mon, 22 Jun 2026 16:17:01 GMT"
s3://sales-analytics-raw-aqib-test/lead_activities_raw/load_type=incremental/load_date=2026-06-22/lead_activities_raw_20260622_161702_part_00006.json,46315880,95f73ac6e37044b0a47700b5874dd72b,"Mon, 22 Jun 2026 16:17:03 GMT"
s3://sales-analytics-raw-aqib-test/lead_activities_raw/load_type=incremental/load_date=2026-06-22/lead_activities_raw_20260622_161704_part_00007.json,46812335,7dc50a1b661088a38f58a5ba47264261,"Mon, 22 Jun 2026 16:17:05 GMT"
s3://sales-analytics-raw-aqib-test/lead_activities_raw/load_type=incremental/load_date=2026-06-22/lead_activities_raw_20260622_161706_part_00008.json,46276829,8bdf1283ebca8163f0851d4a651bd926,"Mon, 22 Jun 2026 16:17:07 GMT"
s3://sales-analytics-raw-aqib-test/lead_activities_raw/load_type=incremental/load_date=2026-06-22/lead_activities_raw_20260622_161708_part_00009.json,46282794,ceddcbe591c76ea6d8ede3be2d924ab9,"Mon, 22 Jun 2026 16:17:10 GMT"
s3://sales-analytics-raw-aqib-test/lead_activities_raw/load_type=incremental/load_date=2026-06-22/lead_activities_raw_20260622_161710_part_00010.json,45460496,ba334361895f097da2074b1a3e299e1e,"Mon, 22 Jun 2026 16:17:11 GMT"
s3://sales-analytics-raw-aqib-test/lead_activities_raw/load_type=incremental/load_date=2026-06-22/lead_activities_raw_20260622_161712_part_00011.json,48019950,dceddfddbbd9157ad5f21874f1ce736d,"Mon, 22 Jun 2026 16:17:14 GMT"
s3://sales-analytics-raw-aqib-test/lead_activities_raw/load_type=incremental/load_date=2026-06-22/lead_activities_raw_20260622_161714_part_00012.json,51171288,219add45af89d3e65aac31883e60cbae,"Mon, 22 Jun 2026 16:17:16 GMT"
s3://sales-analytics-raw-aqib-test/lead_activities_raw/load_type=incremental/load_date=2026-06-22/lead_activities_raw_20260622_161716_part_00013.json,50767686,dc6ee1e914f254d114ef64d7f52a0698,"Mon, 22 Jun 2026 16:17:18 GMT"
s3://sales-analytics-raw-aqib-test/lead_activities_raw/load_type=incremental/load_date=2026-06-22/lead_activities_raw_20260622_161718_part_00014.json,50738489,76d09ce3a4970b40045ae672c6e3dbb3,"Mon, 22 Jun 2026 16:17:20 GMT"
s3://sales-analytics-raw-aqib-test/lead_activities_raw/load_type=incremental/load_date=2026-06-22/lead_activities_raw_20260622_161721_part_00015.json,48450904,f62306d4f99c571efbc6bb8a465901bd,"Mon, 22 Jun 2026 16:17:22 GMT"
s3://sales-analytics-raw-aqib-test/lead_activities_raw/load_type=incremental/load_date=2026-06-22/lead_activities_raw_20260622_161723_part_00016.json,53153830,888b652574bba1b3ef3898c86708cd39,"Mon, 22 Jun 2026 16:17:25 GMT"
s3://sales-analytics-raw-aqib-test/lead_activities_raw/load_type=incremental/load_date=2026-06-22/lead_activities_raw_20260622_161725_part_00017.json,49163652,ac890fa89c785ad5eac626e03fa85d8a,"Mon, 22 Jun 2026 16:17:27 GMT"
s3://sales-analytics-raw-aqib-test/lead_activities_raw/load_type=incremental/load_date=2026-06-22/lead_activities_raw_20260622_161727_part_00018.json,50233311,b3b71b452aa849a6274fc91cd6519c59,"Mon, 22 Jun 2026 16:17:29 GMT"
s3://sales-analytics-raw-aqib-test/lead_activities_raw/load_type=incremental/load_date=2026-06-22/lead_activities_raw_20260622_161730_part_00019.json,49541635,588bc1b73bca589790dcb683d80644d8,"Mon, 22 Jun 2026 16:17:31 GMT"
s3://sales-analytics-raw-aqib-test/lead_activities_raw/load_type=incremental/load_date=2026-06-22/lead_activities_raw_20260622_161732_part_00020.json,54400852,8b841d8837634f0a19d249c9f8d59f83,"Mon, 22 Jun 2026 16:17:33 GMT"
s3://sales-analytics-raw-aqib-test/lead_activities_raw/load_type=incremental/load_date=2026-06-22/lead_activities_raw_20260622_161734_part_00021.json,46672165,7a99ca712390959dfe39e1b638222e56,"Mon, 22 Jun 2026 16:17:35 GMT"
s3://sales-analytics-raw-aqib-test/lead_activities_raw/load_type=incremental/load_date=2026-06-22/lead_activities_raw_20260622_161736_part_00022.json,49184367,bf61a13685baf01f72a41f3caf3a71b4,"Mon, 22 Jun 2026 16:17:38 GMT"
s3://sales-analytics-raw-aqib-test/lead_activities_raw/load_type=incremental/load_date=2026-06-22/lead_activities_raw_20260622_161738_part_00023.json,48421109,9e28d1d12e7d2f49af47195d5dcf89cf,"Mon, 22 Jun 2026 16:17:40 GMT"
s3://sales-analytics-raw-aqib-test/lead_activities_raw/load_type=incremental/load_date=2026-06-22/lead_activities_raw_20260622_161740_part_00024.json,46933644,03b55393fa4a6cfc128737a8ccc67fb1,"Mon, 22 Jun 2026 16:17:42 GMT"
s3://sales-analytics-raw-aqib-test/lead_activities_raw/load_type=incremental/load_date=2026-06-22/lead_activities_raw_20260622_161742_part_00025.json,48492798,89c94b2df0c09e284e60dca1d681c276,"Mon, 22 Jun 2026 16:17:44 GMT"
s3://sales-analytics-raw-aqib-test/lead_activities_raw/load_type=incremental/load_date=2026-06-22/lead_activities_raw_20260622_161745_part_00026.json,49669827,7fa57f63b569a596e650a80fea845d92,"Mon, 22 Jun 2026 16:17:46 GMT"
s3://sales-analytics-raw-aqib-test/lead_activities_raw/load_type=incremental/load_date=2026-06-22/lead_activities_raw_20260622_161747_part_00027.json,50859070,91a8022686745a6ace1f0e6cf5e65020,"Mon, 22 Jun 2026 16:17:49 GMT"
s3://sales-analytics-raw-aqib-test/lead_activities_raw/load_type=incremental/load_date=2026-06-22/lead_activities_raw_20260622_161749_part_00028.json,47758126,bf8bb3ff3d7a761572fcc3982e349d80,"Mon, 22 Jun 2026 16:17:51 GMT"
s3://sales-analytics-raw-aqib-test/lead_activities_raw/load_type=incremental/load_date=2026-06-22/lead_activities_raw_20260622_161752_part_00029.json,46964874,492710025d473b80c65a59817b93cd75,"Mon, 22 Jun 2026 16:17:54 GMT"
s3://sales-analytics-raw-aqib-test/lead_activities_raw/load_type=incremental/load_date=2026-06-22/lead_activities_raw_20260622_161755_part_00030.json,57377170,dd9e5256e87e834bdcdba2e79b184ae6,"Mon, 22 Jun 2026 16:17:57 GMT"
s3://sales-analytics-raw-aqib-test/lead_activities_raw/load_type=incremental/load_date=2026-06-22/lead_activities_raw_20260622_161758_part_00031.json,53092571,1b5cc2e02f99a20b615241474d2d2ff9,"Mon, 22 Jun 2026 16:17:59 GMT"
s3://sales-analytics-raw-aqib-test/lead_activities_raw/load_type=incremental/load_date=2026-06-22/lead_activities_raw_20260622_161800_part_00032.json,53524542,9b946c8afed64c948c8f81a0c035fbd6,"Mon, 22 Jun 2026 16:18:01 GMT"
s3://sales-analytics-raw-aqib-test/lead_activities_raw/load_type=incremental/load_date=2026-06-22/lead_activities_raw_20260622_161802_part_00033.json,53336415,ae1352e4cce20ee9ccf49310fcf4db86,"Mon, 22 Jun 2026 16:18:04 GMT"
s3://sales-analytics-raw-aqib-test/lead_activities_raw/load_type=incremental/load_date=2026-06-22/lead_activities_raw_20260622_161804_part_00034.json,52367909,2c2fcbfd907df7d8a977ce799b6987d4,"Mon, 22 Jun 2026 16:18:06 GMT"
s3://sales-analytics-raw-aqib-test/lead_activities_raw/load_type=incremental/load_date=2026-06-22/lead_activities_raw_20260622_161807_part_00035.json,51484954,83c5ac468ec5e1a053fe378fcf994986,"Mon, 22 Jun 2026 16:18:08 GMT"
s3://sales-analytics-raw-aqib-test/lead_activities_raw/load_type=incremental/load_date=2026-06-22/lead_activities_raw_20260622_161809_part_00036.json,56074635,ef4440bb8a752abf7ce6b9a2642c9030,"Mon, 22 Jun 2026 16:18:11 GMT"
s3://sales-analytics-raw-aqib-test/lead_activities_raw/load_type=incremental/load_date=2026-06-22/lead_activities_raw_20260622_161811_part_00037.json,55557687,108d3aab568b23cadedc4275497ecf20,"Mon, 22 Jun 2026 16:18:13 GMT"
s3://sales-analytics-raw-aqib-test/lead_activities_raw/load_type=incremental/load_date=2026-06-22/lead_activities_raw_20260622_161814_part_00038.json,51564209,eaf74f632bc07ce7169c9871d2bd0610,"Mon, 22 Jun 2026 16:18:15 GMT"
s3://sales-analytics-raw-aqib-test/lead_activities_raw/load_type=incremental/load_date=2026-06-22/lead_activities_raw_20260622_161816_part_00039.json,32862276,37e0c478b0d27aad03477afcad8a5d74,"Mon, 22 Jun 2026 16:18:17 GMT"
s3://sales-analytics-raw-aqib-test/lead_activities_raw/load_type=incremental/load_date=2026-06-25/lead_activities_raw_20260625_161248_part_00001.json,46295182,e498e1c2fe68b1312fc7cd196a015ab0,"Thu, 25 Jun 2026 16:12:50 GMT"
s3://sales-analytics-raw-aqib-test/lead_activities_raw/load_type=incremental/load_date=2026-06-25/lead_activities_raw_20260625_161250_part_00002.json,47605752,bb8b5e59dfaa3a9eb4bb4adfe2b8a8b6,"Thu, 25 Jun 2026 16:12:52 GMT"
s3://sales-analytics-raw-aqib-test/lead_activities_raw/load_type=incremental/load_date=2026-06-25/lead_activities_raw_20260625_161252_part_00003.json,47899972,ce61504025277d5b95fb0b98c310b78b,"Thu, 25 Jun 2026 16:12:54 GMT"
s3://sales-analytics-raw-aqib-test/lead_activities_raw/load_type=incremental/load_date=2026-06-25/lead_activities_raw_20260625_161254_part_00004.json,51006220,534120a0e7fcfc411e547dbb258fc6cf,"Thu, 25 Jun 2026 16:12:56 GMT"
s3://sales-analytics-raw-aqib-test/lead_activities_raw/load_type=incremental/load_date=2026-06-25/lead_activities_raw_20260625_161256_part_00005.json,46376677,0b1cc0cea41615f7ec0788b1be32b0eb,"Thu, 25 Jun 2026 16:12:58 GMT"
s3://sales-analytics-raw-aqib-test/lead_activities_raw/load_type=incremental/load_date=2026-06-25/lead_activities_raw_20260625_161258_part_00006.json,50106206,c0208709296bf7ab569bd198d4de03d5,"Thu, 25 Jun 2026 16:13:00 GMT"
s3://sales-analytics-raw-aqib-test/lead_activities_raw/load_type=incremental/load_date=2026-06-25/lead_activities_raw_20260625_161300_part_00007.json,49818357,58b5848f85f9c0525348a245f689add3,"Thu, 25 Jun 2026 16:13:02 GMT"
s3://sales-analytics-raw-aqib-test/lead_activities_raw/load_type=incremental/load_date=2026-06-25/lead_activities_raw_20260625_161302_part_00008.json,51899021,dd44b552c4a962723405b84491b374b0,"Thu, 25 Jun 2026 16:13:04 GMT"
s3://sales-analytics-raw-aqib-test/lead_activities_raw/load_type=incremental/load_date=2026-06-25/lead_activities_raw_20260625_161304_part_00009.json,50856007,29f636c726ca4a76c41c871fe6d58004,"Thu, 25 Jun 2026 16:13:06 GMT"
s3://sales-analytics-raw-aqib-test/lead_activities_raw/load_type=incremental/load_date=2026-06-25/lead_activities_raw_20260625_161307_part_00010.json,51092553,adc97901bb702c79d2a004c284c24d6e,"Thu, 25 Jun 2026 16:13:08 GMT"
s3://sales-analytics-raw-aqib-test/lead_activities_raw/load_type=incremental/load_date=2026-06-25/lead_activities_raw_20260625_161309_part_00011.json,49562182,ab913016f11e7379931c2e07c55726c2,"Thu, 25 Jun 2026 16:13:10 GMT"
s3://sales-analytics-raw-aqib-test/lead_activities_raw/load_type=incremental/load_date=2026-06-25/lead_activities_raw_20260625_161311_part_00012.json,51288029,429bd36ea926840e54c78f153f515dfe,"Thu, 25 Jun 2026 16:13:12 GMT"
s3://sales-analytics-raw-aqib-test/lead_activities_raw/load_type=incremental/load_date=2026-06-25/lead_activities_raw_20260625_161313_part_00013.json,52456028,8d6a32763b164401d68741fcf59c3e5e,"Thu, 25 Jun 2026 16:13:14 GMT"
s3://sales-analytics-raw-aqib-test/lead_activities_raw/load_type=incremental/load_date=2026-06-25/lead_activities_raw_20260625_161315_part_00014.json,48488134,579672536c89cab6c818234c90685e48,"Thu, 25 Jun 2026 16:13:17 GMT"
s3://sales-analytics-raw-aqib-test/lead_activities_raw/load_type=incremental/load_date=2026-06-25/lead_activities_raw_20260625_161317_part_00015.json,54614448,a0488b55a50a8499bfbdade0aca571e4,"Thu, 25 Jun 2026 16:13:19 GMT"
s3://sales-analytics-raw-aqib-test/lead_activities_raw/load_type=incremental/load_date=2026-06-25/lead_activities_raw_20260625_161320_part_00016.json,51829597,14a8660b5fd8c4a2196d897bf7d97b39,"Thu, 25 Jun 2026 16:13:21 GMT"
s3://sales-analytics-raw-aqib-test/lead_activities_raw/load_type=incremental/load_date=2026-06-25/lead_activities_raw_20260625_161322_part_00017.json,53569963,64d8cacf9f64dc3f8f1737d88f26f4f9,"Thu, 25 Jun 2026 16:13:23 GMT"
s3://sales-analytics-raw-aqib-test/lead_activities_raw/load_type=incremental/load_date=2026-06-25/lead_activities_raw_20260625_161324_part_00018.json,55068686,bc6888e777e080c06895c5ec3a8d371a,"Thu, 25 Jun 2026 16:13:26 GMT"
s3://sales-analytics-raw-aqib-test/lead_activities_raw/load_type=incremental/load_date=2026-06-25/lead_activities_raw_20260625_161326_part_00019.json,50137969,9470b99dfcd7a537efbbbe82bb211b60,"Thu, 25 Jun 2026 16:13:28 GMT"
s3://sales-analytics-raw-aqib-test/lead_activities_raw/load_type=incremental/load_date=2026-06-25/lead_activities_raw_20260625_161328_part_00020.json,54449311,1b4aeb680e56aaac2edc6685caf6e47f,"Thu, 25 Jun 2026 16:13:30 GMT"
s3://sales-analytics-raw-aqib-test/lead_activities_raw/load_type=incremental/load_date=2026-06-25/lead_activities_raw_20260625_161331_part_00021.json,54836927,30d0dec89c7ada4c135a3607df263523,"Thu, 25 Jun 2026 16:13:32 GMT"
s3://sales-analytics-raw-aqib-test/lead_activities_raw/load_type=incremental/load_date=2026-06-25/lead_activities_raw_20260625_161333_part_00022.json,54867488,b6e0ca59df0c2763c76103d574ad61e3,"Thu, 25 Jun 2026 16:13:34 GMT"
s3://sales-analytics-raw-aqib-test/lead_activities_raw/load_type=incremental/load_date=2026-06-25/lead_activities_raw_20260625_161335_part_00023.json,53429747,079e11da424672625929dab3e5bbe300,"Thu, 25 Jun 2026 16:13:37 GMT"
s3://sales-analytics-raw-aqib-test/lead_activities_raw/load_type=incremental/load_date=2026-06-25/lead_activities_raw_20260625_161337_part_00024.json,57351163,95df5b1003247b46888f3d58f134b02b,"Thu, 25 Jun 2026 16:13:39 GMT"
s3://sales-analytics-raw-aqib-test/lead_activities_raw/load_type=incremental/load_date=2026-06-25/lead_activities_raw_20260625_161340_part_00025.json,53929668,e498dbac68a661a48eae14788ef89b54,"Thu, 25 Jun 2026 16:13:41 GMT"
s3://sales-analytics-raw-aqib-test/lead_activities_raw/load_type=incremental/load_date=2026-06-25/lead_activities_raw_20260625_161342_part_00026.json,56309943,146edcdc3d45f1b884b829ae54d4c4cc,"Thu, 25 Jun 2026 16:13:44 GMT"
s3://sales-analytics-raw-aqib-test/lead_activities_raw/load_type=incremental/load_date=2026-06-25/lead_activities_raw_20260625_161344_part_00027.json,53323137,d63c1557df94c0ed7a180c7a11155a88,"Thu, 25 Jun 2026 16:13:46 GMT"
s3://sales-analytics-raw-aqib-test/lead_activities_raw/load_type=incremental/load_date=2026-06-25/lead_activities_raw_20260625_161346_part_00028.json,24920275,bc7238b7558e92bb6d11e7bdac28f0dd,"Thu, 25 Jun 2026 16:13:47 GMT"
s3://sales-analytics-raw-aqib-test/snowflake_backup/bronze/lead_activities_raw/data_0_0_0.snappy.parquet,17336736,930d9675d9135f57dd564f60812b9e0f,"Fri, 24 Jul 2026 21:41:40 GMT"
s3://sales-analytics-raw-aqib-test/snowflake_backup/bronze/lead_activities_raw/data_0_0_1.snappy.parquet,17059985,8dad8d3988f661f7901d0405e26c5286,"Fri, 24 Jul 2026 21:41:41 GMT"
s3://sales-analytics-raw-aqib-test/snowflake_backup/bronze/lead_activities_raw/data_0_0_10.snappy.parquet,23045832,fd86081af4d13537389a55c61588828a,"Fri, 24 Jul 2026 21:41:47 GMT"
s3://sales-analytics-raw-aqib-test/snowflake_backup/bronze/lead_activities_raw/data_0_0_11.snappy.parquet,17447704,5d1e4bc5be52913a7be73f1cdbe9d582,"Fri, 24 Jul 2026 21:41:48 GMT"
s3://sales-analytics-raw-aqib-test/snowflake_backup/bronze/lead_activities_raw/data_0_0_12.snappy.parquet,19028656,aa7cf906d5ca348e2ea0ba39a1a82490,"Fri, 24 Jul 2026 21:41:48 GMT"
s3://sales-analytics-raw-aqib-test/snowflake_backup/bronze/lead_activities_raw/data_0_0_13.snappy.parquet,19449480,6577e623f00cf7c9dc205648c09b1b2d,"Fri, 24 Jul 2026 21:41:49 GMT"
s3://sales-analytics-raw-aqib-test/snowflake_backup/bronze/lead_activities_raw/data_0_0_14.snappy.parquet,23767756,cd542c473d95e2f1bae08c28a40b7f9f,"Fri, 24 Jul 2026 21:41:50 GMT"
s3://sales-analytics-raw-aqib-test/snowflake_backup/bronze/lead_activities_raw/data_0_0_15.snappy.parquet,22723826,61371827697bf376efb6bbf343e785f5,"Fri, 24 Jul 2026 21:41:51 GMT"
s3://sales-analytics-raw-aqib-test/snowflake_backup/bronze/lead_activities_raw/data_0_0_16.snappy.parquet,21735322,138eba567316ff4886100634b77d42b7,"Fri, 24 Jul 2026 21:41:51 GMT"
s3://sales-analytics-raw-aqib-test/snowflake_backup/bronze/lead_activities_raw/data_0_0_17.snappy.parquet,23358948,6da73de79b7e5f1b95e92138812cee47,"Fri, 24 Jul 2026 21:41:52 GMT"
s3://sales-analytics-raw-aqib-test/snowflake_backup/bronze/lead_activities_raw/data_0_0_18.snappy.parquet,23515742,45d7889abe4fcdb0823120f59ea7b5be,"Fri, 24 Jul 2026 21:41:53 GMT"
s3://sales-analytics-raw-aqib-test/snowflake_backup/bronze/lead_activities_raw/data_0_0_19.snappy.parquet,20029650,9cd2c867f967bfcf999a446dc6c88d80,"Fri, 24 Jul 2026 21:41:54 GMT"
s3://sales-analytics-raw-aqib-test/snowflake_backup/bronze/lead_activities_raw/data_0_0_2.snappy.parquet,23405612,cbeee05a618921466baf3713670af2ff,"Fri, 24 Jul 2026 21:41:42 GMT"
s3://sales-analytics-raw-aqib-test/snowflake_backup/bronze/lead_activities_raw/data_0_0_20.snappy.parquet,22272529,82be186fe22dddcb92717950c524044d,"Fri, 24 Jul 2026 21:41:54 GMT"
s3://sales-analytics-raw-aqib-test/snowflake_backup/bronze/lead_activities_raw/data_0_0_21.snappy.parquet,19771771,39b74f6bc1cfb4edcc95a29ee84dc565,"Fri, 24 Jul 2026 21:41:55 GMT"
s3://sales-analytics-raw-aqib-test/snowflake_backup/bronze/lead_activities_raw/data_0_0_3.snappy.parquet,19403941,3ab66b772a81ed185617028a168e6a0a,"Fri, 24 Jul 2026 21:41:42 GMT"
s3://sales-analytics-raw-aqib-test/snowflake_backup/bronze/lead_activities_raw/data_0_0_4.snappy.parquet,21427976,bb2fa63f8bae81235524200271206df0,"Fri, 24 Jul 2026 21:41:43 GMT"
s3://sales-analytics-raw-aqib-test/snowflake_backup/bronze/lead_activities_raw/data_0_0_5.snappy.parquet,19802888,29144dc22292fcda7939fbeecaf0b762,"Fri, 24 Jul 2026 21:41:44 GMT"
s3://sales-analytics-raw-aqib-test/snowflake_backup/bronze/lead_activities_raw/data_0_0_6.snappy.parquet,17587110,84e9cf5f420d8e5abc8af81ef032a3f3,"Fri, 24 Jul 2026 21:41:44 GMT"
s3://sales-analytics-raw-aqib-test/snowflake_backup/bronze/lead_activities_raw/data_0_0_7.snappy.parquet,17241159,65d97c35f8019514c7f7ee13688ebe4a,"Fri, 24 Jul 2026 21:41:45 GMT"
s3://sales-analytics-raw-aqib-test/snowflake_backup/bronze/lead_activities_raw/data_0_0_8.snappy.parquet,18753314,97fbdd8589549fc8859d785fd0ebbdb8,"Fri, 24 Jul 2026 21:41:46 GMT"
s3://sales-analytics-raw-aqib-test/snowflake_backup/bronze/lead_activities_raw/data_0_0_9.snappy.parquet,20795900,09f9a2cb4377ab785a41f65a7ecb9522,"Fri, 24 Jul 2026 21:41:46 GMT"
s3://sales-analytics-raw-aqib-test/snowflake_backup/bronze/lead_activities_raw/data_0_1_0.snappy.parquet,20575570,00b6f8b36d5967a4de74f16f2637b908,"Fri, 24 Jul 2026 21:41:40 GMT"
s3://sales-analytics-raw-aqib-test/snowflake_backup/bronze/lead_activities_raw/data_0_1_1.snappy.parquet,18798653,ee1e5de9203cdb537ecd45a4423058b6,"Fri, 24 Jul 2026 21:41:41 GMT"
s3://sales-analytics-raw-aqib-test/snowflake_backup/bronze/lead_activities_raw/data_0_1_10.snappy.parquet,17901511,47fb97987c9fbefe18774c91ce240e96,"Fri, 24 Jul 2026 21:41:48 GMT"
s3://sales-analytics-raw-aqib-test/snowflake_backup/bronze/lead_activities_raw/data_0_1_11.snappy.parquet,20427123,ea4327ae32dc1d3b56395df9530b4c9c,"Fri, 24 Jul 2026 21:41:49 GMT"
s3://sales-analytics-raw-aqib-test/snowflake_backup/bronze/lead_activities_raw/data_0_1_12.snappy.parquet,21147827,b6ec60ffee6ab5c523f4adb587407d17,"Fri, 24 Jul 2026 21:41:49 GMT"
s3://sales-analytics-raw-aqib-test/snowflake_backup/bronze/lead_activities_raw/data_0_1_13.snappy.parquet,22303432,108eb2d3e68494bdf8190cd79d922152,"Fri, 24 Jul 2026 21:41:50 GMT"
s3://sales-analytics-raw-aqib-test/snowflake_backup/bronze/lead_activities_raw/data_0_1_14.snappy.parquet,22858580,98843ce3f140cbc580a996422f2a3deb,"Fri, 24 Jul 2026 21:41:51 GMT"
s3://sales-analytics-raw-aqib-test/snowflake_backup/bronze/lead_activities_raw/data_0_1_15.snappy.parquet,23407271,2b9ccf0e7de5893c301641ad5ffa4996,"Fri, 24 Jul 2026 21:41:52 GMT"
s3://sales-analytics-raw-aqib-test/snowflake_backup/bronze/lead_activities_raw/data_0_1_16.snappy.parquet,24386214,075b46f5c4624926bb47ef2bb53f6e55,"Fri, 24 Jul 2026 21:41:52 GMT"
s3://sales-analytics-raw-aqib-test/snowflake_backup/bronze/lead_activities_raw/data_0_1_17.snappy.parquet,19486920,54daa9f104b039156beb3dfb8b0b6b8b,"Fri, 24 Jul 2026 21:41:53 GMT"
s3://sales-analytics-raw-aqib-test/snowflake_backup/bronze/lead_activities_raw/data_0_1_18.snappy.parquet,19511930,a939c2ee566b7e94f30dca504542bcb7,"Fri, 24 Jul 2026 21:41:54 GMT"
s3://sales-analytics-raw-aqib-test/snowflake_backup/bronze/lead_activities_raw/data_0_1_19.snappy.parquet,24234335,728854fc23588dcc7f3cd4cb68879367,"Fri, 24 Jul 2026 21:41:54 GMT"
s3://sales-analytics-raw-aqib-test/snowflake_backup/bronze/lead_activities_raw/data_0_1_2.snappy.parquet,20421110,052481aac647b80b7afa293fc498ff96,"Fri, 24 Jul 2026 21:41:42 GMT"
s3://sales-analytics-raw-aqib-test/snowflake_backup/bronze/lead_activities_raw/data_0_1_20.snappy.parquet,22565903,510462d383abdcef16e293f8197e45ac,"Fri, 24 Jul 2026 21:41:55 GMT"
s3://sales-analytics-raw-aqib-test/snowflake_backup/bronze/lead_activities_raw/data_0_1_21.snappy.parquet,20548361,dfc84c6b5bdd0d6aa8ca1e41adf7ecee,"Fri, 24 Jul 2026 21:41:56 GMT"
s3://sales-analytics-raw-aqib-test/snowflake_backup/bronze/lead_activities_raw/data_0_1_3.snappy.parquet,17801882,e683437054259b83f4475c00c2784f1f,"Fri, 24 Jul 2026 21:41:43 GMT"
s3://sales-analytics-raw-aqib-test/snowflake_backup/bronze/lead_activities_raw/data_0_1_4.snappy.parquet,25078266,6786060bf429612991db5d11919499ce,"Fri, 24 Jul 2026 21:41:43 GMT"
s3://sales-analytics-raw-aqib-test/snowflake_backup/bronze/lead_activities_raw/data_0_1_5.snappy.parquet,23874883,842b6b7ad9f9a1ee8109e0b5ef48a9cb,"Fri, 24 Jul 2026 21:41:44 GMT"
s3://sales-analytics-raw-aqib-test/snowflake_backup/bronze/lead_activities_raw/data_0_1_6.snappy.parquet,20621715,ceff5a255fc36c1d34d3d7a19f6cc4ba,"Fri, 24 Jul 2026 21:41:45 GMT"
s3://sales-analytics-raw-aqib-test/snowflake_backup/bronze/lead_activities_raw/data_0_1_7.snappy.parquet,20319466,de8d68f7a97c57b0128dc3c4638ffb33,"Fri, 24 Jul 2026 21:41:46 GMT"
s3://sales-analytics-raw-aqib-test/snowflake_backup/bronze/lead_activities_raw/data_0_1_8.snappy.parquet,23633623,e89f2de73cd410aaebc12794dc5c9492,"Fri, 24 Jul 2026 21:41:46 GMT"
s3://sales-analytics-raw-aqib-test/snowflake_backup/bronze/lead_activities_raw/data_0_1_9.snappy.parquet,22418806,99e75e6c4fa4d83b64efdffcf77373c1,"Fri, 24 Jul 2026 21:41:47 GMT"
s3://sales-analytics-raw-aqib-test/snowflake_backup/bronze/lead_activities_raw/data_0_2_0.snappy.parquet,17540751,e301d1d33f504c29969a6eca1fe7f53d,"Fri, 24 Jul 2026 21:41:40 GMT"
s3://sales-analytics-raw-aqib-test/snowflake_backup/bronze/lead_activities_raw/data_0_2_1.snappy.parquet,20904595,19937bc68e1b2fd3955f21e65fd3bbb9,"Fri, 24 Jul 2026 21:41:41 GMT"
s3://sales-analytics-raw-aqib-test/snowflake_backup/bronze/lead_activities_raw/data_0_2_10.snappy.parquet,18799384,61bb177e0984d69d7f5b743cc5271535,"Fri, 24 Jul 2026 21:41:47 GMT"
s3://sales-analytics-raw-aqib-test/snowflake_backup/bronze/lead_activities_raw/data_0_2_11.snappy.parquet,21994863,77103f3d0eab9b56ffa99b8a87db7622,"Fri, 24 Jul 2026 21:41:48 GMT"
s3://sales-analytics-raw-aqib-test/snowflake_backup/bronze/lead_activities_raw/data_0_2_12.snappy.parquet,21014917,0076fe496166debefbd10dbcb2d28a42,"Fri, 24 Jul 2026 21:41:49 GMT"
s3://sales-analytics-raw-aqib-test/snowflake_backup/bronze/lead_activities_raw/data_0_2_13.snappy.parquet,20131642,7bfef29df8600dc711ec4423651d5ce7,"Fri, 24 Jul 2026 21:41:49 GMT"
s3://sales-analytics-raw-aqib-test/snowflake_backup/bronze/lead_activities_raw/data_0_2_14.snappy.parquet,21893602,b9f4d40e8f7be62014c9d612c56139dd,"Fri, 24 Jul 2026 21:41:50 GMT"
s3://sales-analytics-raw-aqib-test/snowflake_backup/bronze/lead_activities_raw/data_0_2_15.snappy.parquet,17712138,6d12bf8f4d08b792d08fd899ee4a37dc,"Fri, 24 Jul 2026 21:41:51 GMT"
s3://sales-analytics-raw-aqib-test/snowflake_backup/bronze/lead_activities_raw/data_0_2_16.snappy.parquet,22268049,0f8d173996f572fd67474bd43b2ee08f,"Fri, 24 Jul 2026 21:41:52 GMT"
s3://sales-analytics-raw-aqib-test/snowflake_backup/bronze/lead_activities_raw/data_0_2_17.snappy.parquet,23980114,6d298cdc434590643842e7151a7ccd00,"Fri, 24 Jul 2026 21:41:52 GMT"
s3://sales-analytics-raw-aqib-test/snowflake_backup/bronze/lead_activities_raw/data_0_2_18.snappy.parquet,23407682,2fd24883973b32015a486d8d40a90610,"Fri, 24 Jul 2026 21:41:53 GMT"
s3://sales-analytics-raw-aqib-test/snowflake_backup/bronze/lead_activities_raw/data_0_2_19.snappy.parquet,20541018,75166917f9cf6b02e208b0bee5647d1a,"Fri, 24 Jul 2026 21:41:54 GMT"
s3://sales-analytics-raw-aqib-test/snowflake_backup/bronze/lead_activities_raw/data_0_2_2.snappy.parquet,20258620,967fe508d4368ba5af0e5e6797b63be7,"Fri, 24 Jul 2026 21:41:42 GMT"
s3://sales-analytics-raw-aqib-test/snowflake_backup/bronze/lead_activities_raw/data_0_2_20.snappy.parquet,20006089,98dcc556b792d9490a308204f7ae64c2,"Fri, 24 Jul 2026 21:41:55 GMT"
s3://sales-analytics-raw-aqib-test/snowflake_backup/bronze/lead_activities_raw/data_0_2_21.snappy.parquet,20863469,07bc7bcd976a530baf58a8d7d2381d7a,"Fri, 24 Jul 2026 21:41:55 GMT"
s3://sales-analytics-raw-aqib-test/snowflake_backup/bronze/lead_activities_raw/data_0_2_3.snappy.parquet,20954532,f06ba21b692c5689d8d8d741671c5e24,"Fri, 24 Jul 2026 21:41:43 GMT"
s3://sales-analytics-raw-aqib-test/snowflake_backup/bronze/lead_activities_raw/data_0_2_4.snappy.parquet,20354174,0de69eb862437f7368db3367b346d5ab,"Fri, 24 Jul 2026 21:41:43 GMT"
s3://sales-analytics-raw-aqib-test/snowflake_backup/bronze/lead_activities_raw/data_0_2_5.snappy.parquet,19449526,0796ef9013e20ccca103cbc816915940,"Fri, 24 Jul 2026 21:41:44 GMT"
s3://sales-analytics-raw-aqib-test/snowflake_backup/bronze/lead_activities_raw/data_0_2_6.snappy.parquet,19773102,f2dc1e0bcf378f2d93cf06fa87721c4d,"Fri, 24 Jul 2026 21:41:45 GMT"
s3://sales-analytics-raw-aqib-test/snowflake_backup/bronze/lead_activities_raw/data_0_2_7.snappy.parquet,19880638,b611fba9571c8b99442d628437e06553,"Fri, 24 Jul 2026 21:41:45 GMT"
s3://sales-analytics-raw-aqib-test/snowflake_backup/bronze/lead_activities_raw/data_0_2_8.snappy.parquet,18501411,f7936e33579b1d11c5c89fd2afc8a485,"Fri, 24 Jul 2026 21:41:46 GMT"
s3://sales-analytics-raw-aqib-test/snowflake_backup/bronze/lead_activities_raw/data_0_2_9.snappy.parquet,19691868,1002edfd56e5384d5216c6ef6ce0c7cb,"Fri, 24 Jul 2026 21:41:47 GMT"
s3://sales-analytics-raw-aqib-test/snowflake_backup/bronze/lead_activities_raw/data_0_3_0.snappy.parquet,19351750,42c74d308ac98bdae5b26df54ec1bcc5,"Fri, 24 Jul 2026 21:41:40 GMT"
s3://sales-analytics-raw-aqib-test/snowflake_backup/bronze/lead_activities_raw/data_0_3_1.snappy.parquet,18521891,3730fc9708a809f2e653c0c7061d13c9,"Fri, 24 Jul 2026 21:41:41 GMT"
s3://sales-analytics-raw-aqib-test/snowflake_backup/bronze/lead_activities_raw/data_0_3_10.snappy.parquet,19160639,c072e4c0beed6a09699a677e7f80c5ff,"Fri, 24 Jul 2026 21:41:48 GMT"
s3://sales-analytics-raw-aqib-test/snowflake_backup/bronze/lead_activities_raw/data_0_3_11.snappy.parquet,19304923,620964d72ea175f401fdeeadb4298ec3,"Fri, 24 Jul 2026 21:41:49 GMT"
s3://sales-analytics-raw-aqib-test/snowflake_backup/bronze/lead_activities_raw/data_0_3_12.snappy.parquet,22068757,6ea3e0a52b69d8415b4b2871c3d22e74,"Fri, 24 Jul 2026 21:41:50 GMT"
s3://sales-analytics-raw-aqib-test/snowflake_backup/bronze/lead_activities_raw/data_0_3_13.snappy.parquet,25866054,809018cfe9ab8fbf8ba859494386b7c5,"Fri, 24 Jul 2026 21:41:50 GMT"
s3://sales-analytics-raw-aqib-test/snowflake_backup/bronze/lead_activities_raw/data_0_3_14.snappy.parquet,23105927,80bc10943248d61539d091d4137c7476,"Fri, 24 Jul 2026 21:41:51 GMT"
s3://sales-analytics-raw-aqib-test/snowflake_backup/bronze/lead_activities_raw/data_0_3_15.snappy.parquet,24014203,1e8284b52bcdadf7a250b3e8cce74afc,"Fri, 24 Jul 2026 21:41:52 GMT"
s3://sales-analytics-raw-aqib-test/snowflake_backup/bronze/lead_activities_raw/data_0_3_16.snappy.parquet,21722820,6d271ba1800dcc27c35360130ec853c2,"Fri, 24 Jul 2026 21:41:53 GMT"
s3://sales-analytics-raw-aqib-test/snowflake_backup/bronze/lead_activities_raw/data_0_3_17.snappy.parquet,20684707,9d20a5cbcc97ec649a2f4d332dd613d7,"Fri, 24 Jul 2026 21:41:54 GMT"
s3://sales-analytics-raw-aqib-test/snowflake_backup/bronze/lead_activities_raw/data_0_3_18.snappy.parquet,19469333,41a753e80957da1b71cca7535701509e,"Fri, 24 Jul 2026 21:41:54 GMT"
s3://sales-analytics-raw-aqib-test/snowflake_backup/bronze/lead_activities_raw/data_0_3_19.snappy.parquet,22692176,7a0edd70880e1b3bd93fba51577cbfe0,"Fri, 24 Jul 2026 21:41:55 GMT"
s3://sales-analytics-raw-aqib-test/snowflake_backup/bronze/lead_activities_raw/data_0_3_2.snappy.parquet,21918594,00a767a369b6df5ff3197ec0c29cdc8c,"Fri, 24 Jul 2026 21:41:42 GMT"
s3://sales-analytics-raw-aqib-test/snowflake_backup/bronze/lead_activities_raw/data_0_3_20.snappy.parquet,22913294,883d042aca18d4d0d23dcea52d674fda,"Fri, 24 Jul 2026 21:41:56 GMT"
s3://sales-analytics-raw-aqib-test/snowflake_backup/bronze/lead_activities_raw/data_0_3_21.snappy.parquet,20866874,ea04a48388b08c0159ba287e0e03c050,"Fri, 24 Jul 2026 21:41:57 GMT"
s3://sales-analytics-raw-aqib-test/snowflake_backup/bronze/lead_activities_raw/data_0_3_22.snappy.parquet,10328868,ca8c7162fde73e414f736b407189dbf8,"Fri, 24 Jul 2026 21:41:57 GMT"
s3://sales-analytics-raw-aqib-test/snowflake_backup/bronze/lead_activities_raw/data_0_3_3.snappy.parquet,17009074,83f86742c4f13f711892a26c1b9cc61c,"Fri, 24 Jul 2026 21:41:43 GMT"
s3://sales-analytics-raw-aqib-test/snowflake_backup/bronze/lead_activities_raw/data_0_3_4.snappy.parquet,23410552,74403ca6576dd667069b82b107d0ba96,"Fri, 24 Jul 2026 21:41:44 GMT"
s3://sales-analytics-raw-aqib-test/snowflake_backup/bronze/lead_activities_raw/data_0_3_5.snappy.parquet,23413653,fd7ab55f13d74bc0c996c6edecbcfc0e,"Fri, 24 Jul 2026 21:41:45 GMT"
s3://sales-analytics-raw-aqib-test/snowflake_backup/bronze/lead_activities_raw/data_0_3_6.snappy.parquet,19951771,aaa90e7e803b380cb00b1f3cd2182a04,"Fri, 24 Jul 2026 21:41:45 GMT"
s3://sales-analytics-raw-aqib-test/snowflake_backup/bronze/lead_activities_raw/data_0_3_7.snappy.parquet,18454129,0929b490d04b035038f6209b5f792445,"Fri, 24 Jul 2026 21:41:46 GMT"
s3://sales-analytics-raw-aqib-test/snowflake_backup/bronze/lead_activities_raw/data_0_3_8.snappy.parquet,20301657,63404f8424915ad7f6e00e67462eb686,"Fri, 24 Jul 2026 21:41:47 GMT"
s3://sales-analytics-raw-aqib-test/snowflake_backup/bronze/lead_activities_raw/data_0_3_9.snappy.parquet,22155298,6e424f5d7aa3de1b9c72a6f99952bb75,"Fri, 24 Jul 2026 21:41:47 GMT"
s3://sales-analytics-raw-aqib-test/snowflake_backup/bronze/lead_activities_raw/data_0_4_0.snappy.parquet,22296696,3072b5627a16629d3095a908ebf762c8,"Fri, 24 Jul 2026 21:41:40 GMT"
s3://sales-analytics-raw-aqib-test/snowflake_backup/bronze/lead_activities_raw/data_0_4_1.snappy.parquet,18718703,9e98dd03d073c118815b867aa5a2cbd4,"Fri, 24 Jul 2026 21:41:41 GMT"
s3://sales-analytics-raw-aqib-test/snowflake_backup/bronze/lead_activities_raw/data_0_4_10.snappy.parquet,17865239,216bb44eaf3bf1daeb89c4e9ed5c268b,"Fri, 24 Jul 2026 21:41:48 GMT"
s3://sales-analytics-raw-aqib-test/snowflake_backup/bronze/lead_activities_raw/data_0_4_11.snappy.parquet,19166245,e22414679760c1f94380df2cbf82b972,"Fri, 24 Jul 2026 21:41:49 GMT"
s3://sales-analytics-raw-aqib-test/snowflake_backup/bronze/lead_activities_raw/data_0_4_12.snappy.parquet,20933015,2d16daf9922242f6d362e5a26e59df47,"Fri, 24 Jul 2026 21:41:49 GMT"
s3://sales-analytics-raw-aqib-test/snowflake_backup/bronze/lead_activities_raw/data_0_4_13.snappy.parquet,22344198,f5d652f95a8295b05c9209600ec4f67c,"Fri, 24 Jul 2026 21:41:50 GMT"
s3://sales-analytics-raw-aqib-test/snowflake_backup/bronze/lead_activities_raw/data_0_4_14.snappy.parquet,23333544,2720c375fcafb38b865fb345bccdf981,"Fri, 24 Jul 2026 21:41:51 GMT"
s3://sales-analytics-raw-aqib-test/snowflake_backup/bronze/lead_activities_raw/data_0_4_15.snappy.parquet,21488749,690ae26ba53dfe95c5be09cc02e4f198,"Fri, 24 Jul 2026 21:41:52 GMT"
s3://sales-analytics-raw-aqib-test/snowflake_backup/bronze/lead_activities_raw/data_0_4_16.snappy.parquet,20502834,2a00ddbeeb791c761c2a27238fdeec06,"Fri, 24 Jul 2026 21:41:53 GMT"
s3://sales-analytics-raw-aqib-test/snowflake_backup/bronze/lead_activities_raw/data_0_4_17.snappy.parquet,21298106,0ea8042eb71ade72890e6e145eba1c49,"Fri, 24 Jul 2026 21:41:53 GMT"
s3://sales-analytics-raw-aqib-test/snowflake_backup/bronze/lead_activities_raw/data_0_4_18.snappy.parquet,20267989,8d0d6f37b8b53783cffc8e2c9d4e44d4,"Fri, 24 Jul 2026 21:41:54 GMT"
s3://sales-analytics-raw-aqib-test/snowflake_backup/bronze/lead_activities_raw/data_0_4_19.snappy.parquet,17657084,99ee65cc02798c889b012fe2a6966abc,"Fri, 24 Jul 2026 21:41:55 GMT"
s3://sales-analytics-raw-aqib-test/snowflake_backup/bronze/lead_activities_raw/data_0_4_2.snappy.parquet,19273209,d4baa64f979edef73fc5d8f70209bc41,"Fri, 24 Jul 2026 21:41:42 GMT"
s3://sales-analytics-raw-aqib-test/snowflake_backup/bronze/lead_activities_raw/data_0_4_20.snappy.parquet,19782717,37498557c01ecd0a01ce4c1e9215162c,"Fri, 24 Jul 2026 21:41:55 GMT"
s3://sales-analytics-raw-aqib-test/snowflake_backup/bronze/lead_activities_raw/data_0_4_21.snappy.parquet,12363495,18b35604fd842301a936677ec352e55f,"Fri, 24 Jul 2026 21:41:57 GMT"
s3://sales-analytics-raw-aqib-test/snowflake_backup/bronze/lead_activities_raw/data_0_4_3.snappy.parquet,19226837,7def5fbb65a48714ad62f9ad693c5166,"Fri, 24 Jul 2026 21:41:42 GMT"
s3://sales-analytics-raw-aqib-test/snowflake_backup/bronze/lead_activities_raw/data_0_4_4.snappy.parquet,18817954,3f8386b353dea10c892dfcfe04ca1c15,"Fri, 24 Jul 2026 21:41:43 GMT"
s3://sales-analytics-raw-aqib-test/snowflake_backup/bronze/lead_activities_raw/data_0_4_5.snappy.parquet,18868149,cb34f694082186cce5fd80d6015122e5,"Fri, 24 Jul 2026 21:41:44 GMT"
s3://sales-analytics-raw-aqib-test/snowflake_backup/bronze/lead_activities_raw/data_0_4_6.snappy.parquet,23303359,4ea892ebd4260b2439c6eacb188016b4,"Fri, 24 Jul 2026 21:41:45 GMT"
s3://sales-analytics-raw-aqib-test/snowflake_backup/bronze/lead_activities_raw/data_0_4_7.snappy.parquet,24942078,7295e4bd8157732bb9247e463a7c7cf6,"Fri, 24 Jul 2026 21:41:46 GMT"
s3://sales-analytics-raw-aqib-test/snowflake_backup/bronze/lead_activities_raw/data_0_4_8.snappy.parquet,23697580,1b7049861c6395108a8de622162306b4,"Fri, 24 Jul 2026 21:41:47 GMT"
s3://sales-analytics-raw-aqib-test/snowflake_backup/bronze/lead_activities_raw/data_0_4_9.snappy.parquet,18773319,7cecd2aa45ee7c0a70a9e4d209c74a51,"Fri, 24 Jul 2026 21:41:47 GMT"
s3://sales-analytics-raw-aqib-test/snowflake_backup/bronze/lead_activities_raw/data_0_5_0.snappy.parquet,21123760,0130e8952b57e21d9f765273c9962124,"Fri, 24 Jul 2026 21:41:40 GMT"
s3://sales-analytics-raw-aqib-test/snowflake_backup/bronze/lead_activities_raw/data_0_5_1.snappy.parquet,19040345,97d3c20233889b9097d3f5c17e0da49f,"Fri, 24 Jul 2026 21:41:41 GMT"
s3://sales-analytics-raw-aqib-test/snowflake_backup/bronze/lead_activities_raw/data_0_5_10.snappy.parquet,18248475,07bbacf1c02ff0362c98f6e5db3037ba,"Fri, 24 Jul 2026 21:41:48 GMT"
s3://sales-analytics-raw-aqib-test/snowflake_backup/bronze/lead_activities_raw/data_0_5_11.snappy.parquet,20829922,2c018deec768c9b1c5d82e683a25e009,"Fri, 24 Jul 2026 21:41:49 GMT"
s3://sales-analytics-raw-aqib-test/snowflake_backup/bronze/lead_activities_raw/data_0_5_12.snappy.parquet,21203684,9c11f441615e71254164fe5ab822ef73,"Fri, 24 Jul 2026 21:41:50 GMT"
s3://sales-analytics-raw-aqib-test/snowflake_backup/bronze/lead_activities_raw/data_0_5_13.snappy.parquet,23406167,88a1c87cfd0f40ad615df7defc900e6c,"Fri, 24 Jul 2026 21:41:51 GMT"
s3://sales-analytics-raw-aqib-test/snowflake_backup/bronze/lead_activities_raw/data_0_5_14.snappy.parquet,21943861,6123a3f9ff1d435073d06e045c6f7a8f,"Fri, 24 Jul 2026 21:41:51 GMT"
s3://sales-analytics-raw-aqib-test/snowflake_backup/bronze/lead_activities_raw/data_0_5_15.snappy.parquet,22687479,762d9acb1bf3ff1451dd1a18696ced24,"Fri, 24 Jul 2026 21:41:52 GMT"
s3://sales-analytics-raw-aqib-test/snowflake_backup/bronze/lead_activities_raw/data_0_5_16.snappy.parquet,22767444,df9012276f0a867093d55e1dfa4b3d7a,"Fri, 24 Jul 2026 21:41:53 GMT"
s3://sales-analytics-raw-aqib-test/snowflake_backup/bronze/lead_activities_raw/data_0_5_17.snappy.parquet,21248459,42a56b9a600a658f3c43370bc58650ce,"Fri, 24 Jul 2026 21:41:54 GMT"
s3://sales-analytics-raw-aqib-test/snowflake_backup/bronze/lead_activities_raw/data_0_5_18.snappy.parquet,21470055,0346f0372c452ac0d3b5069dcec77a9c,"Fri, 24 Jul 2026 21:41:54 GMT"
s3://sales-analytics-raw-aqib-test/snowflake_backup/bronze/lead_activities_raw/data_0_5_19.snappy.parquet,24106136,00154c37f21e29dbdd4b103b21a24882,"Fri, 24 Jul 2026 21:41:55 GMT"
s3://sales-analytics-raw-aqib-test/snowflake_backup/bronze/lead_activities_raw/data_0_5_2.snappy.parquet,22009282,5b90fab684c42a00ba0443e4beab3121,"Fri, 24 Jul 2026 21:41:42 GMT"
s3://sales-analytics-raw-aqib-test/snowflake_backup/bronze/lead_activities_raw/data_0_5_20.snappy.parquet,19934045,5ab5fbcfe53293f313df554abedbea26,"Fri, 24 Jul 2026 21:41:56 GMT"
s3://sales-analytics-raw-aqib-test/snowflake_backup/bronze/lead_activities_raw/data_0_5_21.snappy.parquet,20425025,36c261330acf47d2ce76da3e77ffcd76,"Fri, 24 Jul 2026 21:41:56 GMT"
s3://sales-analytics-raw-aqib-test/snowflake_backup/bronze/lead_activities_raw/data_0_5_3.snappy.parquet,23152629,cb7e9f4cf456423a5ff159aa401bf1ad,"Fri, 24 Jul 2026 21:41:43 GMT"
s3://sales-analytics-raw-aqib-test/snowflake_backup/bronze/lead_activities_raw/data_0_5_4.snappy.parquet,25946626,b54df406da57d07b9de3659b50fb11ed,"Fri, 24 Jul 2026 21:41:44 GMT"
s3://sales-analytics-raw-aqib-test/snowflake_backup/bronze/lead_activities_raw/data_0_5_5.snappy.parquet,18337102,4372cd558e033cd4de024cef56a6f45a,"Fri, 24 Jul 2026 21:41:45 GMT"
s3://sales-analytics-raw-aqib-test/snowflake_backup/bronze/lead_activities_raw/data_0_5_6.snappy.parquet,19578314,1d9b3b49fd2b93ad0974bfa9654c4644,"Fri, 24 Jul 2026 21:41:45 GMT"
s3://sales-analytics-raw-aqib-test/snowflake_backup/bronze/lead_activities_raw/data_0_5_7.snappy.parquet,19305627,393af9f732b37aa4eecdb15dc9c4ced8,"Fri, 24 Jul 2026 21:41:46 GMT"
s3://sales-analytics-raw-aqib-test/snowflake_backup/bronze/lead_activities_raw/data_0_5_8.snappy.parquet,19622228,f55ae5dfa322151f210655dcb5006df9,"Fri, 24 Jul 2026 21:41:47 GMT"
s3://sales-analytics-raw-aqib-test/snowflake_backup/bronze/lead_activities_raw/data_0_5_9.snappy.parquet,17653807,f61b7149d056828807569490d2cd409b,"Fri, 24 Jul 2026 21:41:47 GMT"
s3://sales-analytics-raw-aqib-test/snowflake_backup/bronze/lead_activities_raw/data_0_6_0.snappy.parquet,22038210,047653e44f2ca0c8738fdb487a060af7,"Fri, 24 Jul 2026 21:41:41 GMT"
s3://sales-analytics-raw-aqib-test/snowflake_backup/bronze/lead_activities_raw/data_0_6_1.snappy.parquet,22348593,983c35f84ea42ad53e71aae3bbbd2dad,"Fri, 24 Jul 2026 21:41:41 GMT"
s3://sales-analytics-raw-aqib-test/snowflake_backup/bronze/lead_activities_raw/data_0_6_10.snappy.parquet,18630927,55e5a06be2465990d9c675d5374a1a75,"Fri, 24 Jul 2026 21:41:48 GMT"
s3://sales-analytics-raw-aqib-test/snowflake_backup/bronze/lead_activities_raw/data_0_6_11.snappy.parquet,18605610,d0e47934e42727760f221b14e7b3bbfa,"Fri, 24 Jul 2026 21:41:48 GMT"
s3://sales-analytics-raw-aqib-test/snowflake_backup/bronze/lead_activities_raw/data_0_6_12.snappy.parquet,17144786,64a23c97893a18e8b2011cc721b6f153,"Fri, 24 Jul 2026 21:41:49 GMT"
s3://sales-analytics-raw-aqib-test/snowflake_backup/bronze/lead_activities_raw/data_0_6_13.snappy.parquet,23577826,2ed5efd10deb4802ecb4603441730d71,"Fri, 24 Jul 2026 21:41:50 GMT"
s3://sales-analytics-raw-aqib-test/snowflake_backup/bronze/lead_activities_raw/data_0_6_14.snappy.parquet,27964954,3b4ca706bf3964cc2c433a75f95e81eb,"Fri, 24 Jul 2026 21:41:51 GMT"
s3://sales-analytics-raw-aqib-test/snowflake_backup/bronze/lead_activities_raw/data_0_6_15.snappy.parquet,21861750,61136c856ef5cd2972f89dd8acad565c,"Fri, 24 Jul 2026 21:41:52 GMT"
s3://sales-analytics-raw-aqib-test/snowflake_backup/bronze/lead_activities_raw/data_0_6_16.snappy.parquet,22795337,5d61734beab23e0dbd6cdffd1c7a2c65,"Fri, 24 Jul 2026 21:41:52 GMT"
s3://sales-analytics-raw-aqib-test/snowflake_backup/bronze/lead_activities_raw/data_0_6_17.snappy.parquet,21860820,85e67f812449dfec44cc47a6483b50ab,"Fri, 24 Jul 2026 21:41:53 GMT"
s3://sales-analytics-raw-aqib-test/snowflake_backup/bronze/lead_activities_raw/data_0_6_18.snappy.parquet,17974248,f4d06f243d37a8e9290846d6719c6f26,"Fri, 24 Jul 2026 21:41:54 GMT"
s3://sales-analytics-raw-aqib-test/snowflake_backup/bronze/lead_activities_raw/data_0_6_19.snappy.parquet,20706079,c6353004d4dd387ac5a44c8ab1b0472e,"Fri, 24 Jul 2026 21:41:54 GMT"
s3://sales-analytics-raw-aqib-test/snowflake_backup/bronze/lead_activities_raw/data_0_6_2.snappy.parquet,20699631,9bf51d506d310084157c01ed42eb894d,"Fri, 24 Jul 2026 21:41:42 GMT"
s3://sales-analytics-raw-aqib-test/snowflake_backup/bronze/lead_activities_raw/data_0_6_20.snappy.parquet,11734116,767546bd311a0e161aa6d8c3778b8bf8,"Fri, 24 Jul 2026 21:41:57 GMT"
s3://sales-analytics-raw-aqib-test/snowflake_backup/bronze/lead_activities_raw/data_0_6_3.snappy.parquet,19455152,9b96cae690c1978d0bdacf2bb2ab4a21,"Fri, 24 Jul 2026 21:41:43 GMT"
s3://sales-analytics-raw-aqib-test/snowflake_backup/bronze/lead_activities_raw/data_0_6_4.snappy.parquet,23712991,b5457478938cbe2dc780d701db19832f,"Fri, 24 Jul 2026 21:41:43 GMT"
s3://sales-analytics-raw-aqib-test/snowflake_backup/bronze/lead_activities_raw/data_0_6_5.snappy.parquet,24229423,cf54e17cc29bd41095d58150181ae3b5,"Fri, 24 Jul 2026 21:41:44 GMT"
s3://sales-analytics-raw-aqib-test/snowflake_backup/bronze/lead_activities_raw/data_0_6_6.snappy.parquet,24106854,6850c87ddbb23644b913d9b9431b4932,"Fri, 24 Jul 2026 21:41:45 GMT"
s3://sales-analytics-raw-aqib-test/snowflake_backup/bronze/lead_activities_raw/data_0_6_7.snappy.parquet,19100215,a447bb441251cf081ad5c6498c1ae88d,"Fri, 24 Jul 2026 21:41:46 GMT"
s3://sales-analytics-raw-aqib-test/snowflake_backup/bronze/lead_activities_raw/data_0_6_8.snappy.parquet,18025954,74fa18633814869b608dc018b58a96ff,"Fri, 24 Jul 2026 21:41:46 GMT"
s3://sales-analytics-raw-aqib-test/snowflake_backup/bronze/lead_activities_raw/data_0_6_9.snappy.parquet,24716484,c62c8a6d8b71a7270b114aaa0a3a221f,"Fri, 24 Jul 2026 21:41:47 GMT"
s3://sales-analytics-raw-aqib-test/snowflake_backup/bronze/lead_activities_raw/data_0_7_0.snappy.parquet,18562603,7af485599b97e894769ca21e41fa5c2a,"Fri, 24 Jul 2026 21:41:40 GMT"
s3://sales-analytics-raw-aqib-test/snowflake_backup/bronze/lead_activities_raw/data_0_7_1.snappy.parquet,19377143,369098482d5de66f32c549e099cf4845,"Fri, 24 Jul 2026 21:41:41 GMT"
s3://sales-analytics-raw-aqib-test/snowflake_backup/bronze/lead_activities_raw/data_0_7_10.snappy.parquet,24389022,92c4612446f73cbb6665c580ff32d7e8,"Fri, 24 Jul 2026 21:41:47 GMT"
s3://sales-analytics-raw-aqib-test/snowflake_backup/bronze/lead_activities_raw/data_0_7_11.snappy.parquet,18498987,9119e47ee576b2d96596d35548a80cc0,"Fri, 24 Jul 2026 21:41:48 GMT"
s3://sales-analytics-raw-aqib-test/snowflake_backup/bronze/lead_activities_raw/data_0_7_12.snappy.parquet,21966441,c7ae8ac505406ae5dc00d48fbc81b909,"Fri, 24 Jul 2026 21:41:49 GMT"
s3://sales-analytics-raw-aqib-test/snowflake_backup/bronze/lead_activities_raw/data_0_7_13.snappy.parquet,22876348,e59d6d83188d195ce67b63ce5c8fbe7b,"Fri, 24 Jul 2026 21:41:50 GMT"
s3://sales-analytics-raw-aqib-test/snowflake_backup/bronze/lead_activities_raw/data_0_7_14.snappy.parquet,24314257,bea8f8035f1aa31939013cb742c49b13,"Fri, 24 Jul 2026 21:41:50 GMT"
s3://sales-analytics-raw-aqib-test/snowflake_backup/bronze/lead_activities_raw/data_0_7_15.snappy.parquet,22730617,13f11c3a529d56bea1a90b071d3c5e21,"Fri, 24 Jul 2026 21:41:51 GMT"
s3://sales-analytics-raw-aqib-test/snowflake_backup/bronze/lead_activities_raw/data_0_7_16.snappy.parquet,21878843,a54ac63acc52ae47524fdfd8a39ebb40,"Fri, 24 Jul 2026 21:41:52 GMT"
s3://sales-analytics-raw-aqib-test/snowflake_backup/bronze/lead_activities_raw/data_0_7_17.snappy.parquet,22219558,434b83bdbf1c7b01f090531b976a7c91,"Fri, 24 Jul 2026 21:41:53 GMT"
s3://sales-analytics-raw-aqib-test/snowflake_backup/bronze/lead_activities_raw/data_0_7_18.snappy.parquet,21905916,5be1fd5b1f8381a58e801b87e92809d3,"Fri, 24 Jul 2026 21:41:54 GMT"
s3://sales-analytics-raw-aqib-test/snowflake_backup/bronze/lead_activities_raw/data_0_7_19.snappy.parquet,21585971,8f2381fe89ab1ea326190ff5e1690fba,"Fri, 24 Jul 2026 21:41:54 GMT"
s3://sales-analytics-raw-aqib-test/snowflake_backup/bronze/lead_activities_raw/data_0_7_2.snappy.parquet,19700711,bed89bce8db674f45322e591794401e2,"Fri, 24 Jul 2026 21:41:42 GMT"
s3://sales-analytics-raw-aqib-test/snowflake_backup/bronze/lead_activities_raw/data_0_7_20.snappy.parquet,22775979,c702c0f4dacd2cc450d3c129f17fb118,"Fri, 24 Jul 2026 21:41:55 GMT"
s3://sales-analytics-raw-aqib-test/snowflake_backup/bronze/lead_activities_raw/data_0_7_21.snappy.parquet,21203152,b42174fe79959b6ef504820998b5def6,"Fri, 24 Jul 2026 21:41:56 GMT"
s3://sales-analytics-raw-aqib-test/snowflake_backup/bronze/lead_activities_raw/data_0_7_22.snappy.parquet,19982437,93425daad8280a6db751303c6369b3d8,"Fri, 24 Jul 2026 21:41:56 GMT"
s3://sales-analytics-raw-aqib-test/snowflake_backup/bronze/lead_activities_raw/data_0_7_3.snappy.parquet,19082537,cb09a32e5beaa3378410f2341c671f60,"Fri, 24 Jul 2026 21:41:42 GMT"
s3://sales-analytics-raw-aqib-test/snowflake_backup/bronze/lead_activities_raw/data_0_7_4.snappy.parquet,16801563,3bda4c8d2560c7e4bb233966046637e3,"Fri, 24 Jul 2026 21:41:43 GMT"
s3://sales-analytics-raw-aqib-test/snowflake_backup/bronze/lead_activities_raw/data_0_7_5.snappy.parquet,17363451,d43f2226050c99dc9ae4307ac32ed31a,"Fri, 24 Jul 2026 21:41:44 GMT"
s3://sales-analytics-raw-aqib-test/snowflake_backup/bronze/lead_activities_raw/data_0_7_6.snappy.parquet,25530194,ef0582b19aa4729d780219f01ad0719c,"Fri, 24 Jul 2026 21:41:45 GMT"
s3://sales-analytics-raw-aqib-test/snowflake_backup/bronze/lead_activities_raw/data_0_7_7.snappy.parquet,18058700,7d6ee5d3fce02934b59703e1208db9e9,"Fri, 24 Jul 2026 21:41:45 GMT"
s3://sales-analytics-raw-aqib-test/snowflake_backup/bronze/lead_activities_raw/data_0_7_8.snappy.parquet,19689726,5b9d8327737692ec41d536534e9c1bb3,"Fri, 24 Jul 2026 21:41:46 GMT"
s3://sales-analytics-raw-aqib-test/snowflake_backup/bronze/lead_activities_raw/data_0_7_9.snappy.parquet,19052745,90138d9cfa2849ffe1c60f86413c4885,"Fri, 24 Jul 2026 21:41:47 GMT"
