name,size,md5,last_modified
s3://sales-analytics-raw-aqib-test/leads_raw/load_type=full/leads_raw_20260707_200657_part_00001.json,8422471,f9859436e019e5e63b251ff7c3546bf2,"Tue, 7 Jul 2026 20:06:58 GMT"
s3://sales-analytics-raw-aqib-test/leads_raw/load_type=full/leads_raw_20260707_200657_part_00002.json,8463556,1b3f40e1948f1948feacc36096b83e30,"Tue, 7 Jul 2026 20:06:58 GMT"
s3://sales-analytics-raw-aqib-test/leads_raw/load_type=full/leads_raw_20260707_200658_part_00003.json,8635045,0037a5c8072aaf7d17eb88820276862f,"Tue, 7 Jul 2026 20:06:59 GMT"
s3://sales-analytics-raw-aqib-test/leads_raw/load_type=full/leads_raw_20260707_200658_part_00004.json,8414634,25c5968750a262703b4dc43b2620d6c7,"Tue, 7 Jul 2026 20:06:59 GMT"
s3://sales-analytics-raw-aqib-test/leads_raw/load_type=full/leads_raw_20260707_200658_part_00005.json,8619805,fdef05b3966620236aa45b64ee5317ba,"Tue, 7 Jul 2026 20:06:59 GMT"
s3://sales-analytics-raw-aqib-test/leads_raw/load_type=full/leads_raw_20260707_200659_part_00006.json,8611108,05213009a0f5f4d176a6794b83a07ecc,"Tue, 7 Jul 2026 20:07:00 GMT"
s3://sales-analytics-raw-aqib-test/leads_raw/load_type=full/leads_raw_20260707_200659_part_00007.json,8400272,b162b0c737b8119db069330f9dfe54d7,"Tue, 7 Jul 2026 20:07:00 GMT"
s3://sales-analytics-raw-aqib-test/leads_raw/load_type=full/leads_raw_20260707_200659_part_00008.json,8631533,024526468a791054a14f0433b71bb046,"Tue, 7 Jul 2026 20:07:00 GMT"
s3://sales-analytics-raw-aqib-test/leads_raw/load_type=full/leads_raw_20260707_200700_part_00009.json,8621928,946ce7b66e98ff67272f394a15b4a2b2,"Tue, 7 Jul 2026 20:07:01 GMT"
s3://sales-analytics-raw-aqib-test/leads_raw/load_type=full/leads_raw_20260707_200700_part_00010.json,9345313,983491ad13e9383489c7f63e4fffe951,"Tue, 7 Jul 2026 20:07:01 GMT"
s3://sales-analytics-raw-aqib-test/leads_raw/load_type=full/leads_raw_20260707_200700_part_00011.json,9300625,5bef9f4f42ce6df073f6199524f37a49,"Tue, 7 Jul 2026 20:07:01 GMT"
s3://sales-analytics-raw-aqib-test/leads_raw/load_type=full/leads_raw_20260707_200701_part_00012.json,9286977,89a2e9f8a3119f41d48d6dc882327c03,"Tue, 7 Jul 2026 20:07:02 GMT"
s3://sales-analytics-raw-aqib-test/leads_raw/load_type=full/leads_raw_20260707_200701_part_00013.json,9428968,2050617e84ed70e1282fe0dff86c1bf4,"Tue, 7 Jul 2026 20:07:02 GMT"
s3://sales-analytics-raw-aqib-test/leads_raw/load_type=full/leads_raw_20260707_200701_part_00014.json,8995141,2f6a0a6654e30f6372e395d81407c9a8,"Tue, 7 Jul 2026 20:07:03 GMT"
s3://sales-analytics-raw-aqib-test/leads_raw/load_type=full/leads_raw_20260707_200702_part_00015.json,8631375,b14da688313a5aa2a1a470a65875f523,"Tue, 7 Jul 2026 20:07:03 GMT"
s3://sales-analytics-raw-aqib-test/leads_raw/load_type=full/leads_raw_20260707_200702_part_00016.json,8673198,e14b5ac66bab287811294b90657e9397,"Tue, 7 Jul 2026 20:07:03 GMT"
s3://sales-analytics-raw-aqib-test/leads_raw/load_type=full/leads_raw_20260707_200703_part_00017.json,8532002,9ec34d63434a522f8d24025b5e9559bb,"Tue, 7 Jul 2026 20:07:04 GMT"
s3://sales-analytics-raw-aqib-test/leads_raw/load_type=full/leads_raw_20260707_200703_part_00018.json,8462780,38a99bd82c9d8003ebcbe1abf470e270,"Tue, 7 Jul 2026 20:07:04 GMT"
s3://sales-analytics-raw-aqib-test/leads_raw/load_type=full/leads_raw_20260707_200703_part_00019.json,8687797,0016eb96ef3941dd164fd7ce494b94e0,"Tue, 7 Jul 2026 20:07:04 GMT"
s3://sales-analytics-raw-aqib-test/leads_raw/load_type=full/leads_raw_20260707_200704_part_00020.json,8565641,56058ba006aa17cda4c4c4ef5b78e05d,"Tue, 7 Jul 2026 20:07:05 GMT"
s3://sales-analytics-raw-aqib-test/leads_raw/load_type=full/leads_raw_20260707_200704_part_00021.json,8479576,cc95b56b1b81095e69062326a9fcffe1,"Tue, 7 Jul 2026 20:07:05 GMT"
s3://sales-analytics-raw-aqib-test/leads_raw/load_type=full/leads_raw_20260707_200704_part_00022.json,8619676,7306a1f90f6cdc71a0d59d304bb1a5a3,"Tue, 7 Jul 2026 20:07:05 GMT"
s3://sales-analytics-raw-aqib-test/leads_raw/load_type=full/leads_raw_20260707_200705_part_00023.json,8537350,8dd80cfb327f4a594d5612a5a2c37137,"Tue, 7 Jul 2026 20:07:06 GMT"
s3://sales-analytics-raw-aqib-test/leads_raw/load_type=full/leads_raw_20260707_200705_part_00024.json,8409158,abf7c7867d64742ff3ba282e93c29d93,"Tue, 7 Jul 2026 20:07:06 GMT"
s3://sales-analytics-raw-aqib-test/leads_raw/load_type=full/leads_raw_20260707_200705_part_00025.json,8770364,7213a60663607d357d554a810054584a,"Tue, 7 Jul 2026 20:07:06 GMT"
s3://sales-analytics-raw-aqib-test/leads_raw/load_type=full/leads_raw_20260707_200706_part_00026.json,8822556,a3384d608452c80f039dad193b1d293a,"Tue, 7 Jul 2026 20:07:07 GMT"
s3://sales-analytics-raw-aqib-test/leads_raw/load_type=full/leads_raw_20260707_200706_part_00027.json,8803040,112e8f1eaff806b33bb456d7260059c7,"Tue, 7 Jul 2026 20:07:07 GMT"
s3://sales-analytics-raw-aqib-test/leads_raw/load_type=full/leads_raw_20260707_200706_part_00028.json,8659896,ec67134659e8ef7d0b4bc76a6aad1c97,"Tue, 7 Jul 2026 20:07:08 GMT"
s3://sales-analytics-raw-aqib-test/leads_raw/load_type=full/leads_raw_20260707_200707_part_00029.json,9041933,84be75435ed1a3e3dbb32927dd0c59c2,"Tue, 7 Jul 2026 20:07:08 GMT"
s3://sales-analytics-raw-aqib-test/leads_raw/load_type=full/leads_raw_20260707_200707_part_00030.json,8788528,c43b0acd9426e70b8b73c3e9a4b89e22,"Tue, 7 Jul 2026 20:07:08 GMT"
s3://sales-analytics-raw-aqib-test/leads_raw/load_type=full/leads_raw_20260707_200708_part_00031.json,8945595,20689cc276a1984aa46c2cc60b825014,"Tue, 7 Jul 2026 20:07:09 GMT"
s3://sales-analytics-raw-aqib-test/leads_raw/load_type=full/leads_raw_20260707_200708_part_00032.json,9140208,5e33f2564aa66aba762258207f1abce7,"Tue, 7 Jul 2026 20:07:09 GMT"
s3://sales-analytics-raw-aqib-test/leads_raw/load_type=full/leads_raw_20260707_200708_part_00033.json,8814695,3422c92cc5cc882d4daaa19336a242e2,"Tue, 7 Jul 2026 20:07:09 GMT"
s3://sales-analytics-raw-aqib-test/leads_raw/load_type=full/leads_raw_20260707_200709_part_00034.json,8797680,76821cfa22c484fd3fe2178ec03d5a90,"Tue, 7 Jul 2026 20:07:10 GMT"
s3://sales-analytics-raw-aqib-test/leads_raw/load_type=full/leads_raw_20260707_200709_part_00035.json,8535002,705d86ed35d12dff99d3e82294cd71fe,"Tue, 7 Jul 2026 20:07:10 GMT"
s3://sales-analytics-raw-aqib-test/leads_raw/load_type=full/leads_raw_20260707_200709_part_00036.json,8280446,4707896c3c5f9f0e88accb1b37c10c96,"Tue, 7 Jul 2026 20:07:10 GMT"
s3://sales-analytics-raw-aqib-test/leads_raw/load_type=full/leads_raw_20260707_200710_part_00037.json,8422361,77534ef47dfdfc658882efd8f21fb70e,"Tue, 7 Jul 2026 20:07:11 GMT"
s3://sales-analytics-raw-aqib-test/leads_raw/load_type=full/leads_raw_20260707_200710_part_00038.json,8287217,f841183213708ff66d13d0b8d62d5043,"Tue, 7 Jul 2026 20:07:11 GMT"
s3://sales-analytics-raw-aqib-test/leads_raw/load_type=full/leads_raw_20260707_200710_part_00039.json,8518702,55a24d5c658d62b3de67cd9498b75d4a,"Tue, 7 Jul 2026 20:07:11 GMT"
s3://sales-analytics-raw-aqib-test/leads_raw/load_type=full/leads_raw_20260707_200711_part_00040.json,8319617,dcfe121a0a88afc73704ed9422e588fa,"Tue, 7 Jul 2026 20:07:12 GMT"
s3://sales-analytics-raw-aqib-test/leads_raw/load_type=full/leads_raw_20260707_200711_part_00041.json,8507521,8e544d6859cb56719dd0b65923601af1,"Tue, 7 Jul 2026 20:07:12 GMT"
s3://sales-analytics-raw-aqib-test/leads_raw/load_type=full/leads_raw_20260707_200711_part_00042.json,8639176,560ed1bef0d1ba5244c88e690c0b6ebc,"Tue, 7 Jul 2026 20:07:13 GMT"
s3://sales-analytics-raw-aqib-test/leads_raw/load_type=full/leads_raw_20260707_200712_part_00043.json,8524052,0572722b43910725241f8d2039f17f9b,"Tue, 7 Jul 2026 20:07:13 GMT"
s3://sales-analytics-raw-aqib-test/leads_raw/load_type=full/leads_raw_20260707_200712_part_00044.json,8213666,b070c0829840cdd1f14819207597d887,"Tue, 7 Jul 2026 20:07:13 GMT"
s3://sales-analytics-raw-aqib-test/leads_raw/load_type=full/leads_raw_20260707_200712_part_00045.json,8845497,7390150c1b69b4fdddb60fca2d49db5c,"Tue, 7 Jul 2026 20:07:14 GMT"
s3://sales-analytics-raw-aqib-test/leads_raw/load_type=full/leads_raw_20260707_200713_part_00046.json,8695521,da7e3b89f1ecfa9317013aaba0f87ffa,"Tue, 7 Jul 2026 20:07:14 GMT"
s3://sales-analytics-raw-aqib-test/leads_raw/load_type=full/leads_raw_20260707_200713_part_00047.json,8659051,ea9feb8f9460a3e627bb76a1fd302e3e,"Tue, 7 Jul 2026 20:07:14 GMT"
s3://sales-analytics-raw-aqib-test/leads_raw/load_type=full/leads_raw_20260707_200714_part_00048.json,8626439,3a3ad79252de6dc90aec4a4afe02f2eb,"Tue, 7 Jul 2026 20:07:15 GMT"
s3://sales-analytics-raw-aqib-test/leads_raw/load_type=full/leads_raw_20260707_200714_part_00049.json,8841062,0e12575fa35b192d8531f70dcca33341,"Tue, 7 Jul 2026 20:07:15 GMT"
s3://sales-analytics-raw-aqib-test/leads_raw/load_type=full/leads_raw_20260707_200714_part_00050.json,8767737,0f38f73d6a6f4b5949ff706261ed2414,"Tue, 7 Jul 2026 20:07:15 GMT"
s3://sales-analytics-raw-aqib-test/leads_raw/load_type=full/leads_raw_20260707_200715_part_00051.json,8754997,3b3f268806bbf59c28f51c76e9982d77,"Tue, 7 Jul 2026 20:07:16 GMT"
s3://sales-analytics-raw-aqib-test/leads_raw/load_type=full/leads_raw_20260707_200715_part_00052.json,8709498,5d45284cc8b7456e9294cef5917700fc,"Tue, 7 Jul 2026 20:07:16 GMT"
s3://sales-analytics-raw-aqib-test/leads_raw/load_type=full/leads_raw_20260707_200716_part_00053.json,8697023,55a18f423228bccf8053dad9ac086431,"Tue, 7 Jul 2026 20:07:17 GMT"
s3://sales-analytics-raw-aqib-test/leads_raw/load_type=full/leads_raw_20260707_200716_part_00054.json,8568535,b9c9715759745a5284c3fb74bb43a53c,"Tue, 7 Jul 2026 20:07:17 GMT"
s3://sales-analytics-raw-aqib-test/leads_raw/load_type=full/leads_raw_20260707_200716_part_00055.json,8889339,0d981961e68c8d36282905ba3481763a,"Tue, 7 Jul 2026 20:07:18 GMT"
s3://sales-analytics-raw-aqib-test/leads_raw/load_type=full/leads_raw_20260707_200717_part_00056.json,8803009,f3886f12f2ffd1c827ffeb1a9f8d3a2b,"Tue, 7 Jul 2026 20:07:18 GMT"
s3://sales-analytics-raw-aqib-test/leads_raw/load_type=full/leads_raw_20260707_200717_part_00057.json,8725457,96098e758e0ac06513b3ba69f62f19f9,"Tue, 7 Jul 2026 20:07:18 GMT"
s3://sales-analytics-raw-aqib-test/leads_raw/load_type=full/leads_raw_20260707_200718_part_00058.json,8654999,6c227535ba3f84d658018e8322b6a467,"Tue, 7 Jul 2026 20:07:19 GMT"
s3://sales-analytics-raw-aqib-test/leads_raw/load_type=full/leads_raw_20260707_200718_part_00059.json,8596684,4f9e55dd7361f04dba0d0f0e7ce69438,"Tue, 7 Jul 2026 20:07:19 GMT"
s3://sales-analytics-raw-aqib-test/leads_raw/load_type=full/leads_raw_20260707_200718_part_00060.json,8657157,c70e33ef0a5434142b439cab3de914b5,"Tue, 7 Jul 2026 20:07:19 GMT"
s3://sales-analytics-raw-aqib-test/leads_raw/load_type=full/leads_raw_20260707_200719_part_00061.json,8702670,9949d6ade842afd6ad61492bf7328457,"Tue, 7 Jul 2026 20:07:20 GMT"
s3://sales-analytics-raw-aqib-test/leads_raw/load_type=full/leads_raw_20260707_200719_part_00062.json,8515240,968d74ab89408d80b0fb85dc97d1835f,"Tue, 7 Jul 2026 20:07:20 GMT"
s3://sales-analytics-raw-aqib-test/leads_raw/load_type=full/leads_raw_20260707_200719_part_00063.json,8655592,c2ee70aa71e768ab2bb574f1780100d0,"Tue, 7 Jul 2026 20:07:21 GMT"
s3://sales-analytics-raw-aqib-test/leads_raw/load_type=full/leads_raw_20260707_200720_part_00064.json,8600839,e9f6e23e648e9843a88de598ccbe4a83,"Tue, 7 Jul 2026 20:07:21 GMT"
s3://sales-analytics-raw-aqib-test/leads_raw/load_type=full/leads_raw_20260707_200720_part_00065.json,9576431,7df4f74277156eca8a78829397262def,"Tue, 7 Jul 2026 20:07:21 GMT"
s3://sales-analytics-raw-aqib-test/leads_raw/load_type=full/leads_raw_20260707_200721_part_00066.json,9565840,904bc83b25d30b69ccfdc4f7f1c504fc,"Tue, 7 Jul 2026 20:07:22 GMT"
s3://sales-analytics-raw-aqib-test/leads_raw/load_type=full/leads_raw_20260707_200721_part_00067.json,9506355,37d4d856f528f630fd1ed05541d3d28f,"Tue, 7 Jul 2026 20:07:22 GMT"
s3://sales-analytics-raw-aqib-test/leads_raw/load_type=full/leads_raw_20260707_200721_part_00068.json,9644343,038a56101b381ca17ef625dc79734b5a,"Tue, 7 Jul 2026 20:07:23 GMT"
s3://sales-analytics-raw-aqib-test/leads_raw/load_type=full/leads_raw_20260707_200722_part_00069.json,9762042,7e5e8079f427b1dec3bc6d969dce6161,"Tue, 7 Jul 2026 20:07:23 GMT"
s3://sales-analytics-raw-aqib-test/leads_raw/load_type=full/leads_raw_20260707_200722_part_00070.json,9712315,fe8f8215025d931d462f14404c52cd39,"Tue, 7 Jul 2026 20:07:23 GMT"
s3://sales-analytics-raw-aqib-test/leads_raw/load_type=full/leads_raw_20260707_200723_part_00071.json,9824043,5b30aa424ab7537687e58fdf8290b604,"Tue, 7 Jul 2026 20:07:24 GMT"
s3://sales-analytics-raw-aqib-test/leads_raw/load_type=full/leads_raw_20260707_200723_part_00072.json,9800332,5ef3eb5f1881003d62513b8a6e77a643,"Tue, 7 Jul 2026 20:07:24 GMT"
s3://sales-analytics-raw-aqib-test/leads_raw/load_type=full/leads_raw_20260707_200723_part_00073.json,9578323,a3642dacc5d2eebcafcdb34dbe19dcd3,"Tue, 7 Jul 2026 20:07:25 GMT"
s3://sales-analytics-raw-aqib-test/leads_raw/load_type=full/leads_raw_20260707_200724_part_00074.json,9627274,7dd0913057a1b3ea29f0aeadabf6a0a6,"Tue, 7 Jul 2026 20:07:25 GMT"
s3://sales-analytics-raw-aqib-test/leads_raw/load_type=full/leads_raw_20260707_200724_part_00075.json,9340867,9990d37a5da39f3f38781222a80002ed,"Tue, 7 Jul 2026 20:07:25 GMT"
s3://sales-analytics-raw-aqib-test/leads_raw/load_type=full/leads_raw_20260707_200725_part_00076.json,8984818,a2ff7c3d4653cf7d589320fd618aa50e,"Tue, 7 Jul 2026 20:07:26 GMT"
s3://sales-analytics-raw-aqib-test/leads_raw/load_type=full/leads_raw_20260707_200725_part_00077.json,8691250,677a7a5d00b2064fb0314bb86c358ee3,"Tue, 7 Jul 2026 20:07:26 GMT"
s3://sales-analytics-raw-aqib-test/leads_raw/load_type=full/leads_raw_20260707_200725_part_00078.json,8649609,f30e9dd9ae0c410b02b0f24593be8b8b,"Tue, 7 Jul 2026 20:07:27 GMT"
s3://sales-analytics-raw-aqib-test/leads_raw/load_type=full/leads_raw_20260707_200726_part_00079.json,8671121,7381fc71eebce5f25e52d703689a4b6f,"Tue, 7 Jul 2026 20:07:27 GMT"
s3://sales-analytics-raw-aqib-test/leads_raw/load_type=full/leads_raw_20260707_200726_part_00080.json,8858950,1bbae7031eee41654255691b0a2464df,"Tue, 7 Jul 2026 20:07:27 GMT"
s3://sales-analytics-raw-aqib-test/leads_raw/load_type=full/leads_raw_20260707_200727_part_00081.json,8810987,33b89de3098635460e0418abd4c8e199,"Tue, 7 Jul 2026 20:07:28 GMT"
s3://sales-analytics-raw-aqib-test/leads_raw/load_type=full/leads_raw_20260707_200727_part_00082.json,8659392,4d50f16cd848f62ef0d6d6d05d4231b1,"Tue, 7 Jul 2026 20:07:28 GMT"
s3://sales-analytics-raw-aqib-test/leads_raw/load_type=full/leads_raw_20260707_200727_part_00083.json,8830621,425fb2c68181bf6492f5f8aa80580527,"Tue, 7 Jul 2026 20:07:29 GMT"
s3://sales-analytics-raw-aqib-test/leads_raw/load_type=full/leads_raw_20260707_200728_part_00084.json,8912474,37ab5a3a97597a2e1b693f7cea8621cf,"Tue, 7 Jul 2026 20:07:29 GMT"
s3://sales-analytics-raw-aqib-test/leads_raw/load_type=full/leads_raw_20260707_200728_part_00085.json,8780597,d2c31260726ffc8811c4555d4d233eeb,"Tue, 7 Jul 2026 20:07:29 GMT"
s3://sales-analytics-raw-aqib-test/leads_raw/load_type=full/leads_raw_20260707_200729_part_00086.json,8752118,b165beb135acba9d16872fa9e08d0095,"Tue, 7 Jul 2026 20:07:30 GMT"
s3://sales-analytics-raw-aqib-test/leads_raw/load_type=full/leads_raw_20260707_200729_part_00087.json,8829342,082d810756aa044cb4aa820f341eddf7,"Tue, 7 Jul 2026 20:07:30 GMT"
s3://sales-analytics-raw-aqib-test/leads_raw/load_type=full/leads_raw_20260707_200729_part_00088.json,8687891,62fea216b4d6ca677384b1da0b4eb83c,"Tue, 7 Jul 2026 20:07:30 GMT"
s3://sales-analytics-raw-aqib-test/leads_raw/load_type=full/leads_raw_20260707_200730_part_00089.json,8889815,2b540d6c029140c4e45fb293b5261afb,"Tue, 7 Jul 2026 20:07:31 GMT"
s3://sales-analytics-raw-aqib-test/leads_raw/load_type=full/leads_raw_20260707_200730_part_00090.json,8860224,8088fed6de668ef6dcb332457f2a8f44,"Tue, 7 Jul 2026 20:07:31 GMT"
s3://sales-analytics-raw-aqib-test/leads_raw/load_type=full/leads_raw_20260707_200731_part_00091.json,8881501,5b403dd0191cfc4fa3b665baa09c9f53,"Tue, 7 Jul 2026 20:07:32 GMT"
s3://sales-analytics-raw-aqib-test/leads_raw/load_type=full/leads_raw_20260707_200731_part_00092.json,8720212,fcce46433490fb217dd8e2717e552323,"Tue, 7 Jul 2026 20:07:32 GMT"
s3://sales-analytics-raw-aqib-test/leads_raw/load_type=full/leads_raw_20260707_200731_part_00093.json,9032301,7661760aba60557db95f9566096e678b,"Tue, 7 Jul 2026 20:07:32 GMT"
s3://sales-analytics-raw-aqib-test/leads_raw/load_type=full/leads_raw_20260707_200732_part_00094.json,8794152,7c054be9cbd88f691215e5441c56afe0,"Tue, 7 Jul 2026 20:07:33 GMT"
s3://sales-analytics-raw-aqib-test/leads_raw/load_type=full/leads_raw_20260707_200732_part_00095.json,8699812,8e126963382f4a4d88b9c182997088da,"Tue, 7 Jul 2026 20:07:33 GMT"
s3://sales-analytics-raw-aqib-test/leads_raw/load_type=full/leads_raw_20260707_200732_part_00096.json,8649761,fd0749e4f2c7d52fca530840f3ede1b4,"Tue, 7 Jul 2026 20:07:34 GMT"
s3://sales-analytics-raw-aqib-test/leads_raw/load_type=full/leads_raw_20260707_200733_part_00097.json,8520798,e7d8f58fd7ba2ba14fea169368c2aedf,"Tue, 7 Jul 2026 20:07:34 GMT"
s3://sales-analytics-raw-aqib-test/leads_raw/load_type=full/leads_raw_20260707_200733_part_00098.json,8637770,481a73d1f0c47951de64ba6d82998da6,"Tue, 7 Jul 2026 20:07:34 GMT"
s3://sales-analytics-raw-aqib-test/leads_raw/load_type=full/leads_raw_20260707_200733_part_00099.json,8421809,ab68e8a6887c1432480eb2396a538aad,"Tue, 7 Jul 2026 20:07:35 GMT"
s3://sales-analytics-raw-aqib-test/leads_raw/load_type=full/leads_raw_20260707_200734_part_00100.json,8819497,7d9a81fc4f3fa4447c0116bd642b8513,"Tue, 7 Jul 2026 20:07:35 GMT"
s3://sales-analytics-raw-aqib-test/leads_raw/load_type=full/leads_raw_20260707_200734_part_00101.json,8591590,7e0c317c27b64133e52ffc4197d0e733,"Tue, 7 Jul 2026 20:07:35 GMT"
s3://sales-analytics-raw-aqib-test/leads_raw/load_type=full/leads_raw_20260707_200735_part_00102.json,8643226,7e4cf718675fee959ed88bc96d48b2d1,"Tue, 7 Jul 2026 20:07:36 GMT"
s3://sales-analytics-raw-aqib-test/leads_raw/load_type=full/leads_raw_20260707_200735_part_00103.json,8729717,b9e2115e8fe5481145a50d10e9992438,"Tue, 7 Jul 2026 20:07:36 GMT"
s3://sales-analytics-raw-aqib-test/leads_raw/load_type=full/leads_raw_20260707_200735_part_00104.json,8601336,8371bc2d42f513a7e7d503178462e759,"Tue, 7 Jul 2026 20:07:36 GMT"
s3://sales-analytics-raw-aqib-test/leads_raw/load_type=full/leads_raw_20260707_200736_part_00105.json,8537049,421c90305672b70025742f878c0f3f6b,"Tue, 7 Jul 2026 20:07:37 GMT"
s3://sales-analytics-raw-aqib-test/leads_raw/load_type=full/leads_raw_20260707_200736_part_00106.json,8729587,5252cdc2b12f7e25f9e4a931afe9693b,"Tue, 7 Jul 2026 20:07:37 GMT"
s3://sales-analytics-raw-aqib-test/leads_raw/load_type=full/leads_raw_20260707_200736_part_00107.json,8807768,eefa922dec151b5f8698116def8911dd,"Tue, 7 Jul 2026 20:07:37 GMT"
s3://sales-analytics-raw-aqib-test/leads_raw/load_type=full/leads_raw_20260707_200737_part_00108.json,8648716,d9366ff00cd2fbe9b8f5908b1a5969f8,"Tue, 7 Jul 2026 20:07:38 GMT"
s3://sales-analytics-raw-aqib-test/leads_raw/load_type=full/leads_raw_20260707_200737_part_00109.json,8833588,5df02db9aceb6bdf10200a37e8af98de,"Tue, 7 Jul 2026 20:07:38 GMT"
s3://sales-analytics-raw-aqib-test/leads_raw/load_type=full/leads_raw_20260707_200737_part_00110.json,8676178,8d1753af55e75999e38c2388a885d8db,"Tue, 7 Jul 2026 20:07:38 GMT"
s3://sales-analytics-raw-aqib-test/leads_raw/load_type=full/leads_raw_20260707_200738_part_00111.json,8763080,a97c011acbd94b8ac7f00bcfcb2ec781,"Tue, 7 Jul 2026 20:07:39 GMT"
s3://sales-analytics-raw-aqib-test/leads_raw/load_type=full/leads_raw_20260707_200738_part_00112.json,8906474,fee73ecf9475b92338a8ff738945f222,"Tue, 7 Jul 2026 20:07:39 GMT"
s3://sales-analytics-raw-aqib-test/leads_raw/load_type=full/leads_raw_20260707_200738_part_00113.json,8965019,3c65fbd956e70a178ec1a28729462371,"Tue, 7 Jul 2026 20:07:39 GMT"
s3://sales-analytics-raw-aqib-test/leads_raw/load_type=full/leads_raw_20260707_200739_part_00114.json,8859207,7d15e673eb5a888256d9b972c6ab5e09,"Tue, 7 Jul 2026 20:07:40 GMT"
s3://sales-analytics-raw-aqib-test/leads_raw/load_type=full/leads_raw_20260707_200739_part_00115.json,9103310,52a62c6e4c82c279a6c7939da047400f,"Tue, 7 Jul 2026 20:07:40 GMT"
s3://sales-analytics-raw-aqib-test/leads_raw/load_type=full/leads_raw_20260707_200739_part_00116.json,8745395,3775a073b52008cebe7c37706a358cd2,"Tue, 7 Jul 2026 20:07:41 GMT"
s3://sales-analytics-raw-aqib-test/leads_raw/load_type=full/leads_raw_20260707_200740_part_00117.json,9070230,d67ea77e2a437abe1b4915196c013177,"Tue, 7 Jul 2026 20:07:41 GMT"
s3://sales-analytics-raw-aqib-test/leads_raw/load_type=full/leads_raw_20260707_200740_part_00118.json,8488356,548025c2b7e0a69c457996ab095e1532,"Tue, 7 Jul 2026 20:07:41 GMT"
s3://sales-analytics-raw-aqib-test/leads_raw/load_type=full/leads_raw_20260707_200741_part_00119.json,8222633,900142a4e1f00e1c4b4d7d878bc10dee,"Tue, 7 Jul 2026 20:07:42 GMT"
s3://sales-analytics-raw-aqib-test/leads_raw/load_type=full/leads_raw_20260707_200741_part_00120.json,8364180,fb910b9829c79b0bd981a228afa2bbb2,"Tue, 7 Jul 2026 20:07:42 GMT"
s3://sales-analytics-raw-aqib-test/leads_raw/load_type=full/leads_raw_20260707_200741_part_00121.json,8577082,0f5d80d93b9a32befff4f8f4ff5427ac,"Tue, 7 Jul 2026 20:07:42 GMT"
s3://sales-analytics-raw-aqib-test/leads_raw/load_type=full/leads_raw_20260707_200742_part_00122.json,9579977,ba93c8ee47e31549cb3d6c4eea62c7b1,"Tue, 7 Jul 2026 20:07:43 GMT"
s3://sales-analytics-raw-aqib-test/leads_raw/load_type=full/leads_raw_20260707_200742_part_00123.json,9479051,c7476146c2792de881b742d4c8bdafd6,"Tue, 7 Jul 2026 20:07:43 GMT"
s3://sales-analytics-raw-aqib-test/leads_raw/load_type=full/leads_raw_20260707_200742_part_00124.json,9487797,910f9ccc14194b02b295f21c1c37961e,"Tue, 7 Jul 2026 20:07:43 GMT"
s3://sales-analytics-raw-aqib-test/leads_raw/load_type=full/leads_raw_20260707_200743_part_00125.json,9564236,7cfc61c2db1c17fffea217fb4cb33651,"Tue, 7 Jul 2026 20:07:44 GMT"
s3://sales-analytics-raw-aqib-test/leads_raw/load_type=full/leads_raw_20260707_200743_part_00126.json,9351321,7d16a4d07e3bc77771b360d4159bdff4,"Tue, 7 Jul 2026 20:07:44 GMT"
s3://sales-analytics-raw-aqib-test/leads_raw/load_type=full/leads_raw_20260707_200743_part_00127.json,9220712,d4e8c55d6ddd28a1f977778caa3505c1,"Tue, 7 Jul 2026 20:07:45 GMT"
s3://sales-analytics-raw-aqib-test/leads_raw/load_type=full/leads_raw_20260707_200744_part_00128.json,8983084,f6540131cbb40df44326542b7a216aec,"Tue, 7 Jul 2026 20:07:45 GMT"
s3://sales-analytics-raw-aqib-test/leads_raw/load_type=full/leads_raw_20260707_200744_part_00129.json,9078262,535684070ba5365c7a7ec3dac79a46f3,"Tue, 7 Jul 2026 20:07:45 GMT"
s3://sales-analytics-raw-aqib-test/leads_raw/load_type=full/leads_raw_20260707_200744_part_00130.json,9147737,9187df4bc81847d83847f3a448d0928a,"Tue, 7 Jul 2026 20:07:46 GMT"
s3://sales-analytics-raw-aqib-test/leads_raw/load_type=full/leads_raw_20260707_200745_part_00131.json,9286362,4e51094fc737c2905ad2dbe3a5526696,"Tue, 7 Jul 2026 20:07:46 GMT"
s3://sales-analytics-raw-aqib-test/leads_raw/load_type=full/leads_raw_20260707_200745_part_00132.json,9194085,baa5d5f845475ab86e0cb0ee1b9ef899,"Tue, 7 Jul 2026 20:07:46 GMT"
s3://sales-analytics-raw-aqib-test/leads_raw/load_type=full/leads_raw_20260707_200746_part_00133.json,8988347,86bc6d67c3069726f86d91853e0550c0,"Tue, 7 Jul 2026 20:07:47 GMT"
s3://sales-analytics-raw-aqib-test/leads_raw/load_type=full/leads_raw_20260707_200746_part_00134.json,9088223,493d1dc2440b6d726c76119cc1bcc968,"Tue, 7 Jul 2026 20:07:47 GMT"
s3://sales-analytics-raw-aqib-test/leads_raw/load_type=full/leads_raw_20260707_200746_part_00135.json,9084414,8780aad5593f668581a0d058cf525e60,"Tue, 7 Jul 2026 20:07:48 GMT"
s3://sales-analytics-raw-aqib-test/leads_raw/load_type=full/leads_raw_20260707_200747_part_00136.json,9071788,478237ac48ebfcc79875299bc24ad901,"Tue, 7 Jul 2026 20:07:48 GMT"
s3://sales-analytics-raw-aqib-test/leads_raw/load_type=full/leads_raw_20260707_200747_part_00137.json,9130603,f556f4c0a62e9fafd0f903a3d41d6d18,"Tue, 7 Jul 2026 20:07:48 GMT"
s3://sales-analytics-raw-aqib-test/leads_raw/load_type=full/leads_raw_20260707_200748_part_00138.json,9101532,3edf11774928d0044a0c510c014191e7,"Tue, 7 Jul 2026 20:07:49 GMT"
s3://sales-analytics-raw-aqib-test/leads_raw/load_type=full/leads_raw_20260707_200748_part_00139.json,8871185,bc529e2e4506af1ba8c15ca4189a4fe5,"Tue, 7 Jul 2026 20:07:49 GMT"
s3://sales-analytics-raw-aqib-test/leads_raw/load_type=full/leads_raw_20260707_200748_part_00140.json,9193475,d7ee1f2efd5fd53439dc3ed6c9e41e56,"Tue, 7 Jul 2026 20:07:49 GMT"
s3://sales-analytics-raw-aqib-test/leads_raw/load_type=full/leads_raw_20260707_200749_part_00141.json,9134270,c35a9c1e4eec8d2d0d5be56eea7656f6,"Tue, 7 Jul 2026 20:07:50 GMT"
s3://sales-analytics-raw-aqib-test/leads_raw/load_type=full/leads_raw_20260707_200749_part_00142.json,8865500,95dde25bf641300a0e218e1a88f6efd4,"Tue, 7 Jul 2026 20:07:50 GMT"
s3://sales-analytics-raw-aqib-test/leads_raw/load_type=full/leads_raw_20260707_200749_part_00143.json,9235365,5a31e0ae49cd276b47230cf6cc348b89,"Tue, 7 Jul 2026 20:07:50 GMT"
s3://sales-analytics-raw-aqib-test/leads_raw/load_type=full/leads_raw_20260707_200750_part_00144.json,9060700,d6d0e91172d36add7594ae7da85d5bc5,"Tue, 7 Jul 2026 20:07:51 GMT"
s3://sales-analytics-raw-aqib-test/leads_raw/load_type=full/leads_raw_20260707_200750_part_00145.json,8983808,4da68a2ac78d9cd88596043199180700,"Tue, 7 Jul 2026 20:07:51 GMT"
s3://sales-analytics-raw-aqib-test/leads_raw/load_type=full/leads_raw_20260707_200751_part_00146.json,9066411,3d826fb3bf37cd550fb5a7bb7c55454d,"Tue, 7 Jul 2026 20:07:52 GMT"
s3://sales-analytics-raw-aqib-test/leads_raw/load_type=full/leads_raw_20260707_200751_part_00147.json,8843707,3c679b00bb7bb51d54c1d610859d6f13,"Tue, 7 Jul 2026 20:07:52 GMT"
s3://sales-analytics-raw-aqib-test/leads_raw/load_type=full/leads_raw_20260707_200751_part_00148.json,8977668,420f0489b21f85850e7d4f68699ce10e,"Tue, 7 Jul 2026 20:07:52 GMT"
s3://sales-analytics-raw-aqib-test/leads_raw/load_type=full/leads_raw_20260707_200752_part_00149.json,8836761,cfb3fa316fb1c7a804e65d1fcf253d69,"Tue, 7 Jul 2026 20:07:53 GMT"
s3://sales-analytics-raw-aqib-test/leads_raw/load_type=full/leads_raw_20260707_200752_part_00150.json,8872448,197faf15288528e11d1c5f79e7043923,"Tue, 7 Jul 2026 20:07:53 GMT"
s3://sales-analytics-raw-aqib-test/leads_raw/load_type=full/leads_raw_20260707_200752_part_00151.json,8796121,8b737f0ed8b58f70acd13d0a88bf4d00,"Tue, 7 Jul 2026 20:07:54 GMT"
s3://sales-analytics-raw-aqib-test/leads_raw/load_type=full/leads_raw_20260707_200753_part_00152.json,8818908,cfacf1ff7203d715dfe8cf58af3a0f34,"Tue, 7 Jul 2026 20:07:54 GMT"
s3://sales-analytics-raw-aqib-test/leads_raw/load_type=full/leads_raw_20260707_200753_part_00153.json,8808339,bd5777bc3fd5d7d410489afefb93cc99,"Tue, 7 Jul 2026 20:07:54 GMT"
s3://sales-analytics-raw-aqib-test/leads_raw/load_type=full/leads_raw_20260707_200753_part_00154.json,8932409,cf6e8881df8b771543cc3f7072cd040a,"Tue, 7 Jul 2026 20:07:55 GMT"
s3://sales-analytics-raw-aqib-test/leads_raw/load_type=full/leads_raw_20260707_200754_part_00155.json,8861992,bd6ce3b1e76caba69b7dc931547d5606,"Tue, 7 Jul 2026 20:07:55 GMT"
s3://sales-analytics-raw-aqib-test/leads_raw/load_type=full/leads_raw_20260707_200754_part_00156.json,8727428,d2bb37da75dfa6cd263bb98c1a5e2dbe,"Tue, 7 Jul 2026 20:07:55 GMT"
s3://sales-analytics-raw-aqib-test/leads_raw/load_type=full/leads_raw_20260707_200755_part_00157.json,8422492,fbe86cda133f9c4f604defa8b3f3d90e,"Tue, 7 Jul 2026 20:07:56 GMT"
s3://sales-analytics-raw-aqib-test/leads_raw/load_type=full/leads_raw_20260707_200755_part_00158.json,8799201,a73c8bb65a613f1841c0eb3bcfc2416d,"Tue, 7 Jul 2026 20:07:56 GMT"
s3://sales-analytics-raw-aqib-test/leads_raw/load_type=full/leads_raw_20260707_200755_part_00159.json,8599393,c05ff8b61f999cbb44f6dee2b3943ae5,"Tue, 7 Jul 2026 20:07:56 GMT"
s3://sales-analytics-raw-aqib-test/leads_raw/load_type=full/leads_raw_20260707_200755_part_00160.json,8697998,52b68c7692397255bb2ecaf96fbf309d,"Tue, 7 Jul 2026 20:07:57 GMT"
s3://sales-analytics-raw-aqib-test/leads_raw/load_type=full/leads_raw_20260707_200756_part_00161.json,8494259,38cd7468c3630d04d086f681e5dc1752,"Tue, 7 Jul 2026 20:07:57 GMT"
s3://sales-analytics-raw-aqib-test/leads_raw/load_type=full/leads_raw_20260707_200756_part_00162.json,8570795,a66d23a4553edcf8fc06131de34b1dcd,"Tue, 7 Jul 2026 20:07:57 GMT"
s3://sales-analytics-raw-aqib-test/leads_raw/load_type=full/leads_raw_20260707_200757_part_00163.json,8508501,76828261a87edd9c46405f66162af3f5,"Tue, 7 Jul 2026 20:07:58 GMT"
s3://sales-analytics-raw-aqib-test/leads_raw/load_type=full/leads_raw_20260707_200757_part_00164.json,8818228,bef2d4d9c47776f009a60858015842b7,"Tue, 7 Jul 2026 20:07:58 GMT"
s3://sales-analytics-raw-aqib-test/leads_raw/load_type=full/leads_raw_20260707_200757_part_00165.json,10056466,4f1b35e6fb15c4f0be349720bce5d331,"Tue, 7 Jul 2026 20:07:59 GMT"
s3://sales-analytics-raw-aqib-test/leads_raw/load_type=full/leads_raw_20260707_200758_part_00166.json,9950512,c8e1f10429d81064c8622d30c041af1a,"Tue, 7 Jul 2026 20:07:59 GMT"
s3://sales-analytics-raw-aqib-test/leads_raw/load_type=full/leads_raw_20260707_200758_part_00167.json,10131428,8911cbb990b8cdafb8747cb696c11ff1,"Tue, 7 Jul 2026 20:07:59 GMT"
s3://sales-analytics-raw-aqib-test/leads_raw/load_type=full/leads_raw_20260707_200759_part_00168.json,9817254,fa4098c501f2b2eefa1b4845de4d20fe,"Tue, 7 Jul 2026 20:08:00 GMT"
s3://sales-analytics-raw-aqib-test/leads_raw/load_type=full/leads_raw_20260707_200759_part_00169.json,10287035,406894bf923b5d43ff1ea8de3a8be104,"Tue, 7 Jul 2026 20:08:00 GMT"
s3://sales-analytics-raw-aqib-test/leads_raw/load_type=full/leads_raw_20260707_200759_part_00170.json,9873420,c70c627c9f62c6b411af59da3d67a942,"Tue, 7 Jul 2026 20:08:01 GMT"
s3://sales-analytics-raw-aqib-test/leads_raw/load_type=full/leads_raw_20260707_200800_part_00171.json,10187279,fce3c10020d18552459871175cfc32b7,"Tue, 7 Jul 2026 20:08:01 GMT"
s3://sales-analytics-raw-aqib-test/leads_raw/load_type=full/leads_raw_20260707_200800_part_00172.json,9254854,8ea0bde2581b9254f9bba5c9d59e408b,"Tue, 7 Jul 2026 20:08:01 GMT"
s3://sales-analytics-raw-aqib-test/leads_raw/load_type=full/leads_raw_20260707_200801_part_00173.json,8687879,9228dfc36467ef6c2959807b9a568720,"Tue, 7 Jul 2026 20:08:02 GMT"
s3://sales-analytics-raw-aqib-test/leads_raw/load_type=full/leads_raw_20260707_200801_part_00174.json,8747714,af427f5edb0f7a37a0333a8e7f484771,"Tue, 7 Jul 2026 20:08:02 GMT"
s3://sales-analytics-raw-aqib-test/leads_raw/load_type=full/leads_raw_20260707_200801_part_00175.json,8640680,e2ec5f6623ee81ba5cc5a9ccfd8dae21,"Tue, 7 Jul 2026 20:08:02 GMT"
s3://sales-analytics-raw-aqib-test/leads_raw/load_type=full/leads_raw_20260707_200802_part_00176.json,8772035,1379eb07e1a2d298e42d3b09258d5083,"Tue, 7 Jul 2026 20:08:03 GMT"
s3://sales-analytics-raw-aqib-test/leads_raw/load_type=full/leads_raw_20260707_200802_part_00177.json,8681622,19138b1d1c3756cb1014a2bbe4d3b968,"Tue, 7 Jul 2026 20:08:03 GMT"
s3://sales-analytics-raw-aqib-test/leads_raw/load_type=full/leads_raw_20260707_200802_part_00178.json,8805664,2049eb4674f8577bd0f7c1d39c89007c,"Tue, 7 Jul 2026 20:08:03 GMT"
s3://sales-analytics-raw-aqib-test/leads_raw/load_type=full/leads_raw_20260707_200803_part_00179.json,8865067,131a356cad232986f2608fdc78a25533,"Tue, 7 Jul 2026 20:08:04 GMT"
s3://sales-analytics-raw-aqib-test/leads_raw/load_type=full/leads_raw_20260707_200803_part_00180.json,8742288,e717f6f8a4b8b7515fb212e6d5459c57,"Tue, 7 Jul 2026 20:08:04 GMT"
s3://sales-analytics-raw-aqib-test/leads_raw/load_type=full/leads_raw_20260707_200803_part_00181.json,8782239,090b37c6f9c970ad166cb817fd208404,"Tue, 7 Jul 2026 20:08:04 GMT"
s3://sales-analytics-raw-aqib-test/leads_raw/load_type=full/leads_raw_20260707_200804_part_00182.json,9312598,a1add159de4f329010519085796b7633,"Tue, 7 Jul 2026 20:08:05 GMT"
s3://sales-analytics-raw-aqib-test/leads_raw/load_type=full/leads_raw_20260707_200804_part_00183.json,9635748,1fc53bcc0801f7714f75a59552fab871,"Tue, 7 Jul 2026 20:08:05 GMT"
s3://sales-analytics-raw-aqib-test/leads_raw/load_type=full/leads_raw_20260707_200804_part_00184.json,9528162,ee76ee6c4639f3b29de203804cbd81ec,"Tue, 7 Jul 2026 20:08:06 GMT"
s3://sales-analytics-raw-aqib-test/leads_raw/load_type=full/leads_raw_20260707_200805_part_00185.json,9515400,aad6f80ea2925e8c239f78b39d4cbba7,"Tue, 7 Jul 2026 20:08:06 GMT"
s3://sales-analytics-raw-aqib-test/leads_raw/load_type=full/leads_raw_20260707_200805_part_00186.json,9216747,25d03bb60092aff8ac7a077af6646212,"Tue, 7 Jul 2026 20:08:06 GMT"
s3://sales-analytics-raw-aqib-test/leads_raw/load_type=full/leads_raw_20260707_200806_part_00187.json,8538717,b452e5041b1a1400664e80fbba23fb13,"Tue, 7 Jul 2026 20:08:07 GMT"
s3://sales-analytics-raw-aqib-test/leads_raw/load_type=full/leads_raw_20260707_200806_part_00188.json,8446490,9d506eaba8e9cb6a9264dee2b3387821,"Tue, 7 Jul 2026 20:08:07 GMT"
s3://sales-analytics-raw-aqib-test/leads_raw/load_type=full/leads_raw_20260707_200806_part_00189.json,8399961,8d809147b7f0d5e5016d7b5e3d34b98e,"Tue, 7 Jul 2026 20:08:07 GMT"
s3://sales-analytics-raw-aqib-test/leads_raw/load_type=full/leads_raw_20260707_200807_part_00190.json,8398840,8161fa9dfccd6cc65f3ad3e07e58518f,"Tue, 7 Jul 2026 20:08:08 GMT"
s3://sales-analytics-raw-aqib-test/leads_raw/load_type=full/leads_raw_20260707_200807_part_00191.json,8489660,3549808ccfc365e0f996a585d73e6d5d,"Tue, 7 Jul 2026 20:08:08 GMT"
s3://sales-analytics-raw-aqib-test/leads_raw/load_type=full/leads_raw_20260707_200807_part_00192.json,8399307,2670a465c27df27e908b16d6591c9939,"Tue, 7 Jul 2026 20:08:08 GMT"
s3://sales-analytics-raw-aqib-test/leads_raw/load_type=full/leads_raw_20260707_200808_part_00193.json,8651755,a3298e5378e364c23d8082676229fd38,"Tue, 7 Jul 2026 20:08:09 GMT"
s3://sales-analytics-raw-aqib-test/leads_raw/load_type=full/leads_raw_20260707_200808_part_00194.json,8292882,3d38ee8e002faf5ef7a3d9882a340906,"Tue, 7 Jul 2026 20:08:09 GMT"
s3://sales-analytics-raw-aqib-test/leads_raw/load_type=full/leads_raw_20260707_200808_part_00195.json,8448197,aa6f5355eb15a3af5d8b5771d0574dc7,"Tue, 7 Jul 2026 20:08:10 GMT"
s3://sales-analytics-raw-aqib-test/leads_raw/load_type=full/leads_raw_20260707_200809_part_00196.json,8491330,3da99f50a83ac4a1445bee6db64bcbb8,"Tue, 7 Jul 2026 20:08:10 GMT"
s3://sales-analytics-raw-aqib-test/leads_raw/load_type=full/leads_raw_20260707_200809_part_00197.json,8544501,6194d80147013ded5b2975d5b7d76bc0,"Tue, 7 Jul 2026 20:08:10 GMT"
s3://sales-analytics-raw-aqib-test/leads_raw/load_type=full/leads_raw_20260707_200809_part_00198.json,8442950,8d2fff09520875f23158781bb73eda2e,"Tue, 7 Jul 2026 20:08:10 GMT"
s3://sales-analytics-raw-aqib-test/leads_raw/load_type=full/leads_raw_20260707_200810_part_00199.json,8794382,dce28d8be555fd52e398f56f48f91f70,"Tue, 7 Jul 2026 20:08:11 GMT"
s3://sales-analytics-raw-aqib-test/leads_raw/load_type=full/leads_raw_20260707_200810_part_00200.json,8627322,d38dca19e884831ccd4722f77085a3d7,"Tue, 7 Jul 2026 20:08:11 GMT"
s3://sales-analytics-raw-aqib-test/leads_raw/load_type=full/leads_raw_20260707_200810_part_00201.json,8593178,b92f0ea23bf5a64ce858dcfc7c1fe5a2,"Tue, 7 Jul 2026 20:08:12 GMT"
s3://sales-analytics-raw-aqib-test/leads_raw/load_type=full/leads_raw_20260707_200811_part_00202.json,8753203,55b9ffde58cbaf0a8cbea57923dec8db,"Tue, 7 Jul 2026 20:08:12 GMT"
s3://sales-analytics-raw-aqib-test/leads_raw/load_type=full/leads_raw_20260707_200811_part_00203.json,8451129,ebf89afe64b928a236335c84898def60,"Tue, 7 Jul 2026 20:08:12 GMT"
s3://sales-analytics-raw-aqib-test/leads_raw/load_type=full/leads_raw_20260707_200812_part_00204.json,8653489,ab6889b1608411c01b12d63ce268c749,"Tue, 7 Jul 2026 20:08:13 GMT"
s3://sales-analytics-raw-aqib-test/leads_raw/load_type=full/leads_raw_20260707_200812_part_00205.json,8353044,4d3a10a134dfa9cab0d08001578efcbe,"Tue, 7 Jul 2026 20:08:13 GMT"
s3://sales-analytics-raw-aqib-test/leads_raw/load_type=full/leads_raw_20260707_200813_part_00206.json,8360577,6cc603959d64b0b03dda3bd8f21398ba,"Tue, 7 Jul 2026 20:08:14 GMT"
s3://sales-analytics-raw-aqib-test/leads_raw/load_type=full/leads_raw_20260707_200813_part_00207.json,8331815,1e5b775b25e075b5eb36f402fd79c20e,"Tue, 7 Jul 2026 20:08:14 GMT"
s3://sales-analytics-raw-aqib-test/leads_raw/load_type=full/leads_raw_20260707_200813_part_00208.json,8263662,498977f48e1c4a1f3821f11c7613b114,"Tue, 7 Jul 2026 20:08:15 GMT"
s3://sales-analytics-raw-aqib-test/leads_raw/load_type=full/leads_raw_20260707_200814_part_00209.json,8264055,8590c0525a6100161838b2c80c478872,"Tue, 7 Jul 2026 20:08:15 GMT"
s3://sales-analytics-raw-aqib-test/leads_raw/load_type=full/leads_raw_20260707_200814_part_00210.json,8302588,4d5d7232e110026c38bc1b069b8f4fbc,"Tue, 7 Jul 2026 20:08:15 GMT"
s3://sales-analytics-raw-aqib-test/leads_raw/load_type=full/leads_raw_20260707_200815_part_00211.json,8374862,5ea1f4f4d7f6389e692b3e983483bdf7,"Tue, 7 Jul 2026 20:08:16 GMT"
s3://sales-analytics-raw-aqib-test/leads_raw/load_type=full/leads_raw_20260707_200815_part_00212.json,8444488,e2682ca2881d4a2acafbc8567c14c228,"Tue, 7 Jul 2026 20:08:16 GMT"
s3://sales-analytics-raw-aqib-test/leads_raw/load_type=full/leads_raw_20260707_200816_part_00213.json,8342087,717ed2213709e4750207ebcb3496f02f,"Tue, 7 Jul 2026 20:08:17 GMT"
s3://sales-analytics-raw-aqib-test/leads_raw/load_type=full/leads_raw_20260707_200816_part_00214.json,8529270,589ef457fcf1011cb31bac52ec3f9e2c,"Tue, 7 Jul 2026 20:08:17 GMT"
s3://sales-analytics-raw-aqib-test/leads_raw/load_type=full/leads_raw_20260707_200817_part_00215.json,8479341,b84b1fbaf29f8401f0c2197758e2b1ab,"Tue, 7 Jul 2026 20:08:18 GMT"
s3://sales-analytics-raw-aqib-test/leads_raw/load_type=full/leads_raw_20260707_200817_part_00216.json,8227604,0a765bd11fea5a5ab0071028d13253c9,"Tue, 7 Jul 2026 20:08:18 GMT"
s3://sales-analytics-raw-aqib-test/leads_raw/load_type=full/leads_raw_20260707_200817_part_00217.json,8083146,5297fc5dc8c39e4b88595c82dd2a10f3,"Tue, 7 Jul 2026 20:08:18 GMT"
s3://sales-analytics-raw-aqib-test/leads_raw/load_type=full/leads_raw_20260707_200818_part_00218.json,8169117,bc3c0816f7f956deb129503ee6811c36,"Tue, 7 Jul 2026 20:08:19 GMT"
s3://sales-analytics-raw-aqib-test/leads_raw/load_type=full/leads_raw_20260707_200818_part_00219.json,8138742,d689dfda1769e85e5f9b858fb44bcff2,"Tue, 7 Jul 2026 20:08:19 GMT"
s3://sales-analytics-raw-aqib-test/leads_raw/load_type=full/leads_raw_20260707_200819_part_00220.json,8112095,866a16869ae9fac00e7f8526414feec3,"Tue, 7 Jul 2026 20:08:20 GMT"
s3://sales-analytics-raw-aqib-test/leads_raw/load_type=full/leads_raw_20260707_200819_part_00221.json,8063489,b841363116b1009a420477135634e21f,"Tue, 7 Jul 2026 20:08:20 GMT"
s3://sales-analytics-raw-aqib-test/leads_raw/load_type=full/leads_raw_20260707_200819_part_00222.json,8223242,aeb89bb1cc18eba19cf2a7f8dedb6355,"Tue, 7 Jul 2026 20:08:20 GMT"
s3://sales-analytics-raw-aqib-test/leads_raw/load_type=full/leads_raw_20260707_200820_part_00223.json,8120891,bee642f50d83f9eb878c87f295945dce,"Tue, 7 Jul 2026 20:08:21 GMT"
s3://sales-analytics-raw-aqib-test/leads_raw/load_type=full/leads_raw_20260707_200820_part_00224.json,8219113,6846ef0be160b68c9a0bf8ab27a8cd5e,"Tue, 7 Jul 2026 20:08:21 GMT"
s3://sales-analytics-raw-aqib-test/leads_raw/load_type=full/leads_raw_20260707_200821_part_00225.json,7963949,b76000a03a58c0f37d6ab3d42fff1d29,"Tue, 7 Jul 2026 20:08:22 GMT"
s3://sales-analytics-raw-aqib-test/leads_raw/load_type=full/leads_raw_20260707_200821_part_00226.json,7944274,39760f19cf27885891ed7df4f4992b0f,"Tue, 7 Jul 2026 20:08:22 GMT"
s3://sales-analytics-raw-aqib-test/leads_raw/load_type=full/leads_raw_20260707_200821_part_00227.json,8053268,af961b6b437a86e50209997788378d3c,"Tue, 7 Jul 2026 20:08:22 GMT"
s3://sales-analytics-raw-aqib-test/leads_raw/load_type=full/leads_raw_20260707_200822_part_00228.json,8129351,93a26f0795a76c1b485bbc08e4fca458,"Tue, 7 Jul 2026 20:08:23 GMT"
s3://sales-analytics-raw-aqib-test/leads_raw/load_type=full/leads_raw_20260707_200822_part_00229.json,8891003,48b6811bd1e97f9791fd3fda5b2f3653,"Tue, 7 Jul 2026 20:08:23 GMT"
s3://sales-analytics-raw-aqib-test/leads_raw/load_type=full/leads_raw_20260707_200823_part_00230.json,9318250,39e2b4efa7412365448d35e1695a8bd6,"Tue, 7 Jul 2026 20:08:24 GMT"
s3://sales-analytics-raw-aqib-test/leads_raw/load_type=full/leads_raw_20260707_200823_part_00231.json,9349742,cd5f5a09adc52887b248b2d7c3b1f4e4,"Tue, 7 Jul 2026 20:08:25 GMT"
s3://sales-analytics-raw-aqib-test/leads_raw/load_type=full/leads_raw_20260707_200824_part_00232.json,9454415,62bfce57e8839e97d05b7f00345cde6d,"Tue, 7 Jul 2026 20:08:25 GMT"
s3://sales-analytics-raw-aqib-test/leads_raw/load_type=full/leads_raw_20260707_200824_part_00233.json,8846964,59649257802a615855d88a125a9b71d9,"Tue, 7 Jul 2026 20:08:25 GMT"
s3://sales-analytics-raw-aqib-test/leads_raw/load_type=full/leads_raw_20260707_202609_part_00001.json,8422471,f9859436e019e5e63b251ff7c3546bf2,"Tue, 7 Jul 2026 20:26:11 GMT"
s3://sales-analytics-raw-aqib-test/leads_raw/load_type=full/leads_raw_20260707_202610_part_00002.json,8463556,1b3f40e1948f1948feacc36096b83e30,"Tue, 7 Jul 2026 20:26:11 GMT"
s3://sales-analytics-raw-aqib-test/leads_raw/load_type=full/leads_raw_20260707_202610_part_00003.json,8635045,0037a5c8072aaf7d17eb88820276862f,"Tue, 7 Jul 2026 20:26:11 GMT"
s3://sales-analytics-raw-aqib-test/leads_raw/load_type=full/leads_raw_20260707_202611_part_00004.json,8414634,25c5968750a262703b4dc43b2620d6c7,"Tue, 7 Jul 2026 20:26:12 GMT"
s3://sales-analytics-raw-aqib-test/leads_raw/load_type=full/leads_raw_20260707_202611_part_00005.json,8619805,fdef05b3966620236aa45b64ee5317ba,"Tue, 7 Jul 2026 20:26:12 GMT"
s3://sales-analytics-raw-aqib-test/leads_raw/load_type=full/leads_raw_20260707_202611_part_00006.json,8611108,05213009a0f5f4d176a6794b83a07ecc,"Tue, 7 Jul 2026 20:26:12 GMT"
s3://sales-analytics-raw-aqib-test/leads_raw/load_type=full/leads_raw_20260707_202612_part_00007.json,8400272,b162b0c737b8119db069330f9dfe54d7,"Tue, 7 Jul 2026 20:26:13 GMT"
s3://sales-analytics-raw-aqib-test/leads_raw/load_type=full/leads_raw_20260707_202612_part_00008.json,8631533,024526468a791054a14f0433b71bb046,"Tue, 7 Jul 2026 20:26:13 GMT"
s3://sales-analytics-raw-aqib-test/leads_raw/load_type=full/leads_raw_20260707_202612_part_00009.json,8621928,946ce7b66e98ff67272f394a15b4a2b2,"Tue, 7 Jul 2026 20:26:14 GMT"
s3://sales-analytics-raw-aqib-test/leads_raw/load_type=full/leads_raw_20260707_202613_part_00010.json,9345313,983491ad13e9383489c7f63e4fffe951,"Tue, 7 Jul 2026 20:26:14 GMT"
s3://sales-analytics-raw-aqib-test/leads_raw/load_type=full/leads_raw_20260707_202613_part_00011.json,9300625,5bef9f4f42ce6df073f6199524f37a49,"Tue, 7 Jul 2026 20:26:14 GMT"
s3://sales-analytics-raw-aqib-test/leads_raw/load_type=full/leads_raw_20260707_202613_part_00012.json,9286977,89a2e9f8a3119f41d48d6dc882327c03,"Tue, 7 Jul 2026 20:26:15 GMT"
s3://sales-analytics-raw-aqib-test/leads_raw/load_type=full/leads_raw_20260707_202614_part_00013.json,9428968,2050617e84ed70e1282fe0dff86c1bf4,"Tue, 7 Jul 2026 20:26:15 GMT"
s3://sales-analytics-raw-aqib-test/leads_raw/load_type=full/leads_raw_20260707_202614_part_00014.json,8995141,2f6a0a6654e30f6372e395d81407c9a8,"Tue, 7 Jul 2026 20:26:15 GMT"
s3://sales-analytics-raw-aqib-test/leads_raw/load_type=full/leads_raw_20260707_202615_part_00015.json,8631375,b14da688313a5aa2a1a470a65875f523,"Tue, 7 Jul 2026 20:26:16 GMT"
s3://sales-analytics-raw-aqib-test/leads_raw/load_type=full/leads_raw_20260707_202615_part_00016.json,8673198,e14b5ac66bab287811294b90657e9397,"Tue, 7 Jul 2026 20:26:16 GMT"
s3://sales-analytics-raw-aqib-test/leads_raw/load_type=full/leads_raw_20260707_202615_part_00017.json,8532002,9ec34d63434a522f8d24025b5e9559bb,"Tue, 7 Jul 2026 20:26:16 GMT"
s3://sales-analytics-raw-aqib-test/leads_raw/load_type=full/leads_raw_20260707_202616_part_00018.json,8462780,38a99bd82c9d8003ebcbe1abf470e270,"Tue, 7 Jul 2026 20:26:17 GMT"
s3://sales-analytics-raw-aqib-test/leads_raw/load_type=full/leads_raw_20260707_202616_part_00019.json,8687797,0016eb96ef3941dd164fd7ce494b94e0,"Tue, 7 Jul 2026 20:26:17 GMT"
s3://sales-analytics-raw-aqib-test/leads_raw/load_type=full/leads_raw_20260707_202616_part_00020.json,8565641,56058ba006aa17cda4c4c4ef5b78e05d,"Tue, 7 Jul 2026 20:26:17 GMT"
s3://sales-analytics-raw-aqib-test/leads_raw/load_type=full/leads_raw_20260707_202617_part_00021.json,8479576,cc95b56b1b81095e69062326a9fcffe1,"Tue, 7 Jul 2026 20:26:18 GMT"
s3://sales-analytics-raw-aqib-test/leads_raw/load_type=full/leads_raw_20260707_202617_part_00022.json,8619676,7306a1f90f6cdc71a0d59d304bb1a5a3,"Tue, 7 Jul 2026 20:26:18 GMT"
s3://sales-analytics-raw-aqib-test/leads_raw/load_type=full/leads_raw_20260707_202617_part_00023.json,8537350,8dd80cfb327f4a594d5612a5a2c37137,"Tue, 7 Jul 2026 20:26:19 GMT"
s3://sales-analytics-raw-aqib-test/leads_raw/load_type=full/leads_raw_20260707_202618_part_00024.json,8409158,abf7c7867d64742ff3ba282e93c29d93,"Tue, 7 Jul 2026 20:26:19 GMT"
s3://sales-analytics-raw-aqib-test/leads_raw/load_type=full/leads_raw_20260707_202618_part_00025.json,8770364,7213a60663607d357d554a810054584a,"Tue, 7 Jul 2026 20:26:19 GMT"
s3://sales-analytics-raw-aqib-test/leads_raw/load_type=full/leads_raw_20260707_202618_part_00026.json,8822556,a3384d608452c80f039dad193b1d293a,"Tue, 7 Jul 2026 20:26:20 GMT"
s3://sales-analytics-raw-aqib-test/leads_raw/load_type=full/leads_raw_20260707_202619_part_00027.json,8803040,112e8f1eaff806b33bb456d7260059c7,"Tue, 7 Jul 2026 20:26:20 GMT"
s3://sales-analytics-raw-aqib-test/leads_raw/load_type=full/leads_raw_20260707_202619_part_00028.json,8659896,ec67134659e8ef7d0b4bc76a6aad1c97,"Tue, 7 Jul 2026 20:26:20 GMT"
s3://sales-analytics-raw-aqib-test/leads_raw/load_type=full/leads_raw_20260707_202620_part_00029.json,9041933,84be75435ed1a3e3dbb32927dd0c59c2,"Tue, 7 Jul 2026 20:26:21 GMT"
s3://sales-analytics-raw-aqib-test/leads_raw/load_type=full/leads_raw_20260707_202620_part_00030.json,8788528,c43b0acd9426e70b8b73c3e9a4b89e22,"Tue, 7 Jul 2026 20:26:21 GMT"
s3://sales-analytics-raw-aqib-test/leads_raw/load_type=full/leads_raw_20260707_202620_part_00031.json,8945595,20689cc276a1984aa46c2cc60b825014,"Tue, 7 Jul 2026 20:26:21 GMT"
s3://sales-analytics-raw-aqib-test/leads_raw/load_type=full/leads_raw_20260707_202621_part_00032.json,9140208,5e33f2564aa66aba762258207f1abce7,"Tue, 7 Jul 2026 20:26:22 GMT"
s3://sales-analytics-raw-aqib-test/leads_raw/load_type=full/leads_raw_20260707_202621_part_00033.json,8814695,3422c92cc5cc882d4daaa19336a242e2,"Tue, 7 Jul 2026 20:26:22 GMT"
s3://sales-analytics-raw-aqib-test/leads_raw/load_type=full/leads_raw_20260707_202621_part_00034.json,8797680,76821cfa22c484fd3fe2178ec03d5a90,"Tue, 7 Jul 2026 20:26:23 GMT"
s3://sales-analytics-raw-aqib-test/leads_raw/load_type=full/leads_raw_20260707_202622_part_00035.json,8535002,705d86ed35d12dff99d3e82294cd71fe,"Tue, 7 Jul 2026 20:26:23 GMT"
s3://sales-analytics-raw-aqib-test/leads_raw/load_type=full/leads_raw_20260707_202622_part_00036.json,8280446,4707896c3c5f9f0e88accb1b37c10c96,"Tue, 7 Jul 2026 20:26:23 GMT"
s3://sales-analytics-raw-aqib-test/leads_raw/load_type=full/leads_raw_20260707_202623_part_00037.json,8422361,77534ef47dfdfc658882efd8f21fb70e,"Tue, 7 Jul 2026 20:26:24 GMT"
s3://sales-analytics-raw-aqib-test/leads_raw/load_type=full/leads_raw_20260707_202623_part_00038.json,8287217,f841183213708ff66d13d0b8d62d5043,"Tue, 7 Jul 2026 20:26:24 GMT"
s3://sales-analytics-raw-aqib-test/leads_raw/load_type=full/leads_raw_20260707_202623_part_00039.json,8518702,55a24d5c658d62b3de67cd9498b75d4a,"Tue, 7 Jul 2026 20:26:24 GMT"
s3://sales-analytics-raw-aqib-test/leads_raw/load_type=full/leads_raw_20260707_202624_part_00040.json,8319617,dcfe121a0a88afc73704ed9422e588fa,"Tue, 7 Jul 2026 20:26:25 GMT"
s3://sales-analytics-raw-aqib-test/leads_raw/load_type=full/leads_raw_20260707_202624_part_00041.json,8507521,8e544d6859cb56719dd0b65923601af1,"Tue, 7 Jul 2026 20:26:25 GMT"
s3://sales-analytics-raw-aqib-test/leads_raw/load_type=full/leads_raw_20260707_202624_part_00042.json,8639176,560ed1bef0d1ba5244c88e690c0b6ebc,"Tue, 7 Jul 2026 20:26:26 GMT"
s3://sales-analytics-raw-aqib-test/leads_raw/load_type=full/leads_raw_20260707_202625_part_00043.json,8524052,0572722b43910725241f8d2039f17f9b,"Tue, 7 Jul 2026 20:26:26 GMT"
s3://sales-analytics-raw-aqib-test/leads_raw/load_type=full/leads_raw_20260707_202625_part_00044.json,8213666,b070c0829840cdd1f14819207597d887,"Tue, 7 Jul 2026 20:26:26 GMT"
s3://sales-analytics-raw-aqib-test/leads_raw/load_type=full/leads_raw_20260707_202625_part_00045.json,8845497,7390150c1b69b4fdddb60fca2d49db5c,"Tue, 7 Jul 2026 20:26:27 GMT"
s3://sales-analytics-raw-aqib-test/leads_raw/load_type=full/leads_raw_20260707_202626_part_00046.json,8695521,da7e3b89f1ecfa9317013aaba0f87ffa,"Tue, 7 Jul 2026 20:26:27 GMT"
s3://sales-analytics-raw-aqib-test/leads_raw/load_type=full/leads_raw_20260707_202626_part_00047.json,8659051,ea9feb8f9460a3e627bb76a1fd302e3e,"Tue, 7 Jul 2026 20:26:27 GMT"
s3://sales-analytics-raw-aqib-test/leads_raw/load_type=full/leads_raw_20260707_202627_part_00048.json,8626439,3a3ad79252de6dc90aec4a4afe02f2eb,"Tue, 7 Jul 2026 20:26:28 GMT"
s3://sales-analytics-raw-aqib-test/leads_raw/load_type=full/leads_raw_20260707_202627_part_00049.json,8841062,0e12575fa35b192d8531f70dcca33341,"Tue, 7 Jul 2026 20:26:28 GMT"
s3://sales-analytics-raw-aqib-test/leads_raw/load_type=full/leads_raw_20260707_202627_part_00050.json,8767737,0f38f73d6a6f4b5949ff706261ed2414,"Tue, 7 Jul 2026 20:26:28 GMT"
s3://sales-analytics-raw-aqib-test/leads_raw/load_type=full/leads_raw_20260707_202628_part_00051.json,8754997,3b3f268806bbf59c28f51c76e9982d77,"Tue, 7 Jul 2026 20:26:29 GMT"
s3://sales-analytics-raw-aqib-test/leads_raw/load_type=full/leads_raw_20260707_202628_part_00052.json,8709498,5d45284cc8b7456e9294cef5917700fc,"Tue, 7 Jul 2026 20:26:29 GMT"
s3://sales-analytics-raw-aqib-test/leads_raw/load_type=full/leads_raw_20260707_202628_part_00053.json,8697023,55a18f423228bccf8053dad9ac086431,"Tue, 7 Jul 2026 20:26:29 GMT"
s3://sales-analytics-raw-aqib-test/leads_raw/load_type=full/leads_raw_20260707_202629_part_00054.json,8568535,b9c9715759745a5284c3fb74bb43a53c,"Tue, 7 Jul 2026 20:26:30 GMT"
s3://sales-analytics-raw-aqib-test/leads_raw/load_type=full/leads_raw_20260707_202629_part_00055.json,8889339,0d981961e68c8d36282905ba3481763a,"Tue, 7 Jul 2026 20:26:30 GMT"
s3://sales-analytics-raw-aqib-test/leads_raw/load_type=full/leads_raw_20260707_202629_part_00056.json,8803009,f3886f12f2ffd1c827ffeb1a9f8d3a2b,"Tue, 7 Jul 2026 20:26:30 GMT"
s3://sales-analytics-raw-aqib-test/leads_raw/load_type=full/leads_raw_20260707_202630_part_00057.json,8725457,96098e758e0ac06513b3ba69f62f19f9,"Tue, 7 Jul 2026 20:26:31 GMT"
s3://sales-analytics-raw-aqib-test/leads_raw/load_type=full/leads_raw_20260707_202630_part_00058.json,8654999,6c227535ba3f84d658018e8322b6a467,"Tue, 7 Jul 2026 20:26:31 GMT"
s3://sales-analytics-raw-aqib-test/leads_raw/load_type=full/leads_raw_20260707_202631_part_00059.json,8596684,4f9e55dd7361f04dba0d0f0e7ce69438,"Tue, 7 Jul 2026 20:26:32 GMT"
s3://sales-analytics-raw-aqib-test/leads_raw/load_type=full/leads_raw_20260707_202631_part_00060.json,8657157,c70e33ef0a5434142b439cab3de914b5,"Tue, 7 Jul 2026 20:26:32 GMT"
s3://sales-analytics-raw-aqib-test/leads_raw/load_type=full/leads_raw_20260707_202631_part_00061.json,8702670,9949d6ade842afd6ad61492bf7328457,"Tue, 7 Jul 2026 20:26:32 GMT"
s3://sales-analytics-raw-aqib-test/leads_raw/load_type=full/leads_raw_20260707_202632_part_00062.json,8515240,968d74ab89408d80b0fb85dc97d1835f,"Tue, 7 Jul 2026 20:26:33 GMT"
s3://sales-analytics-raw-aqib-test/leads_raw/load_type=full/leads_raw_20260707_202632_part_00063.json,8655592,c2ee70aa71e768ab2bb574f1780100d0,"Tue, 7 Jul 2026 20:26:33 GMT"
s3://sales-analytics-raw-aqib-test/leads_raw/load_type=full/leads_raw_20260707_202632_part_00064.json,8600839,e9f6e23e648e9843a88de598ccbe4a83,"Tue, 7 Jul 2026 20:26:34 GMT"
s3://sales-analytics-raw-aqib-test/leads_raw/load_type=full/leads_raw_20260707_202633_part_00065.json,9576431,7df4f74277156eca8a78829397262def,"Tue, 7 Jul 2026 20:26:34 GMT"
s3://sales-analytics-raw-aqib-test/leads_raw/load_type=full/leads_raw_20260707_202633_part_00066.json,9565840,904bc83b25d30b69ccfdc4f7f1c504fc,"Tue, 7 Jul 2026 20:26:34 GMT"
s3://sales-analytics-raw-aqib-test/leads_raw/load_type=full/leads_raw_20260707_202634_part_00067.json,9506355,37d4d856f528f630fd1ed05541d3d28f,"Tue, 7 Jul 2026 20:26:35 GMT"
s3://sales-analytics-raw-aqib-test/leads_raw/load_type=full/leads_raw_20260707_202634_part_00068.json,9644343,038a56101b381ca17ef625dc79734b5a,"Tue, 7 Jul 2026 20:26:35 GMT"
s3://sales-analytics-raw-aqib-test/leads_raw/load_type=full/leads_raw_20260707_202634_part_00069.json,9762042,7e5e8079f427b1dec3bc6d969dce6161,"Tue, 7 Jul 2026 20:26:36 GMT"
s3://sales-analytics-raw-aqib-test/leads_raw/load_type=full/leads_raw_20260707_202635_part_00070.json,9712315,fe8f8215025d931d462f14404c52cd39,"Tue, 7 Jul 2026 20:26:36 GMT"
s3://sales-analytics-raw-aqib-test/leads_raw/load_type=full/leads_raw_20260707_202635_part_00071.json,9824043,5b30aa424ab7537687e58fdf8290b604,"Tue, 7 Jul 2026 20:26:36 GMT"
s3://sales-analytics-raw-aqib-test/leads_raw/load_type=full/leads_raw_20260707_202636_part_00072.json,9800332,5ef3eb5f1881003d62513b8a6e77a643,"Tue, 7 Jul 2026 20:26:37 GMT"
s3://sales-analytics-raw-aqib-test/leads_raw/load_type=full/leads_raw_20260707_202636_part_00073.json,9578323,a3642dacc5d2eebcafcdb34dbe19dcd3,"Tue, 7 Jul 2026 20:26:37 GMT"
s3://sales-analytics-raw-aqib-test/leads_raw/load_type=full/leads_raw_20260707_202636_part_00074.json,9627274,7dd0913057a1b3ea29f0aeadabf6a0a6,"Tue, 7 Jul 2026 20:26:37 GMT"
s3://sales-analytics-raw-aqib-test/leads_raw/load_type=full/leads_raw_20260707_202637_part_00075.json,9340867,9990d37a5da39f3f38781222a80002ed,"Tue, 7 Jul 2026 20:26:38 GMT"
s3://sales-analytics-raw-aqib-test/leads_raw/load_type=full/leads_raw_20260707_202637_part_00076.json,8984818,a2ff7c3d4653cf7d589320fd618aa50e,"Tue, 7 Jul 2026 20:26:38 GMT"
s3://sales-analytics-raw-aqib-test/leads_raw/load_type=full/leads_raw_20260707_202638_part_00077.json,8691250,677a7a5d00b2064fb0314bb86c358ee3,"Tue, 7 Jul 2026 20:26:39 GMT"
s3://sales-analytics-raw-aqib-test/leads_raw/load_type=full/leads_raw_20260707_202638_part_00078.json,8649609,f30e9dd9ae0c410b02b0f24593be8b8b,"Tue, 7 Jul 2026 20:26:39 GMT"
s3://sales-analytics-raw-aqib-test/leads_raw/load_type=full/leads_raw_20260707_202638_part_00079.json,8671121,7381fc71eebce5f25e52d703689a4b6f,"Tue, 7 Jul 2026 20:26:39 GMT"
s3://sales-analytics-raw-aqib-test/leads_raw/load_type=full/leads_raw_20260707_202639_part_00080.json,8858950,1bbae7031eee41654255691b0a2464df,"Tue, 7 Jul 2026 20:26:40 GMT"
s3://sales-analytics-raw-aqib-test/leads_raw/load_type=full/leads_raw_20260707_202639_part_00081.json,8810987,33b89de3098635460e0418abd4c8e199,"Tue, 7 Jul 2026 20:26:40 GMT"
s3://sales-analytics-raw-aqib-test/leads_raw/load_type=full/leads_raw_20260707_202639_part_00082.json,8659392,4d50f16cd848f62ef0d6d6d05d4231b1,"Tue, 7 Jul 2026 20:26:40 GMT"
s3://sales-analytics-raw-aqib-test/leads_raw/load_type=full/leads_raw_20260707_202640_part_00083.json,8830621,425fb2c68181bf6492f5f8aa80580527,"Tue, 7 Jul 2026 20:26:41 GMT"
s3://sales-analytics-raw-aqib-test/leads_raw/load_type=full/leads_raw_20260707_202640_part_00084.json,8912474,37ab5a3a97597a2e1b693f7cea8621cf,"Tue, 7 Jul 2026 20:26:41 GMT"
s3://sales-analytics-raw-aqib-test/leads_raw/load_type=full/leads_raw_20260707_202640_part_00085.json,8780597,d2c31260726ffc8811c4555d4d233eeb,"Tue, 7 Jul 2026 20:26:42 GMT"
s3://sales-analytics-raw-aqib-test/leads_raw/load_type=full/leads_raw_20260707_202641_part_00086.json,8752118,b165beb135acba9d16872fa9e08d0095,"Tue, 7 Jul 2026 20:26:42 GMT"
s3://sales-analytics-raw-aqib-test/leads_raw/load_type=full/leads_raw_20260707_202641_part_00087.json,8829342,082d810756aa044cb4aa820f341eddf7,"Tue, 7 Jul 2026 20:26:42 GMT"
s3://sales-analytics-raw-aqib-test/leads_raw/load_type=full/leads_raw_20260707_202642_part_00088.json,8687891,62fea216b4d6ca677384b1da0b4eb83c,"Tue, 7 Jul 2026 20:26:43 GMT"
s3://sales-analytics-raw-aqib-test/leads_raw/load_type=full/leads_raw_20260707_202642_part_00089.json,8889815,2b540d6c029140c4e45fb293b5261afb,"Tue, 7 Jul 2026 20:26:43 GMT"
s3://sales-analytics-raw-aqib-test/leads_raw/load_type=full/leads_raw_20260707_202642_part_00090.json,8860224,8088fed6de668ef6dcb332457f2a8f44,"Tue, 7 Jul 2026 20:26:43 GMT"
s3://sales-analytics-raw-aqib-test/leads_raw/load_type=full/leads_raw_20260707_202643_part_00091.json,8881501,5b403dd0191cfc4fa3b665baa09c9f53,"Tue, 7 Jul 2026 20:26:44 GMT"
s3://sales-analytics-raw-aqib-test/leads_raw/load_type=full/leads_raw_20260707_202643_part_00092.json,8720212,fcce46433490fb217dd8e2717e552323,"Tue, 7 Jul 2026 20:26:44 GMT"
s3://sales-analytics-raw-aqib-test/leads_raw/load_type=full/leads_raw_20260707_202643_part_00093.json,9032301,7661760aba60557db95f9566096e678b,"Tue, 7 Jul 2026 20:26:44 GMT"
s3://sales-analytics-raw-aqib-test/leads_raw/load_type=full/leads_raw_20260707_202644_part_00094.json,8794152,7c054be9cbd88f691215e5441c56afe0,"Tue, 7 Jul 2026 20:26:45 GMT"
s3://sales-analytics-raw-aqib-test/leads_raw/load_type=full/leads_raw_20260707_202644_part_00095.json,8699812,8e126963382f4a4d88b9c182997088da,"Tue, 7 Jul 2026 20:26:45 GMT"
s3://sales-analytics-raw-aqib-test/leads_raw/load_type=full/leads_raw_20260707_202644_part_00096.json,8649761,fd0749e4f2c7d52fca530840f3ede1b4,"Tue, 7 Jul 2026 20:26:45 GMT"
s3://sales-analytics-raw-aqib-test/leads_raw/load_type=full/leads_raw_20260707_202645_part_00097.json,8520798,e7d8f58fd7ba2ba14fea169368c2aedf,"Tue, 7 Jul 2026 20:26:46 GMT"
s3://sales-analytics-raw-aqib-test/leads_raw/load_type=full/leads_raw_20260707_202645_part_00098.json,8637770,481a73d1f0c47951de64ba6d82998da6,"Tue, 7 Jul 2026 20:26:46 GMT"
s3://sales-analytics-raw-aqib-test/leads_raw/load_type=full/leads_raw_20260707_202645_part_00099.json,8421809,ab68e8a6887c1432480eb2396a538aad,"Tue, 7 Jul 2026 20:26:46 GMT"
s3://sales-analytics-raw-aqib-test/leads_raw/load_type=full/leads_raw_20260707_202646_part_00100.json,8819497,7d9a81fc4f3fa4447c0116bd642b8513,"Tue, 7 Jul 2026 20:26:47 GMT"
s3://sales-analytics-raw-aqib-test/leads_raw/load_type=full/leads_raw_20260707_202646_part_00101.json,8591590,7e0c317c27b64133e52ffc4197d0e733,"Tue, 7 Jul 2026 20:26:47 GMT"
s3://sales-analytics-raw-aqib-test/leads_raw/load_type=full/leads_raw_20260707_202646_part_00102.json,8643226,7e4cf718675fee959ed88bc96d48b2d1,"Tue, 7 Jul 2026 20:26:48 GMT"
s3://sales-analytics-raw-aqib-test/leads_raw/load_type=full/leads_raw_20260707_202647_part_00103.json,8729717,b9e2115e8fe5481145a50d10e9992438,"Tue, 7 Jul 2026 20:26:48 GMT"
s3://sales-analytics-raw-aqib-test/leads_raw/load_type=full/leads_raw_20260707_202647_part_00104.json,8601336,8371bc2d42f513a7e7d503178462e759,"Tue, 7 Jul 2026 20:26:48 GMT"
s3://sales-analytics-raw-aqib-test/leads_raw/load_type=full/leads_raw_20260707_202647_part_00105.json,8537049,421c90305672b70025742f878c0f3f6b,"Tue, 7 Jul 2026 20:26:49 GMT"
s3://sales-analytics-raw-aqib-test/leads_raw/load_type=full/leads_raw_20260707_202648_part_00106.json,8729587,5252cdc2b12f7e25f9e4a931afe9693b,"Tue, 7 Jul 2026 20:26:49 GMT"
s3://sales-analytics-raw-aqib-test/leads_raw/load_type=full/leads_raw_20260707_202648_part_00107.json,8807768,eefa922dec151b5f8698116def8911dd,"Tue, 7 Jul 2026 20:26:49 GMT"
s3://sales-analytics-raw-aqib-test/leads_raw/load_type=full/leads_raw_20260707_202648_part_00108.json,8648716,d9366ff00cd2fbe9b8f5908b1a5969f8,"Tue, 7 Jul 2026 20:26:50 GMT"
s3://sales-analytics-raw-aqib-test/leads_raw/load_type=full/leads_raw_20260707_202649_part_00109.json,8833588,5df02db9aceb6bdf10200a37e8af98de,"Tue, 7 Jul 2026 20:26:50 GMT"
s3://sales-analytics-raw-aqib-test/leads_raw/load_type=full/leads_raw_20260707_202649_part_00110.json,8676178,8d1753af55e75999e38c2388a885d8db,"Tue, 7 Jul 2026 20:26:50 GMT"
s3://sales-analytics-raw-aqib-test/leads_raw/load_type=full/leads_raw_20260707_202650_part_00111.json,8763080,a97c011acbd94b8ac7f00bcfcb2ec781,"Tue, 7 Jul 2026 20:26:51 GMT"
s3://sales-analytics-raw-aqib-test/leads_raw/load_type=full/leads_raw_20260707_202650_part_00112.json,8906474,fee73ecf9475b92338a8ff738945f222,"Tue, 7 Jul 2026 20:26:51 GMT"
s3://sales-analytics-raw-aqib-test/leads_raw/load_type=full/leads_raw_20260707_202650_part_00113.json,8965019,3c65fbd956e70a178ec1a28729462371,"Tue, 7 Jul 2026 20:26:51 GMT"
s3://sales-analytics-raw-aqib-test/leads_raw/load_type=full/leads_raw_20260707_202651_part_00114.json,8859207,7d15e673eb5a888256d9b972c6ab5e09,"Tue, 7 Jul 2026 20:26:52 GMT"
s3://sales-analytics-raw-aqib-test/leads_raw/load_type=full/leads_raw_20260707_202651_part_00115.json,9103310,52a62c6e4c82c279a6c7939da047400f,"Tue, 7 Jul 2026 20:26:52 GMT"
s3://sales-analytics-raw-aqib-test/leads_raw/load_type=full/leads_raw_20260707_202651_part_00116.json,8745395,3775a073b52008cebe7c37706a358cd2,"Tue, 7 Jul 2026 20:26:53 GMT"
s3://sales-analytics-raw-aqib-test/leads_raw/load_type=full/leads_raw_20260707_202652_part_00117.json,9070230,d67ea77e2a437abe1b4915196c013177,"Tue, 7 Jul 2026 20:26:53 GMT"
s3://sales-analytics-raw-aqib-test/leads_raw/load_type=full/leads_raw_20260707_202652_part_00118.json,8488356,548025c2b7e0a69c457996ab095e1532,"Tue, 7 Jul 2026 20:26:53 GMT"
s3://sales-analytics-raw-aqib-test/leads_raw/load_type=full/leads_raw_20260707_202653_part_00119.json,8222633,900142a4e1f00e1c4b4d7d878bc10dee,"Tue, 7 Jul 2026 20:26:54 GMT"
s3://sales-analytics-raw-aqib-test/leads_raw/load_type=full/leads_raw_20260707_202653_part_00120.json,8364180,fb910b9829c79b0bd981a228afa2bbb2,"Tue, 7 Jul 2026 20:26:54 GMT"
s3://sales-analytics-raw-aqib-test/leads_raw/load_type=full/leads_raw_20260707_202653_part_00121.json,8577082,0f5d80d93b9a32befff4f8f4ff5427ac,"Tue, 7 Jul 2026 20:26:54 GMT"
s3://sales-analytics-raw-aqib-test/leads_raw/load_type=full/leads_raw_20260707_202654_part_00122.json,9579977,ba93c8ee47e31549cb3d6c4eea62c7b1,"Tue, 7 Jul 2026 20:26:55 GMT"
s3://sales-analytics-raw-aqib-test/leads_raw/load_type=full/leads_raw_20260707_202654_part_00123.json,9479051,c7476146c2792de881b742d4c8bdafd6,"Tue, 7 Jul 2026 20:26:55 GMT"
s3://sales-analytics-raw-aqib-test/leads_raw/load_type=full/leads_raw_20260707_202654_part_00124.json,9487797,910f9ccc14194b02b295f21c1c37961e,"Tue, 7 Jul 2026 20:26:56 GMT"
s3://sales-analytics-raw-aqib-test/leads_raw/load_type=full/leads_raw_20260707_202655_part_00125.json,9564236,7cfc61c2db1c17fffea217fb4cb33651,"Tue, 7 Jul 2026 20:26:56 GMT"
s3://sales-analytics-raw-aqib-test/leads_raw/load_type=full/leads_raw_20260707_202655_part_00126.json,9351321,7d16a4d07e3bc77771b360d4159bdff4,"Tue, 7 Jul 2026 20:26:56 GMT"
s3://sales-analytics-raw-aqib-test/leads_raw/load_type=full/leads_raw_20260707_202656_part_00127.json,9220712,d4e8c55d6ddd28a1f977778caa3505c1,"Tue, 7 Jul 2026 20:26:57 GMT"
s3://sales-analytics-raw-aqib-test/leads_raw/load_type=full/leads_raw_20260707_202656_part_00128.json,8983084,f6540131cbb40df44326542b7a216aec,"Tue, 7 Jul 2026 20:26:57 GMT"
s3://sales-analytics-raw-aqib-test/leads_raw/load_type=full/leads_raw_20260707_202656_part_00129.json,9078262,535684070ba5365c7a7ec3dac79a46f3,"Tue, 7 Jul 2026 20:26:57 GMT"
s3://sales-analytics-raw-aqib-test/leads_raw/load_type=full/leads_raw_20260707_202657_part_00130.json,9147737,9187df4bc81847d83847f3a448d0928a,"Tue, 7 Jul 2026 20:26:58 GMT"
s3://sales-analytics-raw-aqib-test/leads_raw/load_type=full/leads_raw_20260707_202657_part_00131.json,9286362,4e51094fc737c2905ad2dbe3a5526696,"Tue, 7 Jul 2026 20:26:58 GMT"
s3://sales-analytics-raw-aqib-test/leads_raw/load_type=full/leads_raw_20260707_202658_part_00132.json,9194085,baa5d5f845475ab86e0cb0ee1b9ef899,"Tue, 7 Jul 2026 20:26:59 GMT"
s3://sales-analytics-raw-aqib-test/leads_raw/load_type=full/leads_raw_20260707_202658_part_00133.json,8988347,86bc6d67c3069726f86d91853e0550c0,"Tue, 7 Jul 2026 20:26:59 GMT"
s3://sales-analytics-raw-aqib-test/leads_raw/load_type=full/leads_raw_20260707_202658_part_00134.json,9088223,493d1dc2440b6d726c76119cc1bcc968,"Tue, 7 Jul 2026 20:26:59 GMT"
s3://sales-analytics-raw-aqib-test/leads_raw/load_type=full/leads_raw_20260707_202659_part_00135.json,9084414,8780aad5593f668581a0d058cf525e60,"Tue, 7 Jul 2026 20:27:00 GMT"
s3://sales-analytics-raw-aqib-test/leads_raw/load_type=full/leads_raw_20260707_202659_part_00136.json,9071788,478237ac48ebfcc79875299bc24ad901,"Tue, 7 Jul 2026 20:27:00 GMT"
s3://sales-analytics-raw-aqib-test/leads_raw/load_type=full/leads_raw_20260707_202700_part_00137.json,9130603,f556f4c0a62e9fafd0f903a3d41d6d18,"Tue, 7 Jul 2026 20:27:01 GMT"
s3://sales-analytics-raw-aqib-test/leads_raw/load_type=full/leads_raw_20260707_202700_part_00138.json,9101532,3edf11774928d0044a0c510c014191e7,"Tue, 7 Jul 2026 20:27:01 GMT"
s3://sales-analytics-raw-aqib-test/leads_raw/load_type=full/leads_raw_20260707_202700_part_00139.json,8871185,bc529e2e4506af1ba8c15ca4189a4fe5,"Tue, 7 Jul 2026 20:27:01 GMT"
s3://sales-analytics-raw-aqib-test/leads_raw/load_type=full/leads_raw_20260707_202701_part_00140.json,9193475,d7ee1f2efd5fd53439dc3ed6c9e41e56,"Tue, 7 Jul 2026 20:27:02 GMT"
s3://sales-analytics-raw-aqib-test/leads_raw/load_type=full/leads_raw_20260707_202701_part_00141.json,9134270,c35a9c1e4eec8d2d0d5be56eea7656f6,"Tue, 7 Jul 2026 20:27:02 GMT"
s3://sales-analytics-raw-aqib-test/leads_raw/load_type=full/leads_raw_20260707_202702_part_00142.json,8865500,95dde25bf641300a0e218e1a88f6efd4,"Tue, 7 Jul 2026 20:27:03 GMT"
s3://sales-analytics-raw-aqib-test/leads_raw/load_type=full/leads_raw_20260707_202702_part_00143.json,9235365,5a31e0ae49cd276b47230cf6cc348b89,"Tue, 7 Jul 2026 20:27:03 GMT"
s3://sales-analytics-raw-aqib-test/leads_raw/load_type=full/leads_raw_20260707_202702_part_00144.json,9060700,d6d0e91172d36add7594ae7da85d5bc5,"Tue, 7 Jul 2026 20:27:03 GMT"
s3://sales-analytics-raw-aqib-test/leads_raw/load_type=full/leads_raw_20260707_202703_part_00145.json,8983808,4da68a2ac78d9cd88596043199180700,"Tue, 7 Jul 2026 20:27:04 GMT"
s3://sales-analytics-raw-aqib-test/leads_raw/load_type=full/leads_raw_20260707_202703_part_00146.json,9066411,3d826fb3bf37cd550fb5a7bb7c55454d,"Tue, 7 Jul 2026 20:27:04 GMT"
s3://sales-analytics-raw-aqib-test/leads_raw/load_type=full/leads_raw_20260707_202703_part_00147.json,8843707,3c679b00bb7bb51d54c1d610859d6f13,"Tue, 7 Jul 2026 20:27:04 GMT"
s3://sales-analytics-raw-aqib-test/leads_raw/load_type=full/leads_raw_20260707_202704_part_00148.json,8977668,420f0489b21f85850e7d4f68699ce10e,"Tue, 7 Jul 2026 20:27:05 GMT"
s3://sales-analytics-raw-aqib-test/leads_raw/load_type=full/leads_raw_20260707_202704_part_00149.json,8836761,cfb3fa316fb1c7a804e65d1fcf253d69,"Tue, 7 Jul 2026 20:27:05 GMT"
s3://sales-analytics-raw-aqib-test/leads_raw/load_type=full/leads_raw_20260707_202704_part_00150.json,8872448,197faf15288528e11d1c5f79e7043923,"Tue, 7 Jul 2026 20:27:06 GMT"
s3://sales-analytics-raw-aqib-test/leads_raw/load_type=full/leads_raw_20260707_202705_part_00151.json,8796121,8b737f0ed8b58f70acd13d0a88bf4d00,"Tue, 7 Jul 2026 20:27:06 GMT"
s3://sales-analytics-raw-aqib-test/leads_raw/load_type=full/leads_raw_20260707_202705_part_00152.json,8818908,cfacf1ff7203d715dfe8cf58af3a0f34,"Tue, 7 Jul 2026 20:27:06 GMT"
s3://sales-analytics-raw-aqib-test/leads_raw/load_type=full/leads_raw_20260707_202706_part_00153.json,8808339,bd5777bc3fd5d7d410489afefb93cc99,"Tue, 7 Jul 2026 20:27:07 GMT"
s3://sales-analytics-raw-aqib-test/leads_raw/load_type=full/leads_raw_20260707_202706_part_00154.json,8932409,cf6e8881df8b771543cc3f7072cd040a,"Tue, 7 Jul 2026 20:27:07 GMT"
s3://sales-analytics-raw-aqib-test/leads_raw/load_type=full/leads_raw_20260707_202706_part_00155.json,8861992,bd6ce3b1e76caba69b7dc931547d5606,"Tue, 7 Jul 2026 20:27:07 GMT"
s3://sales-analytics-raw-aqib-test/leads_raw/load_type=full/leads_raw_20260707_202707_part_00156.json,8727428,d2bb37da75dfa6cd263bb98c1a5e2dbe,"Tue, 7 Jul 2026 20:27:08 GMT"
s3://sales-analytics-raw-aqib-test/leads_raw/load_type=full/leads_raw_20260707_202707_part_00157.json,8422492,fbe86cda133f9c4f604defa8b3f3d90e,"Tue, 7 Jul 2026 20:27:08 GMT"
s3://sales-analytics-raw-aqib-test/leads_raw/load_type=full/leads_raw_20260707_202707_part_00158.json,8799201,a73c8bb65a613f1841c0eb3bcfc2416d,"Tue, 7 Jul 2026 20:27:09 GMT"
s3://sales-analytics-raw-aqib-test/leads_raw/load_type=full/leads_raw_20260707_202708_part_00159.json,8599393,c05ff8b61f999cbb44f6dee2b3943ae5,"Tue, 7 Jul 2026 20:27:09 GMT"
s3://sales-analytics-raw-aqib-test/leads_raw/load_type=full/leads_raw_20260707_202708_part_00160.json,8697998,52b68c7692397255bb2ecaf96fbf309d,"Tue, 7 Jul 2026 20:27:09 GMT"
s3://sales-analytics-raw-aqib-test/leads_raw/load_type=full/leads_raw_20260707_202709_part_00161.json,8494259,38cd7468c3630d04d086f681e5dc1752,"Tue, 7 Jul 2026 20:27:10 GMT"
s3://sales-analytics-raw-aqib-test/leads_raw/load_type=full/leads_raw_20260707_202709_part_00162.json,8570795,a66d23a4553edcf8fc06131de34b1dcd,"Tue, 7 Jul 2026 20:27:10 GMT"
s3://sales-analytics-raw-aqib-test/leads_raw/load_type=full/leads_raw_20260707_202709_part_00163.json,8508501,76828261a87edd9c46405f66162af3f5,"Tue, 7 Jul 2026 20:27:10 GMT"
s3://sales-analytics-raw-aqib-test/leads_raw/load_type=full/leads_raw_20260707_202710_part_00164.json,8818228,bef2d4d9c47776f009a60858015842b7,"Tue, 7 Jul 2026 20:27:11 GMT"
s3://sales-analytics-raw-aqib-test/leads_raw/load_type=full/leads_raw_20260707_202710_part_00165.json,10056466,4f1b35e6fb15c4f0be349720bce5d331,"Tue, 7 Jul 2026 20:27:11 GMT"
s3://sales-analytics-raw-aqib-test/leads_raw/load_type=full/leads_raw_20260707_202711_part_00166.json,9950512,c8e1f10429d81064c8622d30c041af1a,"Tue, 7 Jul 2026 20:27:12 GMT"
s3://sales-analytics-raw-aqib-test/leads_raw/load_type=full/leads_raw_20260707_202711_part_00167.json,10131428,8911cbb990b8cdafb8747cb696c11ff1,"Tue, 7 Jul 2026 20:27:12 GMT"
s3://sales-analytics-raw-aqib-test/leads_raw/load_type=full/leads_raw_20260707_202711_part_00168.json,9817254,fa4098c501f2b2eefa1b4845de4d20fe,"Tue, 7 Jul 2026 20:27:12 GMT"
s3://sales-analytics-raw-aqib-test/leads_raw/load_type=full/leads_raw_20260707_202712_part_00169.json,10287035,406894bf923b5d43ff1ea8de3a8be104,"Tue, 7 Jul 2026 20:27:13 GMT"
s3://sales-analytics-raw-aqib-test/leads_raw/load_type=full/leads_raw_20260707_202712_part_00170.json,9873420,c70c627c9f62c6b411af59da3d67a942,"Tue, 7 Jul 2026 20:27:13 GMT"
s3://sales-analytics-raw-aqib-test/leads_raw/load_type=full/leads_raw_20260707_202713_part_00171.json,10187279,fce3c10020d18552459871175cfc32b7,"Tue, 7 Jul 2026 20:27:14 GMT"
s3://sales-analytics-raw-aqib-test/leads_raw/load_type=full/leads_raw_20260707_202713_part_00172.json,9254854,8ea0bde2581b9254f9bba5c9d59e408b,"Tue, 7 Jul 2026 20:27:14 GMT"
s3://sales-analytics-raw-aqib-test/leads_raw/load_type=full/leads_raw_20260707_202714_part_00173.json,8687879,9228dfc36467ef6c2959807b9a568720,"Tue, 7 Jul 2026 20:27:15 GMT"
s3://sales-analytics-raw-aqib-test/leads_raw/load_type=full/leads_raw_20260707_202714_part_00174.json,8747714,af427f5edb0f7a37a0333a8e7f484771,"Tue, 7 Jul 2026 20:27:15 GMT"
s3://sales-analytics-raw-aqib-test/leads_raw/load_type=full/leads_raw_20260707_202714_part_00175.json,8640680,e2ec5f6623ee81ba5cc5a9ccfd8dae21,"Tue, 7 Jul 2026 20:27:15 GMT"
s3://sales-analytics-raw-aqib-test/leads_raw/load_type=full/leads_raw_20260707_202715_part_00176.json,8772035,1379eb07e1a2d298e42d3b09258d5083,"Tue, 7 Jul 2026 20:27:16 GMT"
s3://sales-analytics-raw-aqib-test/leads_raw/load_type=full/leads_raw_20260707_202715_part_00177.json,8681622,19138b1d1c3756cb1014a2bbe4d3b968,"Tue, 7 Jul 2026 20:27:16 GMT"
s3://sales-analytics-raw-aqib-test/leads_raw/load_type=full/leads_raw_20260707_202715_part_00178.json,8805664,2049eb4674f8577bd0f7c1d39c89007c,"Tue, 7 Jul 2026 20:27:16 GMT"
s3://sales-analytics-raw-aqib-test/leads_raw/load_type=full/leads_raw_20260707_202716_part_00179.json,8865067,131a356cad232986f2608fdc78a25533,"Tue, 7 Jul 2026 20:27:17 GMT"
s3://sales-analytics-raw-aqib-test/leads_raw/load_type=full/leads_raw_20260707_202716_part_00180.json,8742288,e717f6f8a4b8b7515fb212e6d5459c57,"Tue, 7 Jul 2026 20:27:17 GMT"
s3://sales-analytics-raw-aqib-test/leads_raw/load_type=full/leads_raw_20260707_202716_part_00181.json,8782239,090b37c6f9c970ad166cb817fd208404,"Tue, 7 Jul 2026 20:27:18 GMT"
s3://sales-analytics-raw-aqib-test/leads_raw/load_type=full/leads_raw_20260707_202717_part_00182.json,9312598,a1add159de4f329010519085796b7633,"Tue, 7 Jul 2026 20:27:18 GMT"
s3://sales-analytics-raw-aqib-test/leads_raw/load_type=full/leads_raw_20260707_202717_part_00183.json,9635748,1fc53bcc0801f7714f75a59552fab871,"Tue, 7 Jul 2026 20:27:18 GMT"
s3://sales-analytics-raw-aqib-test/leads_raw/load_type=full/leads_raw_20260707_202718_part_00184.json,9528162,ee76ee6c4639f3b29de203804cbd81ec,"Tue, 7 Jul 2026 20:27:19 GMT"
s3://sales-analytics-raw-aqib-test/leads_raw/load_type=full/leads_raw_20260707_202718_part_00185.json,9515400,aad6f80ea2925e8c239f78b39d4cbba7,"Tue, 7 Jul 2026 20:27:19 GMT"
s3://sales-analytics-raw-aqib-test/leads_raw/load_type=full/leads_raw_20260707_202718_part_00186.json,9216747,25d03bb60092aff8ac7a077af6646212,"Tue, 7 Jul 2026 20:27:19 GMT"
s3://sales-analytics-raw-aqib-test/leads_raw/load_type=full/leads_raw_20260707_202719_part_00187.json,8538717,b452e5041b1a1400664e80fbba23fb13,"Tue, 7 Jul 2026 20:27:20 GMT"
s3://sales-analytics-raw-aqib-test/leads_raw/load_type=full/leads_raw_20260707_202719_part_00188.json,8446490,9d506eaba8e9cb6a9264dee2b3387821,"Tue, 7 Jul 2026 20:27:20 GMT"
s3://sales-analytics-raw-aqib-test/leads_raw/load_type=full/leads_raw_20260707_202719_part_00189.json,8399961,8d809147b7f0d5e5016d7b5e3d34b98e,"Tue, 7 Jul 2026 20:27:20 GMT"
s3://sales-analytics-raw-aqib-test/leads_raw/load_type=full/leads_raw_20260707_202720_part_00190.json,8398840,8161fa9dfccd6cc65f3ad3e07e58518f,"Tue, 7 Jul 2026 20:27:21 GMT"
s3://sales-analytics-raw-aqib-test/leads_raw/load_type=full/leads_raw_20260707_202720_part_00191.json,8489660,3549808ccfc365e0f996a585d73e6d5d,"Tue, 7 Jul 2026 20:27:21 GMT"
s3://sales-analytics-raw-aqib-test/leads_raw/load_type=full/leads_raw_20260707_202721_part_00192.json,8399307,2670a465c27df27e908b16d6591c9939,"Tue, 7 Jul 2026 20:27:22 GMT"
s3://sales-analytics-raw-aqib-test/leads_raw/load_type=full/leads_raw_20260707_202721_part_00193.json,8651755,a3298e5378e364c23d8082676229fd38,"Tue, 7 Jul 2026 20:27:22 GMT"
s3://sales-analytics-raw-aqib-test/leads_raw/load_type=full/leads_raw_20260707_202721_part_00194.json,8292882,3d38ee8e002faf5ef7a3d9882a340906,"Tue, 7 Jul 2026 20:27:22 GMT"
s3://sales-analytics-raw-aqib-test/leads_raw/load_type=full/leads_raw_20260707_202722_part_00195.json,8448197,aa6f5355eb15a3af5d8b5771d0574dc7,"Tue, 7 Jul 2026 20:27:23 GMT"
s3://sales-analytics-raw-aqib-test/leads_raw/load_type=full/leads_raw_20260707_202722_part_00196.json,8491330,3da99f50a83ac4a1445bee6db64bcbb8,"Tue, 7 Jul 2026 20:27:23 GMT"
s3://sales-analytics-raw-aqib-test/leads_raw/load_type=full/leads_raw_20260707_202722_part_00197.json,8544501,6194d80147013ded5b2975d5b7d76bc0,"Tue, 7 Jul 2026 20:27:23 GMT"
s3://sales-analytics-raw-aqib-test/leads_raw/load_type=full/leads_raw_20260707_202723_part_00198.json,8442950,8d2fff09520875f23158781bb73eda2e,"Tue, 7 Jul 2026 20:27:24 GMT"
s3://sales-analytics-raw-aqib-test/leads_raw/load_type=full/leads_raw_20260707_202723_part_00199.json,8794382,dce28d8be555fd52e398f56f48f91f70,"Tue, 7 Jul 2026 20:27:24 GMT"
s3://sales-analytics-raw-aqib-test/leads_raw/load_type=full/leads_raw_20260707_202723_part_00200.json,8627322,d38dca19e884831ccd4722f77085a3d7,"Tue, 7 Jul 2026 20:27:24 GMT"
s3://sales-analytics-raw-aqib-test/leads_raw/load_type=full/leads_raw_20260707_202724_part_00201.json,8593178,b92f0ea23bf5a64ce858dcfc7c1fe5a2,"Tue, 7 Jul 2026 20:27:25 GMT"
s3://sales-analytics-raw-aqib-test/leads_raw/load_type=full/leads_raw_20260707_202724_part_00202.json,8753203,55b9ffde58cbaf0a8cbea57923dec8db,"Tue, 7 Jul 2026 20:27:25 GMT"
s3://sales-analytics-raw-aqib-test/leads_raw/load_type=full/leads_raw_20260707_202725_part_00203.json,8451129,ebf89afe64b928a236335c84898def60,"Tue, 7 Jul 2026 20:27:26 GMT"
s3://sales-analytics-raw-aqib-test/leads_raw/load_type=full/leads_raw_20260707_202725_part_00204.json,8653489,ab6889b1608411c01b12d63ce268c749,"Tue, 7 Jul 2026 20:27:26 GMT"
s3://sales-analytics-raw-aqib-test/leads_raw/load_type=full/leads_raw_20260707_202725_part_00205.json,8353044,4d3a10a134dfa9cab0d08001578efcbe,"Tue, 7 Jul 2026 20:27:26 GMT"
s3://sales-analytics-raw-aqib-test/leads_raw/load_type=full/leads_raw_20260707_202726_part_00206.json,8360577,6cc603959d64b0b03dda3bd8f21398ba,"Tue, 7 Jul 2026 20:27:27 GMT"
s3://sales-analytics-raw-aqib-test/leads_raw/load_type=full/leads_raw_20260707_202726_part_00207.json,8331815,1e5b775b25e075b5eb36f402fd79c20e,"Tue, 7 Jul 2026 20:27:27 GMT"
s3://sales-analytics-raw-aqib-test/leads_raw/load_type=full/leads_raw_20260707_202727_part_00208.json,8263662,498977f48e1c4a1f3821f11c7613b114,"Tue, 7 Jul 2026 20:27:28 GMT"
s3://sales-analytics-raw-aqib-test/leads_raw/load_type=full/leads_raw_20260707_202727_part_00209.json,8264055,8590c0525a6100161838b2c80c478872,"Tue, 7 Jul 2026 20:27:28 GMT"
s3://sales-analytics-raw-aqib-test/leads_raw/load_type=full/leads_raw_20260707_202727_part_00210.json,8302588,4d5d7232e110026c38bc1b069b8f4fbc,"Tue, 7 Jul 2026 20:27:28 GMT"
s3://sales-analytics-raw-aqib-test/leads_raw/load_type=full/leads_raw_20260707_202728_part_00211.json,8374862,5ea1f4f4d7f6389e692b3e983483bdf7,"Tue, 7 Jul 2026 20:27:29 GMT"
s3://sales-analytics-raw-aqib-test/leads_raw/load_type=full/leads_raw_20260707_202728_part_00212.json,8444488,e2682ca2881d4a2acafbc8567c14c228,"Tue, 7 Jul 2026 20:27:29 GMT"
s3://sales-analytics-raw-aqib-test/leads_raw/load_type=full/leads_raw_20260707_202728_part_00213.json,8342087,717ed2213709e4750207ebcb3496f02f,"Tue, 7 Jul 2026 20:27:29 GMT"
s3://sales-analytics-raw-aqib-test/leads_raw/load_type=full/leads_raw_20260707_202729_part_00214.json,8529270,589ef457fcf1011cb31bac52ec3f9e2c,"Tue, 7 Jul 2026 20:27:30 GMT"
s3://sales-analytics-raw-aqib-test/leads_raw/load_type=full/leads_raw_20260707_202729_part_00215.json,8479341,b84b1fbaf29f8401f0c2197758e2b1ab,"Tue, 7 Jul 2026 20:27:30 GMT"
s3://sales-analytics-raw-aqib-test/leads_raw/load_type=full/leads_raw_20260707_202729_part_00216.json,8227604,0a765bd11fea5a5ab0071028d13253c9,"Tue, 7 Jul 2026 20:27:30 GMT"
s3://sales-analytics-raw-aqib-test/leads_raw/load_type=full/leads_raw_20260707_202730_part_00217.json,8083146,5297fc5dc8c39e4b88595c82dd2a10f3,"Tue, 7 Jul 2026 20:27:31 GMT"
s3://sales-analytics-raw-aqib-test/leads_raw/load_type=full/leads_raw_20260707_202730_part_00218.json,8169117,bc3c0816f7f956deb129503ee6811c36,"Tue, 7 Jul 2026 20:27:31 GMT"
s3://sales-analytics-raw-aqib-test/leads_raw/load_type=full/leads_raw_20260707_202730_part_00219.json,8138742,d689dfda1769e85e5f9b858fb44bcff2,"Tue, 7 Jul 2026 20:27:31 GMT"
s3://sales-analytics-raw-aqib-test/leads_raw/load_type=full/leads_raw_20260707_202731_part_00220.json,8112095,866a16869ae9fac00e7f8526414feec3,"Tue, 7 Jul 2026 20:27:32 GMT"
s3://sales-analytics-raw-aqib-test/leads_raw/load_type=full/leads_raw_20260707_202731_part_00221.json,8063489,b841363116b1009a420477135634e21f,"Tue, 7 Jul 2026 20:27:32 GMT"
s3://sales-analytics-raw-aqib-test/leads_raw/load_type=full/leads_raw_20260707_202731_part_00222.json,8223242,aeb89bb1cc18eba19cf2a7f8dedb6355,"Tue, 7 Jul 2026 20:27:32 GMT"
s3://sales-analytics-raw-aqib-test/leads_raw/load_type=full/leads_raw_20260707_202732_part_00223.json,8120891,bee642f50d83f9eb878c87f295945dce,"Tue, 7 Jul 2026 20:27:33 GMT"
s3://sales-analytics-raw-aqib-test/leads_raw/load_type=full/leads_raw_20260707_202732_part_00224.json,8219113,6846ef0be160b68c9a0bf8ab27a8cd5e,"Tue, 7 Jul 2026 20:27:33 GMT"
s3://sales-analytics-raw-aqib-test/leads_raw/load_type=full/leads_raw_20260707_202733_part_00225.json,7963949,b76000a03a58c0f37d6ab3d42fff1d29,"Tue, 7 Jul 2026 20:27:34 GMT"
s3://sales-analytics-raw-aqib-test/leads_raw/load_type=full/leads_raw_20260707_202733_part_00226.json,7944274,39760f19cf27885891ed7df4f4992b0f,"Tue, 7 Jul 2026 20:27:34 GMT"
s3://sales-analytics-raw-aqib-test/leads_raw/load_type=full/leads_raw_20260707_202733_part_00227.json,8053268,af961b6b437a86e50209997788378d3c,"Tue, 7 Jul 2026 20:27:34 GMT"
s3://sales-analytics-raw-aqib-test/leads_raw/load_type=full/leads_raw_20260707_202734_part_00228.json,8129351,93a26f0795a76c1b485bbc08e4fca458,"Tue, 7 Jul 2026 20:27:35 GMT"
s3://sales-analytics-raw-aqib-test/leads_raw/load_type=full/leads_raw_20260707_202734_part_00229.json,8891003,48b6811bd1e97f9791fd3fda5b2f3653,"Tue, 7 Jul 2026 20:27:35 GMT"
s3://sales-analytics-raw-aqib-test/leads_raw/load_type=full/leads_raw_20260707_202734_part_00230.json,9318250,39e2b4efa7412365448d35e1695a8bd6,"Tue, 7 Jul 2026 20:27:35 GMT"
s3://sales-analytics-raw-aqib-test/leads_raw/load_type=full/leads_raw_20260707_202735_part_00231.json,9349742,cd5f5a09adc52887b248b2d7c3b1f4e4,"Tue, 7 Jul 2026 20:27:36 GMT"
s3://sales-analytics-raw-aqib-test/leads_raw/load_type=full/leads_raw_20260707_202735_part_00232.json,9454415,62bfce57e8839e97d05b7f00345cde6d,"Tue, 7 Jul 2026 20:27:36 GMT"
s3://sales-analytics-raw-aqib-test/leads_raw/load_type=full/leads_raw_20260707_202736_part_00233.json,8846964,59649257802a615855d88a125a9b71d9,"Tue, 7 Jul 2026 20:27:37 GMT"
s3://sales-analytics-raw-aqib-test/leads_raw/load_type=full/load_date=2026-06-14/leads_raw_20260614_195424_part_00001.json,8387776,8d6b632594faafda2d7eeada8bb2574e,"Sun, 14 Jun 2026 19:54:25 GMT"
s3://sales-analytics-raw-aqib-test/leads_raw/load_type=full/load_date=2026-06-14/leads_raw_20260614_195424_part_00002.json,8466480,5682c71655973f7e8ef638954d91eeb6,"Sun, 14 Jun 2026 19:54:25 GMT"
s3://sales-analytics-raw-aqib-test/leads_raw/load_type=full/load_date=2026-06-14/leads_raw_20260614_195424_part_00003.json,8628578,942fc32c95cc330ec48392daed602903,"Sun, 14 Jun 2026 19:54:26 GMT"
s3://sales-analytics-raw-aqib-test/leads_raw/load_type=full/load_date=2026-06-14/leads_raw_20260614_195425_part_00004.json,8422771,7dcc68f2701b90eeaa956edebbfb2935,"Sun, 14 Jun 2026 19:54:26 GMT"
s3://sales-analytics-raw-aqib-test/leads_raw/load_type=full/load_date=2026-06-14/leads_raw_20260614_195425_part_00005.json,8631813,5ea153884f29a59d526d2c8e3da1b312,"Sun, 14 Jun 2026 19:54:26 GMT"
s3://sales-analytics-raw-aqib-test/leads_raw/load_type=full/load_date=2026-06-14/leads_raw_20260614_195426_part_00006.json,8589778,3b76d50d36c00fe5f8df166b5edb89ee,"Sun, 14 Jun 2026 19:54:27 GMT"
s3://sales-analytics-raw-aqib-test/leads_raw/load_type=full/load_date=2026-06-14/leads_raw_20260614_195426_part_00007.json,8412127,29c2bac8d110774f5e7397ea378383f0,"Sun, 14 Jun 2026 19:54:27 GMT"
s3://sales-analytics-raw-aqib-test/leads_raw/load_type=full/load_date=2026-06-14/leads_raw_20260614_195427_part_00008.json,8634975,bbb027bbd85a99add5357d51399d61b1,"Sun, 14 Jun 2026 19:54:28 GMT"
s3://sales-analytics-raw-aqib-test/leads_raw/load_type=full/load_date=2026-06-14/leads_raw_20260614_195427_part_00009.json,8598808,6e45862da4b70ab4c191b4da7b264943,"Sun, 14 Jun 2026 19:54:28 GMT"
s3://sales-analytics-raw-aqib-test/leads_raw/load_type=full/load_date=2026-06-14/leads_raw_20260614_195427_part_00010.json,8041056,5cbe853e76af375330a8060a95e12351,"Sun, 14 Jun 2026 19:54:28 GMT"
s3://sales-analytics-raw-aqib-test/leads_raw/load_type=full/load_date=2026-06-14/leads_raw_20260614_195428_part_00011.json,7855489,a3eb9bddd5bff54ba7555b687f8b2740,"Sun, 14 Jun 2026 19:54:29 GMT"
s3://sales-analytics-raw-aqib-test/leads_raw/load_type=full/load_date=2026-06-14/leads_raw_20260614_195428_part_00012.json,8042750,b1a4ce8539872bc8f8ed0ffaf0fd1d3c,"Sun, 14 Jun 2026 19:54:29 GMT"
s3://sales-analytics-raw-aqib-test/leads_raw/load_type=full/load_date=2026-06-14/leads_raw_20260614_195429_part_00013.json,7944631,13a8c54f44e37e11750c48b8341ac74e,"Sun, 14 Jun 2026 19:54:30 GMT"
s3://sales-analytics-raw-aqib-test/leads_raw/load_type=full/load_date=2026-06-14/leads_raw_20260614_195429_part_00014.json,7867707,e5caa673788af495eb4a06dae0a9be9c,"Sun, 14 Jun 2026 19:54:30 GMT"
s3://sales-analytics-raw-aqib-test/leads_raw/load_type=full/load_date=2026-06-14/leads_raw_20260614_195429_part_00015.json,7869363,8818c7bd609b994c61a850cc6e8d3369,"Sun, 14 Jun 2026 19:54:30 GMT"
s3://sales-analytics-raw-aqib-test/leads_raw/load_type=full/load_date=2026-06-14/leads_raw_20260614_195430_part_00016.json,8025425,5b40f0ee3ba2e6c9d2330cbef59709b4,"Sun, 14 Jun 2026 19:54:31 GMT"
s3://sales-analytics-raw-aqib-test/leads_raw/load_type=full/load_date=2026-06-14/leads_raw_20260614_195430_part_00017.json,7889093,e627cf1c95854d93b81d5f915f6061dc,"Sun, 14 Jun 2026 19:54:31 GMT"
s3://sales-analytics-raw-aqib-test/leads_raw/load_type=full/load_date=2026-06-14/leads_raw_20260614_195430_part_00018.json,7941258,352cf297c4a837a9a9cea7d6353ff73b,"Sun, 14 Jun 2026 19:54:31 GMT"
s3://sales-analytics-raw-aqib-test/leads_raw/load_type=full/load_date=2026-06-14/leads_raw_20260614_195431_part_00019.json,7707727,22841faca58139e36e1c424fd87a776f,"Sun, 14 Jun 2026 19:54:32 GMT"
s3://sales-analytics-raw-aqib-test/leads_raw/load_type=full/load_date=2026-06-14/leads_raw_20260614_195431_part_00020.json,7718635,b9b9c48cf9a318313781caca5f1809ff,"Sun, 14 Jun 2026 19:54:32 GMT"
s3://sales-analytics-raw-aqib-test/leads_raw/load_type=full/load_date=2026-06-14/leads_raw_20260614_195432_part_00021.json,7853274,0e0b40383acd6bf6c6bf02c13553c7de,"Sun, 14 Jun 2026 19:54:33 GMT"
s3://sales-analytics-raw-aqib-test/leads_raw/load_type=full/load_date=2026-06-14/leads_raw_20260614_195432_part_00022.json,7751410,5327850e96e8b36979bc3b6c33d36b69,"Sun, 14 Jun 2026 19:54:33 GMT"
s3://sales-analytics-raw-aqib-test/leads_raw/load_type=full/load_date=2026-06-14/leads_raw_20260614_195432_part_00023.json,7696950,872a400a4f45db20b4047678cacca491,"Sun, 14 Jun 2026 19:54:33 GMT"
s3://sales-analytics-raw-aqib-test/leads_raw/load_type=full/load_date=2026-06-14/leads_raw_20260614_195433_part_00024.json,7637445,374f2eb3a9d203564b855e64c7cd4f55,"Sun, 14 Jun 2026 19:54:34 GMT"
s3://sales-analytics-raw-aqib-test/leads_raw/load_type=full/load_date=2026-06-14/leads_raw_20260614_195433_part_00025.json,7792797,ba84b4eb01ac978489ea966b6daed1a3,"Sun, 14 Jun 2026 19:54:34 GMT"
s3://sales-analytics-raw-aqib-test/leads_raw/load_type=full/load_date=2026-06-14/leads_raw_20260614_195433_part_00026.json,7635961,132419cab34853d64d74180664deff0e,"Sun, 14 Jun 2026 19:54:34 GMT"
s3://sales-analytics-raw-aqib-test/leads_raw/load_type=full/load_date=2026-06-14/leads_raw_20260614_195434_part_00027.json,7891548,5ea5aab847fd3b39fd5f84e6e4ae8be4,"Sun, 14 Jun 2026 19:54:35 GMT"
s3://sales-analytics-raw-aqib-test/leads_raw/load_type=full/load_date=2026-06-14/leads_raw_20260614_195434_part_00028.json,7478372,134e93cdbd4ccdfa112862f3fd1e666b,"Sun, 14 Jun 2026 19:54:35 GMT"
s3://sales-analytics-raw-aqib-test/leads_raw/load_type=full/load_date=2026-06-14/leads_raw_20260614_195434_part_00029.json,7714016,ce0a4370461e2bc0c534b4201c7da680,"Sun, 14 Jun 2026 19:54:35 GMT"
s3://sales-analytics-raw-aqib-test/leads_raw/load_type=full/load_date=2026-06-14/leads_raw_20260614_195435_part_00030.json,7706974,2aebacfba75e944fc3cfece1d4c0a377,"Sun, 14 Jun 2026 19:54:36 GMT"
s3://sales-analytics-raw-aqib-test/leads_raw/load_type=full/load_date=2026-06-14/leads_raw_20260614_195435_part_00031.json,7707510,d9bc9bff2dbea348a389749f05851a2b,"Sun, 14 Jun 2026 19:54:36 GMT"
s3://sales-analytics-raw-aqib-test/leads_raw/load_type=full/load_date=2026-06-14/leads_raw_20260614_195435_part_00032.json,8349121,8345c829facad3b2c94f2283c277a91c,"Sun, 14 Jun 2026 19:54:37 GMT"
s3://sales-analytics-raw-aqib-test/leads_raw/load_type=full/load_date=2026-06-14/leads_raw_20260614_195436_part_00033.json,8168287,209e89b5e71f44d030c2e55d419b0d60,"Sun, 14 Jun 2026 19:54:37 GMT"
s3://sales-analytics-raw-aqib-test/leads_raw/load_type=full/load_date=2026-06-14/leads_raw_20260614_195436_part_00034.json,7951553,e6e311d87f7f440df0cca931f5a341c9,"Sun, 14 Jun 2026 19:54:37 GMT"
s3://sales-analytics-raw-aqib-test/leads_raw/load_type=full/load_date=2026-06-14/leads_raw_20260614_195437_part_00035.json,8205223,587ac4941ebabcabeeb3a1dc10c5334f,"Sun, 14 Jun 2026 19:54:38 GMT"
s3://sales-analytics-raw-aqib-test/leads_raw/load_type=full/load_date=2026-06-14/leads_raw_20260614_195437_part_00036.json,8357984,e82e71a3f23008b4e546e3fc814751c3,"Sun, 14 Jun 2026 19:54:38 GMT"
s3://sales-analytics-raw-aqib-test/leads_raw/load_type=full/load_date=2026-06-14/leads_raw_20260614_195438_part_00037.json,8244496,01d3a17c52d437aefd5697c41da6c58d,"Sun, 14 Jun 2026 19:54:39 GMT"
s3://sales-analytics-raw-aqib-test/leads_raw/load_type=full/load_date=2026-06-14/leads_raw_20260614_195438_part_00038.json,7885490,6ca011cc940bd0c31e9c8d9d265b70d3,"Sun, 14 Jun 2026 19:54:39 GMT"
s3://sales-analytics-raw-aqib-test/leads_raw/load_type=full/load_date=2026-06-14/leads_raw_20260614_195438_part_00039.json,7413693,6e75f754142135ef24374e1abcfb5764,"Sun, 14 Jun 2026 19:54:39 GMT"
s3://sales-analytics-raw-aqib-test/leads_raw/load_type=full/load_date=2026-06-14/leads_raw_20260614_195439_part_00040.json,7387521,54aceb3bc4a10d77b663fc928d4580b3,"Sun, 14 Jun 2026 19:54:40 GMT"
s3://sales-analytics-raw-aqib-test/leads_raw/load_type=full/load_date=2026-06-14/leads_raw_20260614_195439_part_00041.json,7408060,d97aea6db36d92e0a85bc27eb480d335,"Sun, 14 Jun 2026 19:54:40 GMT"
s3://sales-analytics-raw-aqib-test/leads_raw/load_type=full/load_date=2026-06-14/leads_raw_20260614_195440_part_00042.json,7425930,f619d86cf8db923780ac76d7e360069a,"Sun, 14 Jun 2026 19:54:41 GMT"
s3://sales-analytics-raw-aqib-test/leads_raw/load_type=full/load_date=2026-06-14/leads_raw_20260614_195440_part_00043.json,7357433,257ef37aa06360d320692ef3fa656b73,"Sun, 14 Jun 2026 19:54:41 GMT"
s3://sales-analytics-raw-aqib-test/leads_raw/load_type=full/load_date=2026-06-14/leads_raw_20260614_195440_part_00044.json,7393013,d94c5b7a61ff0d022f7931522a5a3b08,"Sun, 14 Jun 2026 19:54:41 GMT"
s3://sales-analytics-raw-aqib-test/leads_raw/load_type=full/load_date=2026-06-14/leads_raw_20260614_195441_part_00045.json,7348678,465987262dd059e8be1f930176e0e4ee,"Sun, 14 Jun 2026 19:54:42 GMT"
s3://sales-analytics-raw-aqib-test/leads_raw/load_type=full/load_date=2026-06-14/leads_raw_20260614_195441_part_00046.json,7300346,d01a4fb53cbd53ab9301163e3afe6d99,"Sun, 14 Jun 2026 19:54:42 GMT"
s3://sales-analytics-raw-aqib-test/leads_raw/load_type=full/load_date=2026-06-14/leads_raw_20260614_195442_part_00047.json,7341763,6339f05e967ee9ab679f696d1a14eaa3,"Sun, 14 Jun 2026 19:54:43 GMT"
s3://sales-analytics-raw-aqib-test/leads_raw/load_type=full/load_date=2026-06-14/leads_raw_20260614_195442_part_00048.json,7279343,1ad9ac25b4406b575bdae48f694b99fb,"Sun, 14 Jun 2026 19:54:43 GMT"
s3://sales-analytics-raw-aqib-test/leads_raw/load_type=full/load_date=2026-06-14/leads_raw_20260614_195442_part_00049.json,7466640,731b80e9f9f18bb8d01c11c9a81722ef,"Sun, 14 Jun 2026 19:54:43 GMT"
s3://sales-analytics-raw-aqib-test/leads_raw/load_type=full/load_date=2026-06-14/leads_raw_20260614_195443_part_00050.json,7450463,39efc18e41c94cc41a0ae5c4969bef0b,"Sun, 14 Jun 2026 19:54:44 GMT"
s3://sales-analytics-raw-aqib-test/leads_raw/load_type=full/load_date=2026-06-14/leads_raw_20260614_195443_part_00051.json,7448793,c9a957aebf4d702325c0ee4f8c6c03ed,"Sun, 14 Jun 2026 19:54:44 GMT"
s3://sales-analytics-raw-aqib-test/leads_raw/load_type=full/load_date=2026-06-14/leads_raw_20260614_195443_part_00052.json,7422685,00bd6b2417cf759e61617f28ed6925eb,"Sun, 14 Jun 2026 19:54:45 GMT"
s3://sales-analytics-raw-aqib-test/leads_raw/load_type=full/load_date=2026-06-14/leads_raw_20260614_195444_part_00053.json,7349443,8556426c991b944e1edd3d603403d049,"Sun, 14 Jun 2026 19:54:45 GMT"
s3://sales-analytics-raw-aqib-test/leads_raw/load_type=full/load_date=2026-06-14/leads_raw_20260614_195444_part_00054.json,7497334,d95c1b12d16db6b858ce7e781d34308b,"Sun, 14 Jun 2026 19:54:45 GMT"
s3://sales-analytics-raw-aqib-test/leads_raw/load_type=full/load_date=2026-06-14/leads_raw_20260614_195445_part_00055.json,7385409,4f46124f51bd678154b888ecfc6aa293,"Sun, 14 Jun 2026 19:54:46 GMT"
s3://sales-analytics-raw-aqib-test/leads_raw/load_type=full/load_date=2026-06-14/leads_raw_20260614_195445_part_00056.json,7449498,2507349285ff41565bdf8ab4b32a469a,"Sun, 14 Jun 2026 19:54:46 GMT"
s3://sales-analytics-raw-aqib-test/leads_raw/load_type=full/load_date=2026-06-14/leads_raw_20260614_195445_part_00057.json,7798930,1ba31a6534a76d23b5b36bd6745ea718,"Sun, 14 Jun 2026 19:54:46 GMT"
s3://sales-analytics-raw-aqib-test/leads_raw/load_type=full/load_date=2026-06-14/leads_raw_20260614_195446_part_00058.json,7840132,e6b5b45cd711296fa2aecdb7f9573a4b,"Sun, 14 Jun 2026 19:54:47 GMT"
s3://sales-analytics-raw-aqib-test/leads_raw/load_type=full/load_date=2026-06-14/leads_raw_20260614_195446_part_00059.json,7802468,e5eac74b5a0e2003508e59a771ed9d6a,"Sun, 14 Jun 2026 19:54:47 GMT"
s3://sales-analytics-raw-aqib-test/leads_raw/load_type=full/load_date=2026-06-14/leads_raw_20260614_195446_part_00060.json,7711521,1743c6029fc212c4e8f0f3e833a3ce78,"Sun, 14 Jun 2026 19:54:48 GMT"
s3://sales-analytics-raw-aqib-test/leads_raw/load_type=full/load_date=2026-06-14/leads_raw_20260614_195447_part_00061.json,7757635,911286b4d321f29ca78041044f5fa9bd,"Sun, 14 Jun 2026 19:54:48 GMT"
s3://sales-analytics-raw-aqib-test/leads_raw/load_type=full/load_date=2026-06-14/leads_raw_20260614_195448_part_00062.json,7833727,244601c2cc6536717083aa8a5d36c3d3,"Sun, 14 Jun 2026 19:54:49 GMT"
s3://sales-analytics-raw-aqib-test/leads_raw/load_type=full/load_date=2026-06-14/leads_raw_20260614_195448_part_00063.json,7807333,ea68987252c250ea3d8bd8981927d2ee,"Sun, 14 Jun 2026 19:54:49 GMT"
s3://sales-analytics-raw-aqib-test/leads_raw/load_type=full/load_date=2026-06-14/leads_raw_20260614_195448_part_00064.json,7945344,8adc4382f7fa04c6cfee9c9a5db93f38,"Sun, 14 Jun 2026 19:54:49 GMT"
s3://sales-analytics-raw-aqib-test/leads_raw/load_type=full/load_date=2026-06-14/leads_raw_20260614_195449_part_00065.json,7886682,dc842284d0b7a88375075f70e1a81c89,"Sun, 14 Jun 2026 19:54:50 GMT"
s3://sales-analytics-raw-aqib-test/leads_raw/load_type=full/load_date=2026-06-14/leads_raw_20260614_195449_part_00066.json,7781644,02b7dd4cd3f127d3744a5080478a1bcc,"Sun, 14 Jun 2026 19:54:50 GMT"
s3://sales-analytics-raw-aqib-test/leads_raw/load_type=full/load_date=2026-06-14/leads_raw_20260614_195450_part_00067.json,8047111,b2ce003e53afdbfe73d397bd9229f50b,"Sun, 14 Jun 2026 19:54:51 GMT"
s3://sales-analytics-raw-aqib-test/leads_raw/load_type=full/load_date=2026-06-14/leads_raw_20260614_195450_part_00068.json,7841989,3913421f204401ee868d529a7caeca4a,"Sun, 14 Jun 2026 19:54:51 GMT"
s3://sales-analytics-raw-aqib-test/leads_raw/load_type=full/load_date=2026-06-14/leads_raw_20260614_195450_part_00069.json,7925586,c8891395f3bbbf18a8d5df13f759933f,"Sun, 14 Jun 2026 19:54:51 GMT"
s3://sales-analytics-raw-aqib-test/leads_raw/load_type=full/load_date=2026-06-14/leads_raw_20260614_195451_part_00070.json,7786156,484a4f02b8ef4e682ca2b8fe8112a7da,"Sun, 14 Jun 2026 19:54:52 GMT"
s3://sales-analytics-raw-aqib-test/leads_raw/load_type=full/load_date=2026-06-14/leads_raw_20260614_195451_part_00071.json,7847968,eba581a2187d9811867194280d26df93,"Sun, 14 Jun 2026 19:54:52 GMT"
s3://sales-analytics-raw-aqib-test/leads_raw/load_type=full/load_date=2026-06-14/leads_raw_20260614_195452_part_00072.json,7710517,cf7fc631624990c935ad49b081032bd4,"Sun, 14 Jun 2026 19:54:53 GMT"
s3://sales-analytics-raw-aqib-test/leads_raw/load_type=full/load_date=2026-06-14/leads_raw_20260614_195452_part_00073.json,7789218,9a97684e3d33d957a5e3ca6e8db49736,"Sun, 14 Jun 2026 19:54:53 GMT"
s3://sales-analytics-raw-aqib-test/leads_raw/load_type=full/load_date=2026-06-14/leads_raw_20260614_195452_part_00074.json,7787394,12efb5f305da196521a1bc6930cb0984,"Sun, 14 Jun 2026 19:54:53 GMT"
s3://sales-analytics-raw-aqib-test/leads_raw/load_type=full/load_date=2026-06-14/leads_raw_20260614_195453_part_00075.json,7828209,3f3a1632121ee0d91fe8df5c92e5680e,"Sun, 14 Jun 2026 19:54:54 GMT"
s3://sales-analytics-raw-aqib-test/leads_raw/load_type=full/load_date=2026-06-14/leads_raw_20260614_195453_part_00076.json,7822159,57ef1df94c9ae5657f1264140da0925b,"Sun, 14 Jun 2026 19:54:54 GMT"
s3://sales-analytics-raw-aqib-test/leads_raw/load_type=full/load_date=2026-06-14/leads_raw_20260614_195454_part_00077.json,7732334,786b4a8a60175bef85ccb720a846c77e,"Sun, 14 Jun 2026 19:54:55 GMT"
s3://sales-analytics-raw-aqib-test/leads_raw/load_type=full/load_date=2026-06-14/leads_raw_20260614_195454_part_00078.json,7877119,4b6c9ff70d78dab800fb24a84c9f9eb0,"Sun, 14 Jun 2026 19:54:55 GMT"
s3://sales-analytics-raw-aqib-test/leads_raw/load_type=full/load_date=2026-06-14/leads_raw_20260614_195454_part_00079.json,7839862,9f56f63ae5811c7e721affd9d65642f0,"Sun, 14 Jun 2026 19:54:55 GMT"
s3://sales-analytics-raw-aqib-test/leads_raw/load_type=full/load_date=2026-06-14/leads_raw_20260614_195455_part_00080.json,7891923,39d2971371790224bedef09a04a92430,"Sun, 14 Jun 2026 19:54:56 GMT"
s3://sales-analytics-raw-aqib-test/leads_raw/load_type=full/load_date=2026-06-14/leads_raw_20260614_195455_part_00081.json,7743938,01cf65f1d97a49924f22b28baa95ebf7,"Sun, 14 Jun 2026 19:54:56 GMT"
s3://sales-analytics-raw-aqib-test/leads_raw/load_type=full/load_date=2026-06-14/leads_raw_20260614_195455_part_00082.json,7829711,ee61cf8d345e96ffd1f318cf5f4077fc,"Sun, 14 Jun 2026 19:54:57 GMT"
s3://sales-analytics-raw-aqib-test/leads_raw/load_type=full/load_date=2026-06-14/leads_raw_20260614_195456_part_00083.json,7678317,6233323d2c77dda9ca6376c91029c318,"Sun, 14 Jun 2026 19:54:57 GMT"
s3://sales-analytics-raw-aqib-test/leads_raw/load_type=full/load_date=2026-06-14/leads_raw_20260614_195456_part_00084.json,7713862,64f485c63c2d2be5f1fc7e5116401f98,"Sun, 14 Jun 2026 19:54:57 GMT"
s3://sales-analytics-raw-aqib-test/leads_raw/load_type=full/load_date=2026-06-14/leads_raw_20260614_195457_part_00085.json,7887217,40b0c1c0c507888a6f1dbae7ccdbac36,"Sun, 14 Jun 2026 19:54:58 GMT"
s3://sales-analytics-raw-aqib-test/leads_raw/load_type=full/load_date=2026-06-14/leads_raw_20260614_195457_part_00086.json,7909368,701a2bb1c48061f65bc6cda4b4cd1a64,"Sun, 14 Jun 2026 19:54:58 GMT"
s3://sales-analytics-raw-aqib-test/leads_raw/load_type=full/load_date=2026-06-14/leads_raw_20260614_195457_part_00087.json,7823609,0f1217a63bae2ce680983862a3442bc3,"Sun, 14 Jun 2026 19:54:58 GMT"
s3://sales-analytics-raw-aqib-test/leads_raw/load_type=full/load_date=2026-06-14/leads_raw_20260614_195458_part_00088.json,7736608,2b2812ec58ecadbeef446fbaf21e44de,"Sun, 14 Jun 2026 19:54:59 GMT"
s3://sales-analytics-raw-aqib-test/leads_raw/load_type=full/load_date=2026-06-14/leads_raw_20260614_195458_part_00089.json,7821928,b95fa4cd6627d61a43d77828d87ae613,"Sun, 14 Jun 2026 19:54:59 GMT"
s3://sales-analytics-raw-aqib-test/leads_raw/load_type=full/load_date=2026-06-14/leads_raw_20260614_195458_part_00090.json,7870288,879557be71d6775f34b9d0d5098ea438,"Sun, 14 Jun 2026 19:54:59 GMT"
s3://sales-analytics-raw-aqib-test/leads_raw/load_type=full/load_date=2026-06-14/leads_raw_20260614_195459_part_00091.json,7711426,dd110058c8ef19898efbe250ee6208ea,"Sun, 14 Jun 2026 19:55:00 GMT"
s3://sales-analytics-raw-aqib-test/leads_raw/load_type=full/load_date=2026-06-14/leads_raw_20260614_195459_part_00092.json,7710096,e85a386174fba6f4e7270723f67c045d,"Sun, 14 Jun 2026 19:55:00 GMT"
s3://sales-analytics-raw-aqib-test/leads_raw/load_type=full/load_date=2026-06-14/leads_raw_20260614_195500_part_00093.json,7928837,b61fa4f45599eae189aa54b1a82d1d07,"Sun, 14 Jun 2026 19:55:01 GMT"
s3://sales-analytics-raw-aqib-test/leads_raw/load_type=full/load_date=2026-06-14/leads_raw_20260614_195500_part_00094.json,7772942,f6629c8e1f0c11b4389e49b618eed52c,"Sun, 14 Jun 2026 19:55:01 GMT"
s3://sales-analytics-raw-aqib-test/leads_raw/load_type=full/load_date=2026-06-14/leads_raw_20260614_195500_part_00095.json,7797764,d5bb3e9f010db50bc06242ef81d21ffa,"Sun, 14 Jun 2026 19:55:01 GMT"
s3://sales-analytics-raw-aqib-test/leads_raw/load_type=full/load_date=2026-06-14/leads_raw_20260614_195501_part_00096.json,7802208,caf7ca415dc10e4aa65ee9f18531e2ef,"Sun, 14 Jun 2026 19:55:02 GMT"
s3://sales-analytics-raw-aqib-test/leads_raw/load_type=full/load_date=2026-06-14/leads_raw_20260614_195501_part_00097.json,8048017,9580f313bfad5a0859d2a060a869e181,"Sun, 14 Jun 2026 19:55:02 GMT"
s3://sales-analytics-raw-aqib-test/leads_raw/load_type=full/load_date=2026-06-14/leads_raw_20260614_195502_part_00098.json,7739704,46fd4a6af2d2337c1f13d1a12a3148db,"Sun, 14 Jun 2026 19:55:03 GMT"
s3://sales-analytics-raw-aqib-test/leads_raw/load_type=full/load_date=2026-06-14/leads_raw_20260614_195502_part_00099.json,8119027,e31d5cbf7795358560a05b426d328e9c,"Sun, 14 Jun 2026 19:55:03 GMT"
s3://sales-analytics-raw-aqib-test/leads_raw/load_type=full/load_date=2026-06-14/leads_raw_20260614_195502_part_00100.json,8104150,98bd382e6788cc960f12a47099edffc1,"Sun, 14 Jun 2026 19:55:03 GMT"
s3://sales-analytics-raw-aqib-test/leads_raw/load_type=full/load_date=2026-06-14/leads_raw_20260614_195503_part_00101.json,8174620,1b3bada5f4740024fa9af8278ad1eeee,"Sun, 14 Jun 2026 19:55:04 GMT"
s3://sales-analytics-raw-aqib-test/leads_raw/load_type=full/load_date=2026-06-14/leads_raw_20260614_195503_part_00102.json,8031534,87f03409b9431f98f29cb3db74f5adf0,"Sun, 14 Jun 2026 19:55:04 GMT"
s3://sales-analytics-raw-aqib-test/leads_raw/load_type=full/load_date=2026-06-14/leads_raw_20260614_195504_part_00103.json,8140922,5bf93fc85bcd6e5d318203b74c0a9c44,"Sun, 14 Jun 2026 19:55:05 GMT"
s3://sales-analytics-raw-aqib-test/leads_raw/load_type=full/load_date=2026-06-14/leads_raw_20260614_195504_part_00104.json,8112039,bc7f6e2c412a224aff179a16d3e7b451,"Sun, 14 Jun 2026 19:55:05 GMT"
s3://sales-analytics-raw-aqib-test/leads_raw/load_type=full/load_date=2026-06-14/leads_raw_20260614_195504_part_00105.json,7997914,06a7f9ce8428b8c38ae9a8d9f3659368,"Sun, 14 Jun 2026 19:55:05 GMT"
s3://sales-analytics-raw-aqib-test/leads_raw/load_type=full/load_date=2026-06-14/leads_raw_20260614_195505_part_00106.json,8222209,2e09e92f4a4f64e39f8df7a19d9a77fa,"Sun, 14 Jun 2026 19:55:06 GMT"
s3://sales-analytics-raw-aqib-test/leads_raw/load_type=full/load_date=2026-06-14/leads_raw_20260614_195505_part_00107.json,8221245,9ec765a9c11ed32d1fc5f39968c2cff5,"Sun, 14 Jun 2026 19:55:06 GMT"
s3://sales-analytics-raw-aqib-test/leads_raw/load_type=full/load_date=2026-06-14/leads_raw_20260614_195506_part_00108.json,8184886,ce7dd0bd3227037a17ebfb7500ccc9a8,"Sun, 14 Jun 2026 19:55:07 GMT"
s3://sales-analytics-raw-aqib-test/leads_raw/load_type=full/load_date=2026-06-14/leads_raw_20260614_195506_part_00109.json,8211347,8a378584c5b2b8de139dcb911461fb2b,"Sun, 14 Jun 2026 19:55:07 GMT"
s3://sales-analytics-raw-aqib-test/leads_raw/load_type=full/load_date=2026-06-14/leads_raw_20260614_195506_part_00110.json,8630229,739c7b7561101a70cf8e1e528761e1e2,"Sun, 14 Jun 2026 19:55:07 GMT"
s3://sales-analytics-raw-aqib-test/leads_raw/load_type=full/load_date=2026-06-14/leads_raw_20260614_195507_part_00111.json,8364453,aaf2cb241e6be450697ed74fa4c4a399,"Sun, 14 Jun 2026 19:55:08 GMT"
s3://sales-analytics-raw-aqib-test/leads_raw/load_type=full/load_date=2026-06-14/leads_raw_20260614_195507_part_00112.json,8472392,6202e9a2d157992bd77c7058f3ef5961,"Sun, 14 Jun 2026 19:55:08 GMT"
s3://sales-analytics-raw-aqib-test/leads_raw/load_type=full/load_date=2026-06-14/leads_raw_20260614_195508_part_00113.json,8301560,f3eececbb6f60ac43b5a423f5906b3db,"Sun, 14 Jun 2026 19:55:09 GMT"
s3://sales-analytics-raw-aqib-test/leads_raw/load_type=full/load_date=2026-06-14/leads_raw_20260614_195508_part_00114.json,8538566,a3a594e818ea5eca6631493c434e9ff0,"Sun, 14 Jun 2026 19:55:09 GMT"
s3://sales-analytics-raw-aqib-test/leads_raw/load_type=full/load_date=2026-06-14/leads_raw_20260614_195508_part_00115.json,8483558,25a0df6c1d552df9a3c70306ddf4d129,"Sun, 14 Jun 2026 19:55:09 GMT"
s3://sales-analytics-raw-aqib-test/leads_raw/load_type=full/load_date=2026-06-14/leads_raw_20260614_195509_part_00116.json,8532184,48be9f12af8822d87887b28ce151fb51,"Sun, 14 Jun 2026 19:55:10 GMT"
s3://sales-analytics-raw-aqib-test/leads_raw/load_type=full/load_date=2026-06-14/leads_raw_20260614_195509_part_00117.json,8999123,1cee29670e9270da5aa4cf12d4d55423,"Sun, 14 Jun 2026 19:55:10 GMT"
s3://sales-analytics-raw-aqib-test/leads_raw/load_type=full/load_date=2026-06-14/leads_raw_20260614_195510_part_00118.json,8590661,ae873e3eb464f48d431799b482d289bd,"Sun, 14 Jun 2026 19:55:11 GMT"
s3://sales-analytics-raw-aqib-test/leads_raw/load_type=full/load_date=2026-06-14/leads_raw_20260614_195510_part_00119.json,8845808,968571eb8facf46f4bb1ab2429f16e2a,"Sun, 14 Jun 2026 19:55:11 GMT"
s3://sales-analytics-raw-aqib-test/leads_raw/load_type=full/load_date=2026-06-14/leads_raw_20260614_195510_part_00120.json,8866612,6a34b8e50e500b73463686a245e2792b,"Sun, 14 Jun 2026 19:55:12 GMT"
s3://sales-analytics-raw-aqib-test/leads_raw/load_type=full/load_date=2026-06-14/leads_raw_20260614_195511_part_00121.json,8726029,baf568644ad20ffc1f39874f174c0e63,"Sun, 14 Jun 2026 19:55:12 GMT"
s3://sales-analytics-raw-aqib-test/leads_raw/load_type=full/load_date=2026-06-14/leads_raw_20260614_195511_part_00122.json,8484554,8b0216e7a97f6a013da19a8adb42d28b,"Sun, 14 Jun 2026 19:55:12 GMT"
s3://sales-analytics-raw-aqib-test/leads_raw/load_type=full/load_date=2026-06-14/leads_raw_20260614_195512_part_00123.json,8474232,6b9cd782ac9535eb4ff789a6e3fde3ca,"Sun, 14 Jun 2026 19:55:13 GMT"
s3://sales-analytics-raw-aqib-test/leads_raw/load_type=full/load_date=2026-06-14/leads_raw_20260614_195512_part_00124.json,8380742,1c79706d128fbe740498dd2b5127a6d5,"Sun, 14 Jun 2026 19:55:13 GMT"
s3://sales-analytics-raw-aqib-test/leads_raw/load_type=full/load_date=2026-06-14/leads_raw_20260614_195512_part_00125.json,8263669,e379e87d2078b717de9bb496004a39a7,"Sun, 14 Jun 2026 19:55:14 GMT"
s3://sales-analytics-raw-aqib-test/leads_raw/load_type=full/load_date=2026-06-14/leads_raw_20260614_195513_part_00126.json,8454678,632863a6b39a9524ada33a6bf20b9c9c,"Sun, 14 Jun 2026 19:55:14 GMT"
s3://sales-analytics-raw-aqib-test/leads_raw/load_type=full/load_date=2026-06-14/leads_raw_20260614_195513_part_00127.json,8348449,02e571afa9e27c62283f5aebe066bbbb,"Sun, 14 Jun 2026 19:55:14 GMT"
s3://sales-analytics-raw-aqib-test/leads_raw/load_type=full/load_date=2026-06-14/leads_raw_20260614_195514_part_00128.json,8467781,2a19de8f375b4ba65555a79e9c50e1e1,"Sun, 14 Jun 2026 19:55:15 GMT"
s3://sales-analytics-raw-aqib-test/leads_raw/load_type=full/load_date=2026-06-14/leads_raw_20260614_195514_part_00129.json,8471347,05c318ca35518c00f65cefd4cc427cd5,"Sun, 14 Jun 2026 19:55:15 GMT"
s3://sales-analytics-raw-aqib-test/leads_raw/load_type=full/load_date=2026-06-14/leads_raw_20260614_195514_part_00130.json,8699118,ab46ec36aedbca48044e1ebc0fc39e46,"Sun, 14 Jun 2026 19:55:16 GMT"
s3://sales-analytics-raw-aqib-test/leads_raw/load_type=full/load_date=2026-06-14/leads_raw_20260614_195515_part_00131.json,8264586,7c6c06f94fcc23474e51345f6d4de34f,"Sun, 14 Jun 2026 19:55:16 GMT"
s3://sales-analytics-raw-aqib-test/leads_raw/load_type=full/load_date=2026-06-14/leads_raw_20260614_195515_part_00132.json,8497021,7911a4e0c6110dd9d51923de392ad418,"Sun, 14 Jun 2026 19:55:16 GMT"
s3://sales-analytics-raw-aqib-test/leads_raw/load_type=full/load_date=2026-06-14/leads_raw_20260614_195516_part_00133.json,8520400,d23a012b26d673d3cb421cfc49f908be,"Sun, 14 Jun 2026 19:55:17 GMT"
s3://sales-analytics-raw-aqib-test/leads_raw/load_type=full/load_date=2026-06-14/leads_raw_20260614_195516_part_00134.json,8535610,20bd8345839c0786f423d5425a00a0b6,"Sun, 14 Jun 2026 19:55:17 GMT"
s3://sales-analytics-raw-aqib-test/leads_raw/load_type=full/load_date=2026-06-14/leads_raw_20260614_195516_part_00135.json,8449914,d6e5cba5b2dca6b5b95d657f4502e29a,"Sun, 14 Jun 2026 19:55:18 GMT"
s3://sales-analytics-raw-aqib-test/leads_raw/load_type=full/load_date=2026-06-14/leads_raw_20260614_195517_part_00136.json,8261214,642d2487825c68256e8ac150f175fd92,"Sun, 14 Jun 2026 19:55:18 GMT"
s3://sales-analytics-raw-aqib-test/leads_raw/load_type=full/load_date=2026-06-14/leads_raw_20260614_195517_part_00137.json,8235765,188d9c40bbeef93977cddb058fafff4d,"Sun, 14 Jun 2026 19:55:18 GMT"
s3://sales-analytics-raw-aqib-test/leads_raw/load_type=full/load_date=2026-06-14/leads_raw_20260614_195518_part_00138.json,8383459,98199a61832f66978ac5730ce4f0d741,"Sun, 14 Jun 2026 19:55:19 GMT"
s3://sales-analytics-raw-aqib-test/leads_raw/load_type=full/load_date=2026-06-14/leads_raw_20260614_195518_part_00139.json,8358289,e6ad90afcbcd9c215485a47ebbb23424,"Sun, 14 Jun 2026 19:55:19 GMT"
s3://sales-analytics-raw-aqib-test/leads_raw/load_type=full/load_date=2026-06-14/leads_raw_20260614_195518_part_00140.json,8539992,aaef55c963f9923888f09829e2403963,"Sun, 14 Jun 2026 19:55:19 GMT"
s3://sales-analytics-raw-aqib-test/leads_raw/load_type=full/load_date=2026-06-14/leads_raw_20260614_195519_part_00141.json,8486755,df8af26ac286464572214c03ae4fa694,"Sun, 14 Jun 2026 19:55:20 GMT"
s3://sales-analytics-raw-aqib-test/leads_raw/load_type=full/load_date=2026-06-14/leads_raw_20260614_195519_part_00142.json,8461132,85a389db65a0a7b93e80e28e7fcb4174,"Sun, 14 Jun 2026 19:55:20 GMT"
s3://sales-analytics-raw-aqib-test/leads_raw/load_type=full/load_date=2026-06-14/leads_raw_20260614_195520_part_00143.json,8440069,2f36bcc6b23c7f1d9b7726fdcb24dd78,"Sun, 14 Jun 2026 19:55:21 GMT"
s3://sales-analytics-raw-aqib-test/leads_raw/load_type=full/load_date=2026-06-14/leads_raw_20260614_195520_part_00144.json,8458641,2b15f11553678a11b37a3ff826e3b1d6,"Sun, 14 Jun 2026 19:55:21 GMT"
s3://sales-analytics-raw-aqib-test/leads_raw/load_type=full/load_date=2026-06-14/leads_raw_20260614_195520_part_00145.json,8512189,4b50e3752112f8a42e770d2f975edc12,"Sun, 14 Jun 2026 19:55:22 GMT"
s3://sales-analytics-raw-aqib-test/leads_raw/load_type=full/load_date=2026-06-14/leads_raw_20260614_195521_part_00146.json,8435316,7a2f1bbe813f99f12f1c71ff6e544992,"Sun, 14 Jun 2026 19:55:22 GMT"
s3://sales-analytics-raw-aqib-test/leads_raw/load_type=full/load_date=2026-06-14/leads_raw_20260614_195521_part_00147.json,8433461,b549b5ae7e55cfeba7bc32eaf1477842,"Sun, 14 Jun 2026 19:55:22 GMT"
s3://sales-analytics-raw-aqib-test/leads_raw/load_type=full/load_date=2026-06-14/leads_raw_20260614_195522_part_00148.json,8656991,7f6a1fd36e7a85f0b9809ca3bdc3c73d,"Sun, 14 Jun 2026 19:55:23 GMT"
s3://sales-analytics-raw-aqib-test/leads_raw/load_type=full/load_date=2026-06-14/leads_raw_20260614_195522_part_00149.json,8070150,ca63f6ca0cdb58b8a48a8a70dbb10d2c,"Sun, 14 Jun 2026 19:55:23 GMT"
s3://sales-analytics-raw-aqib-test/leads_raw/load_type=full/load_date=2026-06-14/leads_raw_20260614_195522_part_00150.json,8121806,001cf498b8627a293c7d239ce5d4108d,"Sun, 14 Jun 2026 19:55:24 GMT"
s3://sales-analytics-raw-aqib-test/leads_raw/load_type=full/load_date=2026-06-14/leads_raw_20260614_195523_part_00151.json,8084020,da484187c13cd85a475caa0cacd66fbb,"Sun, 14 Jun 2026 19:55:24 GMT"
s3://sales-analytics-raw-aqib-test/leads_raw/load_type=full/load_date=2026-06-14/leads_raw_20260614_195523_part_00152.json,7944569,a926974f0a49f1bfe088643d1e1f211a,"Sun, 14 Jun 2026 19:55:24 GMT"
s3://sales-analytics-raw-aqib-test/leads_raw/load_type=full/load_date=2026-06-14/leads_raw_20260614_195524_part_00153.json,8211061,8dbce47389f5e85ba15aaa9158322dce,"Sun, 14 Jun 2026 19:55:25 GMT"
s3://sales-analytics-raw-aqib-test/leads_raw/load_type=full/load_date=2026-06-14/leads_raw_20260614_195524_part_00154.json,8022094,d3fe4930006657614887031da7462088,"Sun, 14 Jun 2026 19:55:25 GMT"
s3://sales-analytics-raw-aqib-test/leads_raw/load_type=full/load_date=2026-06-14/leads_raw_20260614_195524_part_00155.json,8004718,1ddea04eba2605a2ab3a08440ed0de07,"Sun, 14 Jun 2026 19:55:25 GMT"
s3://sales-analytics-raw-aqib-test/leads_raw/load_type=full/load_date=2026-06-14/leads_raw_20260614_195525_part_00156.json,8067956,ada0053f41349866b78654262569fc20,"Sun, 14 Jun 2026 19:55:26 GMT"
s3://sales-analytics-raw-aqib-test/leads_raw/load_type=full/load_date=2026-06-14/leads_raw_20260614_195525_part_00157.json,8191337,0bff254910d2c9a510bc7a0c8f52e7f3,"Sun, 14 Jun 2026 19:55:26 GMT"
s3://sales-analytics-raw-aqib-test/leads_raw/load_type=full/load_date=2026-06-14/leads_raw_20260614_195525_part_00158.json,7943318,d9c0807897dba37043554f66bec253e8,"Sun, 14 Jun 2026 19:55:27 GMT"
s3://sales-analytics-raw-aqib-test/leads_raw/load_type=full/load_date=2026-06-14/leads_raw_20260614_195526_part_00159.json,7849867,522e665b4b61bf0c5d4c84883515782c,"Sun, 14 Jun 2026 19:55:27 GMT"
s3://sales-analytics-raw-aqib-test/leads_raw/load_type=full/load_date=2026-06-14/leads_raw_20260614_195526_part_00160.json,8086384,7dd77b909e25579cb687c4cc864938bc,"Sun, 14 Jun 2026 19:55:27 GMT"
s3://sales-analytics-raw-aqib-test/leads_raw/load_type=full/load_date=2026-06-14/leads_raw_20260614_195527_part_00161.json,8352840,0422c3dae5a18906f0261c22c011eb35,"Sun, 14 Jun 2026 19:55:28 GMT"
s3://sales-analytics-raw-aqib-test/leads_raw/load_type=full/load_date=2026-06-14/leads_raw_20260614_195527_part_00162.json,8391265,7ff76c467582503832a9ac6058ad76d4,"Sun, 14 Jun 2026 19:55:28 GMT"
s3://sales-analytics-raw-aqib-test/leads_raw/load_type=full/load_date=2026-06-14/leads_raw_20260614_195527_part_00163.json,8236561,8e8879686ed8a23e38c562c996afb967,"Sun, 14 Jun 2026 19:55:28 GMT"
s3://sales-analytics-raw-aqib-test/leads_raw/load_type=full/load_date=2026-06-14/leads_raw_20260614_195528_part_00164.json,8376284,4276b97a02999f9f3a2653013a591f02,"Sun, 14 Jun 2026 19:55:29 GMT"
s3://sales-analytics-raw-aqib-test/leads_raw/load_type=full/load_date=2026-06-14/leads_raw_20260614_195528_part_00165.json,8369418,d14b941ea37cda6e967446b966f3c9ec,"Sun, 14 Jun 2026 19:55:29 GMT"
s3://sales-analytics-raw-aqib-test/leads_raw/load_type=full/load_date=2026-06-14/leads_raw_20260614_195529_part_00166.json,8268051,cf6562495647c30bac0a26142f040d9b,"Sun, 14 Jun 2026 19:55:30 GMT"
s3://sales-analytics-raw-aqib-test/leads_raw/load_type=full/load_date=2026-06-14/leads_raw_20260614_195529_part_00167.json,8240225,b10171b3286258a1c8446392688c9c0c,"Sun, 14 Jun 2026 19:55:30 GMT"
s3://sales-analytics-raw-aqib-test/leads_raw/load_type=full/load_date=2026-06-14/leads_raw_20260614_195529_part_00168.json,8271590,b3a3f70e2cbe5796b1e32541eb764435,"Sun, 14 Jun 2026 19:55:30 GMT"
s3://sales-analytics-raw-aqib-test/leads_raw/load_type=full/load_date=2026-06-14/leads_raw_20260614_195530_part_00169.json,8454346,94a7158aa7319f950accfa4990f2790e,"Sun, 14 Jun 2026 19:55:31 GMT"
s3://sales-analytics-raw-aqib-test/leads_raw/load_type=full/load_date=2026-06-14/leads_raw_20260614_195530_part_00170.json,9390499,45c3345bf49a240fc2c52d996b44db42,"Sun, 14 Jun 2026 19:55:31 GMT"
s3://sales-analytics-raw-aqib-test/leads_raw/load_type=full/load_date=2026-06-14/leads_raw_20260614_195531_part_00171.json,9466009,58f06ccc88fde6141d70552a816e8be0,"Sun, 14 Jun 2026 19:55:32 GMT"
s3://sales-analytics-raw-aqib-test/leads_raw/load_type=full/load_date=2026-06-14/leads_raw_20260614_195531_part_00172.json,9293845,1593a1410d6e459f389bf6b71562cd68,"Sun, 14 Jun 2026 19:55:32 GMT"
s3://sales-analytics-raw-aqib-test/leads_raw/load_type=full/load_date=2026-06-14/leads_raw_20260614_195531_part_00173.json,9339876,82596cb4fcff88ad923b1345cab1a4da,"Sun, 14 Jun 2026 19:55:33 GMT"
s3://sales-analytics-raw-aqib-test/leads_raw/load_type=full/load_date=2026-06-14/leads_raw_20260614_195532_part_00174.json,9406013,beefaa0da2272432180114939fcbd480,"Sun, 14 Jun 2026 19:55:33 GMT"
s3://sales-analytics-raw-aqib-test/leads_raw/load_type=full/load_date=2026-06-14/leads_raw_20260614_195532_part_00175.json,9274890,51a61e1c2602089b14a652b8b953c177,"Sun, 14 Jun 2026 19:55:33 GMT"
s3://sales-analytics-raw-aqib-test/leads_raw/load_type=full/load_date=2026-06-14/leads_raw_20260614_195533_part_00176.json,9366216,28a775ef9cd77e51a02ff1a5226e4b95,"Sun, 14 Jun 2026 19:55:34 GMT"
s3://sales-analytics-raw-aqib-test/leads_raw/load_type=full/load_date=2026-06-14/leads_raw_20260614_195533_part_00177.json,9457440,4defe76730df630c6c64fc867a6f79fd,"Sun, 14 Jun 2026 19:55:34 GMT"
s3://sales-analytics-raw-aqib-test/leads_raw/load_type=full/load_date=2026-06-14/leads_raw_20260614_195534_part_00178.json,9588656,a4df43771bc1d49aeda9687ff401c126,"Sun, 14 Jun 2026 19:55:35 GMT"
s3://sales-analytics-raw-aqib-test/leads_raw/load_type=full/load_date=2026-06-14/leads_raw_20260614_195534_part_00179.json,8575358,c0f0cf2e3e676e79344e7ac031d4900c,"Sun, 14 Jun 2026 19:55:35 GMT"
s3://sales-analytics-raw-aqib-test/leads_raw/load_type=full/load_date=2026-06-14/leads_raw_20260614_195535_part_00180.json,8395595,7d88609adc0e042e23707ddae6e30bdc,"Sun, 14 Jun 2026 19:55:36 GMT"
s3://sales-analytics-raw-aqib-test/leads_raw/load_type=full/load_date=2026-06-14/leads_raw_20260614_195535_part_00181.json,8478931,24a30fe8a4d6b72aa23d31d8aac43f51,"Sun, 14 Jun 2026 19:55:36 GMT"
s3://sales-analytics-raw-aqib-test/leads_raw/load_type=full/load_date=2026-06-14/leads_raw_20260614_195535_part_00182.json,8419451,5a3704d7bdfe095a42127fe25661b352,"Sun, 14 Jun 2026 19:55:36 GMT"
s3://sales-analytics-raw-aqib-test/leads_raw/load_type=full/load_date=2026-06-14/leads_raw_20260614_195536_part_00183.json,8389926,2d564fd28a78c10996cbeefd659d1fe3,"Sun, 14 Jun 2026 19:55:37 GMT"
s3://sales-analytics-raw-aqib-test/leads_raw/load_type=full/load_date=2026-06-14/leads_raw_20260614_195536_part_00184.json,8333822,5099dfeb531f079aac156f3859397343,"Sun, 14 Jun 2026 19:55:37 GMT"
s3://sales-analytics-raw-aqib-test/leads_raw/load_type=full/load_date=2026-06-14/leads_raw_20260614_195536_part_00185.json,8487435,1851f5fa5cffd90248955dba29b4b606,"Sun, 14 Jun 2026 19:55:38 GMT"
s3://sales-analytics-raw-aqib-test/leads_raw/load_type=full/load_date=2026-06-14/leads_raw_20260614_195537_part_00186.json,8268897,6f0f88bb2155ba7ffc570c671c1a315f,"Sun, 14 Jun 2026 19:55:38 GMT"
s3://sales-analytics-raw-aqib-test/leads_raw/load_type=full/load_date=2026-06-14/leads_raw_20260614_195537_part_00187.json,8361549,891dbe57621a2436c6aebf30d4c9c198,"Sun, 14 Jun 2026 19:55:38 GMT"
s3://sales-analytics-raw-aqib-test/leads_raw/load_type=full/load_date=2026-06-14/leads_raw_20260614_195538_part_00188.json,8143863,bf7b596a04b3d15c2e59ab2043f0a4b4,"Sun, 14 Jun 2026 19:55:39 GMT"
s3://sales-analytics-raw-aqib-test/leads_raw/load_type=full/load_date=2026-06-14/leads_raw_20260614_195538_part_00189.json,8074168,98299b70f320655ea4a10548f25590e8,"Sun, 14 Jun 2026 19:55:39 GMT"
s3://sales-analytics-raw-aqib-test/leads_raw/load_type=full/load_date=2026-06-14/leads_raw_20260614_195538_part_00190.json,8256820,bbec6cc87321466e0471ae59c73cef8f,"Sun, 14 Jun 2026 19:55:40 GMT"
s3://sales-analytics-raw-aqib-test/leads_raw/load_type=full/load_date=2026-06-14/leads_raw_20260614_195539_part_00191.json,8023078,e7c9c7839b811826a41a60dc55833905,"Sun, 14 Jun 2026 19:55:40 GMT"
s3://sales-analytics-raw-aqib-test/leads_raw/load_type=full/load_date=2026-06-14/leads_raw_20260614_195539_part_00192.json,8287906,8926319174faa16ec60cdedc5fb31aa7,"Sun, 14 Jun 2026 19:55:40 GMT"
s3://sales-analytics-raw-aqib-test/leads_raw/load_type=full/load_date=2026-06-14/leads_raw_20260614_195540_part_00193.json,8026312,385c2483793bde2639f545274154a9d5,"Sun, 14 Jun 2026 19:55:41 GMT"
s3://sales-analytics-raw-aqib-test/leads_raw/load_type=full/load_date=2026-06-14/leads_raw_20260614_195540_part_00194.json,8223176,2c49bb46f9d91e7b2387082a63a86d84,"Sun, 14 Jun 2026 19:55:41 GMT"
s3://sales-analytics-raw-aqib-test/leads_raw/load_type=full/load_date=2026-06-14/leads_raw_20260614_195540_part_00195.json,8173878,02877913ac7c78dd3c54124cfa8f32ca,"Sun, 14 Jun 2026 19:55:41 GMT"
s3://sales-analytics-raw-aqib-test/leads_raw/load_type=full/load_date=2026-06-14/leads_raw_20260614_195541_part_00196.json,8224968,b36d023eb8eb00eecd0e9181b4e15892,"Sun, 14 Jun 2026 19:55:42 GMT"
s3://sales-analytics-raw-aqib-test/leads_raw/load_type=full/load_date=2026-06-14/leads_raw_20260614_195541_part_00197.json,8206584,3dd7cfac119e139c3d0a37d19b6e0121,"Sun, 14 Jun 2026 19:55:42 GMT"
s3://sales-analytics-raw-aqib-test/leads_raw/load_type=full/load_date=2026-06-14/leads_raw_20260614_195541_part_00198.json,8058926,74cd82e11796ba1c89b486a4f0b2692a,"Sun, 14 Jun 2026 19:55:42 GMT"
s3://sales-analytics-raw-aqib-test/leads_raw/load_type=full/load_date=2026-06-14/leads_raw_20260614_195542_part_00199.json,8101469,094888c109db18a9cc647c60f8eb332e,"Sun, 14 Jun 2026 19:55:43 GMT"
s3://sales-analytics-raw-aqib-test/leads_raw/load_type=full/load_date=2026-06-14/leads_raw_20260614_195542_part_00200.json,8376401,1977ed3cf6693ff9d1326c560c53a8dd,"Sun, 14 Jun 2026 19:55:43 GMT"
s3://sales-analytics-raw-aqib-test/leads_raw/load_type=full/load_date=2026-06-14/leads_raw_20260614_195542_part_00201.json,8290802,cdc04a32998b3ef79af77ada4d07b39c,"Sun, 14 Jun 2026 19:55:44 GMT"
s3://sales-analytics-raw-aqib-test/leads_raw/load_type=full/load_date=2026-06-14/leads_raw_20260614_195543_part_00202.json,8137699,7deb8fcadfc2268806bfcaea28fdfe70,"Sun, 14 Jun 2026 19:55:44 GMT"
s3://sales-analytics-raw-aqib-test/leads_raw/load_type=full/load_date=2026-06-14/leads_raw_20260614_195543_part_00203.json,7974906,616f0d2a8ca9bb9bbf7400e84e38014d,"Sun, 14 Jun 2026 19:55:44 GMT"
s3://sales-analytics-raw-aqib-test/leads_raw/load_type=full/load_date=2026-06-14/leads_raw_20260614_195544_part_00204.json,8290652,e58c9e445a2e0d40bf0dd953bcd0af86,"Sun, 14 Jun 2026 19:55:45 GMT"
s3://sales-analytics-raw-aqib-test/leads_raw/load_type=full/load_date=2026-06-14/leads_raw_20260614_195544_part_00205.json,8228900,508c034cd2d0105b513ef7699de40776,"Sun, 14 Jun 2026 19:55:45 GMT"
s3://sales-analytics-raw-aqib-test/leads_raw/load_type=full/load_date=2026-06-14/leads_raw_20260614_195545_part_00206.json,8116690,41aa16510e52c7b12ae8fb8c352c9738,"Sun, 14 Jun 2026 19:55:46 GMT"
s3://sales-analytics-raw-aqib-test/leads_raw/load_type=full/load_date=2026-06-14/leads_raw_20260614_195545_part_00207.json,8176436,acd2c991dff7b0a3dc551eacbeeca097,"Sun, 14 Jun 2026 19:55:46 GMT"
s3://sales-analytics-raw-aqib-test/leads_raw/load_type=full/load_date=2026-06-14/leads_raw_20260614_195545_part_00208.json,8129507,e94f4ca1f9e6c6b4910aa7a03617ad84,"Sun, 14 Jun 2026 19:55:46 GMT"
s3://sales-analytics-raw-aqib-test/leads_raw/load_type=full/load_date=2026-06-14/leads_raw_20260614_195546_part_00209.json,7935152,31e13b3fa7462086e6d969c73294e0c9,"Sun, 14 Jun 2026 19:55:47 GMT"
s3://sales-analytics-raw-aqib-test/leads_raw/load_type=full/load_date=2026-06-14/leads_raw_20260614_195546_part_00210.json,8205676,b8cf235a3dcc35d413993bef0e5a9453,"Sun, 14 Jun 2026 19:55:47 GMT"
s3://sales-analytics-raw-aqib-test/leads_raw/load_type=full/load_date=2026-06-14/leads_raw_20260614_195546_part_00211.json,8181891,93381320d134e4166e4283ea90bd52fd,"Sun, 14 Jun 2026 19:55:47 GMT"
s3://sales-analytics-raw-aqib-test/leads_raw/load_type=full/load_date=2026-06-14/leads_raw_20260614_195547_part_00212.json,8189809,312e1037ca1794a3e81890a7760955fa,"Sun, 14 Jun 2026 19:55:48 GMT"
s3://sales-analytics-raw-aqib-test/leads_raw/load_type=full/load_date=2026-06-14/leads_raw_20260614_195547_part_00213.json,8149470,e3aeabc815dc6e1786f0335875fb64ed,"Sun, 14 Jun 2026 19:55:48 GMT"
s3://sales-analytics-raw-aqib-test/leads_raw/load_type=full/load_date=2026-06-14/leads_raw_20260614_195547_part_00214.json,8237622,5334798ce8269035795d0fce609d76d0,"Sun, 14 Jun 2026 19:55:49 GMT"
s3://sales-analytics-raw-aqib-test/leads_raw/load_type=full/load_date=2026-06-14/leads_raw_20260614_195548_part_00215.json,8131961,fa719bf75a51734e20847cc5b63cee1a,"Sun, 14 Jun 2026 19:55:49 GMT"
s3://sales-analytics-raw-aqib-test/leads_raw/load_type=full/load_date=2026-06-14/leads_raw_20260614_195548_part_00216.json,8214503,deaf46ef4d1d749a2cbe120d4f295408,"Sun, 14 Jun 2026 19:55:49 GMT"
s3://sales-analytics-raw-aqib-test/leads_raw/load_type=full/load_date=2026-06-14/leads_raw_20260614_195549_part_00217.json,8171965,18e6f085d1d61cca8d19a5235d08797a,"Sun, 14 Jun 2026 19:55:50 GMT"
s3://sales-analytics-raw-aqib-test/leads_raw/load_type=full/load_date=2026-06-14/leads_raw_20260614_195549_part_00218.json,8234299,61f0ae2ae355082f5ca0704036b6404b,"Sun, 14 Jun 2026 19:55:50 GMT"
s3://sales-analytics-raw-aqib-test/leads_raw/load_type=full/load_date=2026-06-14/leads_raw_20260614_195549_part_00219.json,8070079,842147566d2cd9fdd67448a945dba276,"Sun, 14 Jun 2026 19:55:50 GMT"
s3://sales-analytics-raw-aqib-test/leads_raw/load_type=full/load_date=2026-06-14/leads_raw_20260614_195550_part_00220.json,8197348,00613b10c63616bb48cc99d43acedf5a,"Sun, 14 Jun 2026 19:55:51 GMT"
s3://sales-analytics-raw-aqib-test/leads_raw/load_type=full/load_date=2026-06-14/leads_raw_20260614_195550_part_00221.json,8290915,e64ac1d3e094024077010d58196e686a,"Sun, 14 Jun 2026 19:55:51 GMT"
s3://sales-analytics-raw-aqib-test/leads_raw/load_type=full/load_date=2026-06-14/leads_raw_20260614_195550_part_00222.json,8231463,aeea7f566bfdae3c09fb0364cdc14061,"Sun, 14 Jun 2026 19:55:52 GMT"
s3://sales-analytics-raw-aqib-test/leads_raw/load_type=full/load_date=2026-06-14/leads_raw_20260614_195551_part_00223.json,8091071,5c3e52b7599bd32e12015b122d241726,"Sun, 14 Jun 2026 19:55:52 GMT"
s3://sales-analytics-raw-aqib-test/leads_raw/load_type=full/load_date=2026-06-14/leads_raw_20260614_195551_part_00224.json,8105228,0f02e3ec9c1592fc95d112c0574b9bb2,"Sun, 14 Jun 2026 19:55:52 GMT"
s3://sales-analytics-raw-aqib-test/leads_raw/load_type=full/load_date=2026-06-14/leads_raw_20260614_195552_part_00225.json,8189143,1d620ba75b9fa36b605c033f4f766c62,"Sun, 14 Jun 2026 19:55:53 GMT"
s3://sales-analytics-raw-aqib-test/leads_raw/load_type=full/load_date=2026-06-14/leads_raw_20260614_195552_part_00226.json,8108547,231d6c3285ddfe905efb3d7232fc4510,"Sun, 14 Jun 2026 19:55:53 GMT"
s3://sales-analytics-raw-aqib-test/leads_raw/load_type=full/load_date=2026-06-14/leads_raw_20260614_195552_part_00227.json,8223256,e4d019eaf040fae7b3710c242d7e38e9,"Sun, 14 Jun 2026 19:55:53 GMT"
s3://sales-analytics-raw-aqib-test/leads_raw/load_type=full/load_date=2026-06-14/leads_raw_20260614_195553_part_00228.json,8318469,12a6188a398b6f6ccd4a7a5cde8b6d9d,"Sun, 14 Jun 2026 19:55:54 GMT"
s3://sales-analytics-raw-aqib-test/leads_raw/load_type=full/load_date=2026-06-14/leads_raw_20260614_195553_part_00229.json,8432167,a8ecbf8815cc227bbb6354b55380a0da,"Sun, 14 Jun 2026 19:55:54 GMT"
s3://sales-analytics-raw-aqib-test/leads_raw/load_type=full/load_date=2026-06-14/leads_raw_20260614_195553_part_00230.json,8385304,c818282411aefc77cd7268eb70955740,"Sun, 14 Jun 2026 19:55:55 GMT"
s3://sales-analytics-raw-aqib-test/leads_raw/load_type=full/load_date=2026-06-14/leads_raw_20260614_195554_part_00231.json,8436250,139bf9fd6b96a950975c4057229328b8,"Sun, 14 Jun 2026 19:55:55 GMT"
s3://sales-analytics-raw-aqib-test/leads_raw/load_type=full/load_date=2026-06-14/leads_raw_20260614_195554_part_00232.json,8258582,d043fa38fd2da3d643b88a75eaf70928,"Sun, 14 Jun 2026 19:55:55 GMT"
s3://sales-analytics-raw-aqib-test/leads_raw/load_type=full/load_date=2026-06-14/leads_raw_20260614_195555_part_00233.json,8192500,bb800cff1f21a507c5090a829a8ff4a6,"Sun, 14 Jun 2026 19:55:56 GMT"
s3://sales-analytics-raw-aqib-test/leads_raw/load_type=full/load_date=2026-06-14/leads_raw_20260614_195555_part_00234.json,8675039,bdea6e41305d862526a538882722fdb6,"Sun, 14 Jun 2026 19:55:56 GMT"
s3://sales-analytics-raw-aqib-test/leads_raw/load_type=full/load_date=2026-06-14/leads_raw_20260614_195555_part_00235.json,9603827,939d44a16a9371f3012f32f954459c03,"Sun, 14 Jun 2026 19:55:56 GMT"
s3://sales-analytics-raw-aqib-test/leads_raw/load_type=full/load_date=2026-06-14/leads_raw_20260614_195556_part_00236.json,9494743,4fabd57669ea2490c0ff8358c246c89e,"Sun, 14 Jun 2026 19:55:57 GMT"
s3://sales-analytics-raw-aqib-test/leads_raw/load_type=full/load_date=2026-06-14/leads_raw_20260614_195556_part_00237.json,9591019,59d39631562e67b35cd64bd83bf38d17,"Sun, 14 Jun 2026 19:55:57 GMT"
s3://sales-analytics-raw-aqib-test/leads_raw/load_type=full/load_date=2026-06-14/leads_raw_20260614_195557_part_00238.json,9725101,5dea0c1656510fc71d4efb087cb7dff9,"Sun, 14 Jun 2026 19:55:58 GMT"
s3://sales-analytics-raw-aqib-test/leads_raw/load_type=full/load_date=2026-06-14/leads_raw_20260614_195557_part_00239.json,9693365,8fd72cf4efafc40d51eaf218a8fe65a1,"Sun, 14 Jun 2026 19:55:58 GMT"
s3://sales-analytics-raw-aqib-test/leads_raw/load_type=full/load_date=2026-06-14/leads_raw_20260614_195558_part_00240.json,9499353,009584f1c499eaec3f29566b8f26651d,"Sun, 14 Jun 2026 19:55:59 GMT"
s3://sales-analytics-raw-aqib-test/leads_raw/load_type=full/load_date=2026-06-14/leads_raw_20260614_195558_part_00241.json,9460481,1b0de8f951915f29e4856ce21f200346,"Sun, 14 Jun 2026 19:55:59 GMT"
s3://sales-analytics-raw-aqib-test/leads_raw/load_type=full/load_date=2026-06-14/leads_raw_20260614_195558_part_00242.json,9396877,68c01a3b2c7904530d5c9720d8479331,"Sun, 14 Jun 2026 19:56:00 GMT"
s3://sales-analytics-raw-aqib-test/leads_raw/load_type=full/load_date=2026-06-14/leads_raw_20260614_195559_part_00243.json,8529579,36d026e38e8d14bc768606957f5f8555,"Sun, 14 Jun 2026 19:56:00 GMT"
s3://sales-analytics-raw-aqib-test/leads_raw/load_type=full/load_date=2026-06-14/leads_raw_20260614_195559_part_00244.json,8495753,bbeaada813dcfd2172e1dee3a873cc03,"Sun, 14 Jun 2026 19:56:00 GMT"
s3://sales-analytics-raw-aqib-test/leads_raw/load_type=full/load_date=2026-06-14/leads_raw_20260614_195600_part_00245.json,8371846,a79971834ac1def904f5b5258ccdc903,"Sun, 14 Jun 2026 19:56:01 GMT"
s3://sales-analytics-raw-aqib-test/leads_raw/load_type=full/load_date=2026-06-14/leads_raw_20260614_195600_part_00246.json,8417380,916dfb605d8b42a4f37ddada8589ba99,"Sun, 14 Jun 2026 19:56:01 GMT"
s3://sales-analytics-raw-aqib-test/leads_raw/load_type=full/load_date=2026-06-14/leads_raw_20260614_195600_part_00247.json,8526388,9a90269d28b32b971a50f292cfb79595,"Sun, 14 Jun 2026 19:56:01 GMT"
s3://sales-analytics-raw-aqib-test/leads_raw/load_type=full/load_date=2026-06-14/leads_raw_20260614_195601_part_00248.json,8335265,ba4cce04323088ac517ec2a49ef9a068,"Sun, 14 Jun 2026 19:56:02 GMT"
s3://sales-analytics-raw-aqib-test/leads_raw/load_type=full/load_date=2026-06-14/leads_raw_20260614_195601_part_00249.json,8550643,9a7bded7f9d24f2d0da75f2a04cef165,"Sun, 14 Jun 2026 19:56:02 GMT"
s3://sales-analytics-raw-aqib-test/leads_raw/load_type=full/load_date=2026-06-14/leads_raw_20260614_195602_part_00250.json,8496466,8d75694766ec9fc60564487d58d07a67,"Sun, 14 Jun 2026 19:56:03 GMT"
s3://sales-analytics-raw-aqib-test/leads_raw/load_type=full/load_date=2026-06-14/leads_raw_20260614_195602_part_00251.json,8379380,1570efe5f0be427f55a0018c1213362e,"Sun, 14 Jun 2026 19:56:03 GMT"
s3://sales-analytics-raw-aqib-test/leads_raw/load_type=full/load_date=2026-06-14/leads_raw_20260614_195602_part_00252.json,8411445,5db0aca51022b7e6edc643f10e5905a2,"Sun, 14 Jun 2026 19:56:03 GMT"
s3://sales-analytics-raw-aqib-test/leads_raw/load_type=full/load_date=2026-06-14/leads_raw_20260614_195603_part_00253.json,8634449,9b48b7266300f6ca448720df1aaa41c5,"Sun, 14 Jun 2026 19:56:04 GMT"
s3://sales-analytics-raw-aqib-test/leads_raw/load_type=full/load_date=2026-06-14/leads_raw_20260614_195603_part_00254.json,8422446,15e78db625a4ecb25808c82647cc7cad,"Sun, 14 Jun 2026 19:56:04 GMT"
s3://sales-analytics-raw-aqib-test/leads_raw/load_type=full/load_date=2026-06-14/leads_raw_20260614_195603_part_00255.json,8711337,4877a9d6206456c52347aed42c36401e,"Sun, 14 Jun 2026 19:56:05 GMT"
s3://sales-analytics-raw-aqib-test/leads_raw/load_type=full/load_date=2026-06-14/leads_raw_20260614_195604_part_00256.json,8672138,9440fd9f06e412680f7d1aadd985a366,"Sun, 14 Jun 2026 19:56:05 GMT"
s3://sales-analytics-raw-aqib-test/leads_raw/load_type=full/load_date=2026-06-14/leads_raw_20260614_195604_part_00257.json,8614755,30db1609fffd6dc9ae24fe04e792dd1e,"Sun, 14 Jun 2026 19:56:05 GMT"
s3://sales-analytics-raw-aqib-test/leads_raw/load_type=full/load_date=2026-06-14/leads_raw_20260614_195605_part_00258.json,8756725,92e24ce6c8430d55e92bc8de62f59cdf,"Sun, 14 Jun 2026 19:56:06 GMT"
s3://sales-analytics-raw-aqib-test/leads_raw/load_type=full/load_date=2026-06-14/leads_raw_20260614_195605_part_00259.json,8463695,5fdbfd2a3cd768c2ef314064dd973e88,"Sun, 14 Jun 2026 19:56:06 GMT"
s3://sales-analytics-raw-aqib-test/leads_raw/load_type=full/load_date=2026-06-14/leads_raw_20260614_195605_part_00260.json,8628964,045689ba24d64435a2259fae7f305c92,"Sun, 14 Jun 2026 19:56:07 GMT"
s3://sales-analytics-raw-aqib-test/leads_raw/load_type=full/load_date=2026-06-14/leads_raw_20260614_195606_part_00261.json,8448071,9cbff0a61665cef7d3265dbab58930dd,"Sun, 14 Jun 2026 19:56:07 GMT"
s3://sales-analytics-raw-aqib-test/leads_raw/load_type=full/load_date=2026-06-14/leads_raw_20260614_195606_part_00262.json,8304539,c84011f30dd169a38eac5ca8353bb9ac,"Sun, 14 Jun 2026 19:56:07 GMT"
s3://sales-analytics-raw-aqib-test/leads_raw/load_type=full/load_date=2026-06-14/leads_raw_20260614_195607_part_00263.json,8385540,59c51ecce25b454a7f6bbcc6d9905606,"Sun, 14 Jun 2026 19:56:08 GMT"
s3://sales-analytics-raw-aqib-test/leads_raw/load_type=full/load_date=2026-06-14/leads_raw_20260614_195607_part_00264.json,8162128,b3177b4755f86c60863ea61c1ff18a57,"Sun, 14 Jun 2026 19:56:08 GMT"
s3://sales-analytics-raw-aqib-test/leads_raw/load_type=full/load_date=2026-06-14/leads_raw_20260614_195607_part_00265.json,8363225,04887efe32b7cb7e2d0fc8bee9ac9164,"Sun, 14 Jun 2026 19:56:08 GMT"
s3://sales-analytics-raw-aqib-test/leads_raw/load_type=full/load_date=2026-06-14/leads_raw_20260614_195608_part_00266.json,8252738,3293309b29d90df469236d7247da04b2,"Sun, 14 Jun 2026 19:56:09 GMT"
s3://sales-analytics-raw-aqib-test/leads_raw/load_type=full/load_date=2026-06-14/leads_raw_20260614_195608_part_00267.json,8276206,b805259c24897f4e0c9c9f823ef9044e,"Sun, 14 Jun 2026 19:56:09 GMT"
s3://sales-analytics-raw-aqib-test/leads_raw/load_type=full/load_date=2026-06-14/leads_raw_20260614_195609_part_00268.json,8490554,0ccbde5a363923db778a04f017b028ff,"Sun, 14 Jun 2026 19:56:10 GMT"
s3://sales-analytics-raw-aqib-test/leads_raw/load_type=full/load_date=2026-06-14/leads_raw_20260614_195609_part_00269.json,8373311,fbce057bd5f189c65e66f199c434dc1f,"Sun, 14 Jun 2026 19:56:10 GMT"
s3://sales-analytics-raw-aqib-test/leads_raw/load_type=full/load_date=2026-06-14/leads_raw_20260614_195609_part_00270.json,8542583,99b9655c165f7d609caed18fe719d36b,"Sun, 14 Jun 2026 19:56:10 GMT"
s3://sales-analytics-raw-aqib-test/leads_raw/load_type=full/load_date=2026-06-14/leads_raw_20260614_195610_part_00271.json,8517978,5e2068e7a1718fc8cc71b447e001c25b,"Sun, 14 Jun 2026 19:56:11 GMT"
s3://sales-analytics-raw-aqib-test/leads_raw/load_type=full/load_date=2026-06-14/leads_raw_20260614_195610_part_00272.json,8231998,dbe41aa8bccf6b8916151f9986149a25,"Sun, 14 Jun 2026 19:56:11 GMT"
s3://sales-analytics-raw-aqib-test/leads_raw/load_type=full/load_date=2026-06-14/leads_raw_20260614_195610_part_00273.json,8095260,d48ddad337be3052b93e39f757a5912f,"Sun, 14 Jun 2026 19:56:12 GMT"
s3://sales-analytics-raw-aqib-test/leads_raw/load_type=full/load_date=2026-06-14/leads_raw_20260614_195611_part_00274.json,8190222,706c179136549f62219cca70cff781b2,"Sun, 14 Jun 2026 19:56:12 GMT"
s3://sales-analytics-raw-aqib-test/leads_raw/load_type=full/load_date=2026-06-14/leads_raw_20260614_195611_part_00275.json,8077666,a233bad22aa0cc0dc06fd87a0f2b1d64,"Sun, 14 Jun 2026 19:56:12 GMT"
s3://sales-analytics-raw-aqib-test/leads_raw/load_type=full/load_date=2026-06-14/leads_raw_20260614_195612_part_00276.json,8119972,5c0ae6a0d804ecb3fd7cf813143c0849,"Sun, 14 Jun 2026 19:56:13 GMT"
s3://sales-analytics-raw-aqib-test/leads_raw/load_type=full/load_date=2026-06-14/leads_raw_20260614_195612_part_00277.json,8074970,5f69dafcbbd9c8a75fd0c6489ac32a71,"Sun, 14 Jun 2026 19:56:13 GMT"
s3://sales-analytics-raw-aqib-test/leads_raw/load_type=full/load_date=2026-06-14/leads_raw_20260614_195612_part_00278.json,8215075,bebbc878819c3551930351c8553edfc4,"Sun, 14 Jun 2026 19:56:13 GMT"
s3://sales-analytics-raw-aqib-test/leads_raw/load_type=full/load_date=2026-06-14/leads_raw_20260614_195613_part_00279.json,8121207,88f2882a6890f96a201ee670283a8454,"Sun, 14 Jun 2026 19:56:14 GMT"
s3://sales-analytics-raw-aqib-test/leads_raw/load_type=full/load_date=2026-06-14/leads_raw_20260614_195613_part_00280.json,8162556,eaafc7a06d84714faf832920053c1599,"Sun, 14 Jun 2026 19:56:14 GMT"
s3://sales-analytics-raw-aqib-test/leads_raw/load_type=full/load_date=2026-06-14/leads_raw_20260614_195614_part_00281.json,8046506,b6d064570cb350fd3c428939a6f44494,"Sun, 14 Jun 2026 19:56:15 GMT"
s3://sales-analytics-raw-aqib-test/leads_raw/load_type=full/load_date=2026-06-14/leads_raw_20260614_195614_part_00282.json,7976665,4a08a24cfdc9d14b2775a1b0e8bf4bff,"Sun, 14 Jun 2026 19:56:15 GMT"
s3://sales-analytics-raw-aqib-test/leads_raw/load_type=full/load_date=2026-06-14/leads_raw_20260614_195614_part_00283.json,8041934,64374aba95b78b3f0a653786a222632f,"Sun, 14 Jun 2026 19:56:15 GMT"
s3://sales-analytics-raw-aqib-test/leads_raw/load_type=full/load_date=2026-06-14/leads_raw_20260614_195615_part_00284.json,8063245,522a816e9e193f0a20813f027d5e40a0,"Sun, 14 Jun 2026 19:56:16 GMT"
s3://sales-analytics-raw-aqib-test/leads_raw/load_type=full/load_date=2026-06-14/leads_raw_20260614_195615_part_00285.json,8653206,a411ffbd498de9a42f1306dededa23ab,"Sun, 14 Jun 2026 19:56:16 GMT"
s3://sales-analytics-raw-aqib-test/leads_raw/load_type=full/load_date=2026-06-14/leads_raw_20260614_195615_part_00286.json,9435356,7db5bd3cf50b3caeaee106ec998807e7,"Sun, 14 Jun 2026 19:56:17 GMT"
s3://sales-analytics-raw-aqib-test/leads_raw/load_type=full/load_date=2026-06-14/leads_raw_20260614_195616_part_00287.json,9362405,5d25108292c8cd2f029a0fe57ebeb039,"Sun, 14 Jun 2026 19:56:17 GMT"
s3://sales-analytics-raw-aqib-test/leads_raw/load_type=full/load_date=2026-06-14/leads_raw_20260614_195616_part_00288.json,9410360,043acd97a39b1dfd3294eb621e86ae57,"Sun, 14 Jun 2026 19:56:17 GMT"
s3://sales-analytics-raw-aqib-test/leads_raw/load_type=full/load_date=2026-06-14/leads_raw_20260614_195617_part_00289.json,9425352,5e8e4d931c724f49113bc83424d42c06,"Sun, 14 Jun 2026 19:56:18 GMT"
s3://sales-analytics-raw-aqib-test/leads_raw/load_type=full/load_date=2026-06-14/leads_raw_20260614_195617_part_00290.json,719676,69b48b542233a6c631378b1b34e9adfc,"Sun, 14 Jun 2026 19:56:18 GMT"
s3://sales-analytics-raw-aqib-test/leads_raw/load_type=incremental/load_date=2026-06-18/leads_raw_20260618_184136_part_00001.json,9362924,7bc9c9341fcb0ff5841daca58c46a49f,"Thu, 18 Jun 2026 18:41:37 GMT"
s3://sales-analytics-raw-aqib-test/leads_raw/load_type=incremental/load_date=2026-06-18/leads_raw_20260618_184137_part_00002.json,9343451,081112b97e7d3ecba2ad6f8f9c806544,"Thu, 18 Jun 2026 18:41:38 GMT"
s3://sales-analytics-raw-aqib-test/leads_raw/load_type=incremental/load_date=2026-06-18/leads_raw_20260618_184137_part_00003.json,9349516,9932e32d065870733edcb2ea7fbc5c0f,"Thu, 18 Jun 2026 18:41:38 GMT"
s3://sales-analytics-raw-aqib-test/leads_raw/load_type=incremental/load_date=2026-06-18/leads_raw_20260618_184138_part_00004.json,9452103,ddb846bd4343ec5cfacc038d62a25025,"Thu, 18 Jun 2026 18:41:39 GMT"
s3://sales-analytics-raw-aqib-test/leads_raw/load_type=incremental/load_date=2026-06-18/leads_raw_20260618_184138_part_00005.json,9423526,4c9f28addb6b07f532a6d13e0128b660,"Thu, 18 Jun 2026 18:41:39 GMT"
s3://sales-analytics-raw-aqib-test/leads_raw/load_type=incremental/load_date=2026-06-18/leads_raw_20260618_184139_part_00006.json,9421340,e95625a216a7b2af6db057e97972f678,"Thu, 18 Jun 2026 18:41:40 GMT"
s3://sales-analytics-raw-aqib-test/leads_raw/load_type=incremental/load_date=2026-06-18/leads_raw_20260618_184139_part_00007.json,9181357,5431bf6b5bea9f04e614ffe12d9fcd0c,"Thu, 18 Jun 2026 18:41:40 GMT"
s3://sales-analytics-raw-aqib-test/leads_raw/load_type=incremental/load_date=2026-06-18/leads_raw_20260618_184140_part_00008.json,9452535,b552f1e381725a4c2715800dc75be2f9,"Thu, 18 Jun 2026 18:41:41 GMT"
s3://sales-analytics-raw-aqib-test/leads_raw/load_type=incremental/load_date=2026-06-18/leads_raw_20260618_184140_part_00009.json,9249498,6a2ff8f02a96e7c68ed495351c65e1b5,"Thu, 18 Jun 2026 18:41:42 GMT"
s3://sales-analytics-raw-aqib-test/leads_raw/load_type=incremental/load_date=2026-06-18/leads_raw_20260618_184141_part_00010.json,8742609,2e11bb96caac199d5e42c288d54f2fe3,"Thu, 18 Jun 2026 18:41:42 GMT"
s3://sales-analytics-raw-aqib-test/leads_raw/load_type=incremental/load_date=2026-06-18/leads_raw_20260618_184142_part_00011.json,8569410,830bc0e78048fe4632a1f26f990d984a,"Thu, 18 Jun 2026 18:41:43 GMT"
s3://sales-analytics-raw-aqib-test/leads_raw/load_type=incremental/load_date=2026-06-18/leads_raw_20260618_184142_part_00012.json,8515311,96caef072e495ebb450be80a2f82c372,"Thu, 18 Jun 2026 18:41:43 GMT"
s3://sales-analytics-raw-aqib-test/leads_raw/load_type=incremental/load_date=2026-06-18/leads_raw_20260618_184142_part_00013.json,8560333,af9ed3c545c8011d60211a3597a36b0a,"Thu, 18 Jun 2026 18:41:44 GMT"
s3://sales-analytics-raw-aqib-test/leads_raw/load_type=incremental/load_date=2026-06-18/leads_raw_20260618_184143_part_00014.json,8581216,de55bed622c1a227abaada99bd3622f4,"Thu, 18 Jun 2026 18:41:44 GMT"
s3://sales-analytics-raw-aqib-test/leads_raw/load_type=incremental/load_date=2026-06-18/leads_raw_20260618_184143_part_00015.json,8410394,ad0154472ab94f36aeefd77cc354fa83,"Thu, 18 Jun 2026 18:41:44 GMT"
s3://sales-analytics-raw-aqib-test/leads_raw/load_type=incremental/load_date=2026-06-18/leads_raw_20260618_184144_part_00016.json,8621816,4ef9d6f3bdc72ce776502bfcc4010243,"Thu, 18 Jun 2026 18:41:45 GMT"
s3://sales-analytics-raw-aqib-test/leads_raw/load_type=incremental/load_date=2026-06-18/leads_raw_20260618_184144_part_00017.json,8504230,4c024cfc407cf1d0e40ad3d0af06ba76,"Thu, 18 Jun 2026 18:41:45 GMT"
s3://sales-analytics-raw-aqib-test/leads_raw/load_type=incremental/load_date=2026-06-18/leads_raw_20260618_184145_part_00018.json,8499960,b6d321df88e8d4ad0d080eb8f4fadd84,"Thu, 18 Jun 2026 18:41:46 GMT"
s3://sales-analytics-raw-aqib-test/leads_raw/load_type=incremental/load_date=2026-06-18/leads_raw_20260618_184145_part_00019.json,8697053,eada5d7a95412d4b584d0dfc97b39a40,"Thu, 18 Jun 2026 18:41:46 GMT"
s3://sales-analytics-raw-aqib-test/leads_raw/load_type=incremental/load_date=2026-06-18/leads_raw_20260618_184146_part_00020.json,8688191,a8458ab8742ff5007a3d92472ffc74aa,"Thu, 18 Jun 2026 18:41:47 GMT"
s3://sales-analytics-raw-aqib-test/leads_raw/load_type=incremental/load_date=2026-06-18/leads_raw_20260618_184146_part_00021.json,8818706,831c4ecd8b5be4039d7443c0fae87f73,"Thu, 18 Jun 2026 18:41:47 GMT"
s3://sales-analytics-raw-aqib-test/leads_raw/load_type=incremental/load_date=2026-06-18/leads_raw_20260618_184147_part_00022.json,8867207,6e6f6db62b350e6fc9c47e986baa63c2,"Thu, 18 Jun 2026 18:41:48 GMT"
s3://sales-analytics-raw-aqib-test/leads_raw/load_type=incremental/load_date=2026-06-18/leads_raw_20260618_184147_part_00023.json,8762865,0ea40350608adfa91dbe4b9f9751328b,"Thu, 18 Jun 2026 18:41:48 GMT"
s3://sales-analytics-raw-aqib-test/leads_raw/load_type=incremental/load_date=2026-06-18/leads_raw_20260618_184148_part_00024.json,8879519,c99af78cfe743cec0bc9f50125310216,"Thu, 18 Jun 2026 18:41:49 GMT"
s3://sales-analytics-raw-aqib-test/leads_raw/load_type=incremental/load_date=2026-06-18/leads_raw_20260618_184148_part_00025.json,8857586,eee81da9370f81adf183705111e2e049,"Thu, 18 Jun 2026 18:41:49 GMT"
s3://sales-analytics-raw-aqib-test/leads_raw/load_type=incremental/load_date=2026-06-18/leads_raw_20260618_184149_part_00026.json,8952547,db2d97498317a9f9cb6ff85e27c8a371,"Thu, 18 Jun 2026 18:41:50 GMT"
s3://sales-analytics-raw-aqib-test/leads_raw/load_type=incremental/load_date=2026-06-18/leads_raw_20260618_184149_part_00027.json,9056626,7237d069f0c2cffd1aff487c2975f445,"Thu, 18 Jun 2026 18:41:50 GMT"
s3://sales-analytics-raw-aqib-test/leads_raw/load_type=incremental/load_date=2026-06-18/leads_raw_20260618_184150_part_00028.json,8822582,c19e6f6f8b73c461a34ea3767221613f,"Thu, 18 Jun 2026 18:41:51 GMT"
s3://sales-analytics-raw-aqib-test/leads_raw/load_type=incremental/load_date=2026-06-18/leads_raw_20260618_184150_part_00029.json,9011570,c8564935774a9a76444f155184a492be,"Thu, 18 Jun 2026 18:41:51 GMT"
s3://sales-analytics-raw-aqib-test/leads_raw/load_type=incremental/load_date=2026-06-18/leads_raw_20260618_184151_part_00030.json,8538269,825ab50be39e1d77192cb42fe337f768,"Thu, 18 Jun 2026 18:41:52 GMT"
s3://sales-analytics-raw-aqib-test/leads_raw/load_type=incremental/load_date=2026-06-18/leads_raw_20260618_184151_part_00031.json,8301600,90a6814d8ff32ad2b2df1995a14e5bb1,"Thu, 18 Jun 2026 18:41:52 GMT"
s3://sales-analytics-raw-aqib-test/leads_raw/load_type=incremental/load_date=2026-06-18/leads_raw_20260618_184152_part_00032.json,8507018,036b9b8b55d1bc1474a1b61c61552025,"Thu, 18 Jun 2026 18:41:53 GMT"
s3://sales-analytics-raw-aqib-test/leads_raw/load_type=incremental/load_date=2026-06-18/leads_raw_20260618_184152_part_00033.json,8638183,9f499b191e59188f15a9eee964c7b2ba,"Thu, 18 Jun 2026 18:41:53 GMT"
s3://sales-analytics-raw-aqib-test/leads_raw/load_type=incremental/load_date=2026-06-18/leads_raw_20260618_184153_part_00034.json,8540155,27966b078e1a17085badb96fecdc5c0d,"Thu, 18 Jun 2026 18:41:54 GMT"
s3://sales-analytics-raw-aqib-test/leads_raw/load_type=incremental/load_date=2026-06-18/leads_raw_20260618_184153_part_00035.json,8193018,4becd2ba8414e3a927889e3312bc0dad,"Thu, 18 Jun 2026 18:41:54 GMT"
s3://sales-analytics-raw-aqib-test/leads_raw/load_type=incremental/load_date=2026-06-18/leads_raw_20260618_184154_part_00036.json,8287128,5ebc978a76d06609b9409da032018552,"Thu, 18 Jun 2026 18:41:55 GMT"
s3://sales-analytics-raw-aqib-test/leads_raw/load_type=incremental/load_date=2026-06-18/leads_raw_20260618_184154_part_00037.json,8447195,26b943b38cf402909ad50660fa14117a,"Thu, 18 Jun 2026 18:41:55 GMT"
s3://sales-analytics-raw-aqib-test/leads_raw/load_type=incremental/load_date=2026-06-18/leads_raw_20260618_184155_part_00038.json,8269001,73a04e599dea116245ca760b7c2042b3,"Thu, 18 Jun 2026 18:41:56 GMT"
s3://sales-analytics-raw-aqib-test/leads_raw/load_type=incremental/load_date=2026-06-18/leads_raw_20260618_184155_part_00039.json,8463563,b86b716051b81aeaa450fada5db6854e,"Thu, 18 Jun 2026 18:41:56 GMT"
s3://sales-analytics-raw-aqib-test/leads_raw/load_type=incremental/load_date=2026-06-18/leads_raw_20260618_184156_part_00040.json,4026712,7d525f0d4aab22d4a03a8bee1540f709,"Thu, 18 Jun 2026 18:41:57 GMT"
s3://sales-analytics-raw-aqib-test/leads_raw/load_type=incremental/load_date=2026-06-22/leads_raw_20260622_161632_part_00001.json,8496366,f3294f5c20f64784a1720680016f9c38,"Mon, 22 Jun 2026 16:16:33 GMT"
s3://sales-analytics-raw-aqib-test/leads_raw/load_type=incremental/load_date=2026-06-22/leads_raw_20260622_161632_part_00002.json,8333046,921766fc30816aa560ea850389a61e44,"Mon, 22 Jun 2026 16:16:33 GMT"
s3://sales-analytics-raw-aqib-test/leads_raw/load_type=incremental/load_date=2026-06-22/leads_raw_20260622_161633_part_00003.json,8330239,7cbb6edc063f347871699e728f959bca,"Mon, 22 Jun 2026 16:16:34 GMT"
s3://sales-analytics-raw-aqib-test/leads_raw/load_type=incremental/load_date=2026-06-22/leads_raw_20260622_161633_part_00004.json,8388352,7d5992c09182805c9bf4f3abee5f0458,"Mon, 22 Jun 2026 16:16:34 GMT"
s3://sales-analytics-raw-aqib-test/leads_raw/load_type=incremental/load_date=2026-06-22/leads_raw_20260622_161634_part_00005.json,8458262,855c999ddd7dc59f0aba36e93f0e6b9a,"Mon, 22 Jun 2026 16:16:35 GMT"
s3://sales-analytics-raw-aqib-test/leads_raw/load_type=incremental/load_date=2026-06-22/leads_raw_20260622_161634_part_00006.json,8303446,1766c08b64005dee737822f950929b22,"Mon, 22 Jun 2026 16:16:35 GMT"
s3://sales-analytics-raw-aqib-test/leads_raw/load_type=incremental/load_date=2026-06-22/leads_raw_20260622_161635_part_00007.json,8374024,52825cd1322f3af7e978ef2da6b8f603,"Mon, 22 Jun 2026 16:16:36 GMT"
s3://sales-analytics-raw-aqib-test/leads_raw/load_type=incremental/load_date=2026-06-22/leads_raw_20260622_161635_part_00008.json,8594306,33bea92867bbc4882959fb25c1c4d3f5,"Mon, 22 Jun 2026 16:16:36 GMT"
s3://sales-analytics-raw-aqib-test/leads_raw/load_type=incremental/load_date=2026-06-22/leads_raw_20260622_161636_part_00009.json,8584521,9cd73fe97ae92a1a791e830c21c7d645,"Mon, 22 Jun 2026 16:16:37 GMT"
s3://sales-analytics-raw-aqib-test/leads_raw/load_type=incremental/load_date=2026-06-22/leads_raw_20260622_161636_part_00010.json,8362435,a89ba22018b16cd038da1e82810196bf,"Mon, 22 Jun 2026 16:16:37 GMT"
s3://sales-analytics-raw-aqib-test/leads_raw/load_type=incremental/load_date=2026-06-22/leads_raw_20260622_161636_part_00011.json,8538573,2fd78069359519c6106e782a7b1f03d1,"Mon, 22 Jun 2026 16:16:37 GMT"
s3://sales-analytics-raw-aqib-test/leads_raw/load_type=incremental/load_date=2026-06-22/leads_raw_20260622_161637_part_00012.json,8910056,74a2b252df19119093ce3e279c1802cd,"Mon, 22 Jun 2026 16:16:38 GMT"
s3://sales-analytics-raw-aqib-test/leads_raw/load_type=incremental/load_date=2026-06-22/leads_raw_20260622_161637_part_00013.json,8561441,af835fcd10f022308af3db94d69047f5,"Mon, 22 Jun 2026 16:16:39 GMT"
s3://sales-analytics-raw-aqib-test/leads_raw/load_type=incremental/load_date=2026-06-22/leads_raw_20260622_161638_part_00014.json,8679397,6f89847e6aa5da4eb479c56e98fb7818,"Mon, 22 Jun 2026 16:16:39 GMT"
s3://sales-analytics-raw-aqib-test/leads_raw/load_type=incremental/load_date=2026-06-22/leads_raw_20260622_161638_part_00015.json,8747932,73d8ca9f8b7969a07c446182089efd27,"Mon, 22 Jun 2026 16:16:39 GMT"
s3://sales-analytics-raw-aqib-test/leads_raw/load_type=incremental/load_date=2026-06-22/leads_raw_20260622_161639_part_00016.json,8828841,ec930d86a761d1dad3dac53739db534e,"Mon, 22 Jun 2026 16:16:40 GMT"
s3://sales-analytics-raw-aqib-test/leads_raw/load_type=incremental/load_date=2026-06-22/leads_raw_20260622_161639_part_00017.json,8806650,4cb0d65389b0fae7d521ad1cddb15885,"Mon, 22 Jun 2026 16:16:40 GMT"
s3://sales-analytics-raw-aqib-test/leads_raw/load_type=incremental/load_date=2026-06-22/leads_raw_20260622_161640_part_00018.json,8583358,54f613768fb72005a43d08e51f38df7b,"Mon, 22 Jun 2026 16:16:41 GMT"
s3://sales-analytics-raw-aqib-test/leads_raw/load_type=incremental/load_date=2026-06-22/leads_raw_20260622_161640_part_00019.json,8818396,68d930c353e8cca8e28f07b9cc6f5e0b,"Mon, 22 Jun 2026 16:16:41 GMT"
s3://sales-analytics-raw-aqib-test/leads_raw/load_type=incremental/load_date=2026-06-22/leads_raw_20260622_161640_part_00020.json,8535196,b7dee2e198d7c86a024c44d925fd32d0,"Mon, 22 Jun 2026 16:16:42 GMT"
s3://sales-analytics-raw-aqib-test/leads_raw/load_type=incremental/load_date=2026-06-22/leads_raw_20260622_161641_part_00021.json,8776399,51c6b80c33c76d3d38e47cbc7265924f,"Mon, 22 Jun 2026 16:16:42 GMT"
s3://sales-analytics-raw-aqib-test/leads_raw/load_type=incremental/load_date=2026-06-22/leads_raw_20260622_161641_part_00022.json,8859802,21502726dc6b3ffc52112e54ccf42f01,"Mon, 22 Jun 2026 16:16:42 GMT"
s3://sales-analytics-raw-aqib-test/leads_raw/load_type=incremental/load_date=2026-06-22/leads_raw_20260622_161642_part_00023.json,8852996,72392bc42588358070d8071b8ebb8a33,"Mon, 22 Jun 2026 16:16:43 GMT"
s3://sales-analytics-raw-aqib-test/leads_raw/load_type=incremental/load_date=2026-06-22/leads_raw_20260622_161642_part_00024.json,8674296,68ed3f885dc3441c6d91a0d8534a81fe,"Mon, 22 Jun 2026 16:16:43 GMT"
s3://sales-analytics-raw-aqib-test/leads_raw/load_type=incremental/load_date=2026-06-22/leads_raw_20260622_161643_part_00025.json,8525824,25ff6c2322d3fb407e0cbc323f0a1ea8,"Mon, 22 Jun 2026 16:16:44 GMT"
s3://sales-analytics-raw-aqib-test/leads_raw/load_type=incremental/load_date=2026-06-22/leads_raw_20260622_161643_part_00026.json,8642428,3a74f8bfd853704a19799d8de4e144c7,"Mon, 22 Jun 2026 16:16:44 GMT"
s3://sales-analytics-raw-aqib-test/leads_raw/load_type=incremental/load_date=2026-06-22/leads_raw_20260622_161644_part_00027.json,8703796,ba22270c326b9c171394986a7506b22d,"Mon, 22 Jun 2026 16:16:45 GMT"
s3://sales-analytics-raw-aqib-test/leads_raw/load_type=incremental/load_date=2026-06-22/leads_raw_20260622_161644_part_00028.json,8514368,0f52c672e52c9e9fcbdcbe5a11f1a47e,"Mon, 22 Jun 2026 16:16:45 GMT"
s3://sales-analytics-raw-aqib-test/leads_raw/load_type=incremental/load_date=2026-06-22/leads_raw_20260622_161644_part_00029.json,8641673,c984abfcace1c7cbce3b26e639d58a33,"Mon, 22 Jun 2026 16:16:46 GMT"
s3://sales-analytics-raw-aqib-test/leads_raw/load_type=incremental/load_date=2026-06-22/leads_raw_20260622_161645_part_00030.json,8666865,81345e9e4e2447b006356f8b4593d4ff,"Mon, 22 Jun 2026 16:16:46 GMT"
s3://sales-analytics-raw-aqib-test/leads_raw/load_type=incremental/load_date=2026-06-22/leads_raw_20260622_161645_part_00031.json,9155729,fcb74bf7d4d9dfe773c3d73e3c3f6003,"Mon, 22 Jun 2026 16:16:47 GMT"
s3://sales-analytics-raw-aqib-test/leads_raw/load_type=incremental/load_date=2026-06-22/leads_raw_20260622_161646_part_00032.json,9601238,bf012303fa0bf5cd609d945b637a46c8,"Mon, 22 Jun 2026 16:16:47 GMT"
s3://sales-analytics-raw-aqib-test/leads_raw/load_type=incremental/load_date=2026-06-22/leads_raw_20260622_161646_part_00033.json,9706232,43c2323c24451f9238bf946a1d9d3765,"Mon, 22 Jun 2026 16:16:48 GMT"
s3://sales-analytics-raw-aqib-test/leads_raw/load_type=incremental/load_date=2026-06-22/leads_raw_20260622_161647_part_00034.json,9785369,aaff30b6044129525cd375a715bf4539,"Mon, 22 Jun 2026 16:16:48 GMT"
s3://sales-analytics-raw-aqib-test/leads_raw/load_type=incremental/load_date=2026-06-22/leads_raw_20260622_161648_part_00035.json,9663477,bde892dfdb23cf5e3bd8d4985bd8c1cf,"Mon, 22 Jun 2026 16:16:49 GMT"
s3://sales-analytics-raw-aqib-test/leads_raw/load_type=incremental/load_date=2026-06-22/leads_raw_20260622_161648_part_00036.json,9588109,827ac1fd0fc9cee00cb2ddb13019a578,"Mon, 22 Jun 2026 16:16:49 GMT"
s3://sales-analytics-raw-aqib-test/leads_raw/load_type=incremental/load_date=2026-06-22/leads_raw_20260622_161648_part_00037.json,9619563,1689ce656b574aba0bc3d3713d88534e,"Mon, 22 Jun 2026 16:16:50 GMT"
s3://sales-analytics-raw-aqib-test/leads_raw/load_type=incremental/load_date=2026-06-22/leads_raw_20260622_161649_part_00038.json,9754662,2fc391e5abdf7f1b3f20e9ddf7dd713e,"Mon, 22 Jun 2026 16:16:50 GMT"
s3://sales-analytics-raw-aqib-test/leads_raw/load_type=incremental/load_date=2026-06-22/leads_raw_20260622_161649_part_00039.json,9627204,08402c245851b891d1a05abc61ecc8a8,"Mon, 22 Jun 2026 16:16:51 GMT"
s3://sales-analytics-raw-aqib-test/leads_raw/load_type=incremental/load_date=2026-06-22/leads_raw_20260622_161650_part_00040.json,9770919,aae1d7afe2dae1cb8bc257777f9f345a,"Mon, 22 Jun 2026 16:16:51 GMT"
s3://sales-analytics-raw-aqib-test/leads_raw/load_type=incremental/load_date=2026-06-22/leads_raw_20260622_161650_part_00041.json,5651312,3ef64a0d4d25608dffaf3f47c98db58c,"Mon, 22 Jun 2026 16:16:51 GMT"
s3://sales-analytics-raw-aqib-test/leads_raw/load_type=incremental/load_date=2026-06-25/leads_raw_20260625_161235_part_00001.json,8985380,367947080a3a4fea5cbe3be83c14bcf4,"Thu, 25 Jun 2026 16:12:36 GMT"
s3://sales-analytics-raw-aqib-test/leads_raw/load_type=incremental/load_date=2026-06-25/leads_raw_20260625_161235_part_00002.json,8933960,e184e649faf04b8646ddce629aa1d349,"Thu, 25 Jun 2026 16:12:36 GMT"
s3://sales-analytics-raw-aqib-test/leads_raw/load_type=incremental/load_date=2026-06-25/leads_raw_20260625_161236_part_00003.json,8691118,174fa4df10dd4a27de1fde032508e38e,"Thu, 25 Jun 2026 16:12:37 GMT"
s3://sales-analytics-raw-aqib-test/leads_raw/load_type=incremental/load_date=2026-06-25/leads_raw_20260625_161236_part_00004.json,8662481,2a8dc19b261a0c9b5473be22ba6bfc64,"Thu, 25 Jun 2026 16:12:37 GMT"
s3://sales-analytics-raw-aqib-test/leads_raw/load_type=incremental/load_date=2026-06-25/leads_raw_20260625_161237_part_00005.json,8743461,47cd38131159f9fb5ce5ef2e2760a49c,"Thu, 25 Jun 2026 16:12:38 GMT"
s3://sales-analytics-raw-aqib-test/leads_raw/load_type=incremental/load_date=2026-06-25/leads_raw_20260625_161237_part_00006.json,8948662,b3361688d56ccdce6d2c6e8a64eefc5c,"Thu, 25 Jun 2026 16:12:38 GMT"
s3://sales-analytics-raw-aqib-test/leads_raw/load_type=incremental/load_date=2026-06-25/leads_raw_20260625_161238_part_00007.json,8638713,b8e092fadff7d9fb4e680df9f6999f6e,"Thu, 25 Jun 2026 16:12:39 GMT"
s3://sales-analytics-raw-aqib-test/leads_raw/load_type=incremental/load_date=2026-06-25/leads_raw_20260625_161238_part_00008.json,8708872,25e495b187aca7c9230f7a8b7f4b6f3e,"Thu, 25 Jun 2026 16:12:39 GMT"
s3://sales-analytics-raw-aqib-test/leads_raw/load_type=incremental/load_date=2026-06-25/leads_raw_20260625_161238_part_00009.json,8829930,577308bd298521574cbdf9a2de7af957,"Thu, 25 Jun 2026 16:12:40 GMT"
s3://sales-analytics-raw-aqib-test/leads_raw/load_type=incremental/load_date=2026-06-25/leads_raw_20260625_161239_part_00010.json,8922100,b08cddf0320f12278a071aac4b175430,"Thu, 25 Jun 2026 16:12:40 GMT"
s3://sales-analytics-raw-aqib-test/leads_raw/load_type=incremental/load_date=2026-06-25/leads_raw_20260625_161239_part_00011.json,8808572,7607ed42d047b3375e3d5307ddf8d691,"Thu, 25 Jun 2026 16:12:41 GMT"
s3://sales-analytics-raw-aqib-test/leads_raw/load_type=incremental/load_date=2026-06-25/leads_raw_20260625_161240_part_00012.json,8662988,10ac321c8b3929df26b781d148726dd5,"Thu, 25 Jun 2026 16:12:41 GMT"
s3://sales-analytics-raw-aqib-test/leads_raw/load_type=incremental/load_date=2026-06-25/leads_raw_20260625_161240_part_00013.json,8796139,6bd7ce1de5e9d06fb80d240a75ebc846,"Thu, 25 Jun 2026 16:12:42 GMT"
s3://sales-analytics-raw-aqib-test/leads_raw/load_type=incremental/load_date=2026-06-25/leads_raw_20260625_161241_part_00014.json,8810279,b8defd35f8bf4e87235bb27bea3a8230,"Thu, 25 Jun 2026 16:12:42 GMT"
s3://sales-analytics-raw-aqib-test/leads_raw/load_type=incremental/load_date=2026-06-25/leads_raw_20260625_161241_part_00015.json,8785425,68c35b4df274557db6ca1bda4160a334,"Thu, 25 Jun 2026 16:12:42 GMT"
s3://sales-analytics-raw-aqib-test/leads_raw/load_type=incremental/load_date=2026-06-25/leads_raw_20260625_161242_part_00016.json,8912249,62a270c215a236c9d468b6c75a86c5da,"Thu, 25 Jun 2026 16:12:43 GMT"
s3://sales-analytics-raw-aqib-test/leads_raw/load_type=incremental/load_date=2026-06-25/leads_raw_20260625_161242_part_00017.json,8855368,decf6981f3d7c08afc9839a9f448a9e0,"Thu, 25 Jun 2026 16:12:43 GMT"
s3://sales-analytics-raw-aqib-test/leads_raw/load_type=incremental/load_date=2026-06-25/leads_raw_20260625_161242_part_00018.json,8905426,def34adae98e3aa626e63a12a4d3efa9,"Thu, 25 Jun 2026 16:12:44 GMT"
s3://sales-analytics-raw-aqib-test/leads_raw/load_type=incremental/load_date=2026-06-25/leads_raw_20260625_161243_part_00019.json,8909403,53f27e799190324cb8074bf33ec63f85,"Thu, 25 Jun 2026 16:12:44 GMT"
s3://sales-analytics-raw-aqib-test/leads_raw/load_type=incremental/load_date=2026-06-25/leads_raw_20260625_161243_part_00020.json,8733322,37c904911247b48377dcd5bae421ce04,"Thu, 25 Jun 2026 16:12:45 GMT"
s3://sales-analytics-raw-aqib-test/leads_raw/load_type=incremental/load_date=2026-06-25/leads_raw_20260625_161244_part_00021.json,8684994,e9cf069cfbc86b42ab84c843b3bac259,"Thu, 25 Jun 2026 16:12:45 GMT"
s3://sales-analytics-raw-aqib-test/leads_raw/load_type=incremental/load_date=2026-06-25/leads_raw_20260625_161244_part_00022.json,8528109,f5b4f80dd9a568f9bb22c9b5622febba,"Thu, 25 Jun 2026 16:12:45 GMT"
s3://sales-analytics-raw-aqib-test/leads_raw/load_type=incremental/load_date=2026-06-25/leads_raw_20260625_161245_part_00023.json,8688668,c0f4e76830548f11046022e3cf6a9cce,"Thu, 25 Jun 2026 16:12:46 GMT"
s3://sales-analytics-raw-aqib-test/leads_raw/load_type=incremental/load_date=2026-06-25/leads_raw_20260625_161245_part_00024.json,8350589,6cdb6fecd80d81a5efcfa7df03a37870,"Thu, 25 Jun 2026 16:12:46 GMT"
s3://sales-analytics-raw-aqib-test/leads_raw/load_type=incremental/load_date=2026-06-25/leads_raw_20260625_161245_part_00025.json,8698076,274ef63037dd43d0ce4d8b565e3e3c09,"Thu, 25 Jun 2026 16:12:46 GMT"
s3://sales-analytics-raw-aqib-test/leads_raw/load_type=incremental/load_date=2026-06-25/leads_raw_20260625_161246_part_00026.json,8659098,21f940b5d35c90c38145f35478210be4,"Thu, 25 Jun 2026 16:12:47 GMT"
s3://sales-analytics-raw-aqib-test/leads_raw/load_type=incremental/load_date=2026-06-25/leads_raw_20260625_161246_part_00027.json,8702341,dd89852c5f06927f9d9fd6cd04852a6f,"Thu, 25 Jun 2026 16:12:47 GMT"
s3://sales-analytics-raw-aqib-test/leads_raw/load_type=incremental/load_date=2026-06-25/leads_raw_20260625_161247_part_00028.json,8691377,a22d6b6cb30364f5d83562077d36ea85,"Thu, 25 Jun 2026 16:12:48 GMT"
s3://sales-analytics-raw-aqib-test/leads_raw/load_type=incremental/load_date=2026-06-25/leads_raw_20260625_161247_part_00029.json,6188138,d4fdc9cceb48199befea0b196b59df60,"Thu, 25 Jun 2026 16:12:48 GMT"
s3://sales-analytics-raw-aqib-test/snowflake_backup/bronze/leads_raw/data_0_0_0.snappy.parquet,25176221,f6628fcbd246b17a8ffdcf0d2693dedf,"Fri, 24 Jul 2026 21:41:33 GMT"
s3://sales-analytics-raw-aqib-test/snowflake_backup/bronze/leads_raw/data_0_0_1.snappy.parquet,18327763,27c818d4535837112662cc0e98b8b4a7,"Fri, 24 Jul 2026 21:41:34 GMT"
s3://sales-analytics-raw-aqib-test/snowflake_backup/bronze/leads_raw/data_0_0_2.snappy.parquet,20363682,ca06b3a9b9a8ba2f3ea0768267c1daad,"Fri, 24 Jul 2026 21:41:34 GMT"
s3://sales-analytics-raw-aqib-test/snowflake_backup/bronze/leads_raw/data_0_0_3.snappy.parquet,20256350,c545888e856b91447abb890cc89bdddf,"Fri, 24 Jul 2026 21:41:34 GMT"
s3://sales-analytics-raw-aqib-test/snowflake_backup/bronze/leads_raw/data_0_0_4.snappy.parquet,20941350,8484f25fc7a1b287682d64b7d7060ce4,"Fri, 24 Jul 2026 21:41:35 GMT"
s3://sales-analytics-raw-aqib-test/snowflake_backup/bronze/leads_raw/data_0_0_5.snappy.parquet,10389917,247c6fe6de565e4c7d8f3838e8ec5adc,"Fri, 24 Jul 2026 21:41:36 GMT"
s3://sales-analytics-raw-aqib-test/snowflake_backup/bronze/leads_raw/data_0_1_0.snappy.parquet,22544631,e8cb7d51aabf112daab5349849e473aa,"Fri, 24 Jul 2026 21:41:33 GMT"
s3://sales-analytics-raw-aqib-test/snowflake_backup/bronze/leads_raw/data_0_1_1.snappy.parquet,18259950,eb07631a7f06163a22b97f1931348f0a,"Fri, 24 Jul 2026 21:41:34 GMT"
s3://sales-analytics-raw-aqib-test/snowflake_backup/bronze/leads_raw/data_0_1_2.snappy.parquet,20293044,c8fc6963798f1c54dc763e4d20520f88,"Fri, 24 Jul 2026 21:41:34 GMT"
s3://sales-analytics-raw-aqib-test/snowflake_backup/bronze/leads_raw/data_0_1_3.snappy.parquet,20248392,b0120591fc03e8b6ca689e8e314cfdd3,"Fri, 24 Jul 2026 21:41:35 GMT"
s3://sales-analytics-raw-aqib-test/snowflake_backup/bronze/leads_raw/data_0_1_4.snappy.parquet,21158804,0b8dc0f716996e3f23cb3efca0785a8e,"Fri, 24 Jul 2026 21:41:35 GMT"
s3://sales-analytics-raw-aqib-test/snowflake_backup/bronze/leads_raw/data_0_1_5.snappy.parquet,10155705,1f654d4e81efe53e147085f7cd2b641c,"Fri, 24 Jul 2026 21:41:36 GMT"
s3://sales-analytics-raw-aqib-test/snowflake_backup/bronze/leads_raw/data_0_2_0.snappy.parquet,20626615,48a76df84a48110acda32568d93918f2,"Fri, 24 Jul 2026 21:41:33 GMT"
s3://sales-analytics-raw-aqib-test/snowflake_backup/bronze/leads_raw/data_0_2_1.snappy.parquet,19085952,9c123d275ee7c05cdb8ad8c7d87ccfab,"Fri, 24 Jul 2026 21:41:33 GMT"
s3://sales-analytics-raw-aqib-test/snowflake_backup/bronze/leads_raw/data_0_2_2.snappy.parquet,19684356,f51888329b95f01e8b3e631c09f5f986,"Fri, 24 Jul 2026 21:41:34 GMT"
s3://sales-analytics-raw-aqib-test/snowflake_backup/bronze/leads_raw/data_0_2_3.snappy.parquet,21011181,31703e166695b669c1057a5e64073b47,"Fri, 24 Jul 2026 21:41:34 GMT"
s3://sales-analytics-raw-aqib-test/snowflake_backup/bronze/leads_raw/data_0_2_4.snappy.parquet,20558307,80a03d63ef1e5117a8400c5843221b28,"Fri, 24 Jul 2026 21:41:35 GMT"
s3://sales-analytics-raw-aqib-test/snowflake_backup/bronze/leads_raw/data_0_2_5.snappy.parquet,20674433,76765d1424b40740bd8217adfd89cc98,"Fri, 24 Jul 2026 21:41:35 GMT"
s3://sales-analytics-raw-aqib-test/snowflake_backup/bronze/leads_raw/data_0_3_0.snappy.parquet,20554923,2c640942e097e56b4ff4d596514c39c6,"Fri, 24 Jul 2026 21:41:33 GMT"
s3://sales-analytics-raw-aqib-test/snowflake_backup/bronze/leads_raw/data_0_3_1.snappy.parquet,24876920,1cc009facb3f4627e81acc7f5e795ff1,"Fri, 24 Jul 2026 21:41:33 GMT"
s3://sales-analytics-raw-aqib-test/snowflake_backup/bronze/leads_raw/data_0_3_2.snappy.parquet,20201347,955dc9d7327d944c0aa793c96746f811,"Fri, 24 Jul 2026 21:41:34 GMT"
s3://sales-analytics-raw-aqib-test/snowflake_backup/bronze/leads_raw/data_0_3_3.snappy.parquet,20515780,83d4b915d6c87d93f08e4e843033fbf7,"Fri, 24 Jul 2026 21:41:34 GMT"
s3://sales-analytics-raw-aqib-test/snowflake_backup/bronze/leads_raw/data_0_3_4.snappy.parquet,20526033,7b9f7e16f004deaa3a2dc80b62d635a0,"Fri, 24 Jul 2026 21:41:35 GMT"
s3://sales-analytics-raw-aqib-test/snowflake_backup/bronze/leads_raw/data_0_3_5.snappy.parquet,21011618,8f6eb009d43235cd4e7f40a4cdea2087,"Fri, 24 Jul 2026 21:41:35 GMT"
s3://sales-analytics-raw-aqib-test/snowflake_backup/bronze/leads_raw/data_0_4_0.snappy.parquet,20807985,bcbc52c58b2d780e0b06cac011292007,"Fri, 24 Jul 2026 21:41:33 GMT"
s3://sales-analytics-raw-aqib-test/snowflake_backup/bronze/leads_raw/data_0_4_1.snappy.parquet,24259725,f3ecf351cbbb4bfed88ea506b0c27ce5,"Fri, 24 Jul 2026 21:41:34 GMT"
s3://sales-analytics-raw-aqib-test/snowflake_backup/bronze/leads_raw/data_0_4_2.snappy.parquet,19755090,74c5369450fea2f23a32e994ba02a27d,"Fri, 24 Jul 2026 21:41:34 GMT"
s3://sales-analytics-raw-aqib-test/snowflake_backup/bronze/leads_raw/data_0_4_3.snappy.parquet,20749070,86666b746ba74bbfe47434cd8b9163f7,"Fri, 24 Jul 2026 21:41:35 GMT"
s3://sales-analytics-raw-aqib-test/snowflake_backup/bronze/leads_raw/data_0_4_4.snappy.parquet,20311786,083d22092b08fc4727215dae0cf4d336,"Fri, 24 Jul 2026 21:41:35 GMT"
s3://sales-analytics-raw-aqib-test/snowflake_backup/bronze/leads_raw/data_0_4_5.snappy.parquet,20949471,d30afc50548fd302fd3246225de5e886,"Fri, 24 Jul 2026 21:41:36 GMT"
s3://sales-analytics-raw-aqib-test/snowflake_backup/bronze/leads_raw/data_0_5_0.snappy.parquet,20794491,39df55f363224e60df2e15e2ab319302,"Fri, 24 Jul 2026 21:41:33 GMT"
s3://sales-analytics-raw-aqib-test/snowflake_backup/bronze/leads_raw/data_0_5_1.snappy.parquet,21705686,f7df8032cf4362975d843c8178366ee6,"Fri, 24 Jul 2026 21:41:33 GMT"
s3://sales-analytics-raw-aqib-test/snowflake_backup/bronze/leads_raw/data_0_5_2.snappy.parquet,19851055,2827ef204352b5ca2a92d138117475ee,"Fri, 24 Jul 2026 21:41:34 GMT"
s3://sales-analytics-raw-aqib-test/snowflake_backup/bronze/leads_raw/data_0_5_3.snappy.parquet,20345045,a4689ee351a0993a7f15be0666204dff,"Fri, 24 Jul 2026 21:41:35 GMT"
s3://sales-analytics-raw-aqib-test/snowflake_backup/bronze/leads_raw/data_0_5_4.snappy.parquet,20481229,72e48262dbd06bf3484027926f3eb30c,"Fri, 24 Jul 2026 21:41:35 GMT"
s3://sales-analytics-raw-aqib-test/snowflake_backup/bronze/leads_raw/data_0_5_5.snappy.parquet,21143226,910d329daf99160cebf67370b3f66470,"Fri, 24 Jul 2026 21:41:36 GMT"
s3://sales-analytics-raw-aqib-test/snowflake_backup/bronze/leads_raw/data_0_6_0.snappy.parquet,20394985,a9f7d70fe91c29cc3c000d514e8e664d,"Fri, 24 Jul 2026 21:41:33 GMT"
s3://sales-analytics-raw-aqib-test/snowflake_backup/bronze/leads_raw/data_0_6_1.snappy.parquet,25508755,c6008f4822564fa9a45d32500f7d098b,"Fri, 24 Jul 2026 21:41:33 GMT"
s3://sales-analytics-raw-aqib-test/snowflake_backup/bronze/leads_raw/data_0_6_2.snappy.parquet,19448265,f80c1ce98dba494cddd49793700308d5,"Fri, 24 Jul 2026 21:41:34 GMT"
s3://sales-analytics-raw-aqib-test/snowflake_backup/bronze/leads_raw/data_0_6_3.snappy.parquet,20444942,43cb38bfeb6f40ec6916be62afd7cc7c,"Fri, 24 Jul 2026 21:41:35 GMT"
s3://sales-analytics-raw-aqib-test/snowflake_backup/bronze/leads_raw/data_0_6_4.snappy.parquet,20187681,076a3ddeca6902de6d74c29580684df6,"Fri, 24 Jul 2026 21:41:35 GMT"
s3://sales-analytics-raw-aqib-test/snowflake_backup/bronze/leads_raw/data_0_6_5.snappy.parquet,20663223,20223857434608f337a868aed36ddc6a,"Fri, 24 Jul 2026 21:41:36 GMT"
s3://sales-analytics-raw-aqib-test/snowflake_backup/bronze/leads_raw/data_0_7_0.snappy.parquet,20518115,8a76f3abddc051f43ed44a9d6faa8fd9,"Fri, 24 Jul 2026 21:41:33 GMT"
s3://sales-analytics-raw-aqib-test/snowflake_backup/bronze/leads_raw/data_0_7_1.snappy.parquet,17407375,8535b18be80ba2d0344e7eb5f78ebb62,"Fri, 24 Jul 2026 21:41:34 GMT"
s3://sales-analytics-raw-aqib-test/snowflake_backup/bronze/leads_raw/data_0_7_2.snappy.parquet,18394680,1a19061bd5c5cf3255d41663e8042ee7,"Fri, 24 Jul 2026 21:41:34 GMT"
s3://sales-analytics-raw-aqib-test/snowflake_backup/bronze/leads_raw/data_0_7_3.snappy.parquet,20155002,12c737e7836a41f3573a9a8a6545345f,"Fri, 24 Jul 2026 21:41:35 GMT"
s3://sales-analytics-raw-aqib-test/snowflake_backup/bronze/leads_raw/data_0_7_4.snappy.parquet,20660957,e80afd6d2bdc87c3dd1aced6d27fe792,"Fri, 24 Jul 2026 21:41:35 GMT"
s3://sales-analytics-raw-aqib-test/snowflake_backup/bronze/leads_raw/data_0_7_5.snappy.parquet,20811320,b9441a28a86fe11657aaf480633dc9a0,"Fri, 24 Jul 2026 21:41:36 GMT"
s3://sales-analytics-raw-aqib-test/snowflake_backup/bronze/leads_raw/data_0_7_6.snappy.parquet,10375698,a7d70f1533774f2db529b3e14fc0624f,"Fri, 24 Jul 2026 21:41:36 GMT"
