file,status,rows_parsed,rows_loaded,error_limit,errors_seen,first_error,first_error_line,first_error_character,first_error_column_name
s3://sales-analytics-raw-aqib-test/lead_activities_raw/load_type=incremental/load_date=2026-06-25/lead_activities_raw_20260625_161256_part_00005.json,LOADED,1000,1000,1000,0,,,,
s3://sales-analytics-raw-aqib-test/lead_activities_raw/load_type=incremental/load_date=2026-06-22/lead_activities_raw_20260622_161814_part_00038.json,LOADED,1000,1000,1000,0,,,,
s3://sales-analytics-raw-aqib-test/lead_activities_raw/load_type=incremental/load_date=2026-06-25/lead_activities_raw_20260625_161250_part_00002.json,LOADED,1000,1000,1000,0,,,,
s3://sales-analytics-raw-aqib-test/lead_activities_raw/load_type=incremental/load_date=2026-06-25/lead_activities_raw_20260625_161248_part_00001.json,LOADED,1000,1000,1000,0,,,,
s3://sales-analytics-raw-aqib-test/lead_activities_raw/load_type=incremental/load_date=2026-06-25/lead_activities_raw_20260625_161302_part_00008.json,LOADED,1000,1000,1000,0,,,,
s3://sales-analytics-raw-aqib-test/lead_activities_raw/load_type=incremental/load_date=2026-06-25/lead_activities_raw_20260625_161315_part_00014.json,LOADED,1000,1000,1000,0,,,,
s3://sales-analytics-raw-aqib-test/lead_activities_raw/load_type=incremental/load_date=2026-06-25/lead_activities_raw_20260625_161328_part_00020.json,LOADED,1000,1000,1000,0,,,,
s3://sales-analytics-raw-aqib-test/lead_activities_raw/load_type=incremental/load_date=2026-06-25/lead_activities_raw_20260625_161304_part_00009.json,LOADED,1000,1000,1000,0,,,,
s3://sales-analytics-raw-aqib-test/lead_activities_raw/load_type=incremental/load_date=2026-06-25/lead_activities_raw_20260625_161333_part_00022.json,LOADED,1000,1000,1000,0,,,,
s3://sales-analytics-raw-aqib-test/lead_activities_raw/load_type=incremental/load_date=2026-06-25/lead_activities_raw_20260625_161346_part_00028.json,LOADED,485,485,485,0,,,,
s3://sales-analytics-raw-aqib-test/lead_activities_raw/load_type=incremental/load_date=2026-06-22/lead_activities_raw_20260622_161816_part_00039.json,LOADED,554,554,554,0,,,,
s3://sales-analytics-raw-aqib-test/lead_activities_raw/load_type=incremental/load_date=2026-06-25/lead_activities_raw_20260625_161322_part_00017.json,LOADED,1000,1000,1000,0,,,,
s3://sales-analytics-raw-aqib-test/lead_activities_raw/load_type=incremental/load_date=2026-06-18/lead_activities_raw_20260618_184231_part_00017.json,LOADED,1000,1000,1000,0,,,,
s3://sales-analytics-raw-aqib-test/lead_activities_raw/load_type=incremental/load_date=2026-06-18/lead_activities_raw_20260618_184235_part_00019.json,LOADED,1000,1000,1000,0,,,,
s3://sales-analytics-raw-aqib-test/lead_activities_raw/load_type=incremental/load_date=2026-06-18/lead_activities_raw_20260618_184248_part_00025.json,LOADED,1000,1000,1000,0,,,,
s3://sales-analytics-raw-aqib-test/lead_activities_raw/load_type=incremental/load_date=2026-06-18/lead_activities_raw_20260618_184252_part_00027.json,LOADED,1000,1000,1000,0,,,,
s3://sales-analytics-raw-aqib-test/lead_activities_raw/load_type=incremental/load_date=2026-06-25/lead_activities_raw_20260625_161337_part_00024.json,LOADED,1000,1000,1000,0,,,,
s3://sales-analytics-raw-aqib-test/lead_activities_raw/load_type=incremental/load_date=2026-06-18/lead_activities_raw_20260618_184305_part_00034.json,LOADED,1000,1000,1000,0,,,,
s3://sales-analytics-raw-aqib-test/lead_activities_raw/load_type=incremental/load_date=2026-06-25/lead_activities_raw_20260625_161300_part_00007.json,LOADED,1000,1000,1000,0,,,,
s3://sales-analytics-raw-aqib-test/lead_activities_raw/load_type=incremental/load_date=2026-06-22/lead_activities_raw_20260622_161656_part_00003.json,LOADED,1000,1000,1000,0,,,,
s3://sales-analytics-raw-aqib-test/lead_activities_raw/load_type=incremental/load_date=2026-06-18/lead_activities_raw_20260618_184237_part_00020.json,LOADED,1000,1000,1000,0,,,,
s3://sales-analytics-raw-aqib-test/lead_activities_raw/load_type=incremental/load_date=2026-06-18/lead_activities_raw_20260618_184307_part_00035.json,LOADED,1000,1000,1000,0,,,,
s3://sales-analytics-raw-aqib-test/lead_activities_raw/load_type=incremental/load_date=2026-06-22/lead_activities_raw_20260622_161704_part_00007.json,LOADED,1000,1000,1000,0,,,,
s3://sales-analytics-raw-aqib-test/lead_activities_raw/load_type=incremental/load_date=2026-06-25/lead_activities_raw_20260625_161317_part_00015.json,LOADED,1000,1000,1000,0,,,,
s3://sales-analytics-raw-aqib-test/lead_activities_raw/load_type=full/load_date=2026-06-14/lead_activities_raw_20260614_200330_part_00246.json,LOADED,1000,1000,1000,0,,,,
s3://sales-analytics-raw-aqib-test/lead_activities_raw/load_type=incremental/load_date=2026-06-25/lead_activities_raw_20260625_161335_part_00023.json,LOADED,1000,1000,1000,0,,,,
s3://sales-analytics-raw-aqib-test/lead_activities_raw/load_type=full/load_date=2026-06-14/lead_activities_raw_20260614_200343_part_00253.json,LOADED,1000,1000,1000,0,,,,
s3://sales-analytics-raw-aqib-test/lead_activities_raw/load_type=incremental/load_date=2026-06-18/lead_activities_raw_20260618_184233_part_00018.json,LOADED,1000,1000,1000,0,,,,
s3://sales-analytics-raw-aqib-test/lead_activities_raw/load_type=incremental/load_date=2026-06-18/lead_activities_raw_20260618_184254_part_00028.json,LOADED,1000,1000,1000,0,,,,
s3://sales-analytics-raw-aqib-test/lead_activities_raw/load_type=full/load_date=2026-06-14/lead_activities_raw_20260614_200357_part_00261.json,LOADED,1000,1000,1000,0,,,,
s3://sales-analytics-raw-aqib-test/lead_activities_raw/load_type=incremental/load_date=2026-06-22/lead_activities_raw_20260622_161658_part_00004.json,LOADED,1000,1000,1000,0,,,,
s3://sales-analytics-raw-aqib-test/lead_activities_raw/load_type=incremental/load_date=2026-06-18/lead_activities_raw_20260618_184250_part_00026.json,LOADED,1000,1000,1000,0,,,,
s3://sales-analytics-raw-aqib-test/lead_activities_raw/load_type=incremental/load_date=2026-06-18/lead_activities_raw_20260618_184310_part_00036.json,LOADED,1000,1000,1000,0,,,,
s3://sales-analytics-raw-aqib-test/lead_activities_raw/load_type=full/load_date=2026-06-14/lead_activities_raw_20260614_200119_part_00177.json,LOADED,1000,1000,1000,0,,,,
s3://sales-analytics-raw-aqib-test/lead_activities_raw/load_type=full/load_date=2026-06-14/lead_activities_raw_20260614_200313_part_00238.json,LOADED,1000,1000,1000,0,,,,
s3://sales-analytics-raw-aqib-test/lead_activities_raw/load_type=full/load_date=2026-06-14/lead_activities_raw_20260614_200304_part_00233.json,LOADED,1000,1000,1000,0,,,,
s3://sales-analytics-raw-aqib-test/lead_activities_raw/load_type=incremental/load_date=2026-06-18/lead_activities_raw_20260618_184303_part_00033.json,LOADED,1000,1000,1000,0,,,,
s3://sales-analytics-raw-aqib-test/lead_activities_raw/load_type=full/load_date=2026-06-14/lead_activities_raw_20260614_200134_part_00186.json,LOADED,1000,1000,1000,0,,,,
s3://sales-analytics-raw-aqib-test/lead_activities_raw/load_type=full/load_date=2026-06-14/lead_activities_raw_20260614_200326_part_00244.json,LOADED,1000,1000,1000,0,,,,
s3://sales-analytics-raw-aqib-test/lead_activities_raw/load_type=full/load_date=2026-06-14/lead_activities_raw_20260614_200318_part_00240.json,LOADED,1000,1000,1000,0,,,,
s3://sales-analytics-raw-aqib-test/lead_activities_raw/load_type=full/load_date=2026-06-14/lead_activities_raw_20260614_200148_part_00194.json,LOADED,1000,1000,1000,0,,,,
s3://sales-analytics-raw-aqib-test/lead_activities_raw/load_type=full/load_date=2026-06-14/lead_activities_raw_20260614_200341_part_00252.json,LOADED,1000,1000,1000,0,,,,
s3://sales-analytics-raw-aqib-test/lead_activities_raw/load_type=incremental/load_date=2026-06-22/lead_activities_raw_20260622_161702_part_00006.json,LOADED,1000,1000,1000,0,,,,
s3://sales-analytics-raw-aqib-test/lead_activities_raw/load_type=full/load_date=2026-06-14/lead_activities_raw_20260614_200353_part_00259.json,LOADED,1000,1000,1000,0,,,,
s3://sales-analytics-raw-aqib-test/lead_activities_raw/load_type=full/load_date=2026-06-14/lead_activities_raw_20260614_200315_part_00239.json,LOADED,1000,1000,1000,0,,,,
s3://sales-analytics-raw-aqib-test/lead_activities_raw/load_type=full/load_date=2026-06-14/lead_activities_raw_20260614_200331_part_00247.json,LOADED,1000,1000,1000,0,,,,
s3://sales-analytics-raw-aqib-test/lead_activities_raw/load_type=full/load_date=2026-06-14/lead_activities_raw_20260614_200124_part_00180.json,LOADED,1000,1000,1000,0,,,,
s3://sales-analytics-raw-aqib-test/lead_activities_raw/load_type=full/load_date=2026-06-14/lead_activities_raw_20260614_200333_part_00248.json,LOADED,1000,1000,1000,0,,,,
s3://sales-analytics-raw-aqib-test/lead_activities_raw/load_type=full/load_date=2026-06-14/lead_activities_raw_20260614_200136_part_00187.json,LOADED,1000,1000,1000,0,,,,
s3://sales-analytics-raw-aqib-test/lead_activities_raw/load_type=full/load_date=2026-06-14/lead_activities_raw_20260614_200344_part_00254.json,LOADED,1000,1000,1000,0,,,,
s3://sales-analytics-raw-aqib-test/lead_activities_raw/load_type=full/load_date=2026-06-14/lead_activities_raw_20260614_200153_part_00197.json,LOADED,1000,1000,1000,0,,,,
s3://sales-analytics-raw-aqib-test/lead_activities_raw/load_type=full/load_date=2026-06-14/lead_activities_raw_20260614_200152_part_00196.json,LOADED,1000,1000,1000,0,,,,
s3://sales-analytics-raw-aqib-test/lead_activities_raw/load_type=full/load_date=2026-06-14/lead_activities_raw_20260614_200346_part_00255.json,LOADED,1000,1000,1000,0,,,,
s3://sales-analytics-raw-aqib-test/lead_activities_raw/load_type=full/load_date=2026-06-14/lead_activities_raw_20260614_195928_part_00119.json,LOADED,1000,1000,1000,0,,,,
s3://sales-analytics-raw-aqib-test/lead_activities_raw/load_type=full/load_date=2026-06-14/lead_activities_raw_20260614_195919_part_00114.json,LOADED,1000,1000,1000,0,,,,
s3://sales-analytics-raw-aqib-test/lead_activities_raw/load_type=full/load_date=2026-06-14/lead_activities_raw_20260614_200113_part_00173.json,LOADED,1000,1000,1000,0,,,,
s3://sales-analytics-raw-aqib-test/lead_activities_raw/load_type=full/load_date=2026-06-14/lead_activities_raw_20260614_200359_part_00262.json,LOADED,1000,1000,1000,0,,,,
s3://sales-analytics-raw-aqib-test/lead_activities_raw/load_type=full/load_date=2026-06-14/lead_activities_raw_20260614_195940_part_00125.json,LOADED,1000,1000,1000,0,,,,
s3://sales-analytics-raw-aqib-test/lead_activities_raw/load_type=full/load_date=2026-06-14/lead_activities_raw_20260614_195938_part_00124.json,LOADED,1000,1000,1000,0,,,,
s3://sales-analytics-raw-aqib-test/lead_activities_raw/load_type=full/load_date=2026-06-14/lead_activities_raw_20260614_200128_part_00182.json,LOADED,1000,1000,1000,0,,,,
s3://sales-analytics-raw-aqib-test/lead_activities_raw/load_type=full/load_date=2026-06-14/lead_activities_raw_20260614_200123_part_00179.json,LOADED,1000,1000,1000,0,,,,
s3://sales-analytics-raw-aqib-test/lead_activities_raw/load_type=full/load_date=2026-06-14/lead_activities_raw_20260614_195959_part_00135.json,LOADED,1000,1000,1000,0,,,,
s3://sales-analytics-raw-aqib-test/lead_activities_raw/load_type=full/load_date=2026-06-14/lead_activities_raw_20260614_200141_part_00190.json,LOADED,1000,1000,1000,0,,,,
s3://sales-analytics-raw-aqib-test/lead_activities_raw/load_type=full/load_date=2026-06-14/lead_activities_raw_20260614_195953_part_00132.json,LOADED,1000,1000,1000,0,,,,
s3://sales-analytics-raw-aqib-test/lead_activities_raw/load_type=full/load_date=2026-06-14/lead_activities_raw_20260614_200138_part_00188.json,LOADED,1000,1000,1000,0,,,,
s3://sales-analytics-raw-aqib-test/lead_activities_raw/load_type=full/load_date=2026-06-14/lead_activities_raw_20260614_195740_part_00053.json,LOADED,1000,1000,1000,0,,,,
s3://sales-analytics-raw-aqib-test/lead_activities_raw/load_type=full/load_date=2026-06-14/lead_activities_raw_20260614_200157_part_00199.json,LOADED,1000,1000,1000,0,,,,
s3://sales-analytics-raw-aqib-test/lead_activities_raw/load_type=full/load_date=2026-06-14/lead_activities_raw_20260614_195753_part_00061.json,LOADED,1000,1000,1000,0,,,,
s3://sales-analytics-raw-aqib-test/lead_activities_raw/load_type=full/load_date=2026-06-14/lead_activities_raw_20260614_200007_part_00139.json,LOADED,1000,1000,1000,0,,,,
s3://sales-analytics-raw-aqib-test/lead_activities_raw/load_type=full/load_date=2026-06-14/lead_activities_raw_20260614_195922_part_00116.json,LOADED,1000,1000,1000,0,,,,
s3://sales-analytics-raw-aqib-test/lead_activities_raw/load_type=full/load_date=2026-06-14/lead_activities_raw_20260614_200155_part_00198.json,LOADED,1000,1000,1000,0,,,,
s3://sales-analytics-raw-aqib-test/lead_activities_raw/load_type=full/load_date=2026-06-14/lead_activities_raw_20260614_195805_part_00069.json,LOADED,1000,1000,1000,0,,,,
s3://sales-analytics-raw-aqib-test/lead_activities_raw/load_type=full/load_date=2026-06-14/lead_activities_raw_20260614_195750_part_00059.json,LOADED,1000,1000,1000,0,,,,
s3://sales-analytics-raw-aqib-test/lead_activities_raw/load_type=full/load_date=2026-06-14/lead_activities_raw_20260614_195936_part_00123.json,LOADED,1000,1000,1000,0,,,,
s3://sales-analytics-raw-aqib-test/lead_activities_raw/load_type=full/load_date=2026-06-14/lead_activities_raw_20260614_195920_part_00115.json,LOADED,1000,1000,1000,0,,,,
s3://sales-analytics-raw-aqib-test/lead_activities_raw/load_type=full/load_date=2026-06-14/lead_activities_raw_20260614_195811_part_00073.json,LOADED,1000,1000,1000,0,,,,
s3://sales-analytics-raw-aqib-test/lead_activities_raw/load_type=full/load_date=2026-06-14/lead_activities_raw_20260614_195759_part_00065.json,LOADED,1000,1000,1000,0,,,,
s3://sales-analytics-raw-aqib-test/lead_activities_raw/load_type=full/load_date=2026-06-14/lead_activities_raw_20260614_195949_part_00130.json,LOADED,1000,1000,1000,0,,,,
s3://sales-analytics-raw-aqib-test/lead_activities_raw/load_type=full/load_date=2026-06-14/lead_activities_raw_20260614_195821_part_00080.json,LOADED,1000,1000,1000,0,,,,
s3://sales-analytics-raw-aqib-test/lead_activities_raw/load_type=full/load_date=2026-06-14/lead_activities_raw_20260614_195810_part_00072.json,LOADED,1000,1000,1000,0,,,,
s3://sales-analytics-raw-aqib-test/lead_activities_raw/load_type=full/load_date=2026-06-14/lead_activities_raw_20260614_195932_part_00121.json,LOADED,1000,1000,1000,0,,,,
s3://sales-analytics-raw-aqib-test/lead_activities_raw/load_type=full/load_date=2026-06-14/lead_activities_raw_20260614_200005_part_00138.json,LOADED,1000,1000,1000,0,,,,
s3://sales-analytics-raw-aqib-test/lead_activities_raw/load_type=full/load_date=2026-06-14/lead_activities_raw_20260614_195620_part_00002.json,LOADED,1000,1000,1000,0,,,,
s3://sales-analytics-raw-aqib-test/lead_activities_raw/load_type=full/lead_activities_raw_20260707_203552_part_00218.json,LOADED,1000,1000,1000,0,,,,
s3://sales-analytics-raw-aqib-test/lead_activities_raw/load_type=full/load_date=2026-06-14/lead_activities_raw_20260614_195745_part_00056.json,LOADED,1000,1000,1000,0,,,,
s3://sales-analytics-raw-aqib-test/lead_activities_raw/load_type=full/load_date=2026-06-14/lead_activities_raw_20260614_195634_part_00010.json,LOADED,1000,1000,1000,0,,,,
s3://sales-analytics-raw-aqib-test/lead_activities_raw/load_type=full/load_date=2026-06-14/lead_activities_raw_20260614_195948_part_00129.json,LOADED,1000,1000,1000,0,,,,
s3://sales-analytics-raw-aqib-test/lead_activities_raw/load_type=full/load_date=2026-06-14/lead_activities_raw_20260614_195618_part_00001.json,LOADED,1000,1000,1000,0,,,,
s3://sales-analytics-raw-aqib-test/lead_activities_raw/load_type=full/load_date=2026-06-14/lead_activities_raw_20260614_195758_part_00064.json,LOADED,1000,1000,1000,0,,,,
s3://sales-analytics-raw-aqib-test/lead_activities_raw/load_type=full/load_date=2026-06-14/lead_activities_raw_20260614_195646_part_00017.json,LOADED,1000,1000,1000,0,,,,
s3://sales-analytics-raw-aqib-test/lead_activities_raw/load_type=full/load_date=2026-06-14/lead_activities_raw_20260614_200003_part_00137.json,LOADED,1000,1000,1000,0,,,,
s3://sales-analytics-raw-aqib-test/lead_activities_raw/load_type=full/load_date=2026-06-14/lead_activities_raw_20260614_195631_part_00008.json,LOADED,1000,1000,1000,0,,,,
s3://sales-analytics-raw-aqib-test/lead_activities_raw/load_type=full/load_date=2026-06-14/lead_activities_raw_20260614_195817_part_00077.json,LOADED,1000,1000,1000,0,,,,
s3://sales-analytics-raw-aqib-test/lead_activities_raw/load_type=full/lead_activities_raw_20260707_203402_part_00157.json,LOADED,1000,1000,1000,0,,,,
s3://sales-analytics-raw-aqib-test/lead_activities_raw/load_type=full/load_date=2026-06-14/lead_activities_raw_20260614_195743_part_00055.json,LOADED,1000,1000,1000,0,,,,
s3://sales-analytics-raw-aqib-test/lead_activities_raw/load_type=full/load_date=2026-06-14/lead_activities_raw_20260614_195823_part_00081.json,LOADED,1000,1000,1000,0,,,,
s3://sales-analytics-raw-aqib-test/lead_activities_raw/load_type=full/load_date=2026-06-14/lead_activities_raw_20260614_195641_part_00014.json,LOADED,1000,1000,1000,0,,,,
s3://sales-analytics-raw-aqib-test/lead_activities_raw/load_type=full/lead_activities_raw_20260707_203556_part_00220.json,LOADED,1000,1000,1000,0,,,,
s3://sales-analytics-raw-aqib-test/lead_activities_raw/load_type=full/load_date=2026-06-14/lead_activities_raw_20260614_195652_part_00021.json,LOADED,1000,1000,1000,0,,,,
s3://sales-analytics-raw-aqib-test/lead_activities_raw/load_type=full/load_date=2026-06-14/lead_activities_raw_20260614_195756_part_00063.json,LOADED,1000,1000,1000,0,,,,
s3://sales-analytics-raw-aqib-test/lead_activities_raw/load_type=full/load_date=2026-06-14/lead_activities_raw_20260614_195628_part_00006.json,LOADED,1000,1000,1000,0,,,,
s3://sales-analytics-raw-aqib-test/lead_activities_raw/load_type=full/lead_activities_raw_20260707_203411_part_00161.json,LOADED,1000,1000,1000,0,,,,
s3://sales-analytics-raw-aqib-test/lead_activities_raw/load_type=incremental/load_date=2026-06-25/lead_activities_raw_20260625_161254_part_00004.json,LOADED,1000,1000,1000,0,,,,
s3://sales-analytics-raw-aqib-test/lead_activities_raw/load_type=full/load_date=2026-06-14/lead_activities_raw_20260614_195639_part_00013.json,LOADED,1000,1000,1000,0,,,,
s3://sales-analytics-raw-aqib-test/lead_activities_raw/load_type=full/lead_activities_raw_20260707_203428_part_00169.json,LOADED,1000,1000,1000,0,,,,
s3://sales-analytics-raw-aqib-test/lead_activities_raw/load_type=full/load_date=2026-06-14/lead_activities_raw_20260614_195654_part_00022.json,LOADED,1000,1000,1000,0,,,,
s3://sales-analytics-raw-aqib-test/lead_activities_raw/load_type=full/lead_activities_raw_20260707_203446_part_00180.json,LOADED,1000,1000,1000,0,,,,
s3://sales-analytics-raw-aqib-test/lead_activities_raw/load_type=full/lead_activities_raw_20260707_203413_part_00162.json,LOADED,1000,1000,1000,0,,,,
s3://sales-analytics-raw-aqib-test/lead_activities_raw/load_type=full/load_date=2026-06-14/lead_activities_raw_20260614_195814_part_00075.json,LOADED,1000,1000,1000,0,,,,
s3://sales-analytics-raw-aqib-test/lead_activities_raw/load_type=full/lead_activities_raw_20260707_203144_part_00096.json,LOADED,1000,1000,1000,0,,,,
s3://sales-analytics-raw-aqib-test/lead_activities_raw/load_type=full/lead_activities_raw_20260707_203432_part_00171.json,LOADED,1000,1000,1000,0,,,,
s3://sales-analytics-raw-aqib-test/lead_activities_raw/load_type=full/lead_activities_raw_20260707_203157_part_00102.json,LOADED,1000,1000,1000,0,,,,
s3://sales-analytics-raw-aqib-test/lead_activities_raw/load_type=full/lead_activities_raw_20260707_203437_part_00174.json,LOADED,1000,1000,1000,0,,,,
s3://sales-analytics-raw-aqib-test/lead_activities_raw/load_type=full/lead_activities_raw_20260707_203218_part_00111.json,LOADED,1000,1000,1000,0,,,,
s3://sales-analytics-raw-aqib-test/lead_activities_raw/load_type=incremental/load_date=2026-06-25/lead_activities_raw_20260625_161258_part_00006.json,LOADED,1000,1000,1000,0,,,,
s3://sales-analytics-raw-aqib-test/lead_activities_raw/load_type=incremental/load_date=2026-06-25/lead_activities_raw_20260625_161313_part_00013.json,LOADED,1000,1000,1000,0,,,,
s3://sales-analytics-raw-aqib-test/lead_activities_raw/load_type=full/lead_activities_raw_20260707_203149_part_00098.json,LOADED,1000,1000,1000,0,,,,
s3://sales-analytics-raw-aqib-test/lead_activities_raw/load_type=full/lead_activities_raw_20260707_203237_part_00119.json,LOADED,1000,1000,1000,0,,,,
s3://sales-analytics-raw-aqib-test/lead_activities_raw/load_type=full/lead_activities_raw_20260707_203204_part_00105.json,LOADED,1000,1000,1000,0,,,,
s3://sales-analytics-raw-aqib-test/lead_activities_raw/load_type=full/lead_activities_raw_20260707_203415_part_00163.json,LOADED,1000,1000,1000,0,,,,
s3://sales-analytics-raw-aqib-test/lead_activities_raw/load_type=incremental/load_date=2026-06-25/lead_activities_raw_20260625_161331_part_00021.json,LOADED,1000,1000,1000,0,,,,
s3://sales-analytics-raw-aqib-test/lead_activities_raw/load_type=full/lead_activities_raw_20260707_203224_part_00113.json,LOADED,1000,1000,1000,0,,,,
s3://sales-analytics-raw-aqib-test/lead_activities_raw/load_type=full/lead_activities_raw_20260707_203549_part_00216.json,LOADED,1000,1000,1000,0,,,,
s3://sales-analytics-raw-aqib-test/lead_activities_raw/load_type=full/lead_activities_raw_20260707_203239_part_00120.json,LOADED,1000,1000,1000,0,,,,
s3://sales-analytics-raw-aqib-test/lead_activities_raw/load_type=incremental/load_date=2026-06-18/lead_activities_raw_20260618_184229_part_00016.json,LOADED,1000,1000,1000,0,,,,
s3://sales-analytics-raw-aqib-test/lead_activities_raw/load_type=full/load_date=2026-06-14/lead_activities_raw_20260614_195622_part_00003.json,LOADED,1000,1000,1000,0,,,,
s3://sales-analytics-raw-aqib-test/lead_activities_raw/load_type=incremental/load_date=2026-06-25/lead_activities_raw_20260625_161311_part_00012.json,LOADED,1000,1000,1000,0,,,,
s3://sales-analytics-raw-aqib-test/lead_activities_raw/load_type=incremental/load_date=2026-06-18/lead_activities_raw_20260618_184241_part_00022.json,LOADED,1000,1000,1000,0,,,,
s3://sales-analytics-raw-aqib-test/lead_activities_raw/load_type=incremental/load_date=2026-06-25/lead_activities_raw_20260625_161326_part_00019.json,LOADED,1000,1000,1000,0,,,,
s3://sales-analytics-raw-aqib-test/lead_activities_raw/load_type=incremental/load_date=2026-06-18/lead_activities_raw_20260618_184259_part_00031.json,LOADED,1000,1000,1000,0,,,,
s3://sales-analytics-raw-aqib-test/lead_activities_raw/load_type=full/lead_activities_raw_20260707_203430_part_00170.json,LOADED,1000,1000,1000,0,,,,
s3://sales-analytics-raw-aqib-test/lead_activities_raw/load_type=full/load_date=2026-06-14/lead_activities_raw_20260614_195636_part_00011.json,LOADED,1000,1000,1000,0,,,,
s3://sales-analytics-raw-aqib-test/lead_activities_raw/load_type=incremental/load_date=2026-06-25/lead_activities_raw_20260625_161252_part_00003.json,LOADED,1000,1000,1000,0,,,,
s3://sales-analytics-raw-aqib-test/lead_activities_raw/load_type=full/load_date=2026-06-14/lead_activities_raw_20260614_195649_part_00019.json,LOADED,1000,1000,1000,0,,,,
s3://sales-analytics-raw-aqib-test/lead_activities_raw/load_type=incremental/load_date=2026-06-25/lead_activities_raw_20260625_161340_part_00025.json,LOADED,1000,1000,1000,0,,,,
s3://sales-analytics-raw-aqib-test/lead_activities_raw/load_type=incremental/load_date=2026-06-22/lead_activities_raw_20260622_161654_part_00002.json,LOADED,1000,1000,1000,0,,,,
s3://sales-analytics-raw-aqib-test/lead_activities_raw/load_type=full/lead_activities_raw_20260707_203407_part_00159.json,LOADED,1000,1000,1000,0,,,,
s3://sales-analytics-raw-aqib-test/lead_activities_raw/load_type=incremental/load_date=2026-06-18/lead_activities_raw_20260618_184239_part_00021.json,LOADED,1000,1000,1000,0,,,,
s3://sales-analytics-raw-aqib-test/lead_activities_raw/load_type=full/lead_activities_raw_20260707_203423_part_00167.json,LOADED,1000,1000,1000,0,,,,
s3://sales-analytics-raw-aqib-test/lead_activities_raw/load_type=full/load_date=2026-06-14/lead_activities_raw_20260614_200309_part_00236.json,LOADED,1000,1000,1000,0,,,,
s3://sales-analytics-raw-aqib-test/lead_activities_raw/load_type=full/lead_activities_raw_20260707_203443_part_00178.json,LOADED,1000,1000,1000,0,,,,
s3://sales-analytics-raw-aqib-test/lead_activities_raw/load_type=full/load_date=2026-06-14/lead_activities_raw_20260614_200328_part_00245.json,LOADED,1000,1000,1000,0,,,,
s3://sales-analytics-raw-aqib-test/lead_activities_raw/load_type=incremental/load_date=2026-06-18/lead_activities_raw_20260618_184256_part_00029.json,LOADED,1000,1000,1000,0,,,,
s3://sales-analytics-raw-aqib-test/lead_activities_raw/load_type=full/lead_activities_raw_20260707_203438_part_00175.json,LOADED,1000,1000,1000,0,,,,
s3://sales-analytics-raw-aqib-test/lead_activities_raw/load_type=full/lead_activities_raw_20260707_203452_part_00183.json,LOADED,1000,1000,1000,0,,,,
s3://sales-analytics-raw-aqib-test/lead_activities_raw/load_type=full/load_date=2026-06-14/lead_activities_raw_20260614_200348_part_00256.json,LOADED,1000,1000,1000,0,,,,
s3://sales-analytics-raw-aqib-test/lead_activities_raw/load_type=incremental/load_date=2026-06-18/lead_activities_raw_20260618_184312_part_00037.json,LOADED,1000,1000,1000,0,,,,
s3://sales-analytics-raw-aqib-test/lead_activities_raw/load_type=full/lead_activities_raw_20260707_203155_part_00101.json,LOADED,1000,1000,1000,0,,,,
s3://sales-analytics-raw-aqib-test/lead_activities_raw/load_type=full/load_date=2026-06-14/lead_activities_raw_20260614_200116_part_00175.json,LOADED,1000,1000,1000,0,,,,
s3://sales-analytics-raw-aqib-test/lead_activities_raw/load_type=full/lead_activities_raw_20260707_203142_part_00095.json,LOADED,1000,1000,1000,0,,,,
s3://sales-analytics-raw-aqib-test/lead_activities_raw/load_type=full/load_date=2026-06-14/lead_activities_raw_20260614_200305_part_00234.json,LOADED,1000,1000,1000,0,,,,
s3://sales-analytics-raw-aqib-test/lead_activities_raw/load_type=full/lead_activities_raw_20260707_203214_part_00109.json,LOADED,1000,1000,1000,0,,,,
s3://sales-analytics-raw-aqib-test/lead_activities_raw/load_type=incremental/load_date=2026-06-25/lead_activities_raw_20260625_161309_part_00011.json,LOADED,1000,1000,1000,0,,,,
s3://sales-analytics-raw-aqib-test/lead_activities_raw/load_type=full/lead_activities_raw_20260707_203159_part_00103.json,LOADED,1000,1000,1000,0,,,,
s3://sales-analytics-raw-aqib-test/lead_activities_raw/load_type=full/load_date=2026-06-14/lead_activities_raw_20260614_200320_part_00241.json,LOADED,1000,1000,1000,0,,,,
s3://sales-analytics-raw-aqib-test/lead_activities_raw/load_type=incremental/load_date=2026-06-25/lead_activities_raw_20260625_161320_part_00016.json,LOADED,1000,1000,1000,0,,,,
s3://sales-analytics-raw-aqib-test/lead_activities_raw/load_type=full/lead_activities_raw_20260707_203216_part_00110.json,LOADED,1000,1000,1000,0,,,,
s3://sales-analytics-raw-aqib-test/lead_activities_raw/load_type=full/load_date=2026-06-14/lead_activities_raw_20260614_200335_part_00249.json,LOADED,1000,1000,1000,0,,,,
s3://sales-analytics-raw-aqib-test/lead_activities_raw/load_type=full/lead_activities_raw_20260707_203235_part_00118.json,LOADED,1000,1000,1000,0,,,,
s3://sales-analytics-raw-aqib-test/lead_activities_raw/load_type=incremental/load_date=2026-06-25/lead_activities_raw_20260625_161342_part_00026.json,LOADED,1000,1000,1000,0,,,,
s3://sales-analytics-raw-aqib-test/lead_activities_raw/load_type=full/lead_activities_raw_20260707_203232_part_00117.json,LOADED,1000,1000,1000,0,,,,
s3://sales-analytics-raw-aqib-test/lead_activities_raw/load_type=full/load_date=2026-06-14/lead_activities_raw_20260614_200350_part_00257.json,LOADED,1000,1000,1000,0,,,,
s3://sales-analytics-raw-aqib-test/lead_activities_raw/load_type=full/load_date=2026-06-14/lead_activities_raw_20260614_200114_part_00174.json,LOADED,1000,1000,1000,0,,,,
s3://sales-analytics-raw-aqib-test/lead_activities_raw/load_type=full/load_date=2026-06-14/lead_activities_raw_20260614_200129_part_00183.json,LOADED,1000,1000,1000,0,,,,
s3://sales-analytics-raw-aqib-test/lead_activities_raw/load_type=full/load_date=2026-06-14/lead_activities_raw_20260614_200143_part_00191.json,LOADED,1000,1000,1000,0,,,,
s3://sales-analytics-raw-aqib-test/lead_activities_raw/load_type=full/load_date=2026-06-14/lead_activities_raw_20260614_200202_part_00202.json,LOADED,1000,1000,1000,0,,,,
s3://sales-analytics-raw-aqib-test/lead_activities_raw/load_type=full/load_date=2026-06-14/lead_activities_raw_20260614_195926_part_00118.json,LOADED,1000,1000,1000,0,,,,
s3://sales-analytics-raw-aqib-test/lead_activities_raw/load_type=incremental/load_date=2026-06-18/lead_activities_raw_20260618_184246_part_00024.json,LOADED,1000,1000,1000,0,,,,
s3://sales-analytics-raw-aqib-test/lead_activities_raw/load_type=full/load_date=2026-06-14/lead_activities_raw_20260614_195946_part_00128.json,LOADED,1000,1000,1000,0,,,,
s3://sales-analytics-raw-aqib-test/lead_activities_raw/load_type=incremental/load_date=2026-06-18/lead_activities_raw_20260618_184258_part_00030.json,LOADED,1000,1000,1000,0,,,,
s3://sales-analytics-raw-aqib-test/lead_activities_raw/load_type=full/load_date=2026-06-14/lead_activities_raw_20260614_200126_part_00181.json,LOADED,1000,1000,1000,0,,,,
s3://sales-analytics-raw-aqib-test/lead_activities_raw/load_type=full/load_date=2026-06-14/lead_activities_raw_20260614_200001_part_00136.json,LOADED,1000,1000,1000,0,,,,
s3://sales-analytics-raw-aqib-test/lead_activities_raw/load_type=incremental/load_date=2026-06-22/lead_activities_raw_20260622_161652_part_00001.json,LOADED,1000,1000,1000,0,,,,
s3://sales-analytics-raw-aqib-test/lead_activities_raw/load_type=full/load_date=2026-06-14/lead_activities_raw_20260614_200140_part_00189.json,LOADED,1000,1000,1000,0,,,,
s3://sales-analytics-raw-aqib-test/lead_activities_raw/load_type=full/load_date=2026-06-14/lead_activities_raw_20260614_195742_part_00054.json,LOADED,1000,1000,1000,0,,,,
s3://sales-analytics-raw-aqib-test/lead_activities_raw/load_type=full/load_date=2026-06-14/lead_activities_raw_20260614_200307_part_00235.json,LOADED,1000,1000,1000,0,,,,
s3://sales-analytics-raw-aqib-test/lead_activities_raw/load_type=full/load_date=2026-06-14/lead_activities_raw_20260614_200150_part_00195.json,LOADED,1000,1000,1000,0,,,,
s3://sales-analytics-raw-aqib-test/lead_activities_raw/load_type=full/load_date=2026-06-14/lead_activities_raw_20260614_195755_part_00062.json,LOADED,1000,1000,1000,0,,,,
s3://sales-analytics-raw-aqib-test/lead_activities_raw/load_type=full/load_date=2026-06-14/lead_activities_raw_20260614_200322_part_00242.json,LOADED,1000,1000,1000,0,,,,
s3://sales-analytics-raw-aqib-test/lead_activities_raw/load_type=full/load_date=2026-06-14/lead_activities_raw_20260614_200159_part_00200.json,LOADED,1000,1000,1000,0,,,,
s3://sales-analytics-raw-aqib-test/lead_activities_raw/load_type=full/load_date=2026-06-14/lead_activities_raw_20260614_195807_part_00070.json,LOADED,1000,1000,1000,0,,,,
s3://sales-analytics-raw-aqib-test/lead_activities_raw/load_type=full/load_date=2026-06-14/lead_activities_raw_20260614_200337_part_00250.json,LOADED,1000,1000,1000,0,,,,
s3://sales-analytics-raw-aqib-test/lead_activities_raw/load_type=full/load_date=2026-06-14/lead_activities_raw_20260614_195934_part_00122.json,LOADED,1000,1000,1000,0,,,,
s3://sales-analytics-raw-aqib-test/lead_activities_raw/load_type=full/load_date=2026-06-14/lead_activities_raw_20260614_195812_part_00074.json,LOADED,1000,1000,1000,0,,,,
s3://sales-analytics-raw-aqib-test/lead_activities_raw/load_type=full/load_date=2026-06-14/lead_activities_raw_20260614_200352_part_00258.json,LOADED,1000,1000,1000,0,,,,
s3://sales-analytics-raw-aqib-test/lead_activities_raw/load_type=full/load_date=2026-06-14/lead_activities_raw_20260614_195951_part_00131.json,LOADED,1000,1000,1000,0,,,,
s3://sales-analytics-raw-aqib-test/lead_activities_raw/load_type=full/lead_activities_raw_20260707_203554_part_00219.json,LOADED,1000,1000,1000,0,,,,
s3://sales-analytics-raw-aqib-test/lead_activities_raw/load_type=full/load_date=2026-06-14/lead_activities_raw_20260614_200118_part_00176.json,LOADED,1000,1000,1000,0,,,,
s3://sales-analytics-raw-aqib-test/lead_activities_raw/load_type=full/load_date=2026-06-14/lead_activities_raw_20260614_200011_part_00141.json,LOADED,1000,1000,1000,0,,,,
s3://sales-analytics-raw-aqib-test/lead_activities_raw/load_type=full/load_date=2026-06-14/lead_activities_raw_20260614_195624_part_00004.json,LOADED,1000,1000,1000,0,,,,
s3://sales-analytics-raw-aqib-test/lead_activities_raw/load_type=full/load_date=2026-06-14/lead_activities_raw_20260614_200131_part_00184.json,LOADED,1000,1000,1000,0,,,,
s3://sales-analytics-raw-aqib-test/lead_activities_raw/load_type=full/load_date=2026-06-14/lead_activities_raw_20260614_195748_part_00058.json,LOADED,1000,1000,1000,0,,,,
s3://sales-analytics-raw-aqib-test/lead_activities_raw/load_type=full/load_date=2026-06-14/lead_activities_raw_20260614_195638_part_00012.json,LOADED,1000,1000,1000,0,,,,
s3://sales-analytics-raw-aqib-test/lead_activities_raw/load_type=full/load_date=2026-06-14/lead_activities_raw_20260614_195802_part_00067.json,LOADED,1000,1000,1000,0,,,,
s3://sales-analytics-raw-aqib-test/lead_activities_raw/load_type=full/load_date=2026-06-14/lead_activities_raw_20260614_200147_part_00193.json,LOADED,1000,1000,1000,0,,,,
s3://sales-analytics-raw-aqib-test/lead_activities_raw/load_type=full/load_date=2026-06-14/lead_activities_raw_20260614_195650_part_00020.json,LOADED,1000,1000,1000,0,,,,
s3://sales-analytics-raw-aqib-test/lead_activities_raw/load_type=full/load_date=2026-06-14/lead_activities_raw_20260614_195808_part_00071.json,LOADED,1000,1000,1000,0,,,,
s3://sales-analytics-raw-aqib-test/lead_activities_raw/load_type=full/load_date=2026-06-14/lead_activities_raw_20260614_195820_part_00079.json,LOADED,1000,1000,1000,0,,,,
s3://sales-analytics-raw-aqib-test/lead_activities_raw/load_type=full/lead_activities_raw_20260707_203551_part_00217.json,LOADED,1000,1000,1000,0,,,,
s3://sales-analytics-raw-aqib-test/lead_activities_raw/load_type=full/lead_activities_raw_20260707_203409_part_00160.json,LOADED,1000,1000,1000,0,,,,
s3://sales-analytics-raw-aqib-test/lead_activities_raw/load_type=full/load_date=2026-06-14/lead_activities_raw_20260614_195630_part_00007.json,LOADED,1000,1000,1000,0,,,,
s3://sales-analytics-raw-aqib-test/lead_activities_raw/load_type=full/lead_activities_raw_20260707_203426_part_00168.json,LOADED,1000,1000,1000,0,,,,
s3://sales-analytics-raw-aqib-test/lead_activities_raw/load_type=full/load_date=2026-06-14/lead_activities_raw_20260614_195917_part_00113.json,LOADED,1000,1000,1000,0,,,,
s3://sales-analytics-raw-aqib-test/lead_activities_raw/load_type=full/load_date=2026-06-14/lead_activities_raw_20260614_195930_part_00120.json,LOADED,1000,1000,1000,0,,,,
s3://sales-analytics-raw-aqib-test/lead_activities_raw/load_type=full/load_date=2026-06-14/lead_activities_raw_20260614_195944_part_00127.json,LOADED,1000,1000,1000,0,,,,
s3://sales-analytics-raw-aqib-test/lead_activities_raw/load_type=full/load_date=2026-06-14/lead_activities_raw_20260614_195955_part_00133.json,LOADED,1000,1000,1000,0,,,,
s3://sales-analytics-raw-aqib-test/lead_activities_raw/load_type=full/lead_activities_raw_20260707_203435_part_00173.json,LOADED,1000,1000,1000,0,,,,
s3://sales-analytics-raw-aqib-test/lead_activities_raw/load_type=full/lead_activities_raw_20260707_203146_part_00097.json,LOADED,1000,1000,1000,0,,,,
s3://sales-analytics-raw-aqib-test/lead_activities_raw/load_type=full/lead_activities_raw_20260707_203202_part_00104.json,LOADED,1000,1000,1000,0,,,,
s3://sales-analytics-raw-aqib-test/lead_activities_raw/load_type=full/lead_activities_raw_20260707_203221_part_00112.json,LOADED,1000,1000,1000,0,,,,
s3://sales-analytics-raw-aqib-test/lead_activities_raw/load_type=full/load_date=2026-06-14/lead_activities_raw_20260614_200009_part_00140.json,LOADED,1000,1000,1000,0,,,,
s3://sales-analytics-raw-aqib-test/lead_activities_raw/load_type=full/load_date=2026-06-14/lead_activities_raw_20260614_195642_part_00015.json,LOADED,1000,1000,1000,0,,,,
s3://sales-analytics-raw-aqib-test/lead_activities_raw/load_type=full/lead_activities_raw_20260707_203241_part_00121.json,LOADED,1000,1000,1000,0,,,,
s3://sales-analytics-raw-aqib-test/lead_activities_raw/load_type=full/load_date=2026-06-14/lead_activities_raw_20260614_195747_part_00057.json,LOADED,1000,1000,1000,0,,,,
s3://sales-analytics-raw-aqib-test/lead_activities_raw/load_type=full/lead_activities_raw_20260707_203400_part_00156.json,LOADED,1000,1000,1000,0,,,,
s3://sales-analytics-raw-aqib-test/lead_activities_raw/load_type=full/lead_activities_raw_20260707_203421_part_00166.json,LOADED,1000,1000,1000,0,,,,
s3://sales-analytics-raw-aqib-test/lead_activities_raw/load_type=full/load_date=2026-06-14/lead_activities_raw_20260614_195801_part_00066.json,LOADED,1000,1000,1000,0,,,,
s3://sales-analytics-raw-aqib-test/lead_activities_raw/load_type=full/lead_activities_raw_20260707_203433_part_00172.json,LOADED,1000,1000,1000,0,,,,
s3://sales-analytics-raw-aqib-test/lead_activities_raw/load_type=full/load_date=2026-06-14/lead_activities_raw_20260614_195818_part_00078.json,LOADED,1000,1000,1000,0,,,,
s3://sales-analytics-raw-aqib-test/lead_activities_raw/load_type=full/lead_activities_raw_20260707_203445_part_00179.json,LOADED,1000,1000,1000,0,,,,
s3://sales-analytics-raw-aqib-test/lead_activities_raw/load_type=full/load_date=2026-06-14/lead_activities_raw_20260614_195824_part_00082.json,LOADED,1000,1000,1000,0,,,,
s3://sales-analytics-raw-aqib-test/lead_activities_raw/load_type=full/lead_activities_raw_20260707_203454_part_00184.json,LOADED,1000,1000,1000,0,,,,
s3://sales-analytics-raw-aqib-test/lead_activities_raw/load_type=full/lead_activities_raw_20260707_203559_part_00221.json,LOADED,1000,1000,1000,0,,,,
s3://sales-analytics-raw-aqib-test/lead_activities_raw/load_type=full/lead_activities_raw_20260707_203209_part_00107.json,LOADED,1000,1000,1000,0,,,,
s3://sales-analytics-raw-aqib-test/lead_activities_raw/load_type=full/load_date=2026-06-14/lead_activities_raw_20260614_195633_part_00009.json,LOADED,1000,1000,1000,0,,,,
s3://sales-analytics-raw-aqib-test/lead_activities_raw/load_type=full/lead_activities_raw_20260707_203228_part_00115.json,LOADED,1000,1000,1000,0,,,,
s3://sales-analytics-raw-aqib-test/lead_activities_raw/load_type=full/load_date=2026-06-14/lead_activities_raw_20260614_195647_part_00018.json,LOADED,1000,1000,1000,0,,,,
s3://sales-analytics-raw-aqib-test/lead_activities_raw/load_type=full/lead_activities_raw_20260707_203246_part_00123.json,LOADED,1000,1000,1000,0,,,,
s3://sales-analytics-raw-aqib-test/lead_activities_raw/load_type=full/lead_activities_raw_20260707_203404_part_00158.json,LOADED,1000,1000,1000,0,,,,
s3://sales-analytics-raw-aqib-test/lead_activities_raw/load_type=full/lead_activities_raw_20260707_203419_part_00165.json,LOADED,1000,1000,1000,0,,,,
s3://sales-analytics-raw-aqib-test/lead_activities_raw/load_type=full/lead_activities_raw_20260707_203440_part_00176.json,LOADED,1000,1000,1000,0,,,,
s3://sales-analytics-raw-aqib-test/lead_activities_raw/load_type=full/lead_activities_raw_20260707_203448_part_00181.json,LOADED,1000,1000,1000,0,,,,
s3://sales-analytics-raw-aqib-test/lead_activities_raw/load_type=full/lead_activities_raw_20260707_203151_part_00099.json,LOADED,1000,1000,1000,0,,,,
s3://sales-analytics-raw-aqib-test/lead_activities_raw/load_type=full/lead_activities_raw_20260707_203207_part_00106.json,LOADED,1000,1000,1000,0,,,,
s3://sales-analytics-raw-aqib-test/lead_activities_raw/load_type=full/lead_activities_raw_20260707_203226_part_00114.json,LOADED,1000,1000,1000,0,,,,
s3://sales-analytics-raw-aqib-test/lead_activities_raw/load_type=full/lead_activities_raw_20260707_203244_part_00122.json,LOADED,1000,1000,1000,0,,,,
s3://sales-analytics-raw-aqib-test/lead_activities_raw/load_type=incremental/load_date=2026-06-25/lead_activities_raw_20260625_161307_part_00010.json,LOADED,1000,1000,1000,0,,,,
s3://sales-analytics-raw-aqib-test/lead_activities_raw/load_type=incremental/load_date=2026-06-25/lead_activities_raw_20260625_161324_part_00018.json,LOADED,1000,1000,1000,0,,,,
s3://sales-analytics-raw-aqib-test/lead_activities_raw/load_type=incremental/load_date=2026-06-25/lead_activities_raw_20260625_161344_part_00027.json,LOADED,1000,1000,1000,0,,,,
s3://sales-analytics-raw-aqib-test/lead_activities_raw/load_type=incremental/load_date=2026-06-18/lead_activities_raw_20260618_184244_part_00023.json,LOADED,1000,1000,1000,0,,,,
s3://sales-analytics-raw-aqib-test/lead_activities_raw/load_type=incremental/load_date=2026-06-18/lead_activities_raw_20260618_184301_part_00032.json,LOADED,1000,1000,1000,0,,,,
s3://sales-analytics-raw-aqib-test/lead_activities_raw/load_type=incremental/load_date=2026-06-18/lead_activities_raw_20260618_184313_part_00038.json,LOADED,291,291,291,0,,,,
s3://sales-analytics-raw-aqib-test/lead_activities_raw/load_type=incremental/load_date=2026-06-22/lead_activities_raw_20260622_161700_part_00005.json,LOADED,1000,1000,1000,0,,,,
s3://sales-analytics-raw-aqib-test/lead_activities_raw/load_type=full/load_date=2026-06-14/lead_activities_raw_20260614_200311_part_00237.json,LOADED,1000,1000,1000,0,,,,
s3://sales-analytics-raw-aqib-test/lead_activities_raw/load_type=full/load_date=2026-06-14/lead_activities_raw_20260614_200324_part_00243.json,LOADED,1000,1000,1000,0,,,,
s3://sales-analytics-raw-aqib-test/lead_activities_raw/load_type=full/load_date=2026-06-14/lead_activities_raw_20260614_200339_part_00251.json,LOADED,1000,1000,1000,0,,,,
s3://sales-analytics-raw-aqib-test/lead_activities_raw/load_type=full/load_date=2026-06-14/lead_activities_raw_20260614_200355_part_00260.json,LOADED,1000,1000,1000,0,,,,
s3://sales-analytics-raw-aqib-test/lead_activities_raw/load_type=full/load_date=2026-06-14/lead_activities_raw_20260614_200121_part_00178.json,LOADED,1000,1000,1000,0,,,,
s3://sales-analytics-raw-aqib-test/lead_activities_raw/load_type=full/load_date=2026-06-14/lead_activities_raw_20260614_200133_part_00185.json,LOADED,1000,1000,1000,0,,,,
s3://sales-analytics-raw-aqib-test/lead_activities_raw/load_type=full/load_date=2026-06-14/lead_activities_raw_20260614_200145_part_00192.json,LOADED,1000,1000,1000,0,,,,
s3://sales-analytics-raw-aqib-test/lead_activities_raw/load_type=full/load_date=2026-06-14/lead_activities_raw_20260614_200200_part_00201.json,LOADED,1000,1000,1000,0,,,,
s3://sales-analytics-raw-aqib-test/lead_activities_raw/load_type=full/load_date=2026-06-14/lead_activities_raw_20260614_195925_part_00117.json,LOADED,1000,1000,1000,0,,,,
s3://sales-analytics-raw-aqib-test/lead_activities_raw/load_type=full/load_date=2026-06-14/lead_activities_raw_20260614_195942_part_00126.json,LOADED,1000,1000,1000,0,,,,
s3://sales-analytics-raw-aqib-test/lead_activities_raw/load_type=full/load_date=2026-06-14/lead_activities_raw_20260614_195957_part_00134.json,LOADED,1000,1000,1000,0,,,,
s3://sales-analytics-raw-aqib-test/lead_activities_raw/load_type=full/load_date=2026-06-14/lead_activities_raw_20260614_200013_part_00142.json,LOADED,1000,1000,1000,0,,,,
s3://sales-analytics-raw-aqib-test/lead_activities_raw/load_type=full/load_date=2026-06-14/lead_activities_raw_20260614_195751_part_00060.json,LOADED,1000,1000,1000,0,,,,
s3://sales-analytics-raw-aqib-test/lead_activities_raw/load_type=full/load_date=2026-06-14/lead_activities_raw_20260614_195804_part_00068.json,LOADED,1000,1000,1000,0,,,,
s3://sales-analytics-raw-aqib-test/lead_activities_raw/load_type=full/load_date=2026-06-14/lead_activities_raw_20260614_195815_part_00076.json,LOADED,1000,1000,1000,0,,,,
s3://sales-analytics-raw-aqib-test/lead_activities_raw/load_type=full/lead_activities_raw_20260707_203547_part_00215.json,LOADED,1000,1000,1000,0,,,,
s3://sales-analytics-raw-aqib-test/lead_activities_raw/load_type=full/lead_activities_raw_20260707_203601_part_00222.json,LOADED,718,718,718,0,,,,
s3://sales-analytics-raw-aqib-test/lead_activities_raw/load_type=full/load_date=2026-06-14/lead_activities_raw_20260614_195626_part_00005.json,LOADED,1000,1000,1000,0,,,,
s3://sales-analytics-raw-aqib-test/lead_activities_raw/load_type=full/load_date=2026-06-14/lead_activities_raw_20260614_195644_part_00016.json,LOADED,1000,1000,1000,0,,,,
s3://sales-analytics-raw-aqib-test/lead_activities_raw/load_type=full/lead_activities_raw_20260707_203358_part_00155.json,LOADED,1000,1000,1000,0,,,,
s3://sales-analytics-raw-aqib-test/lead_activities_raw/load_type=full/lead_activities_raw_20260707_203417_part_00164.json,LOADED,1000,1000,1000,0,,,,
s3://sales-analytics-raw-aqib-test/lead_activities_raw/load_type=full/lead_activities_raw_20260707_203441_part_00177.json,LOADED,1000,1000,1000,0,,,,
s3://sales-analytics-raw-aqib-test/lead_activities_raw/load_type=full/lead_activities_raw_20260707_203450_part_00182.json,LOADED,1000,1000,1000,0,,,,
s3://sales-analytics-raw-aqib-test/lead_activities_raw/load_type=full/lead_activities_raw_20260707_203153_part_00100.json,LOADED,1000,1000,1000,0,,,,
s3://sales-analytics-raw-aqib-test/lead_activities_raw/load_type=full/lead_activities_raw_20260707_203211_part_00108.json,LOADED,1000,1000,1000,0,,,,
s3://sales-analytics-raw-aqib-test/lead_activities_raw/load_type=full/lead_activities_raw_20260707_203230_part_00116.json,LOADED,1000,1000,1000,0,,,,
s3://sales-analytics-raw-aqib-test/lead_activities_raw/load_type=full/lead_activities_raw_20260707_203249_part_00124.json,LOADED,1000,1000,1000,0,,,,
s3://sales-analytics-raw-aqib-test/lead_activities_raw/load_type=incremental/load_date=2026-06-22/lead_activities_raw_20260622_161712_part_00011.json,LOADED,1000,1000,1000,0,,,,
s3://sales-analytics-raw-aqib-test/lead_activities_raw/load_type=incremental/load_date=2026-06-22/lead_activities_raw_20260622_161716_part_00013.json,LOADED,1000,1000,1000,0,,,,
s3://sales-analytics-raw-aqib-test/lead_activities_raw/load_type=incremental/load_date=2026-06-22/lead_activities_raw_20260622_161734_part_00021.json,LOADED,1000,1000,1000,0,,,,
s3://sales-analytics-raw-aqib-test/lead_activities_raw/load_type=incremental/load_date=2026-06-22/lead_activities_raw_20260622_161721_part_00015.json,LOADED,1000,1000,1000,0,,,,
s3://sales-analytics-raw-aqib-test/lead_activities_raw/load_type=incremental/load_date=2026-06-22/lead_activities_raw_20260622_161725_part_00017.json,LOADED,1000,1000,1000,0,,,,
s3://sales-analytics-raw-aqib-test/lead_activities_raw/load_type=incremental/load_date=2026-06-22/lead_activities_raw_20260622_161727_part_00018.json,LOADED,1000,1000,1000,0,,,,
s3://sales-analytics-raw-aqib-test/lead_activities_raw/load_type=incremental/load_date=2026-06-22/lead_activities_raw_20260622_161752_part_00029.json,LOADED,1000,1000,1000,0,,,,
s3://sales-analytics-raw-aqib-test/lead_activities_raw/load_type=incremental/load_date=2026-06-22/lead_activities_raw_20260622_161811_part_00037.json,LOADED,1000,1000,1000,0,,,,
s3://sales-analytics-raw-aqib-test/lead_activities_raw/load_type=incremental/load_date=2026-06-22/lead_activities_raw_20260622_161742_part_00025.json,LOADED,1000,1000,1000,0,,,,
s3://sales-analytics-raw-aqib-test/lead_activities_raw/load_type=incremental/load_date=2026-06-22/lead_activities_raw_20260622_161745_part_00026.json,LOADED,1000,1000,1000,0,,,,
s3://sales-analytics-raw-aqib-test/lead_activities_raw/load_type=full/load_date=2026-06-14/lead_activities_raw_20260614_200412_part_00269.json,LOADED,1000,1000,1000,0,,,,
s3://sales-analytics-raw-aqib-test/lead_activities_raw/load_type=incremental/load_date=2026-06-22/lead_activities_raw_20260622_161706_part_00008.json,LOADED,1000,1000,1000,0,,,,
s3://sales-analytics-raw-aqib-test/lead_activities_raw/load_type=incremental/load_date=2026-06-22/lead_activities_raw_20260622_161804_part_00034.json,LOADED,1000,1000,1000,0,,,,
s3://sales-analytics-raw-aqib-test/lead_activities_raw/load_type=incremental/load_date=2026-06-22/lead_activities_raw_20260622_161802_part_00033.json,LOADED,1000,1000,1000,0,,,,
s3://sales-analytics-raw-aqib-test/lead_activities_raw/load_type=full/load_date=2026-06-14/lead_activities_raw_20260614_200429_part_00277.json,LOADED,616,616,616,0,,,,
s3://sales-analytics-raw-aqib-test/lead_activities_raw/load_type=full/load_date=2026-06-14/lead_activities_raw_20260614_200406_part_00266.json,LOADED,1000,1000,1000,0,,,,
s3://sales-analytics-raw-aqib-test/lead_activities_raw/load_type=incremental/load_date=2026-06-22/lead_activities_raw_20260622_161736_part_00022.json,LOADED,1000,1000,1000,0,,,,
s3://sales-analytics-raw-aqib-test/lead_activities_raw/load_type=incremental/load_date=2026-06-18/lead_activities_raw_20260618_184204_part_00004.json,LOADED,1000,1000,1000,0,,,,
s3://sales-analytics-raw-aqib-test/lead_activities_raw/load_type=full/load_date=2026-06-14/lead_activities_raw_20260614_200408_part_00267.json,LOADED,1000,1000,1000,0,,,,
s3://sales-analytics-raw-aqib-test/lead_activities_raw/load_type=full/load_date=2026-06-14/lead_activities_raw_20260614_200427_part_00276.json,LOADED,1000,1000,1000,0,,,,
s3://sales-analytics-raw-aqib-test/lead_activities_raw/load_type=incremental/load_date=2026-06-18/lead_activities_raw_20260618_184227_part_00015.json,LOADED,1000,1000,1000,0,,,,
s3://sales-analytics-raw-aqib-test/lead_activities_raw/load_type=incremental/load_date=2026-06-22/lead_activities_raw_20260622_161749_part_00028.json,LOADED,1000,1000,1000,0,,,,
s3://sales-analytics-raw-aqib-test/lead_activities_raw/load_type=incremental/load_date=2026-06-18/lead_activities_raw_20260618_184213_part_00008.json,LOADED,1000,1000,1000,0,,,,
s3://sales-analytics-raw-aqib-test/lead_activities_raw/load_type=full/load_date=2026-06-14/lead_activities_raw_20260614_200212_part_00207.json,LOADED,1000,1000,1000,0,,,,
s3://sales-analytics-raw-aqib-test/lead_activities_raw/load_type=full/load_date=2026-06-14/lead_activities_raw_20260614_200424_part_00275.json,LOADED,1000,1000,1000,0,,,,
s3://sales-analytics-raw-aqib-test/lead_activities_raw/load_type=incremental/load_date=2026-06-22/lead_activities_raw_20260622_161809_part_00036.json,LOADED,1000,1000,1000,0,,,,
s3://sales-analytics-raw-aqib-test/lead_activities_raw/load_type=full/load_date=2026-06-14/lead_activities_raw_20260614_200208_part_00205.json,LOADED,1000,1000,1000,0,,,,
s3://sales-analytics-raw-aqib-test/lead_activities_raw/load_type=full/load_date=2026-06-14/lead_activities_raw_20260614_200227_part_00215.json,LOADED,1000,1000,1000,0,,,,
s3://sales-analytics-raw-aqib-test/lead_activities_raw/load_type=incremental/load_date=2026-06-18/lead_activities_raw_20260618_184211_part_00007.json,LOADED,1000,1000,1000,0,,,,
s3://sales-analytics-raw-aqib-test/lead_activities_raw/load_type=full/load_date=2026-06-14/lead_activities_raw_20260614_200219_part_00211.json,LOADED,1000,1000,1000,0,,,,
s3://sales-analytics-raw-aqib-test/lead_activities_raw/load_type=full/load_date=2026-06-14/lead_activities_raw_20260614_200414_part_00270.json,LOADED,1000,1000,1000,0,,,,
s3://sales-analytics-raw-aqib-test/lead_activities_raw/load_type=full/load_date=2026-06-14/lead_activities_raw_20260614_200244_part_00223.json,LOADED,1000,1000,1000,0,,,,
s3://sales-analytics-raw-aqib-test/lead_activities_raw/load_type=full/load_date=2026-06-14/lead_activities_raw_20260614_200204_part_00203.json,LOADED,1000,1000,1000,0,,,,
s3://sales-analytics-raw-aqib-test/lead_activities_raw/load_type=full/load_date=2026-06-14/lead_activities_raw_20260614_200302_part_00232.json,LOADED,1000,1000,1000,0,,,,
s3://sales-analytics-raw-aqib-test/lead_activities_raw/load_type=incremental/load_date=2026-06-18/lead_activities_raw_20260618_184159_part_00002.json,LOADED,1000,1000,1000,0,,,,
s3://sales-analytics-raw-aqib-test/lead_activities_raw/load_type=full/load_date=2026-06-14/lead_activities_raw_20260614_200233_part_00218.json,LOADED,1000,1000,1000,0,,,,
s3://sales-analytics-raw-aqib-test/lead_activities_raw/load_type=full/load_date=2026-06-14/lead_activities_raw_20260614_200217_part_00210.json,LOADED,1000,1000,1000,0,,,,
s3://sales-analytics-raw-aqib-test/lead_activities_raw/load_type=full/load_date=2026-06-14/lead_activities_raw_20260614_200251_part_00226.json,LOADED,1000,1000,1000,0,,,,
s3://sales-analytics-raw-aqib-test/lead_activities_raw/load_type=full/load_date=2026-06-14/lead_activities_raw_20260614_200027_part_00150.json,LOADED,1000,1000,1000,0,,,,
s3://sales-analytics-raw-aqib-test/lead_activities_raw/load_type=incremental/load_date=2026-06-18/lead_activities_raw_20260618_184217_part_00010.json,LOADED,1000,1000,1000,0,,,,
s3://sales-analytics-raw-aqib-test/lead_activities_raw/load_type=full/load_date=2026-06-14/lead_activities_raw_20260614_200231_part_00217.json,LOADED,1000,1000,1000,0,,,,
s3://sales-analytics-raw-aqib-test/lead_activities_raw/load_type=full/load_date=2026-06-14/lead_activities_raw_20260614_200206_part_00204.json,LOADED,1000,1000,1000,0,,,,
s3://sales-analytics-raw-aqib-test/lead_activities_raw/load_type=full/load_date=2026-06-14/lead_activities_raw_20260614_200046_part_00160.json,LOADED,1000,1000,1000,0,,,,
s3://sales-analytics-raw-aqib-test/lead_activities_raw/load_type=full/load_date=2026-06-14/lead_activities_raw_20260614_200249_part_00225.json,LOADED,1000,1000,1000,0,,,,
s3://sales-analytics-raw-aqib-test/lead_activities_raw/load_type=full/load_date=2026-06-14/lead_activities_raw_20260614_200223_part_00213.json,LOADED,1000,1000,1000,0,,,,
s3://sales-analytics-raw-aqib-test/lead_activities_raw/load_type=full/load_date=2026-06-14/lead_activities_raw_20260614_200015_part_00143.json,LOADED,1000,1000,1000,0,,,,
s3://sales-analytics-raw-aqib-test/lead_activities_raw/load_type=full/load_date=2026-06-14/lead_activities_raw_20260614_200105_part_00169.json,LOADED,1000,1000,1000,0,,,,
s3://sales-analytics-raw-aqib-test/lead_activities_raw/load_type=full/load_date=2026-06-14/lead_activities_raw_20260614_200240_part_00221.json,LOADED,1000,1000,1000,0,,,,
s3://sales-analytics-raw-aqib-test/lead_activities_raw/load_type=full/load_date=2026-06-14/lead_activities_raw_20260614_200018_part_00145.json,LOADED,1000,1000,1000,0,,,,
s3://sales-analytics-raw-aqib-test/lead_activities_raw/load_type=full/load_date=2026-06-14/lead_activities_raw_20260614_195827_part_00084.json,LOADED,1000,1000,1000,0,,,,
s3://sales-analytics-raw-aqib-test/lead_activities_raw/load_type=incremental/load_date=2026-06-22/lead_activities_raw_20260622_161708_part_00009.json,LOADED,1000,1000,1000,0,,,,
s3://sales-analytics-raw-aqib-test/lead_activities_raw/load_type=full/load_date=2026-06-14/lead_activities_raw_20260614_200028_part_00151.json,LOADED,1000,1000,1000,0,,,,
s3://sales-analytics-raw-aqib-test/lead_activities_raw/load_type=full/load_date=2026-06-14/lead_activities_raw_20260614_200256_part_00229.json,LOADED,1000,1000,1000,0,,,,
s3://sales-analytics-raw-aqib-test/lead_activities_raw/load_type=incremental/load_date=2026-06-22/lead_activities_raw_20260622_161718_part_00014.json,LOADED,1000,1000,1000,0,,,,
s3://sales-analytics-raw-aqib-test/lead_activities_raw/load_type=full/load_date=2026-06-14/lead_activities_raw_20260614_195838_part_00091.json,LOADED,1000,1000,1000,0,,,,
s3://sales-analytics-raw-aqib-test/lead_activities_raw/load_type=full/load_date=2026-06-14/lead_activities_raw_20260614_200042_part_00158.json,LOADED,1000,1000,1000,0,,,,
s3://sales-analytics-raw-aqib-test/lead_activities_raw/load_type=incremental/load_date=2026-06-22/lead_activities_raw_20260622_161714_part_00012.json,LOADED,1000,1000,1000,0,,,,
s3://sales-analytics-raw-aqib-test/lead_activities_raw/load_type=full/load_date=2026-06-14/lead_activities_raw_20260614_200022_part_00147.json,LOADED,1000,1000,1000,0,,,,
s3://sales-analytics-raw-aqib-test/lead_activities_raw/load_type=incremental/load_date=2026-06-22/lead_activities_raw_20260622_161710_part_00010.json,LOADED,1000,1000,1000,0,,,,
s3://sales-analytics-raw-aqib-test/lead_activities_raw/load_type=full/load_date=2026-06-14/lead_activities_raw_20260614_200030_part_00152.json,LOADED,1000,1000,1000,0,,,,
s3://sales-analytics-raw-aqib-test/lead_activities_raw/load_type=full/load_date=2026-06-14/lead_activities_raw_20260614_195853_part_00100.json,LOADED,1000,1000,1000,0,,,,
s3://sales-analytics-raw-aqib-test/lead_activities_raw/load_type=full/load_date=2026-06-14/lead_activities_raw_20260614_200103_part_00168.json,LOADED,1000,1000,1000,0,,,,
s3://sales-analytics-raw-aqib-test/lead_activities_raw/load_type=incremental/load_date=2026-06-22/lead_activities_raw_20260622_161723_part_00016.json,LOADED,1000,1000,1000,0,,,,
s3://sales-analytics-raw-aqib-test/lead_activities_raw/load_type=incremental/load_date=2026-06-22/lead_activities_raw_20260622_161740_part_00024.json,LOADED,1000,1000,1000,0,,,,
s3://sales-analytics-raw-aqib-test/lead_activities_raw/load_type=incremental/load_date=2026-06-22/lead_activities_raw_20260622_161730_part_00019.json,LOADED,1000,1000,1000,0,,,,
s3://sales-analytics-raw-aqib-test/lead_activities_raw/load_type=full/load_date=2026-06-14/lead_activities_raw_20260614_195826_part_00083.json,LOADED,1000,1000,1000,0,,,,
s3://sales-analytics-raw-aqib-test/lead_activities_raw/load_type=incremental/load_date=2026-06-22/lead_activities_raw_20260622_161732_part_00020.json,LOADED,1000,1000,1000,0,,,,
s3://sales-analytics-raw-aqib-test/lead_activities_raw/load_type=full/load_date=2026-06-14/lead_activities_raw_20260614_200044_part_00159.json,LOADED,1000,1000,1000,0,,,,
s3://sales-analytics-raw-aqib-test/lead_activities_raw/load_type=full/load_date=2026-06-14/lead_activities_raw_20260614_200107_part_00170.json,LOADED,1000,1000,1000,0,,,,
s3://sales-analytics-raw-aqib-test/lead_activities_raw/load_type=full/load_date=2026-06-14/lead_activities_raw_20260614_195836_part_00090.json,LOADED,1000,1000,1000,0,,,,
s3://sales-analytics-raw-aqib-test/lead_activities_raw/load_type=full/load_date=2026-06-14/lead_activities_raw_20260614_195907_part_00108.json,LOADED,1000,1000,1000,0,,,,
s3://sales-analytics-raw-aqib-test/lead_activities_raw/load_type=full/load_date=2026-06-14/lead_activities_raw_20260614_195832_part_00087.json,LOADED,1000,1000,1000,0,,,,
s3://sales-analytics-raw-aqib-test/lead_activities_raw/load_type=full/load_date=2026-06-14/lead_activities_raw_20260614_195844_part_00095.json,LOADED,1000,1000,1000,0,,,,
s3://sales-analytics-raw-aqib-test/lead_activities_raw/load_type=incremental/load_date=2026-06-22/lead_activities_raw_20260622_161738_part_00023.json,LOADED,1000,1000,1000,0,,,,
s3://sales-analytics-raw-aqib-test/lead_activities_raw/load_type=full/load_date=2026-06-14/lead_activities_raw_20260614_195850_part_00098.json,LOADED,1000,1000,1000,0,,,,
s3://sales-analytics-raw-aqib-test/lead_activities_raw/load_type=full/load_date=2026-06-14/lead_activities_raw_20260614_195901_part_00104.json,LOADED,1000,1000,1000,0,,,,
s3://sales-analytics-raw-aqib-test/lead_activities_raw/load_type=full/load_date=2026-06-14/lead_activities_raw_20260614_195902_part_00105.json,LOADED,1000,1000,1000,0,,,,
s3://sales-analytics-raw-aqib-test/lead_activities_raw/load_type=full/load_date=2026-06-14/lead_activities_raw_20260614_200036_part_00155.json,LOADED,1000,1000,1000,0,,,,
s3://sales-analytics-raw-aqib-test/lead_activities_raw/load_type=incremental/load_date=2026-06-22/lead_activities_raw_20260622_161755_part_00030.json,LOADED,1000,1000,1000,0,,,,
s3://sales-analytics-raw-aqib-test/lead_activities_raw/load_type=full/load_date=2026-06-14/lead_activities_raw_20260614_195655_part_00023.json,LOADED,1000,1000,1000,0,,,,
s3://sales-analytics-raw-aqib-test/lead_activities_raw/load_type=full/load_date=2026-06-14/lead_activities_raw_20260614_195700_part_00026.json,LOADED,1000,1000,1000,0,,,,
s3://sales-analytics-raw-aqib-test/lead_activities_raw/load_type=full/load_date=2026-06-14/lead_activities_raw_20260614_200053_part_00163.json,LOADED,1000,1000,1000,0,,,,
s3://sales-analytics-raw-aqib-test/lead_activities_raw/load_type=full/load_date=2026-06-14/lead_activities_raw_20260614_195708_part_00031.json,LOADED,1000,1000,1000,0,,,,
s3://sales-analytics-raw-aqib-test/lead_activities_raw/load_type=full/load_date=2026-06-14/lead_activities_raw_20260614_200400_part_00263.json,LOADED,1000,1000,1000,0,,,,
s3://sales-analytics-raw-aqib-test/lead_activities_raw/load_type=full/load_date=2026-06-14/lead_activities_raw_20260614_195711_part_00033.json,LOADED,1000,1000,1000,0,,,,
s3://sales-analytics-raw-aqib-test/lead_activities_raw/load_type=full/load_date=2026-06-14/lead_activities_raw_20260614_195721_part_00039.json,LOADED,1000,1000,1000,0,,,,
s3://sales-analytics-raw-aqib-test/lead_activities_raw/load_type=full/load_date=2026-06-14/lead_activities_raw_20260614_200111_part_00172.json,LOADED,1000,1000,1000,0,,,,
s3://sales-analytics-raw-aqib-test/lead_activities_raw/load_type=full/load_date=2026-06-14/lead_activities_raw_20260614_195839_part_00092.json,LOADED,1000,1000,1000,0,,,,
s3://sales-analytics-raw-aqib-test/lead_activities_raw/load_type=full/load_date=2026-06-14/lead_activities_raw_20260614_200418_part_00272.json,LOADED,1000,1000,1000,0,,,,
s3://sales-analytics-raw-aqib-test/lead_activities_raw/load_type=full/load_date=2026-06-14/lead_activities_raw_20260614_195658_part_00025.json,LOADED,1000,1000,1000,0,,,,
s3://sales-analytics-raw-aqib-test/lead_activities_raw/load_type=incremental/load_date=2026-06-22/lead_activities_raw_20260622_161747_part_00027.json,LOADED,1000,1000,1000,0,,,,
s3://sales-analytics-raw-aqib-test/lead_activities_raw/load_type=full/load_date=2026-06-14/lead_activities_raw_20260614_195852_part_00099.json,LOADED,1000,1000,1000,0,,,,
s3://sales-analytics-raw-aqib-test/lead_activities_raw/load_type=full/load_date=2026-06-14/lead_activities_raw_20260614_195713_part_00034.json,LOADED,1000,1000,1000,0,,,,
s3://sales-analytics-raw-aqib-test/lead_activities_raw/load_type=full/load_date=2026-06-14/lead_activities_raw_20260614_195724_part_00041.json,LOADED,1000,1000,1000,0,,,,
s3://sales-analytics-raw-aqib-test/lead_activities_raw/load_type=full/load_date=2026-06-14/lead_activities_raw_20260614_195904_part_00106.json,LOADED,1000,1000,1000,0,,,,
s3://sales-analytics-raw-aqib-test/lead_activities_raw/load_type=full/load_date=2026-06-14/lead_activities_raw_20260614_195739_part_00052.json,LOADED,1000,1000,1000,0,,,,
s3://sales-analytics-raw-aqib-test/lead_activities_raw/load_type=incremental/load_date=2026-06-22/lead_activities_raw_20260622_161800_part_00032.json,LOADED,1000,1000,1000,0,,,,
s3://sales-analytics-raw-aqib-test/lead_activities_raw/load_type=full/load_date=2026-06-14/lead_activities_raw_20260614_200404_part_00265.json,LOADED,1000,1000,1000,0,,,,
s3://sales-analytics-raw-aqib-test/lead_activities_raw/load_type=incremental/load_date=2026-06-22/lead_activities_raw_20260622_161807_part_00035.json,LOADED,1000,1000,1000,0,,,,
s3://sales-analytics-raw-aqib-test/lead_activities_raw/load_type=full/load_date=2026-06-14/lead_activities_raw_20260614_200420_part_00273.json,LOADED,1000,1000,1000,0,,,,
s3://sales-analytics-raw-aqib-test/lead_activities_raw/load_type=full/load_date=2026-06-14/lead_activities_raw_20260614_200410_part_00268.json,LOADED,1000,1000,1000,0,,,,
s3://sales-analytics-raw-aqib-test/lead_activities_raw/load_type=incremental/load_date=2026-06-18/lead_activities_raw_20260618_184207_part_00005.json,LOADED,1000,1000,1000,0,,,,
s3://sales-analytics-raw-aqib-test/lead_activities_raw/load_type=incremental/load_date=2026-06-18/lead_activities_raw_20260618_184221_part_00012.json,LOADED,1000,1000,1000,0,,,,
s3://sales-analytics-raw-aqib-test/lead_activities_raw/load_type=full/load_date=2026-06-14/lead_activities_raw_20260614_200215_part_00209.json,LOADED,1000,1000,1000,0,,,,
s3://sales-analytics-raw-aqib-test/lead_activities_raw/load_type=incremental/load_date=2026-06-18/lead_activities_raw_20260618_184202_part_00003.json,LOADED,1000,1000,1000,0,,,,
s3://sales-analytics-raw-aqib-test/lead_activities_raw/load_type=incremental/load_date=2026-06-18/lead_activities_raw_20260618_184219_part_00011.json,LOADED,1000,1000,1000,0,,,,
s3://sales-analytics-raw-aqib-test/lead_activities_raw/load_type=full/load_date=2026-06-14/lead_activities_raw_20260614_195722_part_00040.json,LOADED,1000,1000,1000,0,,,,
s3://sales-analytics-raw-aqib-test/lead_activities_raw/load_type=full/load_date=2026-06-14/lead_activities_raw_20260614_200210_part_00206.json,LOADED,1000,1000,1000,0,,,,
s3://sales-analytics-raw-aqib-test/lead_activities_raw/load_type=full/load_date=2026-06-14/lead_activities_raw_20260614_195737_part_00051.json,LOADED,1000,1000,1000,0,,,,
s3://sales-analytics-raw-aqib-test/lead_activities_raw/load_type=full/load_date=2026-06-14/lead_activities_raw_20260614_195732_part_00047.json,LOADED,1000,1000,1000,0,,,,
s3://sales-analytics-raw-aqib-test/lead_activities_raw/load_type=full/lead_activities_raw_20260707_203501_part_00188.json,LOADED,1000,1000,1000,0,,,,
s3://sales-analytics-raw-aqib-test/lead_activities_raw/load_type=full/lead_activities_raw_20260707_203459_part_00187.json,LOADED,1000,1000,1000,0,,,,
s3://sales-analytics-raw-aqib-test/lead_activities_raw/load_type=full/lead_activities_raw_20260707_203511_part_00194.json,LOADED,1000,1000,1000,0,,,,
s3://sales-analytics-raw-aqib-test/lead_activities_raw/load_type=full/lead_activities_raw_20260707_203527_part_00203.json,LOADED,1000,1000,1000,0,,,,
s3://sales-analytics-raw-aqib-test/lead_activities_raw/load_type=incremental/load_date=2026-06-22/lead_activities_raw_20260622_161758_part_00031.json,LOADED,1000,1000,1000,0,,,,
s3://sales-analytics-raw-aqib-test/lead_activities_raw/load_type=full/lead_activities_raw_20260707_203540_part_00211.json,LOADED,1000,1000,1000,0,,,,
s3://sales-analytics-raw-aqib-test/lead_activities_raw/load_type=full/lead_activities_raw_20260707_203258_part_00128.json,LOADED,1000,1000,1000,0,,,,
s3://sales-analytics-raw-aqib-test/lead_activities_raw/load_type=full/lead_activities_raw_20260707_203313_part_00135.json,LOADED,1000,1000,1000,0,,,,
s3://sales-analytics-raw-aqib-test/lead_activities_raw/load_type=full/lead_activities_raw_20260707_203515_part_00196.json,LOADED,1000,1000,1000,0,,,,
s3://sales-analytics-raw-aqib-test/lead_activities_raw/load_type=full/lead_activities_raw_20260707_203334_part_00144.json,LOADED,1000,1000,1000,0,,,,
s3://sales-analytics-raw-aqib-test/lead_activities_raw/load_type=full/lead_activities_raw_20260707_203350_part_00151.json,LOADED,1000,1000,1000,0,,,,
s3://sales-analytics-raw-aqib-test/lead_activities_raw/load_type=full/load_date=2026-06-14/lead_activities_raw_20260614_200225_part_00214.json,LOADED,1000,1000,1000,0,,,,
s3://sales-analytics-raw-aqib-test/lead_activities_raw/load_type=full/lead_activities_raw_20260707_203111_part_00081.json,LOADED,1000,1000,1000,0,,,,
s3://sales-analytics-raw-aqib-test/lead_activities_raw/load_type=full/lead_activities_raw_20260707_203127_part_00088.json,LOADED,1000,1000,1000,0,,,,
s3://sales-analytics-raw-aqib-test/lead_activities_raw/load_type=full/load_date=2026-06-14/lead_activities_raw_20260614_200235_part_00219.json,LOADED,1000,1000,1000,0,,,,
s3://sales-analytics-raw-aqib-test/lead_activities_raw/load_type=full/load_date=2026-06-14/lead_activities_raw_20260614_200253_part_00227.json,LOADED,1000,1000,1000,0,,,,
s3://sales-analytics-raw-aqib-test/lead_activities_raw/load_type=full/load_date=2026-06-14/lead_activities_raw_20260614_200017_part_00144.json,LOADED,1000,1000,1000,0,,,,
s3://sales-analytics-raw-aqib-test/lead_activities_raw/load_type=full/load_date=2026-06-14/lead_activities_raw_20260614_200032_part_00153.json,LOADED,1000,1000,1000,0,,,,
s3://sales-analytics-raw-aqib-test/lead_activities_raw/load_type=full/load_date=2026-06-14/lead_activities_raw_20260614_200048_part_00161.json,LOADED,1000,1000,1000,0,,,,
s3://sales-analytics-raw-aqib-test/lead_activities_raw/load_type=full/load_date=2026-06-14/lead_activities_raw_20260614_200059_part_00166.json,LOADED,1000,1000,1000,0,,,,
s3://sales-analytics-raw-aqib-test/lead_activities_raw/load_type=full/load_date=2026-06-14/lead_activities_raw_20260614_195833_part_00088.json,LOADED,1000,1000,1000,0,,,,
s3://sales-analytics-raw-aqib-test/lead_activities_raw/load_type=full/load_date=2026-06-14/lead_activities_raw_20260614_195848_part_00097.json,LOADED,1000,1000,1000,0,,,,
s3://sales-analytics-raw-aqib-test/lead_activities_raw/load_type=full/load_date=2026-06-14/lead_activities_raw_20260614_200422_part_00274.json,LOADED,1000,1000,1000,0,,,,
s3://sales-analytics-raw-aqib-test/lead_activities_raw/load_type=full/load_date=2026-06-14/lead_activities_raw_20260614_195859_part_00103.json,LOADED,1000,1000,1000,0,,,,
s3://sales-analytics-raw-aqib-test/lead_activities_raw/load_type=incremental/load_date=2026-06-18/lead_activities_raw_20260618_184209_part_00006.json,LOADED,1000,1000,1000,0,,,,
s3://sales-analytics-raw-aqib-test/lead_activities_raw/load_type=full/load_date=2026-06-14/lead_activities_raw_20260614_195915_part_00112.json,LOADED,1000,1000,1000,0,,,,
s3://sales-analytics-raw-aqib-test/lead_activities_raw/load_type=incremental/load_date=2026-06-18/lead_activities_raw_20260618_184225_part_00014.json,LOADED,1000,1000,1000,0,,,,
s3://sales-analytics-raw-aqib-test/lead_activities_raw/load_type=full/lead_activities_raw_20260707_203503_part_00189.json,LOADED,1000,1000,1000,0,,,,
s3://sales-analytics-raw-aqib-test/lead_activities_raw/load_type=full/load_date=2026-06-14/lead_activities_raw_20260614_195705_part_00029.json,LOADED,1000,1000,1000,0,,,,
s3://sales-analytics-raw-aqib-test/lead_activities_raw/load_type=full/load_date=2026-06-14/lead_activities_raw_20260614_195715_part_00035.json,LOADED,1000,1000,1000,0,,,,
s3://sales-analytics-raw-aqib-test/lead_activities_raw/load_type=full/lead_activities_raw_20260707_203517_part_00197.json,LOADED,1000,1000,1000,0,,,,
s3://sales-analytics-raw-aqib-test/lead_activities_raw/load_type=full/load_date=2026-06-14/lead_activities_raw_20260614_195913_part_00111.json,LOADED,1000,1000,1000,0,,,,
s3://sales-analytics-raw-aqib-test/lead_activities_raw/load_type=full/load_date=2026-06-14/lead_activities_raw_20260614_195725_part_00042.json,LOADED,1000,1000,1000,0,,,,
s3://sales-analytics-raw-aqib-test/lead_activities_raw/load_type=full/lead_activities_raw_20260707_203530_part_00205.json,LOADED,1000,1000,1000,0,,,,
s3://sales-analytics-raw-aqib-test/lead_activities_raw/load_type=full/load_date=2026-06-14/lead_activities_raw_20260614_195706_part_00030.json,LOADED,1000,1000,1000,0,,,,
s3://sales-analytics-raw-aqib-test/lead_activities_raw/load_type=full/load_date=2026-06-14/lead_activities_raw_20260614_195733_part_00048.json,LOADED,1000,1000,1000,0,,,,
s3://sales-analytics-raw-aqib-test/lead_activities_raw/load_type=full/lead_activities_raw_20260707_203318_part_00137.json,LOADED,1000,1000,1000,0,,,,
s3://sales-analytics-raw-aqib-test/lead_activities_raw/load_type=full/load_date=2026-06-14/lead_activities_raw_20260614_200213_part_00208.json,LOADED,1000,1000,1000,0,,,,
s3://sales-analytics-raw-aqib-test/lead_activities_raw/load_type=full/lead_activities_raw_20260707_203507_part_00191.json,LOADED,1000,1000,1000,0,,,,
s3://sales-analytics-raw-aqib-test/lead_activities_raw/load_type=full/load_date=2026-06-14/lead_activities_raw_20260614_200229_part_00216.json,LOADED,1000,1000,1000,0,,,,
s3://sales-analytics-raw-aqib-test/lead_activities_raw/load_type=full/lead_activities_raw_20260707_203520_part_00199.json,LOADED,1000,1000,1000,0,,,,
s3://sales-analytics-raw-aqib-test/lead_activities_raw/load_type=full/load_date=2026-06-14/lead_activities_raw_20260614_195719_part_00038.json,LOADED,1000,1000,1000,0,,,,
s3://sales-analytics-raw-aqib-test/lead_activities_raw/load_type=full/lead_activities_raw_20260707_203535_part_00208.json,LOADED,1000,1000,1000,0,,,,
s3://sales-analytics-raw-aqib-test/lead_activities_raw/load_type=full/load_date=2026-06-14/lead_activities_raw_20260614_200247_part_00224.json,LOADED,1000,1000,1000,0,,,,
s3://sales-analytics-raw-aqib-test/lead_activities_raw/load_type=full/lead_activities_raw_20260707_203545_part_00214.json,LOADED,1000,1000,1000,0,,,,
s3://sales-analytics-raw-aqib-test/lead_activities_raw/load_type=full/load_date=2026-06-14/lead_activities_raw_20260614_200300_part_00231.json,LOADED,1000,1000,1000,0,,,,
s3://sales-analytics-raw-aqib-test/lead_activities_raw/load_type=full/lead_activities_raw_20260707_203305_part_00131.json,LOADED,1000,1000,1000,0,,,,
s3://sales-analytics-raw-aqib-test/lead_activities_raw/load_type=full/load_date=2026-06-14/lead_activities_raw_20260614_200025_part_00149.json,LOADED,1000,1000,1000,0,,,,
s3://sales-analytics-raw-aqib-test/lead_activities_raw/load_type=full/load_date=2026-06-14/lead_activities_raw_20260614_200242_part_00222.json,LOADED,1000,1000,1000,0,,,,
s3://sales-analytics-raw-aqib-test/lead_activities_raw/load_type=full/load_date=2026-06-14/lead_activities_raw_20260614_200038_part_00156.json,LOADED,1000,1000,1000,0,,,,
s3://sales-analytics-raw-aqib-test/lead_activities_raw/load_type=full/load_date=2026-06-14/lead_activities_raw_20260614_200258_part_00230.json,LOADED,1000,1000,1000,0,,,,
s3://sales-analytics-raw-aqib-test/lead_activities_raw/load_type=full/lead_activities_raw_20260707_203528_part_00204.json,LOADED,1000,1000,1000,0,,,,
s3://sales-analytics-raw-aqib-test/lead_activities_raw/load_type=full/load_date=2026-06-14/lead_activities_raw_20260614_200057_part_00165.json,LOADED,1000,1000,1000,0,,,,
s3://sales-analytics-raw-aqib-test/lead_activities_raw/load_type=full/load_date=2026-06-14/lead_activities_raw_20260614_200023_part_00148.json,LOADED,1000,1000,1000,0,,,,
s3://sales-analytics-raw-aqib-test/lead_activities_raw/load_type=full/load_date=2026-06-14/lead_activities_raw_20260614_200402_part_00264.json,LOADED,1000,1000,1000,0,,,,
s3://sales-analytics-raw-aqib-test/lead_activities_raw/load_type=full/load_date=2026-06-14/lead_activities_raw_20260614_200109_part_00171.json,LOADED,1000,1000,1000,0,,,,
s3://sales-analytics-raw-aqib-test/lead_activities_raw/load_type=full/lead_activities_raw_20260707_203541_part_00212.json,LOADED,1000,1000,1000,0,,,,
s3://sales-analytics-raw-aqib-test/lead_activities_raw/load_type=full/load_date=2026-06-14/lead_activities_raw_20260614_200040_part_00157.json,LOADED,1000,1000,1000,0,,,,
s3://sales-analytics-raw-aqib-test/lead_activities_raw/load_type=full/lead_activities_raw_20260707_203322_part_00139.json,LOADED,1000,1000,1000,0,,,,
s3://sales-analytics-raw-aqib-test/lead_activities_raw/load_type=full/lead_activities_raw_20260707_203300_part_00129.json,LOADED,1000,1000,1000,0,,,,
s3://sales-analytics-raw-aqib-test/lead_activities_raw/load_type=full/load_date=2026-06-14/lead_activities_raw_20260614_200055_part_00164.json,LOADED,1000,1000,1000,0,,,,
s3://sales-analytics-raw-aqib-test/lead_activities_raw/load_type=full/lead_activities_raw_20260707_203316_part_00136.json,LOADED,1000,1000,1000,0,,,,
s3://sales-analytics-raw-aqib-test/lead_activities_raw/load_type=full/load_date=2026-06-14/lead_activities_raw_20260614_195731_part_00046.json,LOADED,1000,1000,1000,0,,,,
s3://sales-analytics-raw-aqib-test/lead_activities_raw/load_type=full/load_date=2026-06-14/lead_activities_raw_20260614_195829_part_00085.json,LOADED,1000,1000,1000,0,,,,
s3://sales-analytics-raw-aqib-test/lead_activities_raw/load_type=full/load_date=2026-06-14/lead_activities_raw_20260614_195841_part_00093.json,LOADED,1000,1000,1000,0,,,,
s3://sales-analytics-raw-aqib-test/lead_activities_raw/load_type=full/lead_activities_raw_20260707_203457_part_00186.json,LOADED,1000,1000,1000,0,,,,
s3://sales-analytics-raw-aqib-test/lead_activities_raw/load_type=full/load_date=2026-06-14/lead_activities_raw_20260614_195857_part_00102.json,LOADED,1000,1000,1000,0,,,,
s3://sales-analytics-raw-aqib-test/lead_activities_raw/load_type=full/lead_activities_raw_20260707_203513_part_00195.json,LOADED,1000,1000,1000,0,,,,
s3://sales-analytics-raw-aqib-test/lead_activities_raw/load_type=full/load_date=2026-06-14/lead_activities_raw_20260614_195909_part_00109.json,LOADED,1000,1000,1000,0,,,,
s3://sales-analytics-raw-aqib-test/lead_activities_raw/load_type=full/lead_activities_raw_20260707_203332_part_00143.json,LOADED,1000,1000,1000,0,,,,
s3://sales-analytics-raw-aqib-test/lead_activities_raw/load_type=full/lead_activities_raw_20260707_203525_part_00202.json,LOADED,1000,1000,1000,0,,,,
s3://sales-analytics-raw-aqib-test/lead_activities_raw/load_type=full/lead_activities_raw_20260707_203348_part_00150.json,LOADED,1000,1000,1000,0,,,,
s3://sales-analytics-raw-aqib-test/lead_activities_raw/load_type=full/lead_activities_raw_20260707_203538_part_00210.json,LOADED,1000,1000,1000,0,,,,
s3://sales-analytics-raw-aqib-test/lead_activities_raw/load_type=full/lead_activities_raw_20260707_203339_part_00146.json,LOADED,1000,1000,1000,0,,,,
s3://sales-analytics-raw-aqib-test/lead_activities_raw/load_type=full/lead_activities_raw_20260707_203109_part_00080.json,LOADED,1000,1000,1000,0,,,,
s3://sales-analytics-raw-aqib-test/lead_activities_raw/load_type=full/lead_activities_raw_20260707_203255_part_00127.json,LOADED,1000,1000,1000,0,,,,
s3://sales-analytics-raw-aqib-test/lead_activities_raw/load_type=full/lead_activities_raw_20260707_203123_part_00086.json,LOADED,1000,1000,1000,0,,,,
s3://sales-analytics-raw-aqib-test/lead_activities_raw/load_type=full/load_date=2026-06-14/lead_activities_raw_20260614_195830_part_00086.json,LOADED,1000,1000,1000,0,,,,
s3://sales-analytics-raw-aqib-test/lead_activities_raw/load_type=full/load_date=2026-06-14/lead_activities_raw_20260614_200416_part_00271.json,LOADED,1000,1000,1000,0,,,,
s3://sales-analytics-raw-aqib-test/lead_activities_raw/load_type=full/lead_activities_raw_20260707_203134_part_00091.json,LOADED,1000,1000,1000,0,,,,
s3://sales-analytics-raw-aqib-test/lead_activities_raw/load_type=full/lead_activities_raw_20260707_203309_part_00133.json,LOADED,1000,1000,1000,0,,,,
s3://sales-analytics-raw-aqib-test/lead_activities_raw/load_type=full/load_date=2026-06-14/lead_activities_raw_20260614_195842_part_00094.json,LOADED,1000,1000,1000,0,,,,
s3://sales-analytics-raw-aqib-test/lead_activities_raw/load_type=full/load_date=2026-06-14/lead_activities_raw_20260614_195855_part_00101.json,LOADED,1000,1000,1000,0,,,,
s3://sales-analytics-raw-aqib-test/lead_activities_raw/load_type=full/lead_activities_raw_20260707_203330_part_00142.json,LOADED,1000,1000,1000,0,,,,
s3://sales-analytics-raw-aqib-test/lead_activities_raw/load_type=full/lead_activities_raw_20260707_203107_part_00079.json,LOADED,1000,1000,1000,0,,,,
s3://sales-analytics-raw-aqib-test/lead_activities_raw/load_type=full/load_date=2026-06-14/lead_activities_raw_20260614_195911_part_00110.json,LOADED,1000,1000,1000,0,,,,
s3://sales-analytics-raw-aqib-test/lead_activities_raw/load_type=full/lead_activities_raw_20260707_203119_part_00084.json,LOADED,1000,1000,1000,0,,,,
s3://sales-analytics-raw-aqib-test/lead_activities_raw/load_type=full/lead_activities_raw_20260707_203136_part_00092.json,LOADED,1000,1000,1000,0,,,,
s3://sales-analytics-raw-aqib-test/lead_activities_raw/load_type=full/load_date=2026-06-14/lead_activities_raw_20260614_195702_part_00027.json,LOADED,1000,1000,1000,0,,,,
s3://sales-analytics-raw-aqib-test/lead_activities_raw/load_type=full/load_date=2026-06-14/lead_activities_raw_20260614_195718_part_00037.json,LOADED,1000,1000,1000,0,,,,
s3://sales-analytics-raw-aqib-test/lead_activities_raw/load_type=full/load_date=2026-06-14/lead_activities_raw_20260614_195710_part_00032.json,LOADED,1000,1000,1000,0,,,,
s3://sales-analytics-raw-aqib-test/lead_activities_raw/load_type=full/load_date=2026-06-14/lead_activities_raw_20260614_195727_part_00043.json,LOADED,1000,1000,1000,0,,,,
s3://sales-analytics-raw-aqib-test/lead_activities_raw/load_type=full/lead_activities_raw_20260707_203345_part_00149.json,LOADED,1000,1000,1000,0,,,,
s3://sales-analytics-raw-aqib-test/lead_activities_raw/load_type=full/load_date=2026-06-14/lead_activities_raw_20260614_195735_part_00049.json,LOADED,1000,1000,1000,0,,,,
s3://sales-analytics-raw-aqib-test/lead_activities_raw/load_type=incremental/load_date=2026-06-18/lead_activities_raw_20260618_184157_part_00001.json,LOADED,1000,1000,1000,0,,,,
s3://sales-analytics-raw-aqib-test/lead_activities_raw/load_type=full/lead_activities_raw_20260707_203508_part_00192.json,LOADED,1000,1000,1000,0,,,,
s3://sales-analytics-raw-aqib-test/lead_activities_raw/load_type=full/lead_activities_raw_20260707_203354_part_00153.json,LOADED,1000,1000,1000,0,,,,
s3://sales-analytics-raw-aqib-test/lead_activities_raw/load_type=full/load_date=2026-06-14/lead_activities_raw_20260614_195728_part_00044.json,LOADED,1000,1000,1000,0,,,,
s3://sales-analytics-raw-aqib-test/lead_activities_raw/load_type=full/lead_activities_raw_20260707_203522_part_00200.json,LOADED,1000,1000,1000,0,,,,
s3://sales-analytics-raw-aqib-test/lead_activities_raw/load_type=full/lead_activities_raw_20260707_203455_part_00185.json,LOADED,1000,1000,1000,0,,,,
s3://sales-analytics-raw-aqib-test/lead_activities_raw/load_type=full/lead_activities_raw_20260707_203533_part_00207.json,LOADED,1000,1000,1000,0,,,,
s3://sales-analytics-raw-aqib-test/lead_activities_raw/load_type=incremental/load_date=2026-06-18/lead_activities_raw_20260618_184215_part_00009.json,LOADED,1000,1000,1000,0,,,,
s3://sales-analytics-raw-aqib-test/lead_activities_raw/load_type=full/lead_activities_raw_20260707_203505_part_00190.json,LOADED,1000,1000,1000,0,,,,
s3://sales-analytics-raw-aqib-test/lead_activities_raw/load_type=full/lead_activities_raw_20260707_203125_part_00087.json,LOADED,1000,1000,1000,0,,,,
s3://sales-analytics-raw-aqib-test/lead_activities_raw/load_type=full/lead_activities_raw_20260707_203518_part_00198.json,LOADED,1000,1000,1000,0,,,,
s3://sales-analytics-raw-aqib-test/lead_activities_raw/load_type=incremental/load_date=2026-06-18/lead_activities_raw_20260618_184223_part_00013.json,LOADED,1000,1000,1000,0,,,,
s3://sales-analytics-raw-aqib-test/lead_activities_raw/load_type=full/lead_activities_raw_20260707_203532_part_00206.json,LOADED,1000,1000,1000,0,,,,
s3://sales-analytics-raw-aqib-test/lead_activities_raw/load_type=full/lead_activities_raw_20260707_203138_part_00093.json,LOADED,1000,1000,1000,0,,,,
s3://sales-analytics-raw-aqib-test/lead_activities_raw/load_type=full/load_date=2026-06-14/lead_activities_raw_20260614_200221_part_00212.json,LOADED,1000,1000,1000,0,,,,
s3://sales-analytics-raw-aqib-test/lead_activities_raw/load_type=full/load_date=2026-06-14/lead_activities_raw_20260614_200237_part_00220.json,LOADED,1000,1000,1000,0,,,,
s3://sales-analytics-raw-aqib-test/lead_activities_raw/load_type=full/load_date=2026-06-14/lead_activities_raw_20260614_200255_part_00228.json,LOADED,1000,1000,1000,0,,,,
s3://sales-analytics-raw-aqib-test/lead_activities_raw/load_type=full/lead_activities_raw_20260707_203251_part_00125.json,LOADED,1000,1000,1000,0,,,,
s3://sales-analytics-raw-aqib-test/lead_activities_raw/load_type=full/lead_activities_raw_20260707_203543_part_00213.json,LOADED,1000,1000,1000,0,,,,
s3://sales-analytics-raw-aqib-test/lead_activities_raw/load_type=full/load_date=2026-06-14/lead_activities_raw_20260614_200020_part_00146.json,LOADED,1000,1000,1000,0,,,,
s3://sales-analytics-raw-aqib-test/lead_activities_raw/load_type=full/lead_activities_raw_20260707_203307_part_00132.json,LOADED,1000,1000,1000,0,,,,
s3://sales-analytics-raw-aqib-test/lead_activities_raw/load_type=full/lead_activities_raw_20260707_203302_part_00130.json,LOADED,1000,1000,1000,0,,,,
s3://sales-analytics-raw-aqib-test/lead_activities_raw/load_type=full/load_date=2026-06-14/lead_activities_raw_20260614_200034_part_00154.json,LOADED,1000,1000,1000,0,,,,
s3://sales-analytics-raw-aqib-test/lead_activities_raw/load_type=full/lead_activities_raw_20260707_203328_part_00141.json,LOADED,1000,1000,1000,0,,,,
s3://sales-analytics-raw-aqib-test/lead_activities_raw/load_type=full/lead_activities_raw_20260707_203341_part_00147.json,LOADED,1000,1000,1000,0,,,,
s3://sales-analytics-raw-aqib-test/lead_activities_raw/load_type=full/lead_activities_raw_20260707_203352_part_00152.json,LOADED,1000,1000,1000,0,,,,
s3://sales-analytics-raw-aqib-test/lead_activities_raw/load_type=full/lead_activities_raw_20260707_203320_part_00138.json,LOADED,1000,1000,1000,0,,,,
s3://sales-analytics-raw-aqib-test/lead_activities_raw/load_type=full/load_date=2026-06-14/lead_activities_raw_20260614_200050_part_00162.json,LOADED,1000,1000,1000,0,,,,
s3://sales-analytics-raw-aqib-test/lead_activities_raw/load_type=full/lead_activities_raw_20260707_203117_part_00083.json,LOADED,1000,1000,1000,0,,,,
s3://sales-analytics-raw-aqib-test/lead_activities_raw/load_type=full/load_date=2026-06-14/lead_activities_raw_20260614_200101_part_00167.json,LOADED,1000,1000,1000,0,,,,
s3://sales-analytics-raw-aqib-test/lead_activities_raw/load_type=full/lead_activities_raw_20260707_203336_part_00145.json,LOADED,1000,1000,1000,0,,,,
s3://sales-analytics-raw-aqib-test/lead_activities_raw/load_type=full/lead_activities_raw_20260707_203131_part_00090.json,LOADED,1000,1000,1000,0,,,,
s3://sales-analytics-raw-aqib-test/lead_activities_raw/load_type=full/load_date=2026-06-14/lead_activities_raw_20260614_195835_part_00089.json,LOADED,1000,1000,1000,0,,,,
s3://sales-analytics-raw-aqib-test/lead_activities_raw/load_type=full/lead_activities_raw_20260707_203356_part_00154.json,LOADED,1000,1000,1000,0,,,,
s3://sales-analytics-raw-aqib-test/lead_activities_raw/load_type=full/load_date=2026-06-14/lead_activities_raw_20260614_195846_part_00096.json,LOADED,1000,1000,1000,0,,,,
s3://sales-analytics-raw-aqib-test/lead_activities_raw/load_type=full/load_date=2026-06-14/lead_activities_raw_20260614_195906_part_00107.json,LOADED,1000,1000,1000,0,,,,
s3://sales-analytics-raw-aqib-test/lead_activities_raw/load_type=full/lead_activities_raw_20260707_203121_part_00085.json,LOADED,1000,1000,1000,0,,,,
s3://sales-analytics-raw-aqib-test/lead_activities_raw/load_type=full/load_date=2026-06-14/lead_activities_raw_20260614_195657_part_00024.json,LOADED,1000,1000,1000,0,,,,
s3://sales-analytics-raw-aqib-test/lead_activities_raw/load_type=full/load_date=2026-06-14/lead_activities_raw_20260614_195703_part_00028.json,LOADED,1000,1000,1000,0,,,,
s3://sales-analytics-raw-aqib-test/lead_activities_raw/load_type=full/lead_activities_raw_20260707_203140_part_00094.json,LOADED,1000,1000,1000,0,,,,
s3://sales-analytics-raw-aqib-test/lead_activities_raw/load_type=full/load_date=2026-06-14/lead_activities_raw_20260614_195717_part_00036.json,LOADED,1000,1000,1000,0,,,,
s3://sales-analytics-raw-aqib-test/lead_activities_raw/load_type=full/load_date=2026-06-14/lead_activities_raw_20260614_195729_part_00045.json,LOADED,1000,1000,1000,0,,,,
s3://sales-analytics-raw-aqib-test/lead_activities_raw/load_type=full/load_date=2026-06-14/lead_activities_raw_20260614_195736_part_00050.json,LOADED,1000,1000,1000,0,,,,
s3://sales-analytics-raw-aqib-test/lead_activities_raw/load_type=full/lead_activities_raw_20260707_203510_part_00193.json,LOADED,1000,1000,1000,0,,,,
s3://sales-analytics-raw-aqib-test/lead_activities_raw/load_type=full/lead_activities_raw_20260707_203523_part_00201.json,LOADED,1000,1000,1000,0,,,,
s3://sales-analytics-raw-aqib-test/lead_activities_raw/load_type=full/lead_activities_raw_20260707_203536_part_00209.json,LOADED,1000,1000,1000,0,,,,
s3://sales-analytics-raw-aqib-test/lead_activities_raw/load_type=full/lead_activities_raw_20260707_203253_part_00126.json,LOADED,1000,1000,1000,0,,,,
s3://sales-analytics-raw-aqib-test/lead_activities_raw/load_type=full/lead_activities_raw_20260707_203311_part_00134.json,LOADED,1000,1000,1000,0,,,,
s3://sales-analytics-raw-aqib-test/lead_activities_raw/load_type=full/lead_activities_raw_20260707_203325_part_00140.json,LOADED,1000,1000,1000,0,,,,
s3://sales-analytics-raw-aqib-test/lead_activities_raw/load_type=full/lead_activities_raw_20260707_203343_part_00148.json,LOADED,1000,1000,1000,0,,,,
s3://sales-analytics-raw-aqib-test/lead_activities_raw/load_type=full/lead_activities_raw_20260707_203114_part_00082.json,LOADED,1000,1000,1000,0,,,,
s3://sales-analytics-raw-aqib-test/lead_activities_raw/load_type=full/lead_activities_raw_20260707_203129_part_00089.json,LOADED,1000,1000,1000,0,,,,
s3://sales-analytics-raw-aqib-test/lead_activities_raw/load_type=full/lead_activities_raw_20260707_200946_part_00007.json,LOADED,1000,1000,1000,0,,,,
s3://sales-analytics-raw-aqib-test/lead_activities_raw/load_type=full/lead_activities_raw_20260707_200950_part_00009.json,LOADED,1000,1000,1000,0,,,,
s3://sales-analytics-raw-aqib-test/lead_activities_raw/load_type=full/lead_activities_raw_20260707_201006_part_00018.json,LOADED,1000,1000,1000,0,,,,
s3://sales-analytics-raw-aqib-test/lead_activities_raw/load_type=full/lead_activities_raw_20260707_201026_part_00029.json,LOADED,1000,1000,1000,0,,,,
s3://sales-analytics-raw-aqib-test/lead_activities_raw/load_type=full/lead_activities_raw_20260707_201038_part_00036.json,LOADED,1000,1000,1000,0,,,,
s3://sales-analytics-raw-aqib-test/lead_activities_raw/load_type=full/lead_activities_raw_20260707_201051_part_00043.json,LOADED,1000,1000,1000,0,,,,
s3://sales-analytics-raw-aqib-test/lead_activities_raw/load_type=full/lead_activities_raw_20260707_201105_part_00050.json,LOADED,1000,1000,1000,0,,,,
s3://sales-analytics-raw-aqib-test/lead_activities_raw/load_type=full/lead_activities_raw_20260707_201118_part_00057.json,LOADED,1000,1000,1000,0,,,,
s3://sales-analytics-raw-aqib-test/lead_activities_raw/load_type=full/lead_activities_raw_20260707_201137_part_00066.json,LOADED,1000,1000,1000,0,,,,
s3://sales-analytics-raw-aqib-test/lead_activities_raw/load_type=full/lead_activities_raw_20260707_201152_part_00074.json,LOADED,1000,1000,1000,0,,,,
s3://sales-analytics-raw-aqib-test/lead_activities_raw/load_type=full/lead_activities_raw_20260707_201208_part_00082.json,LOADED,1000,1000,1000,0,,,,
s3://sales-analytics-raw-aqib-test/lead_activities_raw/load_type=full/lead_activities_raw_20260707_201224_part_00090.json,LOADED,1000,1000,1000,0,,,,
s3://sales-analytics-raw-aqib-test/lead_activities_raw/load_type=full/lead_activities_raw_20260707_201243_part_00099.json,LOADED,1000,1000,1000,0,,,,
s3://sales-analytics-raw-aqib-test/lead_activities_raw/load_type=full/lead_activities_raw_20260707_201259_part_00106.json,LOADED,1000,1000,1000,0,,,,
s3://sales-analytics-raw-aqib-test/lead_activities_raw/load_type=full/lead_activities_raw_20260707_201320_part_00115.json,LOADED,1000,1000,1000,0,,,,
s3://sales-analytics-raw-aqib-test/lead_activities_raw/load_type=full/lead_activities_raw_20260707_201340_part_00124.json,LOADED,1000,1000,1000,0,,,,
s3://sales-analytics-raw-aqib-test/lead_activities_raw/load_type=full/lead_activities_raw_20260707_201356_part_00131.json,LOADED,1000,1000,1000,0,,,,
s3://sales-analytics-raw-aqib-test/lead_activities_raw/load_type=full/lead_activities_raw_20260707_201421_part_00142.json,LOADED,1000,1000,1000,0,,,,
s3://sales-analytics-raw-aqib-test/lead_activities_raw/load_type=full/lead_activities_raw_20260707_201434_part_00148.json,LOADED,1000,1000,1000,0,,,,
s3://sales-analytics-raw-aqib-test/lead_activities_raw/load_type=full/lead_activities_raw_20260707_201451_part_00156.json,LOADED,1000,1000,1000,0,,,,
s3://sales-analytics-raw-aqib-test/lead_activities_raw/load_type=full/lead_activities_raw_20260707_201507_part_00164.json,LOADED,1000,1000,1000,0,,,,
s3://sales-analytics-raw-aqib-test/lead_activities_raw/load_type=full/lead_activities_raw_20260707_201523_part_00172.json,LOADED,1000,1000,1000,0,,,,
s3://sales-analytics-raw-aqib-test/lead_activities_raw/load_type=full/lead_activities_raw_20260707_201540_part_00182.json,LOADED,1000,1000,1000,0,,,,
s3://sales-analytics-raw-aqib-test/lead_activities_raw/load_type=full/lead_activities_raw_20260707_201554_part_00190.json,LOADED,1000,1000,1000,0,,,,
s3://sales-analytics-raw-aqib-test/lead_activities_raw/load_type=full/lead_activities_raw_20260707_201608_part_00198.json,LOADED,1000,1000,1000,0,,,,
s3://sales-analytics-raw-aqib-test/lead_activities_raw/load_type=full/lead_activities_raw_20260707_201621_part_00206.json,LOADED,1000,1000,1000,0,,,,
s3://sales-analytics-raw-aqib-test/lead_activities_raw/load_type=full/lead_activities_raw_20260707_201633_part_00213.json,LOADED,1000,1000,1000,0,,,,
s3://sales-analytics-raw-aqib-test/lead_activities_raw/load_type=full/lead_activities_raw_20260707_201643_part_00219.json,LOADED,1000,1000,1000,0,,,,
s3://sales-analytics-raw-aqib-test/lead_activities_raw/load_type=full/lead_activities_raw_20260707_202848_part_00007.json,LOADED,1000,1000,1000,0,,,,
s3://sales-analytics-raw-aqib-test/lead_activities_raw/load_type=full/lead_activities_raw_20260707_202902_part_00014.json,LOADED,1000,1000,1000,0,,,,
s3://sales-analytics-raw-aqib-test/lead_activities_raw/load_type=full/lead_activities_raw_20260707_202916_part_00022.json,LOADED,1000,1000,1000,0,,,,
s3://sales-analytics-raw-aqib-test/lead_activities_raw/load_type=full/lead_activities_raw_20260707_202929_part_00029.json,LOADED,1000,1000,1000,0,,,,
s3://sales-analytics-raw-aqib-test/lead_activities_raw/load_type=full/lead_activities_raw_20260707_202947_part_00039.json,LOADED,1000,1000,1000,0,,,,
s3://sales-analytics-raw-aqib-test/lead_activities_raw/load_type=full/lead_activities_raw_20260707_203002_part_00047.json,LOADED,1000,1000,1000,0,,,,
s3://sales-analytics-raw-aqib-test/lead_activities_raw/load_type=full/lead_activities_raw_20260707_203020_part_00056.json,LOADED,1000,1000,1000,0,,,,
s3://sales-analytics-raw-aqib-test/lead_activities_raw/load_type=full/lead_activities_raw_20260707_203034_part_00063.json,LOADED,1000,1000,1000,0,,,,
s3://sales-analytics-raw-aqib-test/lead_activities_raw/load_type=full/lead_activities_raw_20260707_203051_part_00071.json,LOADED,1000,1000,1000,0,,,,
s3://sales-analytics-raw-aqib-test/lead_activities_raw/load_type=full/lead_activities_raw_20260707_203103_part_00077.json,LOADED,1000,1000,1000,0,,,,
s3://sales-analytics-raw-aqib-test/lead_activities_raw/load_type=full/lead_activities_raw_20260707_200936_part_00002.json,LOADED,1000,1000,1000,0,,,,
s3://sales-analytics-raw-aqib-test/lead_activities_raw/load_type=full/lead_activities_raw_20260707_200934_part_00001.json,LOADED,1000,1000,1000,0,,,,
s3://sales-analytics-raw-aqib-test/lead_activities_raw/load_type=full/lead_activities_raw_20260707_200957_part_00013.json,LOADED,1000,1000,1000,0,,,,
s3://sales-analytics-raw-aqib-test/lead_activities_raw/load_type=full/lead_activities_raw_20260707_200938_part_00003.json,LOADED,1000,1000,1000,0,,,,
s3://sales-analytics-raw-aqib-test/lead_activities_raw/load_type=full/lead_activities_raw_20260707_201011_part_00021.json,LOADED,1000,1000,1000,0,,,,
s3://sales-analytics-raw-aqib-test/lead_activities_raw/load_type=full/lead_activities_raw_20260707_200956_part_00012.json,LOADED,1000,1000,1000,0,,,,
s3://sales-analytics-raw-aqib-test/lead_activities_raw/load_type=full/lead_activities_raw_20260707_200959_part_00014.json,LOADED,1000,1000,1000,0,,,,
s3://sales-analytics-raw-aqib-test/lead_activities_raw/load_type=full/lead_activities_raw_20260707_201022_part_00027.json,LOADED,1000,1000,1000,0,,,,
s3://sales-analytics-raw-aqib-test/lead_activities_raw/load_type=full/lead_activities_raw_20260707_201009_part_00020.json,LOADED,1000,1000,1000,0,,,,
s3://sales-analytics-raw-aqib-test/lead_activities_raw/load_type=full/lead_activities_raw_20260707_201017_part_00024.json,LOADED,1000,1000,1000,0,,,,
s3://sales-analytics-raw-aqib-test/lead_activities_raw/load_type=full/lead_activities_raw_20260707_201028_part_00030.json,LOADED,1000,1000,1000,0,,,,
s3://sales-analytics-raw-aqib-test/lead_activities_raw/load_type=full/lead_activities_raw_20260707_201042_part_00038.json,LOADED,1000,1000,1000,0,,,,
s3://sales-analytics-raw-aqib-test/lead_activities_raw/load_type=full/lead_activities_raw_20260707_201030_part_00031.json,LOADED,1000,1000,1000,0,,,,
s3://sales-analytics-raw-aqib-test/lead_activities_raw/load_type=full/lead_activities_raw_20260707_201035_part_00034.json,LOADED,1000,1000,1000,0,,,,
s3://sales-analytics-raw-aqib-test/lead_activities_raw/load_type=full/lead_activities_raw_20260707_201057_part_00046.json,LOADED,1000,1000,1000,0,,,,
s3://sales-analytics-raw-aqib-test/lead_activities_raw/load_type=full/lead_activities_raw_20260707_201044_part_00039.json,LOADED,1000,1000,1000,0,,,,
s3://sales-analytics-raw-aqib-test/lead_activities_raw/load_type=full/lead_activities_raw_20260707_201047_part_00041.json,LOADED,1000,1000,1000,0,,,,
s3://sales-analytics-raw-aqib-test/lead_activities_raw/load_type=full/lead_activities_raw_20260707_201111_part_00053.json,LOADED,1000,1000,1000,0,,,,
s3://sales-analytics-raw-aqib-test/lead_activities_raw/load_type=full/lead_activities_raw_20260707_201055_part_00045.json,LOADED,1000,1000,1000,0,,,,
s3://sales-analytics-raw-aqib-test/lead_activities_raw/load_type=full/lead_activities_raw_20260707_201107_part_00051.json,LOADED,1000,1000,1000,0,,,,
s3://sales-analytics-raw-aqib-test/lead_activities_raw/load_type=full/lead_activities_raw_20260707_201109_part_00052.json,LOADED,1000,1000,1000,0,,,,
s3://sales-analytics-raw-aqib-test/lead_activities_raw/load_type=full/lead_activities_raw_20260707_201124_part_00060.json,LOADED,1000,1000,1000,0,,,,
s3://sales-analytics-raw-aqib-test/lead_activities_raw/load_type=full/lead_activities_raw_20260707_201122_part_00059.json,LOADED,1000,1000,1000,0,,,,
s3://sales-analytics-raw-aqib-test/lead_activities_raw/load_type=full/lead_activities_raw_20260707_201128_part_00062.json,LOADED,1000,1000,1000,0,,,,
s3://sales-analytics-raw-aqib-test/lead_activities_raw/load_type=full/lead_activities_raw_20260707_201139_part_00067.json,LOADED,1000,1000,1000,0,,,,
s3://sales-analytics-raw-aqib-test/lead_activities_raw/load_type=full/lead_activities_raw_20260707_201143_part_00069.json,LOADED,1000,1000,1000,0,,,,
s3://sales-analytics-raw-aqib-test/lead_activities_raw/load_type=full/lead_activities_raw_20260707_201145_part_00070.json,LOADED,1000,1000,1000,0,,,,
s3://sales-analytics-raw-aqib-test/lead_activities_raw/load_type=full/lead_activities_raw_20260707_201154_part_00075.json,LOADED,1000,1000,1000,0,,,,
s3://sales-analytics-raw-aqib-test/lead_activities_raw/load_type=full/lead_activities_raw_20260707_201158_part_00077.json,LOADED,1000,1000,1000,0,,,,
s3://sales-analytics-raw-aqib-test/lead_activities_raw/load_type=full/lead_activities_raw_20260707_201156_part_00076.json,LOADED,1000,1000,1000,0,,,,
s3://sales-analytics-raw-aqib-test/lead_activities_raw/load_type=full/lead_activities_raw_20260707_201212_part_00084.json,LOADED,1000,1000,1000,0,,,,
s3://sales-analytics-raw-aqib-test/lead_activities_raw/load_type=full/lead_activities_raw_20260707_201216_part_00086.json,LOADED,1000,1000,1000,0,,,,
s3://sales-analytics-raw-aqib-test/lead_activities_raw/load_type=full/lead_activities_raw_20260707_201210_part_00083.json,LOADED,1000,1000,1000,0,,,,
s3://sales-analytics-raw-aqib-test/lead_activities_raw/load_type=full/lead_activities_raw_20260707_201237_part_00096.json,LOADED,1000,1000,1000,0,,,,
s3://sales-analytics-raw-aqib-test/lead_activities_raw/load_type=full/lead_activities_raw_20260707_201226_part_00091.json,LOADED,1000,1000,1000,0,,,,
s3://sales-analytics-raw-aqib-test/lead_activities_raw/load_type=full/lead_activities_raw_20260707_201231_part_00093.json,LOADED,1000,1000,1000,0,,,,
s3://sales-analytics-raw-aqib-test/lead_activities_raw/load_type=full/lead_activities_raw_20260707_200948_part_00008.json,LOADED,1000,1000,1000,0,,,,
s3://sales-analytics-raw-aqib-test/lead_activities_raw/load_type=full/lead_activities_raw_20260707_201245_part_00100.json,LOADED,1000,1000,1000,0,,,,
s3://sales-analytics-raw-aqib-test/lead_activities_raw/load_type=full/lead_activities_raw_20260707_201250_part_00102.json,LOADED,1000,1000,1000,0,,,,
s3://sales-analytics-raw-aqib-test/lead_activities_raw/load_type=full/lead_activities_raw_20260707_201241_part_00098.json,LOADED,1000,1000,1000,0,,,,
s3://sales-analytics-raw-aqib-test/lead_activities_raw/load_type=full/lead_activities_raw_20260707_201301_part_00107.json,LOADED,1000,1000,1000,0,,,,
s3://sales-analytics-raw-aqib-test/lead_activities_raw/load_type=full/lead_activities_raw_20260707_201311_part_00111.json,LOADED,1000,1000,1000,0,,,,
s3://sales-analytics-raw-aqib-test/lead_activities_raw/load_type=full/lead_activities_raw_20260707_201003_part_00016.json,LOADED,1000,1000,1000,0,,,,
s3://sales-analytics-raw-aqib-test/lead_activities_raw/load_type=full/lead_activities_raw_20260707_201318_part_00114.json,LOADED,1000,1000,1000,0,,,,
s3://sales-analytics-raw-aqib-test/lead_activities_raw/load_type=full/lead_activities_raw_20260707_201335_part_00122.json,LOADED,1000,1000,1000,0,,,,
s3://sales-analytics-raw-aqib-test/lead_activities_raw/load_type=full/lead_activities_raw_20260707_201328_part_00119.json,LOADED,1000,1000,1000,0,,,,
s3://sales-analytics-raw-aqib-test/lead_activities_raw/load_type=full/lead_activities_raw_20260707_201013_part_00022.json,LOADED,1000,1000,1000,0,,,,
s3://sales-analytics-raw-aqib-test/lead_activities_raw/load_type=full/lead_activities_raw_20260707_201353_part_00130.json,LOADED,1000,1000,1000,0,,,,
s3://sales-analytics-raw-aqib-test/lead_activities_raw/load_type=full/lead_activities_raw_20260707_201416_part_00140.json,LOADED,1000,1000,1000,0,,,,
s3://sales-analytics-raw-aqib-test/lead_activities_raw/load_type=full/lead_activities_raw_20260707_201347_part_00127.json,LOADED,1000,1000,1000,0,,,,
s3://sales-analytics-raw-aqib-test/lead_activities_raw/load_type=full/lead_activities_raw_20260707_201308_part_00110.json,LOADED,1000,1000,1000,0,,,,
s3://sales-analytics-raw-aqib-test/lead_activities_raw/load_type=full/lead_activities_raw_20260707_201024_part_00028.json,LOADED,1000,1000,1000,0,,,,
s3://sales-analytics-raw-aqib-test/lead_activities_raw/load_type=full/lead_activities_raw_20260707_201432_part_00147.json,LOADED,1000,1000,1000,0,,,,
s3://sales-analytics-raw-aqib-test/lead_activities_raw/load_type=full/lead_activities_raw_20260707_201326_part_00118.json,LOADED,1000,1000,1000,0,,,,
s3://sales-analytics-raw-aqib-test/lead_activities_raw/load_type=full/lead_activities_raw_20260707_201402_part_00134.json,LOADED,1000,1000,1000,0,,,,
s3://sales-analytics-raw-aqib-test/lead_activities_raw/load_type=full/lead_activities_raw_20260707_201040_part_00037.json,LOADED,1000,1000,1000,0,,,,
s3://sales-analytics-raw-aqib-test/lead_activities_raw/load_type=full/lead_activities_raw_20260707_201448_part_00155.json,LOADED,1000,1000,1000,0,,,,
s3://sales-analytics-raw-aqib-test/lead_activities_raw/load_type=full/lead_activities_raw_20260707_201344_part_00126.json,LOADED,1000,1000,1000,0,,,,
s3://sales-analytics-raw-aqib-test/lead_activities_raw/load_type=full/lead_activities_raw_20260707_201423_part_00143.json,LOADED,1000,1000,1000,0,,,,
s3://sales-analytics-raw-aqib-test/lead_activities_raw/load_type=full/lead_activities_raw_20260707_201053_part_00044.json,LOADED,1000,1000,1000,0,,,,
s3://sales-analytics-raw-aqib-test/lead_activities_raw/load_type=full/lead_activities_raw_20260707_201505_part_00163.json,LOADED,1000,1000,1000,0,,,,
s3://sales-analytics-raw-aqib-test/lead_activities_raw/load_type=full/lead_activities_raw_20260707_201404_part_00135.json,LOADED,1000,1000,1000,0,,,,
s3://sales-analytics-raw-aqib-test/lead_activities_raw/load_type=full/lead_activities_raw_20260707_201438_part_00150.json,LOADED,1000,1000,1000,0,,,,
s3://sales-analytics-raw-aqib-test/lead_activities_raw/load_type=full/lead_activities_raw_20260707_201112_part_00054.json,LOADED,1000,1000,1000,0,,,,
s3://sales-analytics-raw-aqib-test/lead_activities_raw/load_type=full/lead_activities_raw_20260707_201522_part_00171.json,LOADED,1000,1000,1000,0,,,,
s3://sales-analytics-raw-aqib-test/lead_activities_raw/load_type=full/lead_activities_raw_20260707_201455_part_00158.json,LOADED,1000,1000,1000,0,,,,
s3://sales-analytics-raw-aqib-test/lead_activities_raw/load_type=full/lead_activities_raw_20260707_201126_part_00061.json,LOADED,1000,1000,1000,0,,,,
s3://sales-analytics-raw-aqib-test/lead_activities_raw/load_type=full/lead_activities_raw_20260707_201411_part_00138.json,LOADED,1000,1000,1000,0,,,,
s3://sales-analytics-raw-aqib-test/lead_activities_raw/load_type=full/lead_activities_raw_20260707_201535_part_00179.json,LOADED,1000,1000,1000,0,,,,
s3://sales-analytics-raw-aqib-test/lead_activities_raw/load_type=full/lead_activities_raw_20260707_201513_part_00167.json,LOADED,1000,1000,1000,0,,,,
s3://sales-analytics-raw-aqib-test/lead_activities_raw/load_type=full/lead_activities_raw_20260707_201440_part_00151.json,LOADED,1000,1000,1000,0,,,,
s3://sales-analytics-raw-aqib-test/lead_activities_raw/load_type=full/lead_activities_raw_20260707_201547_part_00186.json,LOADED,1000,1000,1000,0,,,,
s3://sales-analytics-raw-aqib-test/lead_activities_raw/load_type=full/lead_activities_raw_20260707_201141_part_00068.json,LOADED,1000,1000,1000,0,,,,
s3://sales-analytics-raw-aqib-test/lead_activities_raw/load_type=full/lead_activities_raw_20260707_201528_part_00175.json,LOADED,1000,1000,1000,0,,,,
s3://sales-analytics-raw-aqib-test/lead_activities_raw/load_type=full/lead_activities_raw_20260707_201202_part_00079.json,LOADED,1000,1000,1000,0,,,,
s3://sales-analytics-raw-aqib-test/lead_activities_raw/load_type=full/lead_activities_raw_20260707_201538_part_00181.json,LOADED,1000,1000,1000,0,,,,
s3://sales-analytics-raw-aqib-test/lead_activities_raw/load_type=full/lead_activities_raw_20260707_201218_part_00087.json,LOADED,1000,1000,1000,0,,,,
s3://sales-analytics-raw-aqib-test/lead_activities_raw/load_type=full/lead_activities_raw_20260707_201551_part_00188.json,LOADED,1000,1000,1000,0,,,,
s3://sales-analytics-raw-aqib-test/lead_activities_raw/load_type=full/lead_activities_raw_20260707_201601_part_00194.json,LOADED,1000,1000,1000,0,,,,
s3://sales-analytics-raw-aqib-test/lead_activities_raw/load_type=full/lead_activities_raw_20260707_201233_part_00094.json,LOADED,1000,1000,1000,0,,,,
s3://sales-analytics-raw-aqib-test/lead_activities_raw/load_type=full/lead_activities_raw_20260707_201614_part_00202.json,LOADED,1000,1000,1000,0,,,,
s3://sales-analytics-raw-aqib-test/lead_activities_raw/load_type=full/lead_activities_raw_20260707_201248_part_00101.json,LOADED,1000,1000,1000,0,,,,
s3://sales-analytics-raw-aqib-test/lead_activities_raw/load_type=full/lead_activities_raw_20260707_201629_part_00211.json,LOADED,1000,1000,1000,0,,,,
s3://sales-analytics-raw-aqib-test/lead_activities_raw/load_type=full/lead_activities_raw_20260707_201304_part_00108.json,LOADED,1000,1000,1000,0,,,,
s3://sales-analytics-raw-aqib-test/lead_activities_raw/load_type=full/lead_activities_raw_20260707_201457_part_00159.json,LOADED,1000,1000,1000,0,,,,
s3://sales-analytics-raw-aqib-test/lead_activities_raw/load_type=full/lead_activities_raw_20260707_201648_part_00221.json,LOADED,1000,1000,1000,0,,,,
s3://sales-analytics-raw-aqib-test/lead_activities_raw/load_type=full/lead_activities_raw_20260707_201609_part_00199.json,LOADED,1000,1000,1000,0,,,,
s3://sales-analytics-raw-aqib-test/lead_activities_raw/load_type=full/lead_activities_raw_20260707_201322_part_00116.json,LOADED,1000,1000,1000,0,,,,
s3://sales-analytics-raw-aqib-test/lead_activities_raw/load_type=full/lead_activities_raw_20260707_201516_part_00168.json,LOADED,1000,1000,1000,0,,,,
s3://sales-analytics-raw-aqib-test/lead_activities_raw/load_type=full/lead_activities_raw_20260707_202850_part_00008.json,LOADED,1000,1000,1000,0,,,,
s3://sales-analytics-raw-aqib-test/lead_activities_raw/load_type=full/lead_activities_raw_20260707_201622_part_00207.json,LOADED,1000,1000,1000,0,,,,
s3://sales-analytics-raw-aqib-test/lead_activities_raw/load_type=full/lead_activities_raw_20260707_201338_part_00123.json,LOADED,1000,1000,1000,0,,,,
s3://sales-analytics-raw-aqib-test/lead_activities_raw/load_type=full/lead_activities_raw_20260707_201530_part_00176.json,LOADED,1000,1000,1000,0,,,,
s3://sales-analytics-raw-aqib-test/lead_activities_raw/load_type=full/lead_activities_raw_20260707_202905_part_00016.json,LOADED,1000,1000,1000,0,,,,
s3://sales-analytics-raw-aqib-test/lead_activities_raw/load_type=full/lead_activities_raw_20260707_201636_part_00215.json,LOADED,1000,1000,1000,0,,,,
s3://sales-analytics-raw-aqib-test/lead_activities_raw/load_type=full/lead_activities_raw_20260707_201358_part_00132.json,LOADED,1000,1000,1000,0,,,,
s3://sales-analytics-raw-aqib-test/lead_activities_raw/load_type=full/lead_activities_raw_20260707_201533_part_00178.json,LOADED,1000,1000,1000,0,,,,
s3://sales-analytics-raw-aqib-test/lead_activities_raw/load_type=full/lead_activities_raw_20260707_202919_part_00024.json,LOADED,1000,1000,1000,0,,,,
s3://sales-analytics-raw-aqib-test/lead_activities_raw/load_type=full/lead_activities_raw_20260707_202836_part_00001.json,LOADED,1000,1000,1000,0,,,,
s3://sales-analytics-raw-aqib-test/lead_activities_raw/load_type=full/lead_activities_raw_20260707_201413_part_00139.json,LOADED,1000,1000,1000,0,,,,
s3://sales-analytics-raw-aqib-test/lead_activities_raw/load_type=full/lead_activities_raw_20260707_201553_part_00189.json,LOADED,1000,1000,1000,0,,,,
s3://sales-analytics-raw-aqib-test/lead_activities_raw/load_type=full/lead_activities_raw_20260707_202934_part_00032.json,LOADED,1000,1000,1000,0,,,,
s3://sales-analytics-raw-aqib-test/lead_activities_raw/load_type=full/lead_activities_raw_20260707_202852_part_00009.json,LOADED,1000,1000,1000,0,,,,
s3://sales-analytics-raw-aqib-test/lead_activities_raw/load_type=full/lead_activities_raw_20260707_201429_part_00146.json,LOADED,1000,1000,1000,0,,,,
s3://sales-analytics-raw-aqib-test/lead_activities_raw/load_type=full/lead_activities_raw_20260707_201604_part_00196.json,LOADED,1000,1000,1000,0,,,,
s3://sales-analytics-raw-aqib-test/lead_activities_raw/load_type=full/lead_activities_raw_20260707_202945_part_00038.json,LOADED,1000,1000,1000,0,,,,
s3://sales-analytics-raw-aqib-test/lead_activities_raw/load_type=full/lead_activities_raw_20260707_202907_part_00017.json,LOADED,1000,1000,1000,0,,,,
s3://sales-analytics-raw-aqib-test/lead_activities_raw/load_type=full/lead_activities_raw_20260707_201446_part_00154.json,LOADED,1000,1000,1000,0,,,,
s3://sales-analytics-raw-aqib-test/lead_activities_raw/load_type=full/lead_activities_raw_20260707_201618_part_00204.json,LOADED,1000,1000,1000,0,,,,
s3://sales-analytics-raw-aqib-test/lead_activities_raw/load_type=full/lead_activities_raw_20260707_203000_part_00046.json,LOADED,1000,1000,1000,0,,,,
s3://sales-analytics-raw-aqib-test/lead_activities_raw/load_type=full/lead_activities_raw_20260707_202921_part_00025.json,LOADED,1000,1000,1000,0,,,,
s3://sales-analytics-raw-aqib-test/lead_activities_raw/load_type=full/lead_activities_raw_20260707_201503_part_00162.json,LOADED,1000,1000,1000,0,,,,
s3://sales-analytics-raw-aqib-test/lead_activities_raw/load_type=full/lead_activities_raw_20260707_201634_part_00214.json,LOADED,1000,1000,1000,0,,,,
s3://sales-analytics-raw-aqib-test/lead_activities_raw/load_type=full/lead_activities_raw_20260707_203016_part_00054.json,LOADED,1000,1000,1000,0,,,,
s3://sales-analytics-raw-aqib-test/lead_activities_raw/load_type=full/lead_activities_raw_20260707_202936_part_00033.json,LOADED,1000,1000,1000,0,,,,
s3://sales-analytics-raw-aqib-test/lead_activities_raw/load_type=full/lead_activities_raw_20260707_201520_part_00170.json,LOADED,1000,1000,1000,0,,,,
s3://sales-analytics-raw-aqib-test/lead_activities_raw/load_type=full/lead_activities_raw_20260707_201645_part_00220.json,LOADED,1000,1000,1000,0,,,,
s3://sales-analytics-raw-aqib-test/lead_activities_raw/load_type=full/lead_activities_raw_20260707_203032_part_00062.json,LOADED,1000,1000,1000,0,,,,
s3://sales-analytics-raw-aqib-test/lead_activities_raw/load_type=full/lead_activities_raw_20260707_202950_part_00041.json,LOADED,1000,1000,1000,0,,,,
s3://sales-analytics-raw-aqib-test/lead_activities_raw/load_type=full/lead_activities_raw_20260707_201536_part_00180.json,LOADED,1000,1000,1000,0,,,,
s3://sales-analytics-raw-aqib-test/lead_activities_raw/load_type=full/lead_activities_raw_20260707_202842_part_00004.json,LOADED,1000,1000,1000,0,,,,
s3://sales-analytics-raw-aqib-test/lead_activities_raw/load_type=full/lead_activities_raw_20260707_203049_part_00070.json,LOADED,1000,1000,1000,0,,,,
s3://sales-analytics-raw-aqib-test/lead_activities_raw/load_type=full/lead_activities_raw_20260707_203006_part_00049.json,LOADED,1000,1000,1000,0,,,,
s3://sales-analytics-raw-aqib-test/lead_activities_raw/load_type=full/lead_activities_raw_20260707_201549_part_00187.json,LOADED,1000,1000,1000,0,,,,
s3://sales-analytics-raw-aqib-test/lead_activities_raw/load_type=full/lead_activities_raw_20260707_202903_part_00015.json,LOADED,1000,1000,1000,0,,,,
s3://sales-analytics-raw-aqib-test/lead_activities_raw/load_type=full/lead_activities_raw_20260707_201603_part_00195.json,LOADED,1000,1000,1000,0,,,,
s3://sales-analytics-raw-aqib-test/lead_activities_raw/load_type=full/lead_activities_raw_20260707_202918_part_00023.json,LOADED,1000,1000,1000,0,,,,
s3://sales-analytics-raw-aqib-test/lead_activities_raw/load_type=full/lead_activities_raw_20260707_201616_part_00203.json,LOADED,1000,1000,1000,0,,,,
s3://sales-analytics-raw-aqib-test/lead_activities_raw/load_type=full/lead_activities_raw_20260707_200942_part_00005.json,LOADED,1000,1000,1000,0,,,,
s3://sales-analytics-raw-aqib-test/lead_activities_raw/load_type=full/lead_activities_raw_20260707_202932_part_00031.json,LOADED,1000,1000,1000,0,,,,
s3://sales-analytics-raw-aqib-test/lead_activities_raw/load_type=full/lead_activities_raw_20260707_203021_part_00057.json,LOADED,1000,1000,1000,0,,,,
s3://sales-analytics-raw-aqib-test/lead_activities_raw/load_type=full/lead_activities_raw_20260707_201627_part_00210.json,LOADED,1000,1000,1000,0,,,,
s3://sales-analytics-raw-aqib-test/lead_activities_raw/load_type=full/lead_activities_raw_20260707_202948_part_00040.json,LOADED,1000,1000,1000,0,,,,
s3://sales-analytics-raw-aqib-test/lead_activities_raw/load_type=full/lead_activities_raw_20260707_203038_part_00065.json,LOADED,1000,1000,1000,0,,,,
s3://sales-analytics-raw-aqib-test/lead_activities_raw/load_type=full/lead_activities_raw_20260707_201642_part_00218.json,LOADED,1000,1000,1000,0,,,,
s3://sales-analytics-raw-aqib-test/lead_activities_raw/load_type=full/lead_activities_raw_20260707_203004_part_00048.json,LOADED,1000,1000,1000,0,,,,
s3://sales-analytics-raw-aqib-test/lead_activities_raw/load_type=full/lead_activities_raw_20260707_203053_part_00072.json,LOADED,1000,1000,1000,0,,,,
s3://sales-analytics-raw-aqib-test/lead_activities_raw/load_type=full/lead_activities_raw_20260707_202844_part_00005.json,LOADED,1000,1000,1000,0,,,,
s3://sales-analytics-raw-aqib-test/lead_activities_raw/load_type=full/lead_activities_raw_20260707_203014_part_00053.json,LOADED,1000,1000,1000,0,,,,
s3://sales-analytics-raw-aqib-test/lead_activities_raw/load_type=full/lead_activities_raw_20260707_201001_part_00015.json,LOADED,1000,1000,1000,0,,,,
s3://sales-analytics-raw-aqib-test/lead_activities_raw/load_type=full/lead_activities_raw_20260707_203036_part_00064.json,LOADED,1000,1000,1000,0,,,,
s3://sales-analytics-raw-aqib-test/lead_activities_raw/load_type=full/lead_activities_raw_20260707_201008_part_00019.json,LOADED,1000,1000,1000,0,,,,
s3://sales-analytics-raw-aqib-test/lead_activities_raw/load_type=full/lead_activities_raw_20260707_203055_part_00073.json,LOADED,1000,1000,1000,0,,,,
s3://sales-analytics-raw-aqib-test/lead_activities_raw/load_type=full/lead_activities_raw_20260707_201020_part_00026.json,LOADED,1000,1000,1000,0,,,,
s3://sales-analytics-raw-aqib-test/lead_activities_raw/load_type=full/lead_activities_raw_20260707_202856_part_00011.json,LOADED,1000,1000,1000,0,,,,
s3://sales-analytics-raw-aqib-test/lead_activities_raw/load_type=full/lead_activities_raw_20260707_201037_part_00035.json,LOADED,1000,1000,1000,0,,,,
s3://sales-analytics-raw-aqib-test/lead_activities_raw/load_type=full/lead_activities_raw_20260707_202912_part_00020.json,LOADED,1000,1000,1000,0,,,,
s3://sales-analytics-raw-aqib-test/lead_activities_raw/load_type=full/lead_activities_raw_20260707_201059_part_00047.json,LOADED,1000,1000,1000,0,,,,
s3://sales-analytics-raw-aqib-test/lead_activities_raw/load_type=full/lead_activities_raw_20260707_202927_part_00028.json,LOADED,1000,1000,1000,0,,,,
s3://sales-analytics-raw-aqib-test/lead_activities_raw/load_type=full/lead_activities_raw_20260707_201116_part_00056.json,LOADED,1000,1000,1000,0,,,,
s3://sales-analytics-raw-aqib-test/lead_activities_raw/load_type=full/lead_activities_raw_20260707_202940_part_00035.json,LOADED,1000,1000,1000,0,,,,
s3://sales-analytics-raw-aqib-test/lead_activities_raw/load_type=full/lead_activities_raw_20260707_201130_part_00063.json,LOADED,1000,1000,1000,0,,,,
s3://sales-analytics-raw-aqib-test/lead_activities_raw/load_type=full/lead_activities_raw_20260707_202958_part_00045.json,LOADED,1000,1000,1000,0,,,,
s3://sales-analytics-raw-aqib-test/lead_activities_raw/load_type=full/lead_activities_raw_20260707_201148_part_00072.json,LOADED,1000,1000,1000,0,,,,
s3://sales-analytics-raw-aqib-test/lead_activities_raw/load_type=full/lead_activities_raw_20260707_203018_part_00055.json,LOADED,1000,1000,1000,0,,,,
s3://sales-analytics-raw-aqib-test/lead_activities_raw/load_type=full/lead_activities_raw_20260707_201200_part_00078.json,LOADED,1000,1000,1000,0,,,,
s3://sales-analytics-raw-aqib-test/lead_activities_raw/load_type=full/lead_activities_raw_20260707_203029_part_00061.json,LOADED,1000,1000,1000,0,,,,
s3://sales-analytics-raw-aqib-test/lead_activities_raw/load_type=full/lead_activities_raw_20260707_201214_part_00085.json,LOADED,1000,1000,1000,0,,,,
s3://sales-analytics-raw-aqib-test/lead_activities_raw/load_type=full/lead_activities_raw_20260707_201228_part_00092.json,LOADED,1000,1000,1000,0,,,,
s3://sales-analytics-raw-aqib-test/lead_activities_raw/load_type=full/lead_activities_raw_20260707_201252_part_00103.json,LOADED,1000,1000,1000,0,,,,
s3://sales-analytics-raw-aqib-test/lead_activities_raw/load_type=full/lead_activities_raw_20260707_203047_part_00069.json,LOADED,1000,1000,1000,0,,,,
s3://sales-analytics-raw-aqib-test/lead_activities_raw/load_type=full/lead_activities_raw_20260707_201306_part_00109.json,LOADED,1000,1000,1000,0,,,,
s3://sales-analytics-raw-aqib-test/lead_activities_raw/load_type=full/lead_activities_raw_20260707_203101_part_00076.json,LOADED,1000,1000,1000,0,,,,
s3://sales-analytics-raw-aqib-test/lead_activities_raw/load_type=full/lead_activities_raw_20260707_201324_part_00117.json,LOADED,1000,1000,1000,0,,,,
s3://sales-analytics-raw-aqib-test/lead_activities_raw/load_type=full/lead_activities_raw_20260707_201342_part_00125.json,LOADED,1000,1000,1000,0,,,,
s3://sales-analytics-raw-aqib-test/lead_activities_raw/load_type=full/lead_activities_raw_20260707_201400_part_00133.json,LOADED,1000,1000,1000,0,,,,
s3://sales-analytics-raw-aqib-test/lead_activities_raw/load_type=full/lead_activities_raw_20260707_201418_part_00141.json,LOADED,1000,1000,1000,0,,,,
s3://sales-analytics-raw-aqib-test/lead_activities_raw/load_type=full/lead_activities_raw_20260707_201436_part_00149.json,LOADED,1000,1000,1000,0,,,,
s3://sales-analytics-raw-aqib-test/lead_activities_raw/load_type=full/lead_activities_raw_20260707_201453_part_00157.json,LOADED,1000,1000,1000,0,,,,
s3://sales-analytics-raw-aqib-test/lead_activities_raw/load_type=full/lead_activities_raw_20260707_201509_part_00165.json,LOADED,1000,1000,1000,0,,,,
s3://sales-analytics-raw-aqib-test/lead_activities_raw/load_type=full/lead_activities_raw_20260707_201525_part_00173.json,LOADED,1000,1000,1000,0,,,,
s3://sales-analytics-raw-aqib-test/lead_activities_raw/load_type=full/lead_activities_raw_20260707_201543_part_00184.json,LOADED,1000,1000,1000,0,,,,
s3://sales-analytics-raw-aqib-test/lead_activities_raw/load_type=full/lead_activities_raw_20260707_201558_part_00192.json,LOADED,1000,1000,1000,0,,,,
s3://sales-analytics-raw-aqib-test/lead_activities_raw/load_type=full/lead_activities_raw_20260707_201611_part_00200.json,LOADED,1000,1000,1000,0,,,,
s3://sales-analytics-raw-aqib-test/lead_activities_raw/load_type=full/lead_activities_raw_20260707_201624_part_00208.json,LOADED,1000,1000,1000,0,,,,
s3://sales-analytics-raw-aqib-test/lead_activities_raw/load_type=full/lead_activities_raw_20260707_201638_part_00216.json,LOADED,1000,1000,1000,0,,,,
s3://sales-analytics-raw-aqib-test/lead_activities_raw/load_type=full/lead_activities_raw_20260707_202838_part_00002.json,LOADED,1000,1000,1000,0,,,,
s3://sales-analytics-raw-aqib-test/lead_activities_raw/load_type=full/lead_activities_raw_20260707_202854_part_00010.json,LOADED,1000,1000,1000,0,,,,
s3://sales-analytics-raw-aqib-test/lead_activities_raw/load_type=full/lead_activities_raw_20260707_202909_part_00018.json,LOADED,1000,1000,1000,0,,,,
s3://sales-analytics-raw-aqib-test/lead_activities_raw/load_type=full/lead_activities_raw_20260707_202923_part_00026.json,LOADED,1000,1000,1000,0,,,,
s3://sales-analytics-raw-aqib-test/lead_activities_raw/load_type=full/lead_activities_raw_20260707_202938_part_00034.json,LOADED,1000,1000,1000,0,,,,
s3://sales-analytics-raw-aqib-test/lead_activities_raw/load_type=full/lead_activities_raw_20260707_202952_part_00042.json,LOADED,1000,1000,1000,0,,,,
s3://sales-analytics-raw-aqib-test/lead_activities_raw/load_type=full/lead_activities_raw_20260707_203008_part_00050.json,LOADED,1000,1000,1000,0,,,,
s3://sales-analytics-raw-aqib-test/lead_activities_raw/load_type=full/lead_activities_raw_20260707_203023_part_00058.json,LOADED,1000,1000,1000,0,,,,
s3://sales-analytics-raw-aqib-test/lead_activities_raw/load_type=full/lead_activities_raw_20260707_203041_part_00066.json,LOADED,1000,1000,1000,0,,,,
s3://sales-analytics-raw-aqib-test/lead_activities_raw/load_type=full/lead_activities_raw_20260707_203057_part_00074.json,LOADED,1000,1000,1000,0,,,,
s3://sales-analytics-raw-aqib-test/lead_activities_raw/load_type=full/lead_activities_raw_20260707_200940_part_00004.json,LOADED,1000,1000,1000,0,,,,
s3://sales-analytics-raw-aqib-test/lead_activities_raw/load_type=full/lead_activities_raw_20260707_200954_part_00011.json,LOADED,1000,1000,1000,0,,,,
s3://sales-analytics-raw-aqib-test/lead_activities_raw/load_type=full/lead_activities_raw_20260707_200944_part_00006.json,LOADED,1000,1000,1000,0,,,,
s3://sales-analytics-raw-aqib-test/lead_activities_raw/load_type=full/lead_activities_raw_20260707_201015_part_00023.json,LOADED,1000,1000,1000,0,,,,
s3://sales-analytics-raw-aqib-test/lead_activities_raw/load_type=full/lead_activities_raw_20260707_200952_part_00010.json,LOADED,1000,1000,1000,0,,,,
s3://sales-analytics-raw-aqib-test/lead_activities_raw/load_type=full/lead_activities_raw_20260707_201031_part_00032.json,LOADED,1000,1000,1000,0,,,,
s3://sales-analytics-raw-aqib-test/lead_activities_raw/load_type=full/lead_activities_raw_20260707_201004_part_00017.json,LOADED,1000,1000,1000,0,,,,
s3://sales-analytics-raw-aqib-test/lead_activities_raw/load_type=full/lead_activities_raw_20260707_201045_part_00040.json,LOADED,1000,1000,1000,0,,,,
s3://sales-analytics-raw-aqib-test/lead_activities_raw/load_type=full/lead_activities_raw_20260707_201101_part_00048.json,LOADED,1000,1000,1000,0,,,,
s3://sales-analytics-raw-aqib-test/lead_activities_raw/load_type=full/lead_activities_raw_20260707_201114_part_00055.json,LOADED,1000,1000,1000,0,,,,
s3://sales-analytics-raw-aqib-test/lead_activities_raw/load_type=full/lead_activities_raw_20260707_201018_part_00025.json,LOADED,1000,1000,1000,0,,,,
s3://sales-analytics-raw-aqib-test/lead_activities_raw/load_type=full/lead_activities_raw_20260707_201132_part_00064.json,LOADED,1000,1000,1000,0,,,,
s3://sales-analytics-raw-aqib-test/lead_activities_raw/load_type=full/lead_activities_raw_20260707_201033_part_00033.json,LOADED,1000,1000,1000,0,,,,
s3://sales-analytics-raw-aqib-test/lead_activities_raw/load_type=full/lead_activities_raw_20260707_201146_part_00071.json,LOADED,1000,1000,1000,0,,,,
s3://sales-analytics-raw-aqib-test/lead_activities_raw/load_type=full/lead_activities_raw_20260707_201049_part_00042.json,LOADED,1000,1000,1000,0,,,,
s3://sales-analytics-raw-aqib-test/lead_activities_raw/load_type=full/lead_activities_raw_20260707_201204_part_00080.json,LOADED,1000,1000,1000,0,,,,
s3://sales-analytics-raw-aqib-test/lead_activities_raw/load_type=full/lead_activities_raw_20260707_201103_part_00049.json,LOADED,1000,1000,1000,0,,,,
s3://sales-analytics-raw-aqib-test/lead_activities_raw/load_type=full/lead_activities_raw_20260707_201220_part_00088.json,LOADED,1000,1000,1000,0,,,,
s3://sales-analytics-raw-aqib-test/lead_activities_raw/load_type=full/lead_activities_raw_20260707_201120_part_00058.json,LOADED,1000,1000,1000,0,,,,
s3://sales-analytics-raw-aqib-test/lead_activities_raw/load_type=full/lead_activities_raw_20260707_201235_part_00095.json,LOADED,1000,1000,1000,0,,,,
s3://sales-analytics-raw-aqib-test/lead_activities_raw/load_type=full/lead_activities_raw_20260707_201134_part_00065.json,LOADED,1000,1000,1000,0,,,,
s3://sales-analytics-raw-aqib-test/lead_activities_raw/load_type=full/lead_activities_raw_20260707_201254_part_00104.json,LOADED,1000,1000,1000,0,,,,
s3://sales-analytics-raw-aqib-test/lead_activities_raw/load_type=full/lead_activities_raw_20260707_201313_part_00112.json,LOADED,1000,1000,1000,0,,,,
s3://sales-analytics-raw-aqib-test/lead_activities_raw/load_type=full/lead_activities_raw_20260707_201150_part_00073.json,LOADED,1000,1000,1000,0,,,,
s3://sales-analytics-raw-aqib-test/lead_activities_raw/load_type=full/lead_activities_raw_20260707_201206_part_00081.json,LOADED,1000,1000,1000,0,,,,
s3://sales-analytics-raw-aqib-test/lead_activities_raw/load_type=full/lead_activities_raw_20260707_201333_part_00121.json,LOADED,1000,1000,1000,0,,,,
s3://sales-analytics-raw-aqib-test/lead_activities_raw/load_type=full/lead_activities_raw_20260707_201222_part_00089.json,LOADED,1000,1000,1000,0,,,,
s3://sales-analytics-raw-aqib-test/lead_activities_raw/load_type=full/lead_activities_raw_20260707_201239_part_00097.json,LOADED,1000,1000,1000,0,,,,
s3://sales-analytics-raw-aqib-test/lead_activities_raw/load_type=full/lead_activities_raw_20260707_201349_part_00128.json,LOADED,1000,1000,1000,0,,,,
s3://sales-analytics-raw-aqib-test/lead_activities_raw/load_type=full/lead_activities_raw_20260707_201256_part_00105.json,LOADED,1000,1000,1000,0,,,,
s3://sales-analytics-raw-aqib-test/lead_activities_raw/load_type=full/lead_activities_raw_20260707_201407_part_00136.json,LOADED,1000,1000,1000,0,,,,
s3://sales-analytics-raw-aqib-test/lead_activities_raw/load_type=full/lead_activities_raw_20260707_201315_part_00113.json,LOADED,1000,1000,1000,0,,,,
s3://sales-analytics-raw-aqib-test/lead_activities_raw/load_type=full/lead_activities_raw_20260707_201425_part_00144.json,LOADED,1000,1000,1000,0,,,,
s3://sales-analytics-raw-aqib-test/lead_activities_raw/load_type=full/lead_activities_raw_20260707_201331_part_00120.json,LOADED,1000,1000,1000,0,,,,
s3://sales-analytics-raw-aqib-test/lead_activities_raw/load_type=full/lead_activities_raw_20260707_201442_part_00152.json,LOADED,1000,1000,1000,0,,,,
s3://sales-analytics-raw-aqib-test/lead_activities_raw/load_type=full/lead_activities_raw_20260707_201501_part_00161.json,LOADED,1000,1000,1000,0,,,,
s3://sales-analytics-raw-aqib-test/lead_activities_raw/load_type=full/lead_activities_raw_20260707_201518_part_00169.json,LOADED,1000,1000,1000,0,,,,
s3://sales-analytics-raw-aqib-test/lead_activities_raw/load_type=full/lead_activities_raw_20260707_201351_part_00129.json,LOADED,1000,1000,1000,0,,,,
s3://sales-analytics-raw-aqib-test/lead_activities_raw/load_type=full/lead_activities_raw_20260707_201531_part_00177.json,LOADED,1000,1000,1000,0,,,,
s3://sales-analytics-raw-aqib-test/lead_activities_raw/load_type=full/lead_activities_raw_20260707_201409_part_00137.json,LOADED,1000,1000,1000,0,,,,
s3://sales-analytics-raw-aqib-test/lead_activities_raw/load_type=full/lead_activities_raw_20260707_201545_part_00185.json,LOADED,1000,1000,1000,0,,,,
s3://sales-analytics-raw-aqib-test/lead_activities_raw/load_type=full/lead_activities_raw_20260707_201559_part_00193.json,LOADED,1000,1000,1000,0,,,,
s3://sales-analytics-raw-aqib-test/lead_activities_raw/load_type=full/lead_activities_raw_20260707_201427_part_00145.json,LOADED,1000,1000,1000,0,,,,
s3://sales-analytics-raw-aqib-test/lead_activities_raw/load_type=full/lead_activities_raw_20260707_201613_part_00201.json,LOADED,1000,1000,1000,0,,,,
s3://sales-analytics-raw-aqib-test/lead_activities_raw/load_type=full/lead_activities_raw_20260707_201444_part_00153.json,LOADED,1000,1000,1000,0,,,,
s3://sales-analytics-raw-aqib-test/lead_activities_raw/load_type=full/lead_activities_raw_20260707_201626_part_00209.json,LOADED,1000,1000,1000,0,,,,
s3://sales-analytics-raw-aqib-test/lead_activities_raw/load_type=full/lead_activities_raw_20260707_201640_part_00217.json,LOADED,1000,1000,1000,0,,,,
s3://sales-analytics-raw-aqib-test/lead_activities_raw/load_type=full/lead_activities_raw_20260707_201459_part_00160.json,LOADED,1000,1000,1000,0,,,,
s3://sales-analytics-raw-aqib-test/lead_activities_raw/load_type=full/lead_activities_raw_20260707_202840_part_00003.json,LOADED,1000,1000,1000,0,,,,
s3://sales-analytics-raw-aqib-test/lead_activities_raw/load_type=full/lead_activities_raw_20260707_201511_part_00166.json,LOADED,1000,1000,1000,0,,,,
s3://sales-analytics-raw-aqib-test/lead_activities_raw/load_type=full/lead_activities_raw_20260707_202858_part_00012.json,LOADED,1000,1000,1000,0,,,,
s3://sales-analytics-raw-aqib-test/lead_activities_raw/load_type=full/lead_activities_raw_20260707_201527_part_00174.json,LOADED,1000,1000,1000,0,,,,
s3://sales-analytics-raw-aqib-test/lead_activities_raw/load_type=full/lead_activities_raw_20260707_201541_part_00183.json,LOADED,1000,1000,1000,0,,,,
s3://sales-analytics-raw-aqib-test/lead_activities_raw/load_type=full/lead_activities_raw_20260707_202914_part_00021.json,LOADED,1000,1000,1000,0,,,,
s3://sales-analytics-raw-aqib-test/lead_activities_raw/load_type=full/lead_activities_raw_20260707_201556_part_00191.json,LOADED,1000,1000,1000,0,,,,
s3://sales-analytics-raw-aqib-test/lead_activities_raw/load_type=full/lead_activities_raw_20260707_202931_part_00030.json,LOADED,1000,1000,1000,0,,,,
s3://sales-analytics-raw-aqib-test/lead_activities_raw/load_type=full/lead_activities_raw_20260707_201606_part_00197.json,LOADED,1000,1000,1000,0,,,,
s3://sales-analytics-raw-aqib-test/lead_activities_raw/load_type=full/lead_activities_raw_20260707_201619_part_00205.json,LOADED,1000,1000,1000,0,,,,
s3://sales-analytics-raw-aqib-test/lead_activities_raw/load_type=full/lead_activities_raw_20260707_202941_part_00036.json,LOADED,1000,1000,1000,0,,,,
s3://sales-analytics-raw-aqib-test/lead_activities_raw/load_type=full/lead_activities_raw_20260707_201631_part_00212.json,LOADED,1000,1000,1000,0,,,,
s3://sales-analytics-raw-aqib-test/lead_activities_raw/load_type=full/lead_activities_raw_20260707_202956_part_00044.json,LOADED,1000,1000,1000,0,,,,
s3://sales-analytics-raw-aqib-test/lead_activities_raw/load_type=full/lead_activities_raw_20260707_201650_part_00222.json,LOADED,718,718,718,0,,,,
s3://sales-analytics-raw-aqib-test/lead_activities_raw/load_type=full/lead_activities_raw_20260707_202847_part_00006.json,LOADED,1000,1000,1000,0,,,,
s3://sales-analytics-raw-aqib-test/lead_activities_raw/load_type=full/lead_activities_raw_20260707_203012_part_00052.json,LOADED,1000,1000,1000,0,,,,
s3://sales-analytics-raw-aqib-test/lead_activities_raw/load_type=full/lead_activities_raw_20260707_202900_part_00013.json,LOADED,1000,1000,1000,0,,,,
s3://sales-analytics-raw-aqib-test/lead_activities_raw/load_type=full/lead_activities_raw_20260707_203025_part_00059.json,LOADED,1000,1000,1000,0,,,,
s3://sales-analytics-raw-aqib-test/lead_activities_raw/load_type=full/lead_activities_raw_20260707_202910_part_00019.json,LOADED,1000,1000,1000,0,,,,
s3://sales-analytics-raw-aqib-test/lead_activities_raw/load_type=full/lead_activities_raw_20260707_203045_part_00068.json,LOADED,1000,1000,1000,0,,,,
s3://sales-analytics-raw-aqib-test/lead_activities_raw/load_type=full/lead_activities_raw_20260707_202925_part_00027.json,LOADED,1000,1000,1000,0,,,,
s3://sales-analytics-raw-aqib-test/lead_activities_raw/load_type=full/lead_activities_raw_20260707_203059_part_00075.json,LOADED,1000,1000,1000,0,,,,
s3://sales-analytics-raw-aqib-test/lead_activities_raw/load_type=full/lead_activities_raw_20260707_202943_part_00037.json,LOADED,1000,1000,1000,0,,,,
s3://sales-analytics-raw-aqib-test/lead_activities_raw/load_type=full/lead_activities_raw_20260707_202954_part_00043.json,LOADED,1000,1000,1000,0,,,,
s3://sales-analytics-raw-aqib-test/lead_activities_raw/load_type=full/lead_activities_raw_20260707_203010_part_00051.json,LOADED,1000,1000,1000,0,,,,
s3://sales-analytics-raw-aqib-test/lead_activities_raw/load_type=full/lead_activities_raw_20260707_203027_part_00060.json,LOADED,1000,1000,1000,0,,,,
s3://sales-analytics-raw-aqib-test/lead_activities_raw/load_type=full/lead_activities_raw_20260707_203042_part_00067.json,LOADED,1000,1000,1000,0,,,,
s3://sales-analytics-raw-aqib-test/lead_activities_raw/load_type=full/lead_activities_raw_20260707_203105_part_00078.json,LOADED,1000,1000,1000,0,,,,
