name,size,md5,last_modified
s3://sales-analytics-raw-aqib-test/_control/watermarks/close_crm_users_raw.json,176,920e227c4e688633867f367f9ad2641b,"Thu, 25 Jun 2026 16:13:51 GMT"
s3://sales-analytics-raw-aqib-test/_control/watermarks/custom_activities_raw.json,175,7da413264b970ed699b9844d702fe03c,"Thu, 25 Jun 2026 16:13:51 GMT"
s3://sales-analytics-raw-aqib-test/_control/watermarks/lead_activities_raw.json,177,ebec65a7e21321193b69b3b637669af6,"Thu, 25 Jun 2026 16:13:47 GMT"
s3://sales-analytics-raw-aqib-test/_control/watermarks/leads_raw.json,167,24eb06e6d659187e4a75f35ca580a092,"Thu, 25 Jun 2026 16:12:48 GMT"
s3://sales-analytics-raw-aqib-test/_watermarks/glue_watermarks.json,157,e3553f39cda9a1da35f476c11ba952f8,"Tue, 7 Jul 2026 20:36:38 GMT"
s3://sales-analytics-raw-aqib-test/close_crm_users_raw/load_type=full/close_crm_users_raw_20260707_201658_part_00001.json,109926932,1c261aac5f1010a0f96d2644506e32cf,"Tue, 7 Jul 2026 20:16:59 GMT"
s3://sales-analytics-raw-aqib-test/close_crm_users_raw/load_type=full/close_crm_users_raw_20260707_201700_part_00002.json,106479152,9fa73bf4db9b656d7cc456c74e71f806,"Tue, 7 Jul 2026 20:17:01 GMT"
s3://sales-analytics-raw-aqib-test/close_crm_users_raw/load_type=full/close_crm_users_raw_20260707_201702_part_00003.json,103375650,fe8785fa4982e1a13b8496c8a1d869b4,"Tue, 7 Jul 2026 20:17:03 GMT"
s3://sales-analytics-raw-aqib-test/close_crm_users_raw/load_type=full/close_crm_users_raw_20260707_201703_part_00004.json,109845636,6dfb93806e4e15d279bf3b1dac2ceb35,"Tue, 7 Jul 2026 20:17:05 GMT"
s3://sales-analytics-raw-aqib-test/close_crm_users_raw/load_type=full/close_crm_users_raw_20260707_201705_part_00005.json,102374055,962cc0f10390f3c739bcce649eada4d6,"Tue, 7 Jul 2026 20:17:07 GMT"
s3://sales-analytics-raw-aqib-test/close_crm_users_raw/load_type=full/close_crm_users_raw_20260707_201707_part_00006.json,103600619,f4cec62684fb5a2c9704ca84464e04f5,"Tue, 7 Jul 2026 20:17:09 GMT"
s3://sales-analytics-raw-aqib-test/close_crm_users_raw/load_type=full/close_crm_users_raw_20260707_201709_part_00007.json,115433955,bbf43818c073d0cb3325ece6f6a42b25,"Tue, 7 Jul 2026 20:17:11 GMT"
s3://sales-analytics-raw-aqib-test/close_crm_users_raw/load_type=full/close_crm_users_raw_20260707_201711_part_00008.json,103104042,3ecca04641c8820b949a63fcba3fd1b9,"Tue, 7 Jul 2026 20:17:13 GMT"
s3://sales-analytics-raw-aqib-test/close_crm_users_raw/load_type=full/close_crm_users_raw_20260707_201713_part_00009.json,103750445,ad57bb21f89db032c789254083009451,"Tue, 7 Jul 2026 20:17:15 GMT"
s3://sales-analytics-raw-aqib-test/close_crm_users_raw/load_type=full/close_crm_users_raw_20260707_201715_part_00010.json,113619136,fb887d60612475e0265a45bf221adaad,"Tue, 7 Jul 2026 20:17:17 GMT"
s3://sales-analytics-raw-aqib-test/close_crm_users_raw/load_type=full/close_crm_users_raw_20260707_201717_part_00011.json,106596685,17fcc18f02d00abae190ced867fbf949,"Tue, 7 Jul 2026 20:17:19 GMT"
s3://sales-analytics-raw-aqib-test/close_crm_users_raw/load_type=full/close_crm_users_raw_20260707_201719_part_00012.json,104744436,01d67143afbaa1b75466a1bf03be603c,"Tue, 7 Jul 2026 20:17:21 GMT"
s3://sales-analytics-raw-aqib-test/close_crm_users_raw/load_type=full/close_crm_users_raw_20260707_201721_part_00013.json,105537849,cb34714e9a24f8203daf915819f72e74,"Tue, 7 Jul 2026 20:17:22 GMT"
s3://sales-analytics-raw-aqib-test/close_crm_users_raw/load_type=full/close_crm_users_raw_20260707_201723_part_00014.json,110412215,e2bf5f8eb9a46df3b6cc099be2b04c39,"Tue, 7 Jul 2026 20:17:24 GMT"
s3://sales-analytics-raw-aqib-test/close_crm_users_raw/load_type=full/close_crm_users_raw_20260707_201725_part_00015.json,108026475,f47741df76b836cc86dd28fe9aebee09,"Tue, 7 Jul 2026 20:17:26 GMT"
s3://sales-analytics-raw-aqib-test/close_crm_users_raw/load_type=full/close_crm_users_raw_20260707_201726_part_00016.json,16931120,1130c9372e22df1dff3a010c5a4b3165,"Tue, 7 Jul 2026 20:17:27 GMT"
s3://sales-analytics-raw-aqib-test/close_crm_users_raw/load_type=full/close_crm_users_raw_20260707_203607_part_00001.json,109926932,1c261aac5f1010a0f96d2644506e32cf,"Tue, 7 Jul 2026 20:36:09 GMT"
s3://sales-analytics-raw-aqib-test/close_crm_users_raw/load_type=full/close_crm_users_raw_20260707_203609_part_00002.json,106479152,9fa73bf4db9b656d7cc456c74e71f806,"Tue, 7 Jul 2026 20:36:11 GMT"
s3://sales-analytics-raw-aqib-test/close_crm_users_raw/load_type=full/close_crm_users_raw_20260707_203611_part_00003.json,103375650,fe8785fa4982e1a13b8496c8a1d869b4,"Tue, 7 Jul 2026 20:36:13 GMT"
s3://sales-analytics-raw-aqib-test/close_crm_users_raw/load_type=full/close_crm_users_raw_20260707_203613_part_00004.json,109845636,6dfb93806e4e15d279bf3b1dac2ceb35,"Tue, 7 Jul 2026 20:36:15 GMT"
s3://sales-analytics-raw-aqib-test/close_crm_users_raw/load_type=full/close_crm_users_raw_20260707_203615_part_00005.json,102374055,962cc0f10390f3c739bcce649eada4d6,"Tue, 7 Jul 2026 20:36:17 GMT"
s3://sales-analytics-raw-aqib-test/close_crm_users_raw/load_type=full/close_crm_users_raw_20260707_203617_part_00006.json,103600619,f4cec62684fb5a2c9704ca84464e04f5,"Tue, 7 Jul 2026 20:36:19 GMT"
s3://sales-analytics-raw-aqib-test/close_crm_users_raw/load_type=full/close_crm_users_raw_20260707_203619_part_00007.json,115433955,bbf43818c073d0cb3325ece6f6a42b25,"Tue, 7 Jul 2026 20:36:21 GMT"
s3://sales-analytics-raw-aqib-test/close_crm_users_raw/load_type=full/close_crm_users_raw_20260707_203621_part_00008.json,103104042,3ecca04641c8820b949a63fcba3fd1b9,"Tue, 7 Jul 2026 20:36:22 GMT"
s3://sales-analytics-raw-aqib-test/close_crm_users_raw/load_type=full/close_crm_users_raw_20260707_203623_part_00009.json,103750445,ad57bb21f89db032c789254083009451,"Tue, 7 Jul 2026 20:36:24 GMT"
s3://sales-analytics-raw-aqib-test/close_crm_users_raw/load_type=full/close_crm_users_raw_20260707_203625_part_00010.json,113619136,fb887d60612475e0265a45bf221adaad,"Tue, 7 Jul 2026 20:36:26 GMT"
s3://sales-analytics-raw-aqib-test/close_crm_users_raw/load_type=full/close_crm_users_raw_20260707_203627_part_00011.json,106596685,17fcc18f02d00abae190ced867fbf949,"Tue, 7 Jul 2026 20:36:28 GMT"
s3://sales-analytics-raw-aqib-test/close_crm_users_raw/load_type=full/close_crm_users_raw_20260707_203628_part_00012.json,104744436,01d67143afbaa1b75466a1bf03be603c,"Tue, 7 Jul 2026 20:36:30 GMT"
s3://sales-analytics-raw-aqib-test/close_crm_users_raw/load_type=full/close_crm_users_raw_20260707_203630_part_00013.json,105537849,cb34714e9a24f8203daf915819f72e74,"Tue, 7 Jul 2026 20:36:32 GMT"
s3://sales-analytics-raw-aqib-test/close_crm_users_raw/load_type=full/close_crm_users_raw_20260707_203632_part_00014.json,110412215,e2bf5f8eb9a46df3b6cc099be2b04c39,"Tue, 7 Jul 2026 20:36:34 GMT"
s3://sales-analytics-raw-aqib-test/close_crm_users_raw/load_type=full/close_crm_users_raw_20260707_203634_part_00015.json,108026475,f47741df76b836cc86dd28fe9aebee09,"Tue, 7 Jul 2026 20:36:36 GMT"
s3://sales-analytics-raw-aqib-test/close_crm_users_raw/load_type=full/close_crm_users_raw_20260707_203636_part_00016.json,16931120,1130c9372e22df1dff3a010c5a4b3165,"Tue, 7 Jul 2026 20:36:37 GMT"
s3://sales-analytics-raw-aqib-test/close_crm_users_raw/load_type=full/load_date=2026-06-14/close_crm_users_raw_20260614_200430_part_00001.json,104871184,c8ff3b619acb25cc52fee2d710e65099,"Sun, 14 Jun 2026 20:04:32 GMT"
s3://sales-analytics-raw-aqib-test/close_crm_users_raw/load_type=full/load_date=2026-06-14/close_crm_users_raw_20260614_200433_part_00002.json,94834713,1b4fbb246bb6c37799b69d7457cd069a,"Sun, 14 Jun 2026 20:04:34 GMT"
s3://sales-analytics-raw-aqib-test/close_crm_users_raw/load_type=full/load_date=2026-06-14/close_crm_users_raw_20260614_200435_part_00003.json,103750467,e5f7463e7795ff11d49832c3413310e1,"Sun, 14 Jun 2026 20:04:37 GMT"
s3://sales-analytics-raw-aqib-test/close_crm_users_raw/load_type=full/load_date=2026-06-14/close_crm_users_raw_20260614_200437_part_00004.json,107232406,7727d9db7ea81b880b18a9d3a47daef0,"Sun, 14 Jun 2026 20:04:39 GMT"
s3://sales-analytics-raw-aqib-test/close_crm_users_raw/load_type=full/load_date=2026-06-14/close_crm_users_raw_20260614_200440_part_00005.json,98813041,109e83eb7d04410d0201372957a6189d,"Sun, 14 Jun 2026 20:04:41 GMT"
s3://sales-analytics-raw-aqib-test/close_crm_users_raw/load_type=full/load_date=2026-06-14/close_crm_users_raw_20260614_200442_part_00006.json,115574556,85bd992e5fd3ba73e8562aa3fbfa98a4,"Sun, 14 Jun 2026 20:04:44 GMT"
s3://sales-analytics-raw-aqib-test/close_crm_users_raw/load_type=full/load_date=2026-06-14/close_crm_users_raw_20260614_200444_part_00007.json,105230423,3dda360c9ee21d72972f1a50d87ca45f,"Sun, 14 Jun 2026 20:04:46 GMT"
s3://sales-analytics-raw-aqib-test/close_crm_users_raw/load_type=full/load_date=2026-06-14/close_crm_users_raw_20260614_200447_part_00008.json,91750389,d4136de78aaf630540e5e113e91b2215,"Sun, 14 Jun 2026 20:04:48 GMT"
s3://sales-analytics-raw-aqib-test/close_crm_users_raw/load_type=full/load_date=2026-06-14/close_crm_users_raw_20260614_200449_part_00009.json,107178244,e9df573e0aa777732467be83ba988807,"Sun, 14 Jun 2026 20:04:51 GMT"
s3://sales-analytics-raw-aqib-test/close_crm_users_raw/load_type=full/load_date=2026-06-14/close_crm_users_raw_20260614_200452_part_00010.json,106432565,503994d5c33174e56a654e7bbe7a2e25,"Sun, 14 Jun 2026 20:04:53 GMT"
s3://sales-analytics-raw-aqib-test/close_crm_users_raw/load_type=full/load_date=2026-06-14/close_crm_users_raw_20260614_200454_part_00011.json,103749558,d55ad14835d03ab4fe14e97751655ec0,"Sun, 14 Jun 2026 20:04:56 GMT"
s3://sales-analytics-raw-aqib-test/close_crm_users_raw/load_type=full/load_date=2026-06-14/close_crm_users_raw_20260614_200456_part_00012.json,106894292,e1416dbb9f72a5b3a5a9b3de109b2bb3,"Sun, 14 Jun 2026 20:04:58 GMT"
s3://sales-analytics-raw-aqib-test/close_crm_users_raw/load_type=full/load_date=2026-06-14/close_crm_users_raw_20260614_200459_part_00013.json,104528865,19e8ef40cdc7a0dbfc817c21a5de2fa0,"Sun, 14 Jun 2026 20:05:00 GMT"
s3://sales-analytics-raw-aqib-test/close_crm_users_raw/load_type=full/load_date=2026-06-14/close_crm_users_raw_20260614_200501_part_00014.json,107221186,0a41678b427efee7257e3811fbcaa458,"Sun, 14 Jun 2026 20:05:03 GMT"
s3://sales-analytics-raw-aqib-test/close_crm_users_raw/load_type=full/load_date=2026-06-14/close_crm_users_raw_20260614_200503_part_00015.json,45660112,c5f71da35609f6f5d202bafc0fcd39f9,"Sun, 14 Jun 2026 20:05:04 GMT"
s3://sales-analytics-raw-aqib-test/close_crm_users_raw/load_type=incremental/load_date=2026-06-18/close_crm_users_raw_20260618_184315_part_00001.json,106281708,7688d2453ce9fbcec2dc464c29f2a21f,"Thu, 18 Jun 2026 18:43:17 GMT"
s3://sales-analytics-raw-aqib-test/close_crm_users_raw/load_type=incremental/load_date=2026-06-18/close_crm_users_raw_20260618_184318_part_00002.json,105803727,7d55970450447eaf5003f2c0a4518480,"Thu, 18 Jun 2026 18:43:20 GMT"
s3://sales-analytics-raw-aqib-test/close_crm_users_raw/load_type=incremental/load_date=2026-06-18/close_crm_users_raw_20260618_184320_part_00003.json,52862625,54d2af29465cc1fe11b2ffb7490e5918,"Thu, 18 Jun 2026 18:43:22 GMT"
s3://sales-analytics-raw-aqib-test/close_crm_users_raw/load_type=incremental/load_date=2026-06-22/close_crm_users_raw_20260622_161819_part_00001.json,106784112,0d6344749ee8ecc1a0835350feaa0c23,"Mon, 22 Jun 2026 16:18:21 GMT"
s3://sales-analytics-raw-aqib-test/close_crm_users_raw/load_type=incremental/load_date=2026-06-22/close_crm_users_raw_20260622_161822_part_00002.json,106648709,0d076809e4a5b32d3dc4cccae13e3e0e,"Mon, 22 Jun 2026 16:18:23 GMT"
s3://sales-analytics-raw-aqib-test/close_crm_users_raw/load_type=incremental/load_date=2026-06-22/close_crm_users_raw_20260622_161824_part_00003.json,54991260,e0042539fa0344503e949b4cebd29cf8,"Mon, 22 Jun 2026 16:18:25 GMT"
s3://sales-analytics-raw-aqib-test/close_crm_users_raw/load_type=incremental/load_date=2026-06-25/close_crm_users_raw_20260625_161347_part_00001.json,107620253,09e539991a65331998468ab73b996270,"Thu, 25 Jun 2026 16:13:49 GMT"
s3://sales-analytics-raw-aqib-test/close_crm_users_raw/load_type=incremental/load_date=2026-06-25/close_crm_users_raw_20260625_161349_part_00002.json,55519699,281a2841fdd9f345682a2b204e213893,"Thu, 25 Jun 2026 16:13:51 GMT"
s3://sales-analytics-raw-aqib-test/custom_activities_raw/load_type=full/custom_activities_raw_20260707_203636_part_00001.json,1782219,05cd5031ebcb63b1649db36e1d87d922,"Tue, 7 Jul 2026 20:36:38 GMT"
s3://sales-analytics-raw-aqib-test/lead_activities_raw/load_type=full/lead_activities_raw_20260707_200934_part_00001.json,55981188,d655028152aeb0fde61c0d707d45f28c,"Tue, 7 Jul 2026 20:09:35 GMT"
s3://sales-analytics-raw-aqib-test/lead_activities_raw/load_type=full/lead_activities_raw_20260707_200936_part_00002.json,57519162,5deffeb0c33fd89706c495428dbe79a0,"Tue, 7 Jul 2026 20:09:37 GMT"
s3://sales-analytics-raw-aqib-test/lead_activities_raw/load_type=full/lead_activities_raw_20260707_200938_part_00003.json,59947414,7b906aff03c15dca0efc6f565b9c3fff,"Tue, 7 Jul 2026 20:09:40 GMT"
s3://sales-analytics-raw-aqib-test/lead_activities_raw/load_type=full/lead_activities_raw_20260707_200940_part_00004.json,54816393,f0719455ffb96a9c4cda6df0149cda28,"Tue, 7 Jul 2026 20:09:42 GMT"
s3://sales-analytics-raw-aqib-test/lead_activities_raw/load_type=full/lead_activities_raw_20260707_200942_part_00005.json,56442520,7752f264dcee37045a77299454609f4b,"Tue, 7 Jul 2026 20:09:44 GMT"
s3://sales-analytics-raw-aqib-test/lead_activities_raw/load_type=full/lead_activities_raw_20260707_200944_part_00006.json,51726778,72c8dbbf62b90dc8e87afd376457a748,"Tue, 7 Jul 2026 20:09:46 GMT"
s3://sales-analytics-raw-aqib-test/lead_activities_raw/load_type=full/lead_activities_raw_20260707_200946_part_00007.json,51334820,6f689b0cb62aaaa743256e907e414b1f,"Tue, 7 Jul 2026 20:09:48 GMT"
s3://sales-analytics-raw-aqib-test/lead_activities_raw/load_type=full/lead_activities_raw_20260707_200948_part_00008.json,50518934,1e2d8c90d3d1204ac275c36d04529e9c,"Tue, 7 Jul 2026 20:09:50 GMT"
s3://sales-analytics-raw-aqib-test/lead_activities_raw/load_type=full/lead_activities_raw_20260707_200950_part_00009.json,47950900,75db0b88965d070056332c18b9b2f9b8,"Tue, 7 Jul 2026 20:09:52 GMT"
s3://sales-analytics-raw-aqib-test/lead_activities_raw/load_type=full/lead_activities_raw_20260707_200952_part_00010.json,44687704,01d364967d753be2f2197351637a69ef,"Tue, 7 Jul 2026 20:09:53 GMT"
s3://sales-analytics-raw-aqib-test/lead_activities_raw/load_type=full/lead_activities_raw_20260707_200954_part_00011.json,51327034,e691a83a230bf15fed6010d2dd4a99f4,"Tue, 7 Jul 2026 20:09:55 GMT"
s3://sales-analytics-raw-aqib-test/lead_activities_raw/load_type=full/lead_activities_raw_20260707_200956_part_00012.json,45138958,85e93df6aeeebe05c15721080c0c5e9d,"Tue, 7 Jul 2026 20:09:57 GMT"
s3://sales-analytics-raw-aqib-test/lead_activities_raw/load_type=full/lead_activities_raw_20260707_200957_part_00013.json,45841508,c97d0650fa7c73800b8fecc12502f0e2,"Tue, 7 Jul 2026 20:09:59 GMT"
s3://sales-analytics-raw-aqib-test/lead_activities_raw/load_type=full/lead_activities_raw_20260707_200959_part_00014.json,47510313,796d9114f22fa4ea5e16e35dd66318ae,"Tue, 7 Jul 2026 20:10:01 GMT"
s3://sales-analytics-raw-aqib-test/lead_activities_raw/load_type=full/lead_activities_raw_20260707_201001_part_00015.json,45184572,0eabc85fa2f29d099ffc430309afea71,"Tue, 7 Jul 2026 20:10:03 GMT"
s3://sales-analytics-raw-aqib-test/lead_activities_raw/load_type=full/lead_activities_raw_20260707_201003_part_00016.json,44394917,b92da0bb1f978e581034c43c9283a1c3,"Tue, 7 Jul 2026 20:10:04 GMT"
s3://sales-analytics-raw-aqib-test/lead_activities_raw/load_type=full/lead_activities_raw_20260707_201004_part_00017.json,45671315,3a1c02243d00e04137a34cbf0c817adb,"Tue, 7 Jul 2026 20:10:06 GMT"
s3://sales-analytics-raw-aqib-test/lead_activities_raw/load_type=full/lead_activities_raw_20260707_201006_part_00018.json,45533745,d91fe248282e59f173030d64925a394c,"Tue, 7 Jul 2026 20:10:08 GMT"
s3://sales-analytics-raw-aqib-test/lead_activities_raw/load_type=full/lead_activities_raw_20260707_201008_part_00019.json,42270478,ec99b85271cfb27939904433b3be381f,"Tue, 7 Jul 2026 20:10:09 GMT"
s3://sales-analytics-raw-aqib-test/lead_activities_raw/load_type=full/lead_activities_raw_20260707_201009_part_00020.json,46573715,1db103e5c4fb19cc38cae69e42c23022,"Tue, 7 Jul 2026 20:10:11 GMT"
s3://sales-analytics-raw-aqib-test/lead_activities_raw/load_type=full/lead_activities_raw_20260707_201011_part_00021.json,48700374,0ae88c8b1443d042e10aa8c4cafa1ac1,"Tue, 7 Jul 2026 20:10:13 GMT"
s3://sales-analytics-raw-aqib-test/lead_activities_raw/load_type=full/lead_activities_raw_20260707_201013_part_00022.json,46411333,c3090df3539cef56a58660e78dc1b236,"Tue, 7 Jul 2026 20:10:15 GMT"
s3://sales-analytics-raw-aqib-test/lead_activities_raw/load_type=full/lead_activities_raw_20260707_201015_part_00023.json,47824920,4a7298cf6d5452dd7b1ed4cb2f610293,"Tue, 7 Jul 2026 20:10:16 GMT"
s3://sales-analytics-raw-aqib-test/lead_activities_raw/load_type=full/lead_activities_raw_20260707_201017_part_00024.json,49377546,dcc73bb74eecb79fe51aa273dd81697a,"Tue, 7 Jul 2026 20:10:18 GMT"
s3://sales-analytics-raw-aqib-test/lead_activities_raw/load_type=full/lead_activities_raw_20260707_201018_part_00025.json,47340739,70a66d305959c00235612432494c3293,"Tue, 7 Jul 2026 20:10:20 GMT"
s3://sales-analytics-raw-aqib-test/lead_activities_raw/load_type=full/lead_activities_raw_20260707_201020_part_00026.json,49849056,3bd105168247fabad446d4b3cd42a27e,"Tue, 7 Jul 2026 20:10:22 GMT"
s3://sales-analytics-raw-aqib-test/lead_activities_raw/load_type=full/lead_activities_raw_20260707_201022_part_00027.json,50656099,f44f02e6cd6865929de40694c35cddb6,"Tue, 7 Jul 2026 20:10:24 GMT"
s3://sales-analytics-raw-aqib-test/lead_activities_raw/load_type=full/lead_activities_raw_20260707_201024_part_00028.json,47609882,62aff16446073d2f9fc88ba54eafb5bb,"Tue, 7 Jul 2026 20:10:26 GMT"
s3://sales-analytics-raw-aqib-test/lead_activities_raw/load_type=full/lead_activities_raw_20260707_201026_part_00029.json,47938616,829fc8e8b719c0d8a569cd0c0107e030,"Tue, 7 Jul 2026 20:10:28 GMT"
s3://sales-analytics-raw-aqib-test/lead_activities_raw/load_type=full/lead_activities_raw_20260707_201028_part_00030.json,46284004,674e1ee5dd3b07404249442e58abc45f,"Tue, 7 Jul 2026 20:10:29 GMT"
s3://sales-analytics-raw-aqib-test/lead_activities_raw/load_type=full/lead_activities_raw_20260707_201030_part_00031.json,40537111,f600fa7d71b1447bea596025c3f40d23,"Tue, 7 Jul 2026 20:10:31 GMT"
s3://sales-analytics-raw-aqib-test/lead_activities_raw/load_type=full/lead_activities_raw_20260707_201031_part_00032.json,46063421,aaa6ba6cd6cef32ab59900d28116b82c,"Tue, 7 Jul 2026 20:10:33 GMT"
s3://sales-analytics-raw-aqib-test/lead_activities_raw/load_type=full/lead_activities_raw_20260707_201033_part_00033.json,47655212,938b3a6f6f25717d43dfa229b0861abf,"Tue, 7 Jul 2026 20:10:34 GMT"
s3://sales-analytics-raw-aqib-test/lead_activities_raw/load_type=full/lead_activities_raw_20260707_201035_part_00034.json,49440654,a35f0d6383ffa2b43a90701e1d27fb61,"Tue, 7 Jul 2026 20:10:36 GMT"
s3://sales-analytics-raw-aqib-test/lead_activities_raw/load_type=full/lead_activities_raw_20260707_201037_part_00035.json,47491547,fbece1a6686bc19ae3a8066a01cfc220,"Tue, 7 Jul 2026 20:10:38 GMT"
s3://sales-analytics-raw-aqib-test/lead_activities_raw/load_type=full/lead_activities_raw_20260707_201038_part_00036.json,48831643,cfe71bfe2d475715cbe3a0ebeecab764,"Tue, 7 Jul 2026 20:10:40 GMT"
s3://sales-analytics-raw-aqib-test/lead_activities_raw/load_type=full/lead_activities_raw_20260707_201040_part_00037.json,43169811,1b1fc4773de36c10aeff427cecf1fac0,"Tue, 7 Jul 2026 20:10:42 GMT"
s3://sales-analytics-raw-aqib-test/lead_activities_raw/load_type=full/lead_activities_raw_20260707_201042_part_00038.json,46078208,7242243953e49ff3feb52b4ddec9db9d,"Tue, 7 Jul 2026 20:10:44 GMT"
s3://sales-analytics-raw-aqib-test/lead_activities_raw/load_type=full/lead_activities_raw_20260707_201044_part_00039.json,45215142,4c0c5a67cd601b01c97f9659a7185570,"Tue, 7 Jul 2026 20:10:45 GMT"
s3://sales-analytics-raw-aqib-test/lead_activities_raw/load_type=full/lead_activities_raw_20260707_201045_part_00040.json,48125605,b6fbc47bce4ea62e79059bd5125ba91a,"Tue, 7 Jul 2026 20:10:47 GMT"
s3://sales-analytics-raw-aqib-test/lead_activities_raw/load_type=full/lead_activities_raw_20260707_201047_part_00041.json,51608724,3c8114052d9ab6d66fc4acf58aa04085,"Tue, 7 Jul 2026 20:10:49 GMT"
s3://sales-analytics-raw-aqib-test/lead_activities_raw/load_type=full/lead_activities_raw_20260707_201049_part_00042.json,50685607,d9512dfc443fd0b1489fe8cc7e0d930a,"Tue, 7 Jul 2026 20:10:51 GMT"
s3://sales-analytics-raw-aqib-test/lead_activities_raw/load_type=full/lead_activities_raw_20260707_201051_part_00043.json,50353254,a6d916010c5712462aaa9b87af136ed7,"Tue, 7 Jul 2026 20:10:53 GMT"
s3://sales-analytics-raw-aqib-test/lead_activities_raw/load_type=full/lead_activities_raw_20260707_201053_part_00044.json,49566962,a47bb59771f30e28824ee638ee53c24d,"Tue, 7 Jul 2026 20:10:55 GMT"
s3://sales-analytics-raw-aqib-test/lead_activities_raw/load_type=full/lead_activities_raw_20260707_201055_part_00045.json,54004383,cb429489946e8dcce9714725ec62077b,"Tue, 7 Jul 2026 20:10:57 GMT"
s3://sales-analytics-raw-aqib-test/lead_activities_raw/load_type=full/lead_activities_raw_20260707_201057_part_00046.json,51208712,9526ffb5b17939ea7cd76fdd623c2102,"Tue, 7 Jul 2026 20:10:59 GMT"
s3://sales-analytics-raw-aqib-test/lead_activities_raw/load_type=full/lead_activities_raw_20260707_201059_part_00047.json,46866988,9815852871512851fef842f1ab42eb55,"Tue, 7 Jul 2026 20:11:01 GMT"
s3://sales-analytics-raw-aqib-test/lead_activities_raw/load_type=full/lead_activities_raw_20260707_201101_part_00048.json,51752223,e120cf703d7724d168c856ff884e381c,"Tue, 7 Jul 2026 20:11:03 GMT"
s3://sales-analytics-raw-aqib-test/lead_activities_raw/load_type=full/lead_activities_raw_20260707_201103_part_00049.json,49594045,7522894b0e8578cae8e9c901e86e21af,"Tue, 7 Jul 2026 20:11:05 GMT"
s3://sales-analytics-raw-aqib-test/lead_activities_raw/load_type=full/lead_activities_raw_20260707_201105_part_00050.json,48423201,0eedf96c7b8ee9bcbf51650d859903b8,"Tue, 7 Jul 2026 20:11:07 GMT"
s3://sales-analytics-raw-aqib-test/lead_activities_raw/load_type=full/lead_activities_raw_20260707_201107_part_00051.json,49956083,bdb9c12aa4661acc497217b6ee671a2a,"Tue, 7 Jul 2026 20:11:09 GMT"
s3://sales-analytics-raw-aqib-test/lead_activities_raw/load_type=full/lead_activities_raw_20260707_201109_part_00052.json,48496982,5e34856271252740c41e6bff1b8aceba,"Tue, 7 Jul 2026 20:11:10 GMT"
s3://sales-analytics-raw-aqib-test/lead_activities_raw/load_type=full/lead_activities_raw_20260707_201111_part_00053.json,48619957,c6a33ab06f8b4c233d74b0544adb3aa5,"Tue, 7 Jul 2026 20:11:12 GMT"
s3://sales-analytics-raw-aqib-test/lead_activities_raw/load_type=full/lead_activities_raw_20260707_201112_part_00054.json,47424434,137ef154028c3918ff24f9fea331aa6f,"Tue, 7 Jul 2026 20:11:14 GMT"
s3://sales-analytics-raw-aqib-test/lead_activities_raw/load_type=full/lead_activities_raw_20260707_201114_part_00055.json,49586728,85c0baeb3831e81c1186903fb4dd3a4d,"Tue, 7 Jul 2026 20:11:16 GMT"
s3://sales-analytics-raw-aqib-test/lead_activities_raw/load_type=full/lead_activities_raw_20260707_201116_part_00056.json,47371944,29039f9a5e405c03f41e040ebc1725fd,"Tue, 7 Jul 2026 20:11:18 GMT"
s3://sales-analytics-raw-aqib-test/lead_activities_raw/load_type=full/lead_activities_raw_20260707_201118_part_00057.json,50991568,8478688c5e4da2db85e4750bbcf88b9a,"Tue, 7 Jul 2026 20:11:20 GMT"
s3://sales-analytics-raw-aqib-test/lead_activities_raw/load_type=full/lead_activities_raw_20260707_201120_part_00058.json,48284669,03e22e9adf9e46b6abf76bbd38976794,"Tue, 7 Jul 2026 20:11:22 GMT"
s3://sales-analytics-raw-aqib-test/lead_activities_raw/load_type=full/lead_activities_raw_20260707_201122_part_00059.json,47556771,bc037bd9ac7d924bb3ca2902691b99d8,"Tue, 7 Jul 2026 20:11:23 GMT"
s3://sales-analytics-raw-aqib-test/lead_activities_raw/load_type=full/lead_activities_raw_20260707_201124_part_00060.json,54127563,b2801e272a72afbd7315c481d0e8cb7f,"Tue, 7 Jul 2026 20:11:26 GMT"
s3://sales-analytics-raw-aqib-test/lead_activities_raw/load_type=full/lead_activities_raw_20260707_201126_part_00061.json,52620115,8131fbc7ee3f6ce147a46a164af00b01,"Tue, 7 Jul 2026 20:11:27 GMT"
s3://sales-analytics-raw-aqib-test/lead_activities_raw/load_type=full/lead_activities_raw_20260707_201128_part_00062.json,57504614,2014fd646cc9af55e9f577f313359a9b,"Tue, 7 Jul 2026 20:11:30 GMT"
s3://sales-analytics-raw-aqib-test/lead_activities_raw/load_type=full/lead_activities_raw_20260707_201130_part_00063.json,56237260,636414f5498a57b20be9aa43fb4f109f,"Tue, 7 Jul 2026 20:11:32 GMT"
s3://sales-analytics-raw-aqib-test/lead_activities_raw/load_type=full/lead_activities_raw_20260707_201132_part_00064.json,51808514,e070bb87fd42c3651ea0f7ffb29cddea,"Tue, 7 Jul 2026 20:11:34 GMT"
s3://sales-analytics-raw-aqib-test/lead_activities_raw/load_type=full/lead_activities_raw_20260707_201134_part_00065.json,53381021,d5a3cbf8d52275443a9f749ac824241b,"Tue, 7 Jul 2026 20:11:36 GMT"
s3://sales-analytics-raw-aqib-test/lead_activities_raw/load_type=full/lead_activities_raw_20260707_201137_part_00066.json,56014090,38b1762cb0198a34b27e21111334a968,"Tue, 7 Jul 2026 20:11:38 GMT"
s3://sales-analytics-raw-aqib-test/lead_activities_raw/load_type=full/lead_activities_raw_20260707_201139_part_00067.json,54347729,17541d972433c213a68e563d306a75e0,"Tue, 7 Jul 2026 20:11:40 GMT"
s3://sales-analytics-raw-aqib-test/lead_activities_raw/load_type=full/lead_activities_raw_20260707_201141_part_00068.json,55901488,9fc6bdd26f8282a5af28f7a8890e4cdd,"Tue, 7 Jul 2026 20:11:43 GMT"
s3://sales-analytics-raw-aqib-test/lead_activities_raw/load_type=full/lead_activities_raw_20260707_201143_part_00069.json,48629078,7fd3b5806dd4b5f652ec7774220ea79d,"Tue, 7 Jul 2026 20:11:44 GMT"
s3://sales-analytics-raw-aqib-test/lead_activities_raw/load_type=full/lead_activities_raw_20260707_201145_part_00070.json,47456864,a46499b32ce29cb4a35f1ea9656a385a,"Tue, 7 Jul 2026 20:11:46 GMT"
s3://sales-analytics-raw-aqib-test/lead_activities_raw/load_type=full/lead_activities_raw_20260707_201146_part_00071.json,49250494,87b4f4c3beb6297ac25e9527ebab4cab,"Tue, 7 Jul 2026 20:11:48 GMT"
s3://sales-analytics-raw-aqib-test/lead_activities_raw/load_type=full/lead_activities_raw_20260707_201148_part_00072.json,51332837,50a1340cc534da9da6825aab88fc484f,"Tue, 7 Jul 2026 20:11:50 GMT"
s3://sales-analytics-raw-aqib-test/lead_activities_raw/load_type=full/lead_activities_raw_20260707_201150_part_00073.json,45869981,b058790f5108fb818be84707a82bc5de,"Tue, 7 Jul 2026 20:11:52 GMT"
s3://sales-analytics-raw-aqib-test/lead_activities_raw/load_type=full/lead_activities_raw_20260707_201152_part_00074.json,50258400,d7c71aa58e587ba1272a7478955d8679,"Tue, 7 Jul 2026 20:11:54 GMT"
s3://sales-analytics-raw-aqib-test/lead_activities_raw/load_type=full/lead_activities_raw_20260707_201154_part_00075.json,50732093,ce7f36a9ef096d31468fb5fea508156c,"Tue, 7 Jul 2026 20:11:56 GMT"
s3://sales-analytics-raw-aqib-test/lead_activities_raw/load_type=full/lead_activities_raw_20260707_201156_part_00076.json,51950563,8b8cfc3f8f64714279ca1c9511bec520,"Tue, 7 Jul 2026 20:11:58 GMT"
s3://sales-analytics-raw-aqib-test/lead_activities_raw/load_type=full/lead_activities_raw_20260707_201158_part_00077.json,50698300,2dc4c954324eeb9e438aa21a38750bcf,"Tue, 7 Jul 2026 20:12:00 GMT"
s3://sales-analytics-raw-aqib-test/lead_activities_raw/load_type=full/lead_activities_raw_20260707_201200_part_00078.json,48351409,ab3493a781439950ce778b824bb3854d,"Tue, 7 Jul 2026 20:12:01 GMT"
s3://sales-analytics-raw-aqib-test/lead_activities_raw/load_type=full/lead_activities_raw_20260707_201202_part_00079.json,50987248,accd4fb7da047a86274a642fde609838,"Tue, 7 Jul 2026 20:12:03 GMT"
s3://sales-analytics-raw-aqib-test/lead_activities_raw/load_type=full/lead_activities_raw_20260707_201204_part_00080.json,52068745,761f539194fbac1d78258c94ab985dc5,"Tue, 7 Jul 2026 20:12:05 GMT"
s3://sales-analytics-raw-aqib-test/lead_activities_raw/load_type=full/lead_activities_raw_20260707_201206_part_00081.json,51696188,989468fbc4e973abb42e7957c4ad7404,"Tue, 7 Jul 2026 20:12:07 GMT"
s3://sales-analytics-raw-aqib-test/lead_activities_raw/load_type=full/lead_activities_raw_20260707_201208_part_00082.json,49702268,4b0ae9addf32cd96b907eaf373f7a9a9,"Tue, 7 Jul 2026 20:12:09 GMT"
s3://sales-analytics-raw-aqib-test/lead_activities_raw/load_type=full/lead_activities_raw_20260707_201210_part_00083.json,53897920,29f7a5753a86dd4bc8398bd38ae2b87b,"Tue, 7 Jul 2026 20:12:11 GMT"
s3://sales-analytics-raw-aqib-test/lead_activities_raw/load_type=full/lead_activities_raw_20260707_201212_part_00084.json,51725236,62ee84ae6959595ad3b5773182aad94b,"Tue, 7 Jul 2026 20:12:13 GMT"
s3://sales-analytics-raw-aqib-test/lead_activities_raw/load_type=full/lead_activities_raw_20260707_201214_part_00085.json,53110870,da9511b7ebc6e3c092adf88902ff7d6b,"Tue, 7 Jul 2026 20:12:16 GMT"
s3://sales-analytics-raw-aqib-test/lead_activities_raw/load_type=full/lead_activities_raw_20260707_201216_part_00086.json,52974430,60e7c2e9b8d8eccdd8ea5f6be7d94541,"Tue, 7 Jul 2026 20:12:18 GMT"
s3://sales-analytics-raw-aqib-test/lead_activities_raw/load_type=full/lead_activities_raw_20260707_201218_part_00087.json,54304967,a3903d01caa47598cfb8a3224b273cb7,"Tue, 7 Jul 2026 20:12:20 GMT"
s3://sales-analytics-raw-aqib-test/lead_activities_raw/load_type=full/lead_activities_raw_20260707_201220_part_00088.json,52785738,f8d496a96a47416b343cb0ce299f6758,"Tue, 7 Jul 2026 20:12:22 GMT"
s3://sales-analytics-raw-aqib-test/lead_activities_raw/load_type=full/lead_activities_raw_20260707_201222_part_00089.json,52177798,a9f6319269a2d5cefe1d73b7a7041269,"Tue, 7 Jul 2026 20:12:24 GMT"
s3://sales-analytics-raw-aqib-test/lead_activities_raw/load_type=full/lead_activities_raw_20260707_201224_part_00090.json,56660936,7be55bb5b9e6b89d2eee3627e0b37b24,"Tue, 7 Jul 2026 20:12:26 GMT"
s3://sales-analytics-raw-aqib-test/lead_activities_raw/load_type=full/lead_activities_raw_20260707_201226_part_00091.json,53591530,7c1d6244e96151d5e130bf04dd2af3f6,"Tue, 7 Jul 2026 20:12:28 GMT"
s3://sales-analytics-raw-aqib-test/lead_activities_raw/load_type=full/lead_activities_raw_20260707_201228_part_00092.json,55300466,ce91c09ed3d7bd8b34a6d830fafd39bc,"Tue, 7 Jul 2026 20:12:30 GMT"
s3://sales-analytics-raw-aqib-test/lead_activities_raw/load_type=full/lead_activities_raw_20260707_201231_part_00093.json,56023828,931a1c8c5c5dd667037a20eb2e091265,"Tue, 7 Jul 2026 20:12:32 GMT"
s3://sales-analytics-raw-aqib-test/lead_activities_raw/load_type=full/lead_activities_raw_20260707_201233_part_00094.json,52656552,cfc8154de72cd8d8a93365245e095c32,"Tue, 7 Jul 2026 20:12:34 GMT"
s3://sales-analytics-raw-aqib-test/lead_activities_raw/load_type=full/lead_activities_raw_20260707_201235_part_00095.json,58441168,0ca11a46e7a1d1e045ea73d6e230bf67,"Tue, 7 Jul 2026 20:12:36 GMT"
s3://sales-analytics-raw-aqib-test/lead_activities_raw/load_type=full/lead_activities_raw_20260707_201237_part_00096.json,51070968,5e665143165fb10c6334d95921391157,"Tue, 7 Jul 2026 20:12:39 GMT"
s3://sales-analytics-raw-aqib-test/lead_activities_raw/load_type=full/lead_activities_raw_20260707_201239_part_00097.json,56788138,65c03e9faace7bcf58ff587beac68ccd,"Tue, 7 Jul 2026 20:12:41 GMT"
s3://sales-analytics-raw-aqib-test/lead_activities_raw/load_type=full/lead_activities_raw_20260707_201241_part_00098.json,58748518,bc30d1b5838bd7a6275ba9ec0dd091e9,"Tue, 7 Jul 2026 20:12:43 GMT"
s3://sales-analytics-raw-aqib-test/lead_activities_raw/load_type=full/lead_activities_raw_20260707_201243_part_00099.json,54574376,a3a0d71a31a0db34c42dee0c6f28ee07,"Tue, 7 Jul 2026 20:12:45 GMT"
s3://sales-analytics-raw-aqib-test/lead_activities_raw/load_type=full/lead_activities_raw_20260707_201245_part_00100.json,55298581,8a934a43528831719497dc5fbacb1f65,"Tue, 7 Jul 2026 20:12:47 GMT"
s3://sales-analytics-raw-aqib-test/lead_activities_raw/load_type=full/lead_activities_raw_20260707_201248_part_00101.json,54729907,d25b3aa6f8084a1dae8c9c48f23db2fd,"Tue, 7 Jul 2026 20:12:49 GMT"
s3://sales-analytics-raw-aqib-test/lead_activities_raw/load_type=full/lead_activities_raw_20260707_201250_part_00102.json,55806416,e6c91251e278a7634a0165f7ca1c0f62,"Tue, 7 Jul 2026 20:12:52 GMT"
s3://sales-analytics-raw-aqib-test/lead_activities_raw/load_type=full/lead_activities_raw_20260707_201252_part_00103.json,54582292,81506fd50caf44a5a4ee5d629d99a5db,"Tue, 7 Jul 2026 20:12:54 GMT"
s3://sales-analytics-raw-aqib-test/lead_activities_raw/load_type=full/lead_activities_raw_20260707_201254_part_00104.json,61373393,46f6f27eb8be2a203fd1485f5b03f9e5,"Tue, 7 Jul 2026 20:12:56 GMT"
s3://sales-analytics-raw-aqib-test/lead_activities_raw/load_type=full/lead_activities_raw_20260707_201256_part_00105.json,57563299,973fc3e0a7a4e17e827321fcd3e9c49d,"Tue, 7 Jul 2026 20:12:58 GMT"
s3://sales-analytics-raw-aqib-test/lead_activities_raw/load_type=full/lead_activities_raw_20260707_201259_part_00106.json,63014230,911462e7833d4a819f232a1e1ec75343,"Tue, 7 Jul 2026 20:13:01 GMT"
s3://sales-analytics-raw-aqib-test/lead_activities_raw/load_type=full/lead_activities_raw_20260707_201301_part_00107.json,60574721,937b4386661440889cffc99ac787eb42,"Tue, 7 Jul 2026 20:13:03 GMT"
s3://sales-analytics-raw-aqib-test/lead_activities_raw/load_type=full/lead_activities_raw_20260707_201304_part_00108.json,57784617,38021f6fd99730ce4903718eba995751,"Tue, 7 Jul 2026 20:13:05 GMT"
s3://sales-analytics-raw-aqib-test/lead_activities_raw/load_type=full/lead_activities_raw_20260707_201306_part_00109.json,60922676,e5edc732e78d68f634fe10318a6611ed,"Tue, 7 Jul 2026 20:13:08 GMT"
s3://sales-analytics-raw-aqib-test/lead_activities_raw/load_type=full/lead_activities_raw_20260707_201308_part_00110.json,57632733,9b3e6b0958178b73af6d1bd676345a6d,"Tue, 7 Jul 2026 20:13:10 GMT"
s3://sales-analytics-raw-aqib-test/lead_activities_raw/load_type=full/lead_activities_raw_20260707_201311_part_00111.json,61034941,817e7d1eba4cff83cd8c144e612150f9,"Tue, 7 Jul 2026 20:13:12 GMT"
s3://sales-analytics-raw-aqib-test/lead_activities_raw/load_type=full/lead_activities_raw_20260707_201313_part_00112.json,65470353,e558798c008851ec6f7959d6ca386e58,"Tue, 7 Jul 2026 20:13:15 GMT"
s3://sales-analytics-raw-aqib-test/lead_activities_raw/load_type=full/lead_activities_raw_20260707_201315_part_00113.json,55484439,85408cf6a8045e5c3f2a1ae32eddef5e,"Tue, 7 Jul 2026 20:13:17 GMT"
s3://sales-analytics-raw-aqib-test/lead_activities_raw/load_type=full/lead_activities_raw_20260707_201318_part_00114.json,54426370,10c5283a4890b58998c60a468af94c3c,"Tue, 7 Jul 2026 20:13:19 GMT"
s3://sales-analytics-raw-aqib-test/lead_activities_raw/load_type=full/lead_activities_raw_20260707_201320_part_00115.json,57288569,5c608ffd295d39108cd572525869461c,"Tue, 7 Jul 2026 20:13:21 GMT"
s3://sales-analytics-raw-aqib-test/lead_activities_raw/load_type=full/lead_activities_raw_20260707_201322_part_00116.json,53533594,ed03a043923251db952c8c6b2e266a9f,"Tue, 7 Jul 2026 20:13:24 GMT"
s3://sales-analytics-raw-aqib-test/lead_activities_raw/load_type=full/lead_activities_raw_20260707_201324_part_00117.json,54842201,9e027921510b14f1edf2317e1d35be5f,"Tue, 7 Jul 2026 20:13:26 GMT"
s3://sales-analytics-raw-aqib-test/lead_activities_raw/load_type=full/lead_activities_raw_20260707_201326_part_00118.json,57534956,be909dfde2f44e799e9cb658b4fa287c,"Tue, 7 Jul 2026 20:13:28 GMT"
s3://sales-analytics-raw-aqib-test/lead_activities_raw/load_type=full/lead_activities_raw_20260707_201328_part_00119.json,55966527,b673c6f8451545ca63f6b69ae943d70d,"Tue, 7 Jul 2026 20:13:30 GMT"
s3://sales-analytics-raw-aqib-test/lead_activities_raw/load_type=full/lead_activities_raw_20260707_201331_part_00120.json,60489379,f1177802f5cc2710a41c684523bef711,"Tue, 7 Jul 2026 20:13:33 GMT"
s3://sales-analytics-raw-aqib-test/lead_activities_raw/load_type=full/lead_activities_raw_20260707_201333_part_00121.json,56839936,3dca0e5215527d5f0b6f184dcbbb5655,"Tue, 7 Jul 2026 20:13:35 GMT"
s3://sales-analytics-raw-aqib-test/lead_activities_raw/load_type=full/lead_activities_raw_20260707_201335_part_00122.json,60219018,67f9a375c497bff31e8d448a748f7487,"Tue, 7 Jul 2026 20:13:37 GMT"
s3://sales-analytics-raw-aqib-test/lead_activities_raw/load_type=full/lead_activities_raw_20260707_201338_part_00123.json,60299677,aeefc8d8d176da7f3d51a6ac334c019b,"Tue, 7 Jul 2026 20:13:39 GMT"
s3://sales-analytics-raw-aqib-test/lead_activities_raw/load_type=full/lead_activities_raw_20260707_201340_part_00124.json,59944534,97c3847631757305641f92aa100fa2aa,"Tue, 7 Jul 2026 20:13:42 GMT"
s3://sales-analytics-raw-aqib-test/lead_activities_raw/load_type=full/lead_activities_raw_20260707_201342_part_00125.json,57873756,18e1a64fc8fd2ad727045f5b60d2e895,"Tue, 7 Jul 2026 20:13:44 GMT"
s3://sales-analytics-raw-aqib-test/lead_activities_raw/load_type=full/lead_activities_raw_20260707_201344_part_00126.json,58071356,993b7843582ff13acd4d24fc83137f37,"Tue, 7 Jul 2026 20:13:46 GMT"
s3://sales-analytics-raw-aqib-test/lead_activities_raw/load_type=full/lead_activities_raw_20260707_201347_part_00127.json,57522185,bb641a19b33ea75230b709c83ae248de,"Tue, 7 Jul 2026 20:13:48 GMT"
s3://sales-analytics-raw-aqib-test/lead_activities_raw/load_type=full/lead_activities_raw_20260707_201349_part_00128.json,56046485,19e206d2b1d3003fb6b4c3ba8d11441c,"Tue, 7 Jul 2026 20:13:50 GMT"
s3://sales-analytics-raw-aqib-test/lead_activities_raw/load_type=full/lead_activities_raw_20260707_201351_part_00129.json,61109293,c6b77256fe027a751d516100e00d385f,"Tue, 7 Jul 2026 20:13:53 GMT"
s3://sales-analytics-raw-aqib-test/lead_activities_raw/load_type=full/lead_activities_raw_20260707_201353_part_00130.json,60460724,497779e893680200e759795b754d39bb,"Tue, 7 Jul 2026 20:13:55 GMT"
s3://sales-analytics-raw-aqib-test/lead_activities_raw/load_type=full/lead_activities_raw_20260707_201356_part_00131.json,59128485,4bd8b28acc2f9bb540e4b8918c632427,"Tue, 7 Jul 2026 20:13:58 GMT"
s3://sales-analytics-raw-aqib-test/lead_activities_raw/load_type=full/lead_activities_raw_20260707_201358_part_00132.json,54955347,cd95a52753f4166645d1cc00c20b70f3,"Tue, 7 Jul 2026 20:14:00 GMT"
s3://sales-analytics-raw-aqib-test/lead_activities_raw/load_type=full/lead_activities_raw_20260707_201400_part_00133.json,57647832,6b4f8c24f7ee95807334b3266db93f7c,"Tue, 7 Jul 2026 20:14:02 GMT"
s3://sales-analytics-raw-aqib-test/lead_activities_raw/load_type=full/lead_activities_raw_20260707_201402_part_00134.json,55326635,56db5d733e180d873136c5241fa5f4e7,"Tue, 7 Jul 2026 20:14:04 GMT"
s3://sales-analytics-raw-aqib-test/lead_activities_raw/load_type=full/lead_activities_raw_20260707_201404_part_00135.json,53754159,cb40c0d585f8a9dfa14448b2f4077e68,"Tue, 7 Jul 2026 20:14:06 GMT"
s3://sales-analytics-raw-aqib-test/lead_activities_raw/load_type=full/lead_activities_raw_20260707_201407_part_00136.json,58309474,4dcffbc6124acbdd223f7272378eed16,"Tue, 7 Jul 2026 20:14:09 GMT"
s3://sales-analytics-raw-aqib-test/lead_activities_raw/load_type=full/lead_activities_raw_20260707_201409_part_00137.json,58940994,875c0f7c36ed46b10096fbc105ae51d9,"Tue, 7 Jul 2026 20:14:11 GMT"
s3://sales-analytics-raw-aqib-test/lead_activities_raw/load_type=full/lead_activities_raw_20260707_201411_part_00138.json,58162144,8d528be86ee5f20119f463b48ba5089c,"Tue, 7 Jul 2026 20:14:13 GMT"
s3://sales-analytics-raw-aqib-test/lead_activities_raw/load_type=full/lead_activities_raw_20260707_201413_part_00139.json,56885527,3695ab74b3cc9317fdf07998cea38e07,"Tue, 7 Jul 2026 20:14:15 GMT"
s3://sales-analytics-raw-aqib-test/lead_activities_raw/load_type=full/lead_activities_raw_20260707_201416_part_00140.json,66368691,0721fcc4c9c2a4b6a5f9eb55b84f54ec,"Tue, 7 Jul 2026 20:14:18 GMT"
s3://sales-analytics-raw-aqib-test/lead_activities_raw/load_type=full/lead_activities_raw_20260707_201418_part_00141.json,57954382,3fdb258281dccdb439d3411198363bbb,"Tue, 7 Jul 2026 20:14:20 GMT"
s3://sales-analytics-raw-aqib-test/lead_activities_raw/load_type=full/lead_activities_raw_20260707_201421_part_00142.json,52328778,63e9a6f59585630f82f6efbc02455505,"Tue, 7 Jul 2026 20:14:22 GMT"
s3://sales-analytics-raw-aqib-test/lead_activities_raw/load_type=full/lead_activities_raw_20260707_201423_part_00143.json,55554708,d47bc0dae25fe090a79a7b85116f9e06,"Tue, 7 Jul 2026 20:14:24 GMT"
s3://sales-analytics-raw-aqib-test/lead_activities_raw/load_type=full/lead_activities_raw_20260707_201425_part_00144.json,56281511,32ace8080598b8158acc4c8b6e78c660,"Tue, 7 Jul 2026 20:14:27 GMT"
s3://sales-analytics-raw-aqib-test/lead_activities_raw/load_type=full/lead_activities_raw_20260707_201427_part_00145.json,55409661,ef48831509419447e4a2a55b52c46fa4,"Tue, 7 Jul 2026 20:14:29 GMT"
s3://sales-analytics-raw-aqib-test/lead_activities_raw/load_type=full/lead_activities_raw_20260707_201429_part_00146.json,55075459,a588953745c22dce9f1550705eba791a,"Tue, 7 Jul 2026 20:14:31 GMT"
s3://sales-analytics-raw-aqib-test/lead_activities_raw/load_type=full/lead_activities_raw_20260707_201432_part_00147.json,56138724,33557b8571d920a9b164f5b6cbb18bf7,"Tue, 7 Jul 2026 20:14:33 GMT"
s3://sales-analytics-raw-aqib-test/lead_activities_raw/load_type=full/lead_activities_raw_20260707_201434_part_00148.json,57487328,b672920b49bf373144ef8185826b3109,"Tue, 7 Jul 2026 20:14:36 GMT"
s3://sales-analytics-raw-aqib-test/lead_activities_raw/load_type=full/lead_activities_raw_20260707_201436_part_00149.json,56752283,009f0b45ff70199a7c04d63acf2c5270,"Tue, 7 Jul 2026 20:14:38 GMT"
s3://sales-analytics-raw-aqib-test/lead_activities_raw/load_type=full/lead_activities_raw_20260707_201438_part_00150.json,52367132,628c35580dae6b971d44dc2ca546eb0e,"Tue, 7 Jul 2026 20:14:40 GMT"
s3://sales-analytics-raw-aqib-test/lead_activities_raw/load_type=full/lead_activities_raw_20260707_201440_part_00151.json,52876252,4f30cfdc374af7ae32c7b2362600c7b4,"Tue, 7 Jul 2026 20:14:42 GMT"
s3://sales-analytics-raw-aqib-test/lead_activities_raw/load_type=full/lead_activities_raw_20260707_201442_part_00152.json,50486440,6c673564d9f8968dff46be7a162f8d05,"Tue, 7 Jul 2026 20:14:44 GMT"
s3://sales-analytics-raw-aqib-test/lead_activities_raw/load_type=full/lead_activities_raw_20260707_201444_part_00153.json,53760451,297e9ec8688d7d09c5534617e385cfe8,"Tue, 7 Jul 2026 20:14:46 GMT"
s3://sales-analytics-raw-aqib-test/lead_activities_raw/load_type=full/lead_activities_raw_20260707_201446_part_00154.json,52502166,9bf802b245239886966ecc58e7077a40,"Tue, 7 Jul 2026 20:14:48 GMT"
s3://sales-analytics-raw-aqib-test/lead_activities_raw/load_type=full/lead_activities_raw_20260707_201448_part_00155.json,53759366,2c39c2a22dbd0ef8ea5d449ef9de8c27,"Tue, 7 Jul 2026 20:14:50 GMT"
s3://sales-analytics-raw-aqib-test/lead_activities_raw/load_type=full/lead_activities_raw_20260707_201451_part_00156.json,57715079,6ee4e142964bbe42b0aaa3a1b1aeb26f,"Tue, 7 Jul 2026 20:14:52 GMT"
s3://sales-analytics-raw-aqib-test/lead_activities_raw/load_type=full/lead_activities_raw_20260707_201453_part_00157.json,52422714,0a073ce22c61cdf273f44095ed3ff6b1,"Tue, 7 Jul 2026 20:14:54 GMT"
s3://sales-analytics-raw-aqib-test/lead_activities_raw/load_type=full/lead_activities_raw_20260707_201455_part_00158.json,52342543,671d1877bf2a39f1ab43050e058295c3,"Tue, 7 Jul 2026 20:14:56 GMT"
s3://sales-analytics-raw-aqib-test/lead_activities_raw/load_type=full/lead_activities_raw_20260707_201457_part_00159.json,54663058,a7a3d3711060fc86126525839278804b,"Tue, 7 Jul 2026 20:14:59 GMT"
s3://sales-analytics-raw-aqib-test/lead_activities_raw/load_type=full/lead_activities_raw_20260707_201459_part_00160.json,52062479,ec509515a5ae0117176bc5296786ef24,"Tue, 7 Jul 2026 20:15:01 GMT"
s3://sales-analytics-raw-aqib-test/lead_activities_raw/load_type=full/lead_activities_raw_20260707_201501_part_00161.json,54182804,2c25447b226e55b93b57fa5ceca3f767,"Tue, 7 Jul 2026 20:15:03 GMT"
s3://sales-analytics-raw-aqib-test/lead_activities_raw/load_type=full/lead_activities_raw_20260707_201503_part_00162.json,52860771,9ac471ef18caca55440b4d4f9bd30a64,"Tue, 7 Jul 2026 20:15:05 GMT"
s3://sales-analytics-raw-aqib-test/lead_activities_raw/load_type=full/lead_activities_raw_20260707_201505_part_00163.json,46285205,1d7fd9b13df47aca0e7ec90a44624433,"Tue, 7 Jul 2026 20:15:07 GMT"
s3://sales-analytics-raw-aqib-test/lead_activities_raw/load_type=full/lead_activities_raw_20260707_201507_part_00164.json,51643962,45896919ef8e49adc236972f4df614ec,"Tue, 7 Jul 2026 20:15:09 GMT"
s3://sales-analytics-raw-aqib-test/lead_activities_raw/load_type=full/lead_activities_raw_20260707_201509_part_00165.json,56541902,0b9dacff35ea05827babcea058e0cc0f,"Tue, 7 Jul 2026 20:15:11 GMT"
s3://sales-analytics-raw-aqib-test/lead_activities_raw/load_type=full/lead_activities_raw_20260707_201511_part_00166.json,51651428,1871e2d22aee6820d55ae3b999832b3f,"Tue, 7 Jul 2026 20:15:13 GMT"
s3://sales-analytics-raw-aqib-test/lead_activities_raw/load_type=full/lead_activities_raw_20260707_201513_part_00167.json,57409380,f98f0d81c972e3536beed342bd395ba6,"Tue, 7 Jul 2026 20:15:15 GMT"
s3://sales-analytics-raw-aqib-test/lead_activities_raw/load_type=full/lead_activities_raw_20260707_201516_part_00168.json,52372266,eb7d100430e86de697c89d92f3c3cdf0,"Tue, 7 Jul 2026 20:15:17 GMT"
s3://sales-analytics-raw-aqib-test/lead_activities_raw/load_type=full/lead_activities_raw_20260707_201518_part_00169.json,54447646,a71ffe4c04c154fff17282a3976717b7,"Tue, 7 Jul 2026 20:15:19 GMT"
s3://sales-analytics-raw-aqib-test/lead_activities_raw/load_type=full/lead_activities_raw_20260707_201520_part_00170.json,52656281,2913bd50b8aa7c288d55b5b4e7ea49a2,"Tue, 7 Jul 2026 20:15:22 GMT"
s3://sales-analytics-raw-aqib-test/lead_activities_raw/load_type=full/lead_activities_raw_20260707_201522_part_00171.json,41173522,1d9b418359d933919fddd966d7ea0628,"Tue, 7 Jul 2026 20:15:23 GMT"
s3://sales-analytics-raw-aqib-test/lead_activities_raw/load_type=full/lead_activities_raw_20260707_201523_part_00172.json,41488203,93abc7b63106163e2abe1206ff74698c,"Tue, 7 Jul 2026 20:15:25 GMT"
s3://sales-analytics-raw-aqib-test/lead_activities_raw/load_type=full/lead_activities_raw_20260707_201525_part_00173.json,41660980,9ebc5457dd613a8277fac751d36cd503,"Tue, 7 Jul 2026 20:15:26 GMT"
s3://sales-analytics-raw-aqib-test/lead_activities_raw/load_type=full/lead_activities_raw_20260707_201527_part_00174.json,41431602,0511893fca6f2dd0163aa92df74b3029,"Tue, 7 Jul 2026 20:15:28 GMT"
s3://sales-analytics-raw-aqib-test/lead_activities_raw/load_type=full/lead_activities_raw_20260707_201528_part_00175.json,39257449,9f607299f4dbb27add0ae7f51e88c0e5,"Tue, 7 Jul 2026 20:15:30 GMT"
s3://sales-analytics-raw-aqib-test/lead_activities_raw/load_type=full/lead_activities_raw_20260707_201530_part_00176.json,39704992,7ca388ebaba71320f36d074d33b4fe69,"Tue, 7 Jul 2026 20:15:31 GMT"
s3://sales-analytics-raw-aqib-test/lead_activities_raw/load_type=full/lead_activities_raw_20260707_201531_part_00177.json,42274273,9fed337877ec678f68812fd09a31525f,"Tue, 7 Jul 2026 20:15:33 GMT"
s3://sales-analytics-raw-aqib-test/lead_activities_raw/load_type=full/lead_activities_raw_20260707_201533_part_00178.json,45966985,20631f0e4cc42f15c4152578f1dffaa4,"Tue, 7 Jul 2026 20:15:34 GMT"
s3://sales-analytics-raw-aqib-test/lead_activities_raw/load_type=full/lead_activities_raw_20260707_201535_part_00179.json,44662887,da96c5e5d784be93a22c232af30f0b08,"Tue, 7 Jul 2026 20:15:36 GMT"
s3://sales-analytics-raw-aqib-test/lead_activities_raw/load_type=full/lead_activities_raw_20260707_201536_part_00180.json,43531476,8b6f54d97201611db925743062603bd8,"Tue, 7 Jul 2026 20:15:38 GMT"
s3://sales-analytics-raw-aqib-test/lead_activities_raw/load_type=full/lead_activities_raw_20260707_201538_part_00181.json,44742400,9aa02fddcccc716d2548c44deff69b84,"Tue, 7 Jul 2026 20:15:40 GMT"
s3://sales-analytics-raw-aqib-test/lead_activities_raw/load_type=full/lead_activities_raw_20260707_201540_part_00182.json,47037569,1791230df9981c5f1b4400752a4c55b3,"Tue, 7 Jul 2026 20:15:41 GMT"
s3://sales-analytics-raw-aqib-test/lead_activities_raw/load_type=full/lead_activities_raw_20260707_201541_part_00183.json,46622258,dadc0d3b85037c035fc6e72c6d1ce42d,"Tue, 7 Jul 2026 20:15:43 GMT"
s3://sales-analytics-raw-aqib-test/lead_activities_raw/load_type=full/lead_activities_raw_20260707_201543_part_00184.json,48040773,96bde50af42eb0f062711de19f506816,"Tue, 7 Jul 2026 20:15:45 GMT"
s3://sales-analytics-raw-aqib-test/lead_activities_raw/load_type=full/lead_activities_raw_20260707_201545_part_00185.json,46620269,39e359f763d41352a15fa3f59a44eb32,"Tue, 7 Jul 2026 20:15:47 GMT"
s3://sales-analytics-raw-aqib-test/lead_activities_raw/load_type=full/lead_activities_raw_20260707_201547_part_00186.json,53199024,4e8fb99ee03ca87bb3f2fbce4d584056,"Tue, 7 Jul 2026 20:15:49 GMT"
s3://sales-analytics-raw-aqib-test/lead_activities_raw/load_type=full/lead_activities_raw_20260707_201549_part_00187.json,45186928,912b4083493d26541fb8e96630decacb,"Tue, 7 Jul 2026 20:15:51 GMT"
s3://sales-analytics-raw-aqib-test/lead_activities_raw/load_type=full/lead_activities_raw_20260707_201551_part_00188.json,47095399,31518ba1b5b8833b20d9f3dd6df63530,"Tue, 7 Jul 2026 20:15:53 GMT"
s3://sales-analytics-raw-aqib-test/lead_activities_raw/load_type=full/lead_activities_raw_20260707_201553_part_00189.json,42366887,e313caeb9fe28b01d4110b21c495ba2c,"Tue, 7 Jul 2026 20:15:54 GMT"
s3://sales-analytics-raw-aqib-test/lead_activities_raw/load_type=full/lead_activities_raw_20260707_201554_part_00190.json,42648012,eb18f50c4cef8caa7deaf503111f334c,"Tue, 7 Jul 2026 20:15:56 GMT"
s3://sales-analytics-raw-aqib-test/lead_activities_raw/load_type=full/lead_activities_raw_20260707_201556_part_00191.json,43231106,ea2e6a1193e365165a4fc9129a73a22b,"Tue, 7 Jul 2026 20:15:57 GMT"
s3://sales-analytics-raw-aqib-test/lead_activities_raw/load_type=full/lead_activities_raw_20260707_201558_part_00192.json,44650395,cf945da3501242db2280d8f532619e3a,"Tue, 7 Jul 2026 20:15:59 GMT"
s3://sales-analytics-raw-aqib-test/lead_activities_raw/load_type=full/lead_activities_raw_20260707_201559_part_00193.json,40438756,89908fed6c6f69d5c6a646e97308a35f,"Tue, 7 Jul 2026 20:16:01 GMT"
s3://sales-analytics-raw-aqib-test/lead_activities_raw/load_type=full/lead_activities_raw_20260707_201601_part_00194.json,44739307,f09956ca3f272676f5602dda402c2689,"Tue, 7 Jul 2026 20:16:02 GMT"
s3://sales-analytics-raw-aqib-test/lead_activities_raw/load_type=full/lead_activities_raw_20260707_201603_part_00195.json,47044934,4de3b32db8f95fdd932ae1525890c38e,"Tue, 7 Jul 2026 20:16:04 GMT"
s3://sales-analytics-raw-aqib-test/lead_activities_raw/load_type=full/lead_activities_raw_20260707_201604_part_00196.json,44232404,1f71800f845a3b8e9600e2ff460a84d0,"Tue, 7 Jul 2026 20:16:06 GMT"
s3://sales-analytics-raw-aqib-test/lead_activities_raw/load_type=full/lead_activities_raw_20260707_201606_part_00197.json,43545169,b12fcd37e8242ca8ad863bbe4cee24ee,"Tue, 7 Jul 2026 20:16:08 GMT"
s3://sales-analytics-raw-aqib-test/lead_activities_raw/load_type=full/lead_activities_raw_20260707_201608_part_00198.json,41275392,69ba79aaa84114b1c6c2bf37d2312341,"Tue, 7 Jul 2026 20:16:09 GMT"
s3://sales-analytics-raw-aqib-test/lead_activities_raw/load_type=full/lead_activities_raw_20260707_201609_part_00199.json,40209359,3640cf510e4c8ac68ade298d874e3590,"Tue, 7 Jul 2026 20:16:11 GMT"
s3://sales-analytics-raw-aqib-test/lead_activities_raw/load_type=full/lead_activities_raw_20260707_201611_part_00200.json,44977829,f176e5a22e507babfc7508487a9f4ff8,"Tue, 7 Jul 2026 20:16:13 GMT"
s3://sales-analytics-raw-aqib-test/lead_activities_raw/load_type=full/lead_activities_raw_20260707_201613_part_00201.json,40553571,ba42bd54b3585fac9489794599d57870,"Tue, 7 Jul 2026 20:16:14 GMT"
s3://sales-analytics-raw-aqib-test/lead_activities_raw/load_type=full/lead_activities_raw_20260707_201614_part_00202.json,40983529,176189a686cd715146b614714d37aa10,"Tue, 7 Jul 2026 20:16:16 GMT"
s3://sales-analytics-raw-aqib-test/lead_activities_raw/load_type=full/lead_activities_raw_20260707_201616_part_00203.json,40938967,06af1ae873e7227807809d534547cfea,"Tue, 7 Jul 2026 20:16:18 GMT"
s3://sales-analytics-raw-aqib-test/lead_activities_raw/load_type=full/lead_activities_raw_20260707_201618_part_00204.json,40352260,5c70c03799b5d6c36842226e98c0ecda,"Tue, 7 Jul 2026 20:16:19 GMT"
s3://sales-analytics-raw-aqib-test/lead_activities_raw/load_type=full/lead_activities_raw_20260707_201619_part_00205.json,41284553,0559efa8cd65cd370777b921aa5e4f5c,"Tue, 7 Jul 2026 20:16:21 GMT"
s3://sales-analytics-raw-aqib-test/lead_activities_raw/load_type=full/lead_activities_raw_20260707_201621_part_00206.json,40002882,133c6ffee35860084feb4320de5c30b4,"Tue, 7 Jul 2026 20:16:22 GMT"
s3://sales-analytics-raw-aqib-test/lead_activities_raw/load_type=full/lead_activities_raw_20260707_201622_part_00207.json,40595252,cdd3b152bdc0bf5eb2ede92e9c9ba622,"Tue, 7 Jul 2026 20:16:24 GMT"
s3://sales-analytics-raw-aqib-test/lead_activities_raw/load_type=full/lead_activities_raw_20260707_201624_part_00208.json,40916721,12225a2b5dc76830d7c33430c73cacf3,"Tue, 7 Jul 2026 20:16:26 GMT"
s3://sales-analytics-raw-aqib-test/lead_activities_raw/load_type=full/lead_activities_raw_20260707_201626_part_00209.json,42199240,84625c6b21e02b7f4486d9487eae6246,"Tue, 7 Jul 2026 20:16:27 GMT"
s3://sales-analytics-raw-aqib-test/lead_activities_raw/load_type=full/lead_activities_raw_20260707_201627_part_00210.json,41523693,f1e27fea44c7aabf2709ab863d7b5e71,"Tue, 7 Jul 2026 20:16:29 GMT"
s3://sales-analytics-raw-aqib-test/lead_activities_raw/load_type=full/lead_activities_raw_20260707_201629_part_00211.json,48411458,ad38c222b3011b4cde29cf090b767f57,"Tue, 7 Jul 2026 20:16:30 GMT"
s3://sales-analytics-raw-aqib-test/lead_activities_raw/load_type=full/lead_activities_raw_20260707_201631_part_00212.json,47222211,6427eb24613a98386dd4e1557a0c81f7,"Tue, 7 Jul 2026 20:16:32 GMT"
s3://sales-analytics-raw-aqib-test/lead_activities_raw/load_type=full/lead_activities_raw_20260707_201633_part_00213.json,43841872,335437d069611ead7354751903550f6e,"Tue, 7 Jul 2026 20:16:34 GMT"
s3://sales-analytics-raw-aqib-test/lead_activities_raw/load_type=full/lead_activities_raw_20260707_201634_part_00214.json,44807185,3c010b222f3767dffa0a92b0cc1979ce,"Tue, 7 Jul 2026 20:16:36 GMT"
s3://sales-analytics-raw-aqib-test/lead_activities_raw/load_type=full/lead_activities_raw_20260707_201636_part_00215.json,45412029,f7f0438d7d20732659037fae77ca7db8,"Tue, 7 Jul 2026 20:16:38 GMT"
s3://sales-analytics-raw-aqib-test/lead_activities_raw/load_type=full/lead_activities_raw_20260707_201638_part_00216.json,50562902,f2cccb7cea7a14af7d8747e8c58a302d,"Tue, 7 Jul 2026 20:16:40 GMT"
s3://sales-analytics-raw-aqib-test/lead_activities_raw/load_type=full/lead_activities_raw_20260707_201640_part_00217.json,45672200,86021402ecba94f8b5b025779c081fdd,"Tue, 7 Jul 2026 20:16:41 GMT"
s3://sales-analytics-raw-aqib-test/lead_activities_raw/load_type=full/lead_activities_raw_20260707_201642_part_00218.json,44179132,5dbabe6df5189289bf41aeac8b253070,"Tue, 7 Jul 2026 20:16:43 GMT"
s3://sales-analytics-raw-aqib-test/lead_activities_raw/load_type=full/lead_activities_raw_20260707_201643_part_00219.json,52178341,082e375b6150378ce7d9f57f18474172,"Tue, 7 Jul 2026 20:16:45 GMT"
s3://sales-analytics-raw-aqib-test/lead_activities_raw/load_type=full/lead_activities_raw_20260707_201645_part_00220.json,53669285,b724a3d23dde83b7f6d2c161a3b48f77,"Tue, 7 Jul 2026 20:16:47 GMT"
s3://sales-analytics-raw-aqib-test/lead_activities_raw/load_type=full/lead_activities_raw_20260707_201648_part_00221.json,56260321,99c2c75f8b7d8f5c544f8f4934198d83,"Tue, 7 Jul 2026 20:16:49 GMT"
s3://sales-analytics-raw-aqib-test/lead_activities_raw/load_type=full/lead_activities_raw_20260707_201650_part_00222.json,39277142,2b5f965ca2f6d7773ba3dea87e8e4380,"Tue, 7 Jul 2026 20:16:51 GMT"
s3://sales-analytics-raw-aqib-test/lead_activities_raw/load_type=full/lead_activities_raw_20260707_202836_part_00001.json,55981188,d655028152aeb0fde61c0d707d45f28c,"Tue, 7 Jul 2026 20:28:37 GMT"
s3://sales-analytics-raw-aqib-test/lead_activities_raw/load_type=full/lead_activities_raw_20260707_202838_part_00002.json,57519162,5deffeb0c33fd89706c495428dbe79a0,"Tue, 7 Jul 2026 20:28:39 GMT"
s3://sales-analytics-raw-aqib-test/lead_activities_raw/load_type=full/lead_activities_raw_20260707_202840_part_00003.json,59947414,7b906aff03c15dca0efc6f565b9c3fff,"Tue, 7 Jul 2026 20:28:42 GMT"
s3://sales-analytics-raw-aqib-test/lead_activities_raw/load_type=full/lead_activities_raw_20260707_202842_part_00004.json,54816393,f0719455ffb96a9c4cda6df0149cda28,"Tue, 7 Jul 2026 20:28:44 GMT"
s3://sales-analytics-raw-aqib-test/lead_activities_raw/load_type=full/lead_activities_raw_20260707_202844_part_00005.json,56442520,7752f264dcee37045a77299454609f4b,"Tue, 7 Jul 2026 20:28:46 GMT"
s3://sales-analytics-raw-aqib-test/lead_activities_raw/load_type=full/lead_activities_raw_20260707_202847_part_00006.json,51726778,72c8dbbf62b90dc8e87afd376457a748,"Tue, 7 Jul 2026 20:28:48 GMT"
s3://sales-analytics-raw-aqib-test/lead_activities_raw/load_type=full/lead_activities_raw_20260707_202848_part_00007.json,51334820,6f689b0cb62aaaa743256e907e414b1f,"Tue, 7 Jul 2026 20:28:50 GMT"
s3://sales-analytics-raw-aqib-test/lead_activities_raw/load_type=full/lead_activities_raw_20260707_202850_part_00008.json,50518934,1e2d8c90d3d1204ac275c36d04529e9c,"Tue, 7 Jul 2026 20:28:52 GMT"
s3://sales-analytics-raw-aqib-test/lead_activities_raw/load_type=full/lead_activities_raw_20260707_202852_part_00009.json,47950900,75db0b88965d070056332c18b9b2f9b8,"Tue, 7 Jul 2026 20:28:54 GMT"
s3://sales-analytics-raw-aqib-test/lead_activities_raw/load_type=full/lead_activities_raw_20260707_202854_part_00010.json,44687704,01d364967d753be2f2197351637a69ef,"Tue, 7 Jul 2026 20:28:56 GMT"
s3://sales-analytics-raw-aqib-test/lead_activities_raw/load_type=full/lead_activities_raw_20260707_202856_part_00011.json,51327034,e691a83a230bf15fed6010d2dd4a99f4,"Tue, 7 Jul 2026 20:28:58 GMT"
s3://sales-analytics-raw-aqib-test/lead_activities_raw/load_type=full/lead_activities_raw_20260707_202858_part_00012.json,45138958,85e93df6aeeebe05c15721080c0c5e9d,"Tue, 7 Jul 2026 20:29:00 GMT"
s3://sales-analytics-raw-aqib-test/lead_activities_raw/load_type=full/lead_activities_raw_20260707_202900_part_00013.json,45841508,c97d0650fa7c73800b8fecc12502f0e2,"Tue, 7 Jul 2026 20:29:01 GMT"
s3://sales-analytics-raw-aqib-test/lead_activities_raw/load_type=full/lead_activities_raw_20260707_202902_part_00014.json,47510313,796d9114f22fa4ea5e16e35dd66318ae,"Tue, 7 Jul 2026 20:29:03 GMT"
s3://sales-analytics-raw-aqib-test/lead_activities_raw/load_type=full/lead_activities_raw_20260707_202903_part_00015.json,45184572,0eabc85fa2f29d099ffc430309afea71,"Tue, 7 Jul 2026 20:29:05 GMT"
s3://sales-analytics-raw-aqib-test/lead_activities_raw/load_type=full/lead_activities_raw_20260707_202905_part_00016.json,44394917,b92da0bb1f978e581034c43c9283a1c3,"Tue, 7 Jul 2026 20:29:07 GMT"
s3://sales-analytics-raw-aqib-test/lead_activities_raw/load_type=full/lead_activities_raw_20260707_202907_part_00017.json,45671315,3a1c02243d00e04137a34cbf0c817adb,"Tue, 7 Jul 2026 20:29:08 GMT"
s3://sales-analytics-raw-aqib-test/lead_activities_raw/load_type=full/lead_activities_raw_20260707_202909_part_00018.json,45533745,d91fe248282e59f173030d64925a394c,"Tue, 7 Jul 2026 20:29:10 GMT"
s3://sales-analytics-raw-aqib-test/lead_activities_raw/load_type=full/lead_activities_raw_20260707_202910_part_00019.json,42270478,ec99b85271cfb27939904433b3be381f,"Tue, 7 Jul 2026 20:29:12 GMT"
s3://sales-analytics-raw-aqib-test/lead_activities_raw/load_type=full/lead_activities_raw_20260707_202912_part_00020.json,46573715,1db103e5c4fb19cc38cae69e42c23022,"Tue, 7 Jul 2026 20:29:14 GMT"
s3://sales-analytics-raw-aqib-test/lead_activities_raw/load_type=full/lead_activities_raw_20260707_202914_part_00021.json,48700374,0ae88c8b1443d042e10aa8c4cafa1ac1,"Tue, 7 Jul 2026 20:29:15 GMT"
s3://sales-analytics-raw-aqib-test/lead_activities_raw/load_type=full/lead_activities_raw_20260707_202916_part_00022.json,46411333,c3090df3539cef56a58660e78dc1b236,"Tue, 7 Jul 2026 20:29:17 GMT"
s3://sales-analytics-raw-aqib-test/lead_activities_raw/load_type=full/lead_activities_raw_20260707_202918_part_00023.json,47824920,4a7298cf6d5452dd7b1ed4cb2f610293,"Tue, 7 Jul 2026 20:29:19 GMT"
s3://sales-analytics-raw-aqib-test/lead_activities_raw/load_type=full/lead_activities_raw_20260707_202919_part_00024.json,49377546,dcc73bb74eecb79fe51aa273dd81697a,"Tue, 7 Jul 2026 20:29:21 GMT"
s3://sales-analytics-raw-aqib-test/lead_activities_raw/load_type=full/lead_activities_raw_20260707_202921_part_00025.json,47340739,70a66d305959c00235612432494c3293,"Tue, 7 Jul 2026 20:29:23 GMT"
s3://sales-analytics-raw-aqib-test/lead_activities_raw/load_type=full/lead_activities_raw_20260707_202923_part_00026.json,49849056,3bd105168247fabad446d4b3cd42a27e,"Tue, 7 Jul 2026 20:29:25 GMT"
s3://sales-analytics-raw-aqib-test/lead_activities_raw/load_type=full/lead_activities_raw_20260707_202925_part_00027.json,50656099,f44f02e6cd6865929de40694c35cddb6,"Tue, 7 Jul 2026 20:29:27 GMT"
s3://sales-analytics-raw-aqib-test/lead_activities_raw/load_type=full/lead_activities_raw_20260707_202927_part_00028.json,47609882,62aff16446073d2f9fc88ba54eafb5bb,"Tue, 7 Jul 2026 20:29:29 GMT"
s3://sales-analytics-raw-aqib-test/lead_activities_raw/load_type=full/lead_activities_raw_20260707_202929_part_00029.json,47938616,829fc8e8b719c0d8a569cd0c0107e030,"Tue, 7 Jul 2026 20:29:30 GMT"
s3://sales-analytics-raw-aqib-test/lead_activities_raw/load_type=full/lead_activities_raw_20260707_202931_part_00030.json,46284004,674e1ee5dd3b07404249442e58abc45f,"Tue, 7 Jul 2026 20:29:32 GMT"
s3://sales-analytics-raw-aqib-test/lead_activities_raw/load_type=full/lead_activities_raw_20260707_202932_part_00031.json,40537111,f600fa7d71b1447bea596025c3f40d23,"Tue, 7 Jul 2026 20:29:34 GMT"
s3://sales-analytics-raw-aqib-test/lead_activities_raw/load_type=full/lead_activities_raw_20260707_202934_part_00032.json,46063421,aaa6ba6cd6cef32ab59900d28116b82c,"Tue, 7 Jul 2026 20:29:36 GMT"
s3://sales-analytics-raw-aqib-test/lead_activities_raw/load_type=full/lead_activities_raw_20260707_202936_part_00033.json,47655212,938b3a6f6f25717d43dfa229b0861abf,"Tue, 7 Jul 2026 20:29:37 GMT"
s3://sales-analytics-raw-aqib-test/lead_activities_raw/load_type=full/lead_activities_raw_20260707_202938_part_00034.json,49440654,a35f0d6383ffa2b43a90701e1d27fb61,"Tue, 7 Jul 2026 20:29:39 GMT"
s3://sales-analytics-raw-aqib-test/lead_activities_raw/load_type=full/lead_activities_raw_20260707_202940_part_00035.json,47491547,fbece1a6686bc19ae3a8066a01cfc220,"Tue, 7 Jul 2026 20:29:41 GMT"
s3://sales-analytics-raw-aqib-test/lead_activities_raw/load_type=full/lead_activities_raw_20260707_202941_part_00036.json,48831643,cfe71bfe2d475715cbe3a0ebeecab764,"Tue, 7 Jul 2026 20:29:43 GMT"
s3://sales-analytics-raw-aqib-test/lead_activities_raw/load_type=full/lead_activities_raw_20260707_202943_part_00037.json,43169811,1b1fc4773de36c10aeff427cecf1fac0,"Tue, 7 Jul 2026 20:29:45 GMT"
s3://sales-analytics-raw-aqib-test/lead_activities_raw/load_type=full/lead_activities_raw_20260707_202945_part_00038.json,46078208,7242243953e49ff3feb52b4ddec9db9d,"Tue, 7 Jul 2026 20:29:46 GMT"
s3://sales-analytics-raw-aqib-test/lead_activities_raw/load_type=full/lead_activities_raw_20260707_202947_part_00039.json,45215142,4c0c5a67cd601b01c97f9659a7185570,"Tue, 7 Jul 2026 20:29:48 GMT"
s3://sales-analytics-raw-aqib-test/lead_activities_raw/load_type=full/lead_activities_raw_20260707_202948_part_00040.json,48125605,b6fbc47bce4ea62e79059bd5125ba91a,"Tue, 7 Jul 2026 20:29:50 GMT"
s3://sales-analytics-raw-aqib-test/lead_activities_raw/load_type=full/lead_activities_raw_20260707_202950_part_00041.json,51608724,3c8114052d9ab6d66fc4acf58aa04085,"Tue, 7 Jul 2026 20:29:52 GMT"
s3://sales-analytics-raw-aqib-test/lead_activities_raw/load_type=full/lead_activities_raw_20260707_202952_part_00042.json,50685607,d9512dfc443fd0b1489fe8cc7e0d930a,"Tue, 7 Jul 2026 20:29:54 GMT"
s3://sales-analytics-raw-aqib-test/lead_activities_raw/load_type=full/lead_activities_raw_20260707_202954_part_00043.json,50353254,a6d916010c5712462aaa9b87af136ed7,"Tue, 7 Jul 2026 20:29:56 GMT"
s3://sales-analytics-raw-aqib-test/lead_activities_raw/load_type=full/lead_activities_raw_20260707_202956_part_00044.json,49566962,a47bb59771f30e28824ee638ee53c24d,"Tue, 7 Jul 2026 20:29:58 GMT"
s3://sales-analytics-raw-aqib-test/lead_activities_raw/load_type=full/lead_activities_raw_20260707_202958_part_00045.json,54004383,cb429489946e8dcce9714725ec62077b,"Tue, 7 Jul 2026 20:30:00 GMT"
s3://sales-analytics-raw-aqib-test/lead_activities_raw/load_type=full/lead_activities_raw_20260707_203000_part_00046.json,51208712,9526ffb5b17939ea7cd76fdd623c2102,"Tue, 7 Jul 2026 20:30:02 GMT"
s3://sales-analytics-raw-aqib-test/lead_activities_raw/load_type=full/lead_activities_raw_20260707_203002_part_00047.json,46866988,9815852871512851fef842f1ab42eb55,"Tue, 7 Jul 2026 20:30:04 GMT"
s3://sales-analytics-raw-aqib-test/lead_activities_raw/load_type=full/lead_activities_raw_20260707_203004_part_00048.json,51752223,e120cf703d7724d168c856ff884e381c,"Tue, 7 Jul 2026 20:30:06 GMT"
s3://sales-analytics-raw-aqib-test/lead_activities_raw/load_type=full/lead_activities_raw_20260707_203006_part_00049.json,49594045,7522894b0e8578cae8e9c901e86e21af,"Tue, 7 Jul 2026 20:30:08 GMT"
s3://sales-analytics-raw-aqib-test/lead_activities_raw/load_type=full/lead_activities_raw_20260707_203008_part_00050.json,48423201,0eedf96c7b8ee9bcbf51650d859903b8,"Tue, 7 Jul 2026 20:30:10 GMT"
s3://sales-analytics-raw-aqib-test/lead_activities_raw/load_type=full/lead_activities_raw_20260707_203010_part_00051.json,49956083,bdb9c12aa4661acc497217b6ee671a2a,"Tue, 7 Jul 2026 20:30:12 GMT"
s3://sales-analytics-raw-aqib-test/lead_activities_raw/load_type=full/lead_activities_raw_20260707_203012_part_00052.json,48496982,5e34856271252740c41e6bff1b8aceba,"Tue, 7 Jul 2026 20:30:14 GMT"
s3://sales-analytics-raw-aqib-test/lead_activities_raw/load_type=full/lead_activities_raw_20260707_203014_part_00053.json,48619957,c6a33ab06f8b4c233d74b0544adb3aa5,"Tue, 7 Jul 2026 20:30:16 GMT"
s3://sales-analytics-raw-aqib-test/lead_activities_raw/load_type=full/lead_activities_raw_20260707_203016_part_00054.json,47424434,137ef154028c3918ff24f9fea331aa6f,"Tue, 7 Jul 2026 20:30:17 GMT"
s3://sales-analytics-raw-aqib-test/lead_activities_raw/load_type=full/lead_activities_raw_20260707_203018_part_00055.json,49586728,85c0baeb3831e81c1186903fb4dd3a4d,"Tue, 7 Jul 2026 20:30:19 GMT"
s3://sales-analytics-raw-aqib-test/lead_activities_raw/load_type=full/lead_activities_raw_20260707_203020_part_00056.json,47371944,29039f9a5e405c03f41e040ebc1725fd,"Tue, 7 Jul 2026 20:30:21 GMT"
s3://sales-analytics-raw-aqib-test/lead_activities_raw/load_type=full/lead_activities_raw_20260707_203021_part_00057.json,50991568,8478688c5e4da2db85e4750bbcf88b9a,"Tue, 7 Jul 2026 20:30:23 GMT"
s3://sales-analytics-raw-aqib-test/lead_activities_raw/load_type=full/lead_activities_raw_20260707_203023_part_00058.json,48284669,03e22e9adf9e46b6abf76bbd38976794,"Tue, 7 Jul 2026 20:30:25 GMT"
s3://sales-analytics-raw-aqib-test/lead_activities_raw/load_type=full/lead_activities_raw_20260707_203025_part_00059.json,47556771,bc037bd9ac7d924bb3ca2902691b99d8,"Tue, 7 Jul 2026 20:30:27 GMT"
s3://sales-analytics-raw-aqib-test/lead_activities_raw/load_type=full/lead_activities_raw_20260707_203027_part_00060.json,54127563,b2801e272a72afbd7315c481d0e8cb7f,"Tue, 7 Jul 2026 20:30:29 GMT"
s3://sales-analytics-raw-aqib-test/lead_activities_raw/load_type=full/lead_activities_raw_20260707_203029_part_00061.json,52620115,8131fbc7ee3f6ce147a46a164af00b01,"Tue, 7 Jul 2026 20:30:31 GMT"
s3://sales-analytics-raw-aqib-test/lead_activities_raw/load_type=full/lead_activities_raw_20260707_203032_part_00062.json,57504614,2014fd646cc9af55e9f577f313359a9b,"Tue, 7 Jul 2026 20:30:33 GMT"
s3://sales-analytics-raw-aqib-test/lead_activities_raw/load_type=full/lead_activities_raw_20260707_203034_part_00063.json,56237260,636414f5498a57b20be9aa43fb4f109f,"Tue, 7 Jul 2026 20:30:36 GMT"
s3://sales-analytics-raw-aqib-test/lead_activities_raw/load_type=full/lead_activities_raw_20260707_203036_part_00064.json,51808514,e070bb87fd42c3651ea0f7ffb29cddea,"Tue, 7 Jul 2026 20:30:38 GMT"
s3://sales-analytics-raw-aqib-test/lead_activities_raw/load_type=full/lead_activities_raw_20260707_203038_part_00065.json,53381021,d5a3cbf8d52275443a9f749ac824241b,"Tue, 7 Jul 2026 20:30:40 GMT"
s3://sales-analytics-raw-aqib-test/lead_activities_raw/load_type=full/lead_activities_raw_20260707_203041_part_00066.json,56014090,38b1762cb0198a34b27e21111334a968,"Tue, 7 Jul 2026 20:30:42 GMT"
s3://sales-analytics-raw-aqib-test/lead_activities_raw/load_type=full/lead_activities_raw_20260707_203042_part_00067.json,54347729,17541d972433c213a68e563d306a75e0,"Tue, 7 Jul 2026 20:30:44 GMT"
s3://sales-analytics-raw-aqib-test/lead_activities_raw/load_type=full/lead_activities_raw_20260707_203045_part_00068.json,55901488,9fc6bdd26f8282a5af28f7a8890e4cdd,"Tue, 7 Jul 2026 20:30:47 GMT"
s3://sales-analytics-raw-aqib-test/lead_activities_raw/load_type=full/lead_activities_raw_20260707_203047_part_00069.json,48629078,7fd3b5806dd4b5f652ec7774220ea79d,"Tue, 7 Jul 2026 20:30:49 GMT"
s3://sales-analytics-raw-aqib-test/lead_activities_raw/load_type=full/lead_activities_raw_20260707_203049_part_00070.json,47456864,a46499b32ce29cb4a35f1ea9656a385a,"Tue, 7 Jul 2026 20:30:51 GMT"
s3://sales-analytics-raw-aqib-test/lead_activities_raw/load_type=full/lead_activities_raw_20260707_203051_part_00071.json,49250494,87b4f4c3beb6297ac25e9527ebab4cab,"Tue, 7 Jul 2026 20:30:53 GMT"
s3://sales-analytics-raw-aqib-test/lead_activities_raw/load_type=full/lead_activities_raw_20260707_203053_part_00072.json,51332837,50a1340cc534da9da6825aab88fc484f,"Tue, 7 Jul 2026 20:30:55 GMT"
s3://sales-analytics-raw-aqib-test/lead_activities_raw/load_type=full/lead_activities_raw_20260707_203055_part_00073.json,45869981,b058790f5108fb818be84707a82bc5de,"Tue, 7 Jul 2026 20:30:57 GMT"
s3://sales-analytics-raw-aqib-test/lead_activities_raw/load_type=full/lead_activities_raw_20260707_203057_part_00074.json,50258400,d7c71aa58e587ba1272a7478955d8679,"Tue, 7 Jul 2026 20:30:59 GMT"
s3://sales-analytics-raw-aqib-test/lead_activities_raw/load_type=full/lead_activities_raw_20260707_203059_part_00075.json,50732093,ce7f36a9ef096d31468fb5fea508156c,"Tue, 7 Jul 2026 20:31:00 GMT"
s3://sales-analytics-raw-aqib-test/lead_activities_raw/load_type=full/lead_activities_raw_20260707_203101_part_00076.json,51950563,8b8cfc3f8f64714279ca1c9511bec520,"Tue, 7 Jul 2026 20:31:03 GMT"
s3://sales-analytics-raw-aqib-test/lead_activities_raw/load_type=full/lead_activities_raw_20260707_203103_part_00077.json,50698300,2dc4c954324eeb9e438aa21a38750bcf,"Tue, 7 Jul 2026 20:31:05 GMT"
s3://sales-analytics-raw-aqib-test/lead_activities_raw/load_type=full/lead_activities_raw_20260707_203105_part_00078.json,48351409,ab3493a781439950ce778b824bb3854d,"Tue, 7 Jul 2026 20:31:07 GMT"
s3://sales-analytics-raw-aqib-test/lead_activities_raw/load_type=full/lead_activities_raw_20260707_203107_part_00079.json,50987248,accd4fb7da047a86274a642fde609838,"Tue, 7 Jul 2026 20:31:09 GMT"
s3://sales-analytics-raw-aqib-test/lead_activities_raw/load_type=full/lead_activities_raw_20260707_203109_part_00080.json,52068745,761f539194fbac1d78258c94ab985dc5,"Tue, 7 Jul 2026 20:31:11 GMT"
s3://sales-analytics-raw-aqib-test/lead_activities_raw/load_type=full/lead_activities_raw_20260707_203111_part_00081.json,51696188,989468fbc4e973abb42e7957c4ad7404,"Tue, 7 Jul 2026 20:31:13 GMT"
s3://sales-analytics-raw-aqib-test/lead_activities_raw/load_type=full/lead_activities_raw_20260707_203114_part_00082.json,49702268,4b0ae9addf32cd96b907eaf373f7a9a9,"Tue, 7 Jul 2026 20:31:16 GMT"
s3://sales-analytics-raw-aqib-test/lead_activities_raw/load_type=full/lead_activities_raw_20260707_203117_part_00083.json,53897920,29f7a5753a86dd4bc8398bd38ae2b87b,"Tue, 7 Jul 2026 20:31:18 GMT"
s3://sales-analytics-raw-aqib-test/lead_activities_raw/load_type=full/lead_activities_raw_20260707_203119_part_00084.json,51725236,62ee84ae6959595ad3b5773182aad94b,"Tue, 7 Jul 2026 20:31:20 GMT"
s3://sales-analytics-raw-aqib-test/lead_activities_raw/load_type=full/lead_activities_raw_20260707_203121_part_00085.json,53110870,da9511b7ebc6e3c092adf88902ff7d6b,"Tue, 7 Jul 2026 20:31:23 GMT"
s3://sales-analytics-raw-aqib-test/lead_activities_raw/load_type=full/lead_activities_raw_20260707_203123_part_00086.json,52974430,60e7c2e9b8d8eccdd8ea5f6be7d94541,"Tue, 7 Jul 2026 20:31:25 GMT"
s3://sales-analytics-raw-aqib-test/lead_activities_raw/load_type=full/lead_activities_raw_20260707_203125_part_00087.json,54304967,a3903d01caa47598cfb8a3224b273cb7,"Tue, 7 Jul 2026 20:31:27 GMT"
s3://sales-analytics-raw-aqib-test/lead_activities_raw/load_type=full/lead_activities_raw_20260707_203127_part_00088.json,52785738,f8d496a96a47416b343cb0ce299f6758,"Tue, 7 Jul 2026 20:31:29 GMT"
s3://sales-analytics-raw-aqib-test/lead_activities_raw/load_type=full/lead_activities_raw_20260707_203129_part_00089.json,52177798,a9f6319269a2d5cefe1d73b7a7041269,"Tue, 7 Jul 2026 20:31:31 GMT"
s3://sales-analytics-raw-aqib-test/lead_activities_raw/load_type=full/lead_activities_raw_20260707_203131_part_00090.json,56660936,7be55bb5b9e6b89d2eee3627e0b37b24,"Tue, 7 Jul 2026 20:31:33 GMT"
s3://sales-analytics-raw-aqib-test/lead_activities_raw/load_type=full/lead_activities_raw_20260707_203134_part_00091.json,53591530,7c1d6244e96151d5e130bf04dd2af3f6,"Tue, 7 Jul 2026 20:31:35 GMT"
s3://sales-analytics-raw-aqib-test/lead_activities_raw/load_type=full/lead_activities_raw_20260707_203136_part_00092.json,55300466,ce91c09ed3d7bd8b34a6d830fafd39bc,"Tue, 7 Jul 2026 20:31:37 GMT"
s3://sales-analytics-raw-aqib-test/lead_activities_raw/load_type=full/lead_activities_raw_20260707_203138_part_00093.json,56023828,931a1c8c5c5dd667037a20eb2e091265,"Tue, 7 Jul 2026 20:31:40 GMT"
s3://sales-analytics-raw-aqib-test/lead_activities_raw/load_type=full/lead_activities_raw_20260707_203140_part_00094.json,52656552,cfc8154de72cd8d8a93365245e095c32,"Tue, 7 Jul 2026 20:31:42 GMT"
s3://sales-analytics-raw-aqib-test/lead_activities_raw/load_type=full/lead_activities_raw_20260707_203142_part_00095.json,58441168,0ca11a46e7a1d1e045ea73d6e230bf67,"Tue, 7 Jul 2026 20:31:44 GMT"
s3://sales-analytics-raw-aqib-test/lead_activities_raw/load_type=full/lead_activities_raw_20260707_203144_part_00096.json,51070968,5e665143165fb10c6334d95921391157,"Tue, 7 Jul 2026 20:31:46 GMT"
s3://sales-analytics-raw-aqib-test/lead_activities_raw/load_type=full/lead_activities_raw_20260707_203146_part_00097.json,56788138,65c03e9faace7bcf58ff587beac68ccd,"Tue, 7 Jul 2026 20:31:48 GMT"
s3://sales-analytics-raw-aqib-test/lead_activities_raw/load_type=full/lead_activities_raw_20260707_203149_part_00098.json,58748518,bc30d1b5838bd7a6275ba9ec0dd091e9,"Tue, 7 Jul 2026 20:31:50 GMT"
s3://sales-analytics-raw-aqib-test/lead_activities_raw/load_type=full/lead_activities_raw_20260707_203151_part_00099.json,54574376,a3a0d71a31a0db34c42dee0c6f28ee07,"Tue, 7 Jul 2026 20:31:53 GMT"
s3://sales-analytics-raw-aqib-test/lead_activities_raw/load_type=full/lead_activities_raw_20260707_203153_part_00100.json,55298581,8a934a43528831719497dc5fbacb1f65,"Tue, 7 Jul 2026 20:31:55 GMT"
s3://sales-analytics-raw-aqib-test/lead_activities_raw/load_type=full/lead_activities_raw_20260707_203155_part_00101.json,54729907,d25b3aa6f8084a1dae8c9c48f23db2fd,"Tue, 7 Jul 2026 20:31:57 GMT"
s3://sales-analytics-raw-aqib-test/lead_activities_raw/load_type=full/lead_activities_raw_20260707_203157_part_00102.json,55806416,e6c91251e278a7634a0165f7ca1c0f62,"Tue, 7 Jul 2026 20:31:59 GMT"
s3://sales-analytics-raw-aqib-test/lead_activities_raw/load_type=full/lead_activities_raw_20260707_203159_part_00103.json,54582292,81506fd50caf44a5a4ee5d629d99a5db,"Tue, 7 Jul 2026 20:32:01 GMT"
s3://sales-analytics-raw-aqib-test/lead_activities_raw/load_type=full/lead_activities_raw_20260707_203202_part_00104.json,61373393,46f6f27eb8be2a203fd1485f5b03f9e5,"Tue, 7 Jul 2026 20:32:04 GMT"
s3://sales-analytics-raw-aqib-test/lead_activities_raw/load_type=full/lead_activities_raw_20260707_203204_part_00105.json,57563299,973fc3e0a7a4e17e827321fcd3e9c49d,"Tue, 7 Jul 2026 20:32:06 GMT"
s3://sales-analytics-raw-aqib-test/lead_activities_raw/load_type=full/lead_activities_raw_20260707_203207_part_00106.json,63014230,911462e7833d4a819f232a1e1ec75343,"Tue, 7 Jul 2026 20:32:09 GMT"
s3://sales-analytics-raw-aqib-test/lead_activities_raw/load_type=full/lead_activities_raw_20260707_203209_part_00107.json,60574721,937b4386661440889cffc99ac787eb42,"Tue, 7 Jul 2026 20:32:11 GMT"
s3://sales-analytics-raw-aqib-test/lead_activities_raw/load_type=full/lead_activities_raw_20260707_203211_part_00108.json,57784617,38021f6fd99730ce4903718eba995751,"Tue, 7 Jul 2026 20:32:13 GMT"
s3://sales-analytics-raw-aqib-test/lead_activities_raw/load_type=full/lead_activities_raw_20260707_203214_part_00109.json,60922676,e5edc732e78d68f634fe10318a6611ed,"Tue, 7 Jul 2026 20:32:16 GMT"
s3://sales-analytics-raw-aqib-test/lead_activities_raw/load_type=full/lead_activities_raw_20260707_203216_part_00110.json,57632733,9b3e6b0958178b73af6d1bd676345a6d,"Tue, 7 Jul 2026 20:32:18 GMT"
s3://sales-analytics-raw-aqib-test/lead_activities_raw/load_type=full/lead_activities_raw_20260707_203218_part_00111.json,61034941,817e7d1eba4cff83cd8c144e612150f9,"Tue, 7 Jul 2026 20:32:20 GMT"
s3://sales-analytics-raw-aqib-test/lead_activities_raw/load_type=full/lead_activities_raw_20260707_203221_part_00112.json,65470353,e558798c008851ec6f7959d6ca386e58,"Tue, 7 Jul 2026 20:32:23 GMT"
s3://sales-analytics-raw-aqib-test/lead_activities_raw/load_type=full/lead_activities_raw_20260707_203224_part_00113.json,55484439,85408cf6a8045e5c3f2a1ae32eddef5e,"Tue, 7 Jul 2026 20:32:25 GMT"
s3://sales-analytics-raw-aqib-test/lead_activities_raw/load_type=full/lead_activities_raw_20260707_203226_part_00114.json,54426370,10c5283a4890b58998c60a468af94c3c,"Tue, 7 Jul 2026 20:32:27 GMT"
s3://sales-analytics-raw-aqib-test/lead_activities_raw/load_type=full/lead_activities_raw_20260707_203228_part_00115.json,57288569,5c608ffd295d39108cd572525869461c,"Tue, 7 Jul 2026 20:32:30 GMT"
s3://sales-analytics-raw-aqib-test/lead_activities_raw/load_type=full/lead_activities_raw_20260707_203230_part_00116.json,53533594,ed03a043923251db952c8c6b2e266a9f,"Tue, 7 Jul 2026 20:32:32 GMT"
s3://sales-analytics-raw-aqib-test/lead_activities_raw/load_type=full/lead_activities_raw_20260707_203232_part_00117.json,54842201,9e027921510b14f1edf2317e1d35be5f,"Tue, 7 Jul 2026 20:32:34 GMT"
s3://sales-analytics-raw-aqib-test/lead_activities_raw/load_type=full/lead_activities_raw_20260707_203235_part_00118.json,57534956,be909dfde2f44e799e9cb658b4fa287c,"Tue, 7 Jul 2026 20:32:36 GMT"
s3://sales-analytics-raw-aqib-test/lead_activities_raw/load_type=full/lead_activities_raw_20260707_203237_part_00119.json,55966527,b673c6f8451545ca63f6b69ae943d70d,"Tue, 7 Jul 2026 20:32:39 GMT"
s3://sales-analytics-raw-aqib-test/lead_activities_raw/load_type=full/lead_activities_raw_20260707_203239_part_00120.json,60489379,f1177802f5cc2710a41c684523bef711,"Tue, 7 Jul 2026 20:32:41 GMT"
s3://sales-analytics-raw-aqib-test/lead_activities_raw/load_type=full/lead_activities_raw_20260707_203241_part_00121.json,56839936,3dca0e5215527d5f0b6f184dcbbb5655,"Tue, 7 Jul 2026 20:32:43 GMT"
s3://sales-analytics-raw-aqib-test/lead_activities_raw/load_type=full/lead_activities_raw_20260707_203244_part_00122.json,60219018,67f9a375c497bff31e8d448a748f7487,"Tue, 7 Jul 2026 20:32:46 GMT"
s3://sales-analytics-raw-aqib-test/lead_activities_raw/load_type=full/lead_activities_raw_20260707_203246_part_00123.json,60299677,aeefc8d8d176da7f3d51a6ac334c019b,"Tue, 7 Jul 2026 20:32:48 GMT"
s3://sales-analytics-raw-aqib-test/lead_activities_raw/load_type=full/lead_activities_raw_20260707_203249_part_00124.json,59944534,97c3847631757305641f92aa100fa2aa,"Tue, 7 Jul 2026 20:32:51 GMT"
s3://sales-analytics-raw-aqib-test/lead_activities_raw/load_type=full/lead_activities_raw_20260707_203251_part_00125.json,57873756,18e1a64fc8fd2ad727045f5b60d2e895,"Tue, 7 Jul 2026 20:32:53 GMT"
s3://sales-analytics-raw-aqib-test/lead_activities_raw/load_type=full/lead_activities_raw_20260707_203253_part_00126.json,58071356,993b7843582ff13acd4d24fc83137f37,"Tue, 7 Jul 2026 20:32:55 GMT"
s3://sales-analytics-raw-aqib-test/lead_activities_raw/load_type=full/lead_activities_raw_20260707_203255_part_00127.json,57522185,bb641a19b33ea75230b709c83ae248de,"Tue, 7 Jul 2026 20:32:57 GMT"
s3://sales-analytics-raw-aqib-test/lead_activities_raw/load_type=full/lead_activities_raw_20260707_203258_part_00128.json,56046485,19e206d2b1d3003fb6b4c3ba8d11441c,"Tue, 7 Jul 2026 20:32:59 GMT"
s3://sales-analytics-raw-aqib-test/lead_activities_raw/load_type=full/lead_activities_raw_20260707_203300_part_00129.json,61109293,c6b77256fe027a751d516100e00d385f,"Tue, 7 Jul 2026 20:33:02 GMT"
s3://sales-analytics-raw-aqib-test/lead_activities_raw/load_type=full/lead_activities_raw_20260707_203302_part_00130.json,60460724,497779e893680200e759795b754d39bb,"Tue, 7 Jul 2026 20:33:04 GMT"
s3://sales-analytics-raw-aqib-test/lead_activities_raw/load_type=full/lead_activities_raw_20260707_203305_part_00131.json,59128485,4bd8b28acc2f9bb540e4b8918c632427,"Tue, 7 Jul 2026 20:33:07 GMT"
s3://sales-analytics-raw-aqib-test/lead_activities_raw/load_type=full/lead_activities_raw_20260707_203307_part_00132.json,54955347,cd95a52753f4166645d1cc00c20b70f3,"Tue, 7 Jul 2026 20:33:09 GMT"
s3://sales-analytics-raw-aqib-test/lead_activities_raw/load_type=full/lead_activities_raw_20260707_203309_part_00133.json,57647832,6b4f8c24f7ee95807334b3266db93f7c,"Tue, 7 Jul 2026 20:33:11 GMT"
s3://sales-analytics-raw-aqib-test/lead_activities_raw/load_type=full/lead_activities_raw_20260707_203311_part_00134.json,55326635,56db5d733e180d873136c5241fa5f4e7,"Tue, 7 Jul 2026 20:33:13 GMT"
s3://sales-analytics-raw-aqib-test/lead_activities_raw/load_type=full/lead_activities_raw_20260707_203313_part_00135.json,53754159,cb40c0d585f8a9dfa14448b2f4077e68,"Tue, 7 Jul 2026 20:33:15 GMT"
s3://sales-analytics-raw-aqib-test/lead_activities_raw/load_type=full/lead_activities_raw_20260707_203316_part_00136.json,58309474,4dcffbc6124acbdd223f7272378eed16,"Tue, 7 Jul 2026 20:33:18 GMT"
s3://sales-analytics-raw-aqib-test/lead_activities_raw/load_type=full/lead_activities_raw_20260707_203318_part_00137.json,58940994,875c0f7c36ed46b10096fbc105ae51d9,"Tue, 7 Jul 2026 20:33:20 GMT"
s3://sales-analytics-raw-aqib-test/lead_activities_raw/load_type=full/lead_activities_raw_20260707_203320_part_00138.json,58162144,8d528be86ee5f20119f463b48ba5089c,"Tue, 7 Jul 2026 20:33:22 GMT"
s3://sales-analytics-raw-aqib-test/lead_activities_raw/load_type=full/lead_activities_raw_20260707_203322_part_00139.json,56885527,3695ab74b3cc9317fdf07998cea38e07,"Tue, 7 Jul 2026 20:33:24 GMT"
s3://sales-analytics-raw-aqib-test/lead_activities_raw/load_type=full/lead_activities_raw_20260707_203325_part_00140.json,66368691,0721fcc4c9c2a4b6a5f9eb55b84f54ec,"Tue, 7 Jul 2026 20:33:27 GMT"
s3://sales-analytics-raw-aqib-test/lead_activities_raw/load_type=full/lead_activities_raw_20260707_203328_part_00141.json,57954382,3fdb258281dccdb439d3411198363bbb,"Tue, 7 Jul 2026 20:33:29 GMT"
s3://sales-analytics-raw-aqib-test/lead_activities_raw/load_type=full/lead_activities_raw_20260707_203330_part_00142.json,52328778,63e9a6f59585630f82f6efbc02455505,"Tue, 7 Jul 2026 20:33:32 GMT"
s3://sales-analytics-raw-aqib-test/lead_activities_raw/load_type=full/lead_activities_raw_20260707_203332_part_00143.json,55554708,d47bc0dae25fe090a79a7b85116f9e06,"Tue, 7 Jul 2026 20:33:34 GMT"
s3://sales-analytics-raw-aqib-test/lead_activities_raw/load_type=full/lead_activities_raw_20260707_203334_part_00144.json,56281511,32ace8080598b8158acc4c8b6e78c660,"Tue, 7 Jul 2026 20:33:36 GMT"
s3://sales-analytics-raw-aqib-test/lead_activities_raw/load_type=full/lead_activities_raw_20260707_203336_part_00145.json,55409661,ef48831509419447e4a2a55b52c46fa4,"Tue, 7 Jul 2026 20:33:38 GMT"
s3://sales-analytics-raw-aqib-test/lead_activities_raw/load_type=full/lead_activities_raw_20260707_203339_part_00146.json,55075459,a588953745c22dce9f1550705eba791a,"Tue, 7 Jul 2026 20:33:40 GMT"
s3://sales-analytics-raw-aqib-test/lead_activities_raw/load_type=full/lead_activities_raw_20260707_203341_part_00147.json,56138724,33557b8571d920a9b164f5b6cbb18bf7,"Tue, 7 Jul 2026 20:33:43 GMT"
s3://sales-analytics-raw-aqib-test/lead_activities_raw/load_type=full/lead_activities_raw_20260707_203343_part_00148.json,57487328,b672920b49bf373144ef8185826b3109,"Tue, 7 Jul 2026 20:33:45 GMT"
s3://sales-analytics-raw-aqib-test/lead_activities_raw/load_type=full/lead_activities_raw_20260707_203345_part_00149.json,56752283,009f0b45ff70199a7c04d63acf2c5270,"Tue, 7 Jul 2026 20:33:47 GMT"
s3://sales-analytics-raw-aqib-test/lead_activities_raw/load_type=full/lead_activities_raw_20260707_203348_part_00150.json,52367132,628c35580dae6b971d44dc2ca546eb0e,"Tue, 7 Jul 2026 20:33:49 GMT"
s3://sales-analytics-raw-aqib-test/lead_activities_raw/load_type=full/lead_activities_raw_20260707_203350_part_00151.json,52876252,4f30cfdc374af7ae32c7b2362600c7b4,"Tue, 7 Jul 2026 20:33:52 GMT"
s3://sales-analytics-raw-aqib-test/lead_activities_raw/load_type=full/lead_activities_raw_20260707_203352_part_00152.json,50486440,6c673564d9f8968dff46be7a162f8d05,"Tue, 7 Jul 2026 20:33:53 GMT"
s3://sales-analytics-raw-aqib-test/lead_activities_raw/load_type=full/lead_activities_raw_20260707_203354_part_00153.json,53760451,297e9ec8688d7d09c5534617e385cfe8,"Tue, 7 Jul 2026 20:33:55 GMT"
s3://sales-analytics-raw-aqib-test/lead_activities_raw/load_type=full/lead_activities_raw_20260707_203356_part_00154.json,52502166,9bf802b245239886966ecc58e7077a40,"Tue, 7 Jul 2026 20:33:58 GMT"
s3://sales-analytics-raw-aqib-test/lead_activities_raw/load_type=full/lead_activities_raw_20260707_203358_part_00155.json,53759366,2c39c2a22dbd0ef8ea5d449ef9de8c27,"Tue, 7 Jul 2026 20:34:00 GMT"
s3://sales-analytics-raw-aqib-test/lead_activities_raw/load_type=full/lead_activities_raw_20260707_203400_part_00156.json,57715079,6ee4e142964bbe42b0aaa3a1b1aeb26f,"Tue, 7 Jul 2026 20:34:02 GMT"
s3://sales-analytics-raw-aqib-test/lead_activities_raw/load_type=full/lead_activities_raw_20260707_203402_part_00157.json,52422714,0a073ce22c61cdf273f44095ed3ff6b1,"Tue, 7 Jul 2026 20:34:04 GMT"
s3://sales-analytics-raw-aqib-test/lead_activities_raw/load_type=full/lead_activities_raw_20260707_203404_part_00158.json,52342543,671d1877bf2a39f1ab43050e058295c3,"Tue, 7 Jul 2026 20:34:06 GMT"
s3://sales-analytics-raw-aqib-test/lead_activities_raw/load_type=full/lead_activities_raw_20260707_203407_part_00159.json,54663058,a7a3d3711060fc86126525839278804b,"Tue, 7 Jul 2026 20:34:08 GMT"
s3://sales-analytics-raw-aqib-test/lead_activities_raw/load_type=full/lead_activities_raw_20260707_203409_part_00160.json,52062479,ec509515a5ae0117176bc5296786ef24,"Tue, 7 Jul 2026 20:34:10 GMT"
s3://sales-analytics-raw-aqib-test/lead_activities_raw/load_type=full/lead_activities_raw_20260707_203411_part_00161.json,54182804,2c25447b226e55b93b57fa5ceca3f767,"Tue, 7 Jul 2026 20:34:12 GMT"
s3://sales-analytics-raw-aqib-test/lead_activities_raw/load_type=full/lead_activities_raw_20260707_203413_part_00162.json,52860771,9ac471ef18caca55440b4d4f9bd30a64,"Tue, 7 Jul 2026 20:34:15 GMT"
s3://sales-analytics-raw-aqib-test/lead_activities_raw/load_type=full/lead_activities_raw_20260707_203415_part_00163.json,46285205,1d7fd9b13df47aca0e7ec90a44624433,"Tue, 7 Jul 2026 20:34:16 GMT"
s3://sales-analytics-raw-aqib-test/lead_activities_raw/load_type=full/lead_activities_raw_20260707_203417_part_00164.json,51643962,45896919ef8e49adc236972f4df614ec,"Tue, 7 Jul 2026 20:34:18 GMT"
s3://sales-analytics-raw-aqib-test/lead_activities_raw/load_type=full/lead_activities_raw_20260707_203419_part_00165.json,56541902,0b9dacff35ea05827babcea058e0cc0f,"Tue, 7 Jul 2026 20:34:21 GMT"
s3://sales-analytics-raw-aqib-test/lead_activities_raw/load_type=full/lead_activities_raw_20260707_203421_part_00166.json,51651428,1871e2d22aee6820d55ae3b999832b3f,"Tue, 7 Jul 2026 20:34:23 GMT"
s3://sales-analytics-raw-aqib-test/lead_activities_raw/load_type=full/lead_activities_raw_20260707_203423_part_00167.json,57409380,f98f0d81c972e3536beed342bd395ba6,"Tue, 7 Jul 2026 20:34:25 GMT"
s3://sales-analytics-raw-aqib-test/lead_activities_raw/load_type=full/lead_activities_raw_20260707_203426_part_00168.json,52372266,eb7d100430e86de697c89d92f3c3cdf0,"Tue, 7 Jul 2026 20:34:27 GMT"
s3://sales-analytics-raw-aqib-test/lead_activities_raw/load_type=full/lead_activities_raw_20260707_203428_part_00169.json,54447646,a71ffe4c04c154fff17282a3976717b7,"Tue, 7 Jul 2026 20:34:29 GMT"
s3://sales-analytics-raw-aqib-test/lead_activities_raw/load_type=full/lead_activities_raw_20260707_203430_part_00170.json,52656281,2913bd50b8aa7c288d55b5b4e7ea49a2,"Tue, 7 Jul 2026 20:34:32 GMT"
s3://sales-analytics-raw-aqib-test/lead_activities_raw/load_type=full/lead_activities_raw_20260707_203432_part_00171.json,41173522,1d9b418359d933919fddd966d7ea0628,"Tue, 7 Jul 2026 20:34:33 GMT"
s3://sales-analytics-raw-aqib-test/lead_activities_raw/load_type=full/lead_activities_raw_20260707_203433_part_00172.json,41488203,93abc7b63106163e2abe1206ff74698c,"Tue, 7 Jul 2026 20:34:35 GMT"
s3://sales-analytics-raw-aqib-test/lead_activities_raw/load_type=full/lead_activities_raw_20260707_203435_part_00173.json,41660980,9ebc5457dd613a8277fac751d36cd503,"Tue, 7 Jul 2026 20:34:36 GMT"
s3://sales-analytics-raw-aqib-test/lead_activities_raw/load_type=full/lead_activities_raw_20260707_203437_part_00174.json,41431602,0511893fca6f2dd0163aa92df74b3029,"Tue, 7 Jul 2026 20:34:38 GMT"
s3://sales-analytics-raw-aqib-test/lead_activities_raw/load_type=full/lead_activities_raw_20260707_203438_part_00175.json,39257449,9f607299f4dbb27add0ae7f51e88c0e5,"Tue, 7 Jul 2026 20:34:40 GMT"
s3://sales-analytics-raw-aqib-test/lead_activities_raw/load_type=full/lead_activities_raw_20260707_203440_part_00176.json,39704992,7ca388ebaba71320f36d074d33b4fe69,"Tue, 7 Jul 2026 20:34:41 GMT"
s3://sales-analytics-raw-aqib-test/lead_activities_raw/load_type=full/lead_activities_raw_20260707_203441_part_00177.json,42274273,9fed337877ec678f68812fd09a31525f,"Tue, 7 Jul 2026 20:34:43 GMT"
s3://sales-analytics-raw-aqib-test/lead_activities_raw/load_type=full/lead_activities_raw_20260707_203443_part_00178.json,45966985,20631f0e4cc42f15c4152578f1dffaa4,"Tue, 7 Jul 2026 20:34:44 GMT"
s3://sales-analytics-raw-aqib-test/lead_activities_raw/load_type=full/lead_activities_raw_20260707_203445_part_00179.json,44662887,da96c5e5d784be93a22c232af30f0b08,"Tue, 7 Jul 2026 20:34:46 GMT"
s3://sales-analytics-raw-aqib-test/lead_activities_raw/load_type=full/lead_activities_raw_20260707_203446_part_00180.json,43531476,8b6f54d97201611db925743062603bd8,"Tue, 7 Jul 2026 20:34:48 GMT"
s3://sales-analytics-raw-aqib-test/lead_activities_raw/load_type=full/lead_activities_raw_20260707_203448_part_00181.json,44742400,9aa02fddcccc716d2548c44deff69b84,"Tue, 7 Jul 2026 20:34:50 GMT"
s3://sales-analytics-raw-aqib-test/lead_activities_raw/load_type=full/lead_activities_raw_20260707_203450_part_00182.json,47037569,1791230df9981c5f1b4400752a4c55b3,"Tue, 7 Jul 2026 20:34:51 GMT"
s3://sales-analytics-raw-aqib-test/lead_activities_raw/load_type=full/lead_activities_raw_20260707_203452_part_00183.json,46622258,dadc0d3b85037c035fc6e72c6d1ce42d,"Tue, 7 Jul 2026 20:34:53 GMT"
s3://sales-analytics-raw-aqib-test/lead_activities_raw/load_type=full/lead_activities_raw_20260707_203454_part_00184.json,48040773,96bde50af42eb0f062711de19f506816,"Tue, 7 Jul 2026 20:34:55 GMT"
s3://sales-analytics-raw-aqib-test/lead_activities_raw/load_type=full/lead_activities_raw_20260707_203455_part_00185.json,46620269,39e359f763d41352a15fa3f59a44eb32,"Tue, 7 Jul 2026 20:34:57 GMT"
s3://sales-analytics-raw-aqib-test/lead_activities_raw/load_type=full/lead_activities_raw_20260707_203457_part_00186.json,53199024,4e8fb99ee03ca87bb3f2fbce4d584056,"Tue, 7 Jul 2026 20:34:59 GMT"
s3://sales-analytics-raw-aqib-test/lead_activities_raw/load_type=full/lead_activities_raw_20260707_203459_part_00187.json,45186928,912b4083493d26541fb8e96630decacb,"Tue, 7 Jul 2026 20:35:01 GMT"
s3://sales-analytics-raw-aqib-test/lead_activities_raw/load_type=full/lead_activities_raw_20260707_203501_part_00188.json,47095399,31518ba1b5b8833b20d9f3dd6df63530,"Tue, 7 Jul 2026 20:35:03 GMT"
s3://sales-analytics-raw-aqib-test/lead_activities_raw/load_type=full/lead_activities_raw_20260707_203503_part_00189.json,42366887,e313caeb9fe28b01d4110b21c495ba2c,"Tue, 7 Jul 2026 20:35:05 GMT"
s3://sales-analytics-raw-aqib-test/lead_activities_raw/load_type=full/lead_activities_raw_20260707_203505_part_00190.json,42648012,eb18f50c4cef8caa7deaf503111f334c,"Tue, 7 Jul 2026 20:35:06 GMT"
s3://sales-analytics-raw-aqib-test/lead_activities_raw/load_type=full/lead_activities_raw_20260707_203507_part_00191.json,43231106,ea2e6a1193e365165a4fc9129a73a22b,"Tue, 7 Jul 2026 20:35:08 GMT"
s3://sales-analytics-raw-aqib-test/lead_activities_raw/load_type=full/lead_activities_raw_20260707_203508_part_00192.json,44650395,cf945da3501242db2280d8f532619e3a,"Tue, 7 Jul 2026 20:35:10 GMT"
s3://sales-analytics-raw-aqib-test/lead_activities_raw/load_type=full/lead_activities_raw_20260707_203510_part_00193.json,40438756,89908fed6c6f69d5c6a646e97308a35f,"Tue, 7 Jul 2026 20:35:11 GMT"
s3://sales-analytics-raw-aqib-test/lead_activities_raw/load_type=full/lead_activities_raw_20260707_203511_part_00194.json,44739307,f09956ca3f272676f5602dda402c2689,"Tue, 7 Jul 2026 20:35:13 GMT"
s3://sales-analytics-raw-aqib-test/lead_activities_raw/load_type=full/lead_activities_raw_20260707_203513_part_00195.json,47044934,4de3b32db8f95fdd932ae1525890c38e,"Tue, 7 Jul 2026 20:35:15 GMT"
s3://sales-analytics-raw-aqib-test/lead_activities_raw/load_type=full/lead_activities_raw_20260707_203515_part_00196.json,44232404,1f71800f845a3b8e9600e2ff460a84d0,"Tue, 7 Jul 2026 20:35:17 GMT"
s3://sales-analytics-raw-aqib-test/lead_activities_raw/load_type=full/lead_activities_raw_20260707_203517_part_00197.json,43545169,b12fcd37e8242ca8ad863bbe4cee24ee,"Tue, 7 Jul 2026 20:35:18 GMT"
s3://sales-analytics-raw-aqib-test/lead_activities_raw/load_type=full/lead_activities_raw_20260707_203518_part_00198.json,41275392,69ba79aaa84114b1c6c2bf37d2312341,"Tue, 7 Jul 2026 20:35:20 GMT"
s3://sales-analytics-raw-aqib-test/lead_activities_raw/load_type=full/lead_activities_raw_20260707_203520_part_00199.json,40209359,3640cf510e4c8ac68ade298d874e3590,"Tue, 7 Jul 2026 20:35:22 GMT"
s3://sales-analytics-raw-aqib-test/lead_activities_raw/load_type=full/lead_activities_raw_20260707_203522_part_00200.json,44977829,f176e5a22e507babfc7508487a9f4ff8,"Tue, 7 Jul 2026 20:35:23 GMT"
s3://sales-analytics-raw-aqib-test/lead_activities_raw/load_type=full/lead_activities_raw_20260707_203523_part_00201.json,40553571,ba42bd54b3585fac9489794599d57870,"Tue, 7 Jul 2026 20:35:25 GMT"
s3://sales-analytics-raw-aqib-test/lead_activities_raw/load_type=full/lead_activities_raw_20260707_203525_part_00202.json,40983529,176189a686cd715146b614714d37aa10,"Tue, 7 Jul 2026 20:35:27 GMT"
s3://sales-analytics-raw-aqib-test/lead_activities_raw/load_type=full/lead_activities_raw_20260707_203527_part_00203.json,40938967,06af1ae873e7227807809d534547cfea,"Tue, 7 Jul 2026 20:35:28 GMT"
s3://sales-analytics-raw-aqib-test/lead_activities_raw/load_type=full/lead_activities_raw_20260707_203528_part_00204.json,40352260,5c70c03799b5d6c36842226e98c0ecda,"Tue, 7 Jul 2026 20:35:30 GMT"
s3://sales-analytics-raw-aqib-test/lead_activities_raw/load_type=full/lead_activities_raw_20260707_203530_part_00205.json,41284553,0559efa8cd65cd370777b921aa5e4f5c,"Tue, 7 Jul 2026 20:35:32 GMT"
s3://sales-analytics-raw-aqib-test/lead_activities_raw/load_type=full/lead_activities_raw_20260707_203532_part_00206.json,40002882,133c6ffee35860084feb4320de5c30b4,"Tue, 7 Jul 2026 20:35:33 GMT"
s3://sales-analytics-raw-aqib-test/lead_activities_raw/load_type=full/lead_activities_raw_20260707_203533_part_00207.json,40595252,cdd3b152bdc0bf5eb2ede92e9c9ba622,"Tue, 7 Jul 2026 20:35:35 GMT"
s3://sales-analytics-raw-aqib-test/lead_activities_raw/load_type=full/lead_activities_raw_20260707_203535_part_00208.json,40916721,12225a2b5dc76830d7c33430c73cacf3,"Tue, 7 Jul 2026 20:35:36 GMT"
s3://sales-analytics-raw-aqib-test/lead_activities_raw/load_type=full/lead_activities_raw_20260707_203536_part_00209.json,42199240,84625c6b21e02b7f4486d9487eae6246,"Tue, 7 Jul 2026 20:35:38 GMT"
s3://sales-analytics-raw-aqib-test/lead_activities_raw/load_type=full/lead_activities_raw_20260707_203538_part_00210.json,41523693,f1e27fea44c7aabf2709ab863d7b5e71,"Tue, 7 Jul 2026 20:35:40 GMT"
s3://sales-analytics-raw-aqib-test/lead_activities_raw/load_type=full/lead_activities_raw_20260707_203540_part_00211.json,48411458,ad38c222b3011b4cde29cf090b767f57,"Tue, 7 Jul 2026 20:35:41 GMT"
s3://sales-analytics-raw-aqib-test/lead_activities_raw/load_type=full/lead_activities_raw_20260707_203541_part_00212.json,47222211,6427eb24613a98386dd4e1557a0c81f7,"Tue, 7 Jul 2026 20:35:43 GMT"
s3://sales-analytics-raw-aqib-test/lead_activities_raw/load_type=full/lead_activities_raw_20260707_203543_part_00213.json,43841872,335437d069611ead7354751903550f6e,"Tue, 7 Jul 2026 20:35:45 GMT"
s3://sales-analytics-raw-aqib-test/lead_activities_raw/load_type=full/lead_activities_raw_20260707_203545_part_00214.json,44807185,3c010b222f3767dffa0a92b0cc1979ce,"Tue, 7 Jul 2026 20:35:47 GMT"
s3://sales-analytics-raw-aqib-test/lead_activities_raw/load_type=full/lead_activities_raw_20260707_203547_part_00215.json,45412029,f7f0438d7d20732659037fae77ca7db8,"Tue, 7 Jul 2026 20:35:48 GMT"
s3://sales-analytics-raw-aqib-test/lead_activities_raw/load_type=full/lead_activities_raw_20260707_203549_part_00216.json,50562902,f2cccb7cea7a14af7d8747e8c58a302d,"Tue, 7 Jul 2026 20:35:50 GMT"
s3://sales-analytics-raw-aqib-test/lead_activities_raw/load_type=full/lead_activities_raw_20260707_203551_part_00217.json,45672200,86021402ecba94f8b5b025779c081fdd,"Tue, 7 Jul 2026 20:35:52 GMT"
s3://sales-analytics-raw-aqib-test/lead_activities_raw/load_type=full/lead_activities_raw_20260707_203552_part_00218.json,44179132,5dbabe6df5189289bf41aeac8b253070,"Tue, 7 Jul 2026 20:35:54 GMT"
s3://sales-analytics-raw-aqib-test/lead_activities_raw/load_type=full/lead_activities_raw_20260707_203554_part_00219.json,52178341,082e375b6150378ce7d9f57f18474172,"Tue, 7 Jul 2026 20:35:56 GMT"
s3://sales-analytics-raw-aqib-test/lead_activities_raw/load_type=full/lead_activities_raw_20260707_203556_part_00220.json,53669285,b724a3d23dde83b7f6d2c161a3b48f77,"Tue, 7 Jul 2026 20:35:58 GMT"
s3://sales-analytics-raw-aqib-test/lead_activities_raw/load_type=full/lead_activities_raw_20260707_203559_part_00221.json,56260321,99c2c75f8b7d8f5c544f8f4934198d83,"Tue, 7 Jul 2026 20:36:00 GMT"
s3://sales-analytics-raw-aqib-test/lead_activities_raw/load_type=full/lead_activities_raw_20260707_203601_part_00222.json,39277142,2b5f965ca2f6d7773ba3dea87e8e4380,"Tue, 7 Jul 2026 20:36:02 GMT"
s3://sales-analytics-raw-aqib-test/lead_activities_raw/load_type=full/load_date=2026-06-14/lead_activities_raw_20260614_195618_part_00001.json,47776857,f6e686a62390161037fab894fd67832c,"Sun, 14 Jun 2026 19:56:19 GMT"
s3://sales-analytics-raw-aqib-test/lead_activities_raw/load_type=full/load_date=2026-06-14/lead_activities_raw_20260614_195620_part_00002.json,47016880,da5d7312cbd0462443771e0f67dabcb2,"Sun, 14 Jun 2026 19:56:22 GMT"
s3://sales-analytics-raw-aqib-test/lead_activities_raw/load_type=full/load_date=2026-06-14/lead_activities_raw_20260614_195622_part_00003.json,48256694,4cc0f0ba4889371f2c41f71ed2750073,"Sun, 14 Jun 2026 19:56:24 GMT"
s3://sales-analytics-raw-aqib-test/lead_activities_raw/load_type=full/load_date=2026-06-14/lead_activities_raw_20260614_195624_part_00004.json,48771894,1855e89255345cc8438ab5e820f55604,"Sun, 14 Jun 2026 19:56:26 GMT"
s3://sales-analytics-raw-aqib-test/lead_activities_raw/load_type=full/load_date=2026-06-14/lead_activities_raw_20260614_195626_part_00005.json,40809947,609ecc6a8fe9541570a83e868b5e7101,"Sun, 14 Jun 2026 19:56:27 GMT"
s3://sales-analytics-raw-aqib-test/lead_activities_raw/load_type=full/load_date=2026-06-14/lead_activities_raw_20260614_195628_part_00006.json,43030788,a48b5969e33a89aae8dc27552751e979,"Sun, 14 Jun 2026 19:56:29 GMT"
s3://sales-analytics-raw-aqib-test/lead_activities_raw/load_type=full/load_date=2026-06-14/lead_activities_raw_20260614_195630_part_00007.json,40614855,31bb77c1ea6d6652dea5de39c427520f,"Sun, 14 Jun 2026 19:56:31 GMT"
s3://sales-analytics-raw-aqib-test/lead_activities_raw/load_type=full/load_date=2026-06-14/lead_activities_raw_20260614_195631_part_00008.json,36610134,f63cc4cf9e0d6a1a3cac58df21acf225,"Sun, 14 Jun 2026 19:56:33 GMT"
s3://sales-analytics-raw-aqib-test/lead_activities_raw/load_type=full/load_date=2026-06-14/lead_activities_raw_20260614_195633_part_00009.json,39595116,107ee6dd8a0142fcb36896689f080535,"Sun, 14 Jun 2026 19:56:34 GMT"
s3://sales-analytics-raw-aqib-test/lead_activities_raw/load_type=full/load_date=2026-06-14/lead_activities_raw_20260614_195634_part_00010.json,36879210,8292a8ddd96310978a4bf4c888357084,"Sun, 14 Jun 2026 19:56:36 GMT"
s3://sales-analytics-raw-aqib-test/lead_activities_raw/load_type=full/load_date=2026-06-14/lead_activities_raw_20260614_195636_part_00011.json,38635468,ab9429ca860af3f4e77e03da2a710066,"Sun, 14 Jun 2026 19:56:38 GMT"
s3://sales-analytics-raw-aqib-test/lead_activities_raw/load_type=full/load_date=2026-06-14/lead_activities_raw_20260614_195638_part_00012.json,37589109,1a3b669f87f0fa54a47a078543d72bd9,"Sun, 14 Jun 2026 19:56:39 GMT"
s3://sales-analytics-raw-aqib-test/lead_activities_raw/load_type=full/load_date=2026-06-14/lead_activities_raw_20260614_195639_part_00013.json,36398192,9bd35c917271ed04aa1bc87b1ebe2bd5,"Sun, 14 Jun 2026 19:56:41 GMT"
s3://sales-analytics-raw-aqib-test/lead_activities_raw/load_type=full/load_date=2026-06-14/lead_activities_raw_20260614_195641_part_00014.json,38601901,d79e9de3638e4320bf77ead0d997cf34,"Sun, 14 Jun 2026 19:56:42 GMT"
s3://sales-analytics-raw-aqib-test/lead_activities_raw/load_type=full/load_date=2026-06-14/lead_activities_raw_20260614_195642_part_00015.json,39165330,ec33662181441fbd18f2294e15b6d904,"Sun, 14 Jun 2026 19:56:44 GMT"
s3://sales-analytics-raw-aqib-test/lead_activities_raw/load_type=full/load_date=2026-06-14/lead_activities_raw_20260614_195644_part_00016.json,38953373,09ca80b601b8c8526bd22a33a5496453,"Sun, 14 Jun 2026 19:56:46 GMT"
s3://sales-analytics-raw-aqib-test/lead_activities_raw/load_type=full/load_date=2026-06-14/lead_activities_raw_20260614_195646_part_00017.json,36675697,0f2bfb0df6c0e3edbc73783426d6d7fe,"Sun, 14 Jun 2026 19:56:47 GMT"
s3://sales-analytics-raw-aqib-test/lead_activities_raw/load_type=full/load_date=2026-06-14/lead_activities_raw_20260614_195647_part_00018.json,38826895,d95619837c4a480c200d1d03ba0b7e2b,"Sun, 14 Jun 2026 19:56:49 GMT"
s3://sales-analytics-raw-aqib-test/lead_activities_raw/load_type=full/load_date=2026-06-14/lead_activities_raw_20260614_195649_part_00019.json,37029769,a7051c5c8c26904aaa71c72599ec6ed9,"Sun, 14 Jun 2026 19:56:50 GMT"
s3://sales-analytics-raw-aqib-test/lead_activities_raw/load_type=full/load_date=2026-06-14/lead_activities_raw_20260614_195650_part_00020.json,36994035,0ec54782cd0f6ec35d5fd3cfe891f8e8,"Sun, 14 Jun 2026 19:56:52 GMT"
s3://sales-analytics-raw-aqib-test/lead_activities_raw/load_type=full/load_date=2026-06-14/lead_activities_raw_20260614_195652_part_00021.json,38863503,e032da8490290819ebf45215cfb66abd,"Sun, 14 Jun 2026 19:56:53 GMT"
s3://sales-analytics-raw-aqib-test/lead_activities_raw/load_type=full/load_date=2026-06-14/lead_activities_raw_20260614_195654_part_00022.json,37523197,6537ded0c35b81b292bf6cdd2ec88281,"Sun, 14 Jun 2026 19:56:55 GMT"
s3://sales-analytics-raw-aqib-test/lead_activities_raw/load_type=full/load_date=2026-06-14/lead_activities_raw_20260614_195655_part_00023.json,38668030,ee367650d999f642073ab6527754eda6,"Sun, 14 Jun 2026 19:56:57 GMT"
s3://sales-analytics-raw-aqib-test/lead_activities_raw/load_type=full/load_date=2026-06-14/lead_activities_raw_20260614_195657_part_00024.json,40222496,5dca5ed93e629e87652fb7d36a5249d4,"Sun, 14 Jun 2026 19:56:58 GMT"
s3://sales-analytics-raw-aqib-test/lead_activities_raw/load_type=full/load_date=2026-06-14/lead_activities_raw_20260614_195658_part_00025.json,35126406,e1d074e79ff317656e5e7485d1260355,"Sun, 14 Jun 2026 19:57:00 GMT"
s3://sales-analytics-raw-aqib-test/lead_activities_raw/load_type=full/load_date=2026-06-14/lead_activities_raw_20260614_195700_part_00026.json,38329632,76f65b344e97a80ecae5b778816605a8,"Sun, 14 Jun 2026 19:57:01 GMT"
s3://sales-analytics-raw-aqib-test/lead_activities_raw/load_type=full/load_date=2026-06-14/lead_activities_raw_20260614_195702_part_00027.json,38156164,131fc3c069505e74b3e87a6e1d30dec1,"Sun, 14 Jun 2026 19:57:03 GMT"
s3://sales-analytics-raw-aqib-test/lead_activities_raw/load_type=full/load_date=2026-06-14/lead_activities_raw_20260614_195703_part_00028.json,36532530,7671c0decc8ad3501f5d1b7c00d317f9,"Sun, 14 Jun 2026 19:57:05 GMT"
s3://sales-analytics-raw-aqib-test/lead_activities_raw/load_type=full/load_date=2026-06-14/lead_activities_raw_20260614_195705_part_00029.json,36581171,c23e6560266204bf6677f7ce1ee2ccbb,"Sun, 14 Jun 2026 19:57:06 GMT"
s3://sales-analytics-raw-aqib-test/lead_activities_raw/load_type=full/load_date=2026-06-14/lead_activities_raw_20260614_195706_part_00030.json,36856248,e8e64bec9d62fe1eb68e4dc38e5c516e,"Sun, 14 Jun 2026 19:57:08 GMT"
s3://sales-analytics-raw-aqib-test/lead_activities_raw/load_type=full/load_date=2026-06-14/lead_activities_raw_20260614_195708_part_00031.json,40604972,d7d38fd75e1234dfcd3d4ad01e821357,"Sun, 14 Jun 2026 19:57:10 GMT"
s3://sales-analytics-raw-aqib-test/lead_activities_raw/load_type=full/load_date=2026-06-14/lead_activities_raw_20260614_195710_part_00032.json,37115712,fd6b114595a7c00eca78dabb7a16c2ce,"Sun, 14 Jun 2026 19:57:11 GMT"
s3://sales-analytics-raw-aqib-test/lead_activities_raw/load_type=full/load_date=2026-06-14/lead_activities_raw_20260614_195711_part_00033.json,38937363,84f1c64bc2f6e7312e59ee49fa409f1a,"Sun, 14 Jun 2026 19:57:13 GMT"
s3://sales-analytics-raw-aqib-test/lead_activities_raw/load_type=full/load_date=2026-06-14/lead_activities_raw_20260614_195713_part_00034.json,41162051,c9c4dc43ce33a50a584a4b5c53272cf7,"Sun, 14 Jun 2026 19:57:15 GMT"
s3://sales-analytics-raw-aqib-test/lead_activities_raw/load_type=full/load_date=2026-06-14/lead_activities_raw_20260614_195715_part_00035.json,38973442,c5dc60227dc78058691dfa6fad604f61,"Sun, 14 Jun 2026 19:57:16 GMT"
s3://sales-analytics-raw-aqib-test/lead_activities_raw/load_type=full/load_date=2026-06-14/lead_activities_raw_20260614_195717_part_00036.json,37582593,a6ba71592399cf082d50818962f84f18,"Sun, 14 Jun 2026 19:57:18 GMT"
s3://sales-analytics-raw-aqib-test/lead_activities_raw/load_type=full/load_date=2026-06-14/lead_activities_raw_20260614_195718_part_00037.json,31622465,cb14812ba22d548e4e641165467099d8,"Sun, 14 Jun 2026 19:57:19 GMT"
s3://sales-analytics-raw-aqib-test/lead_activities_raw/load_type=full/load_date=2026-06-14/lead_activities_raw_20260614_195719_part_00038.json,32835718,98375e4800c9dc62a507952c4369cf86,"Sun, 14 Jun 2026 19:57:21 GMT"
s3://sales-analytics-raw-aqib-test/lead_activities_raw/load_type=full/load_date=2026-06-14/lead_activities_raw_20260614_195721_part_00039.json,33240694,2a713a83444be6c58767431ea564529f,"Sun, 14 Jun 2026 19:57:22 GMT"
s3://sales-analytics-raw-aqib-test/lead_activities_raw/load_type=full/load_date=2026-06-14/lead_activities_raw_20260614_195722_part_00040.json,32846931,322ef62d8eb9882a8c14d0f08cbc3078,"Sun, 14 Jun 2026 19:57:24 GMT"
s3://sales-analytics-raw-aqib-test/lead_activities_raw/load_type=full/load_date=2026-06-14/lead_activities_raw_20260614_195724_part_00041.json,33896251,cf141b24a4090dd547b3ca2ebf9b4fd0,"Sun, 14 Jun 2026 19:57:25 GMT"
s3://sales-analytics-raw-aqib-test/lead_activities_raw/load_type=full/load_date=2026-06-14/lead_activities_raw_20260614_195725_part_00042.json,34431598,43b07087b31fe14e13626b2312992181,"Sun, 14 Jun 2026 19:57:26 GMT"
s3://sales-analytics-raw-aqib-test/lead_activities_raw/load_type=full/load_date=2026-06-14/lead_activities_raw_20260614_195727_part_00043.json,35589788,d844ab37377e348be88bd6584551d40e,"Sun, 14 Jun 2026 19:57:28 GMT"
s3://sales-analytics-raw-aqib-test/lead_activities_raw/load_type=full/load_date=2026-06-14/lead_activities_raw_20260614_195728_part_00044.json,32445453,a55bb76f6279592ad7c0dfa6a21c5d90,"Sun, 14 Jun 2026 19:57:29 GMT"
s3://sales-analytics-raw-aqib-test/lead_activities_raw/load_type=full/load_date=2026-06-14/lead_activities_raw_20260614_195729_part_00045.json,31687191,d19019272d3f3016d9a9ae557f82851e,"Sun, 14 Jun 2026 19:57:31 GMT"
s3://sales-analytics-raw-aqib-test/lead_activities_raw/load_type=full/load_date=2026-06-14/lead_activities_raw_20260614_195731_part_00046.json,32647055,935682178d5dfc87f2894e3bc44010d6,"Sun, 14 Jun 2026 19:57:32 GMT"
s3://sales-analytics-raw-aqib-test/lead_activities_raw/load_type=full/load_date=2026-06-14/lead_activities_raw_20260614_195732_part_00047.json,34372054,959816ed58970fe92d2e5146d9a3f8d7,"Sun, 14 Jun 2026 19:57:33 GMT"
s3://sales-analytics-raw-aqib-test/lead_activities_raw/load_type=full/load_date=2026-06-14/lead_activities_raw_20260614_195733_part_00048.json,31860855,70ee739bbb4beaf82db3aa7fc7245904,"Sun, 14 Jun 2026 19:57:35 GMT"
s3://sales-analytics-raw-aqib-test/lead_activities_raw/load_type=full/load_date=2026-06-14/lead_activities_raw_20260614_195735_part_00049.json,35362482,36277c62b9aa6789ac77ac2ac2e9ff9b,"Sun, 14 Jun 2026 19:57:36 GMT"
s3://sales-analytics-raw-aqib-test/lead_activities_raw/load_type=full/load_date=2026-06-14/lead_activities_raw_20260614_195736_part_00050.json,31846027,bed3c06a455972effdb25ed2f53b5419,"Sun, 14 Jun 2026 19:57:38 GMT"
s3://sales-analytics-raw-aqib-test/lead_activities_raw/load_type=full/load_date=2026-06-14/lead_activities_raw_20260614_195737_part_00051.json,32811302,85caf96b87bcfc9080ede0c6108d52cd,"Sun, 14 Jun 2026 19:57:39 GMT"
s3://sales-analytics-raw-aqib-test/lead_activities_raw/load_type=full/load_date=2026-06-14/lead_activities_raw_20260614_195739_part_00052.json,33147629,b502de80fd0a87dba40b62c6ea5b8da7,"Sun, 14 Jun 2026 19:57:40 GMT"
s3://sales-analytics-raw-aqib-test/lead_activities_raw/load_type=full/load_date=2026-06-14/lead_activities_raw_20260614_195740_part_00053.json,35278258,1b7e88183fc98d6fc2e0038da06a5583,"Sun, 14 Jun 2026 19:57:42 GMT"
s3://sales-analytics-raw-aqib-test/lead_activities_raw/load_type=full/load_date=2026-06-14/lead_activities_raw_20260614_195742_part_00054.json,33945174,5195280939ddabfae5a6f28219aee25f,"Sun, 14 Jun 2026 19:57:43 GMT"
s3://sales-analytics-raw-aqib-test/lead_activities_raw/load_type=full/load_date=2026-06-14/lead_activities_raw_20260614_195743_part_00055.json,38306841,1b0552c63b461f60bfbe473c3850a5a6,"Sun, 14 Jun 2026 19:57:45 GMT"
s3://sales-analytics-raw-aqib-test/lead_activities_raw/load_type=full/load_date=2026-06-14/lead_activities_raw_20260614_195745_part_00056.json,37549009,3fba427828b7720bad3d3a415ed6071c,"Sun, 14 Jun 2026 19:57:46 GMT"
s3://sales-analytics-raw-aqib-test/lead_activities_raw/load_type=full/load_date=2026-06-14/lead_activities_raw_20260614_195747_part_00057.json,38313555,4778a75a915e498e60327fcdaeca0756,"Sun, 14 Jun 2026 19:57:48 GMT"
s3://sales-analytics-raw-aqib-test/lead_activities_raw/load_type=full/load_date=2026-06-14/lead_activities_raw_20260614_195748_part_00058.json,37821355,07af285d73ccb586999091b384e2b1c9,"Sun, 14 Jun 2026 19:57:50 GMT"
s3://sales-analytics-raw-aqib-test/lead_activities_raw/load_type=full/load_date=2026-06-14/lead_activities_raw_20260614_195750_part_00059.json,40980635,8079b583f117ff6ff025ae7ae795d410,"Sun, 14 Jun 2026 19:57:51 GMT"
s3://sales-analytics-raw-aqib-test/lead_activities_raw/load_type=full/load_date=2026-06-14/lead_activities_raw_20260614_195751_part_00060.json,38088759,04d309ddd5fa83e1f897ba5b41ab2824,"Sun, 14 Jun 2026 19:57:53 GMT"
s3://sales-analytics-raw-aqib-test/lead_activities_raw/load_type=full/load_date=2026-06-14/lead_activities_raw_20260614_195753_part_00061.json,38594021,4f0a0edab236f5169f409fe69fc0237a,"Sun, 14 Jun 2026 19:57:54 GMT"
s3://sales-analytics-raw-aqib-test/lead_activities_raw/load_type=full/load_date=2026-06-14/lead_activities_raw_20260614_195755_part_00062.json,38503975,92adb011d6ca054ffd980ac64cd58f08,"Sun, 14 Jun 2026 19:57:56 GMT"
s3://sales-analytics-raw-aqib-test/lead_activities_raw/load_type=full/load_date=2026-06-14/lead_activities_raw_20260614_195756_part_00063.json,37186572,486429c2e4e415cf3559c639f89db64b,"Sun, 14 Jun 2026 19:57:58 GMT"
s3://sales-analytics-raw-aqib-test/lead_activities_raw/load_type=full/load_date=2026-06-14/lead_activities_raw_20260614_195758_part_00064.json,39271877,d1712b2f51c356dcc7a4289ef863cc22,"Sun, 14 Jun 2026 19:57:59 GMT"
s3://sales-analytics-raw-aqib-test/lead_activities_raw/load_type=full/load_date=2026-06-14/lead_activities_raw_20260614_195759_part_00065.json,34747662,f13caf8efb9447a4f42febefdcd571e3,"Sun, 14 Jun 2026 19:58:01 GMT"
s3://sales-analytics-raw-aqib-test/lead_activities_raw/load_type=full/load_date=2026-06-14/lead_activities_raw_20260614_195801_part_00066.json,34267008,2c11eba51f7e0fd9ee3ae6f3dea0bc82,"Sun, 14 Jun 2026 19:58:02 GMT"
s3://sales-analytics-raw-aqib-test/lead_activities_raw/load_type=full/load_date=2026-06-14/lead_activities_raw_20260614_195802_part_00067.json,34684412,9fba8d2c7f1b767045b7042964a77942,"Sun, 14 Jun 2026 19:58:04 GMT"
s3://sales-analytics-raw-aqib-test/lead_activities_raw/load_type=full/load_date=2026-06-14/lead_activities_raw_20260614_195804_part_00068.json,36471713,2f23cc4173dfd5844215d8feab3afb46,"Sun, 14 Jun 2026 19:58:05 GMT"
s3://sales-analytics-raw-aqib-test/lead_activities_raw/load_type=full/load_date=2026-06-14/lead_activities_raw_20260614_195805_part_00069.json,35366928,a9602b825ee67ca293f8e40108974fcd,"Sun, 14 Jun 2026 19:58:07 GMT"
s3://sales-analytics-raw-aqib-test/lead_activities_raw/load_type=full/load_date=2026-06-14/lead_activities_raw_20260614_195807_part_00070.json,33463119,7669feb115f6097ae9174129b9cb04aa,"Sun, 14 Jun 2026 19:58:08 GMT"
s3://sales-analytics-raw-aqib-test/lead_activities_raw/load_type=full/load_date=2026-06-14/lead_activities_raw_20260614_195808_part_00071.json,34852401,dcc5d7b58f10d1568735cbb9ed6d31a5,"Sun, 14 Jun 2026 19:58:10 GMT"
s3://sales-analytics-raw-aqib-test/lead_activities_raw/load_type=full/load_date=2026-06-14/lead_activities_raw_20260614_195810_part_00072.json,34338145,38c317c5363fb32e3e0a41666c7bf224,"Sun, 14 Jun 2026 19:58:11 GMT"
s3://sales-analytics-raw-aqib-test/lead_activities_raw/load_type=full/load_date=2026-06-14/lead_activities_raw_20260614_195811_part_00073.json,31027534,7aafc5c9f21cee02156aa9366a819df9,"Sun, 14 Jun 2026 19:58:12 GMT"
s3://sales-analytics-raw-aqib-test/lead_activities_raw/load_type=full/load_date=2026-06-14/lead_activities_raw_20260614_195812_part_00074.json,36309429,45dc0d0583fa717dd6ab7527abb174b1,"Sun, 14 Jun 2026 19:58:14 GMT"
s3://sales-analytics-raw-aqib-test/lead_activities_raw/load_type=full/load_date=2026-06-14/lead_activities_raw_20260614_195814_part_00075.json,35306046,8e0192445db4ede54a5ad23c5acd09f4,"Sun, 14 Jun 2026 19:58:15 GMT"
s3://sales-analytics-raw-aqib-test/lead_activities_raw/load_type=full/load_date=2026-06-14/lead_activities_raw_20260614_195815_part_00076.json,32609468,17592a77cdb28dbc13e4049d6341e6b1,"Sun, 14 Jun 2026 19:58:17 GMT"
s3://sales-analytics-raw-aqib-test/lead_activities_raw/load_type=full/load_date=2026-06-14/lead_activities_raw_20260614_195817_part_00077.json,32796271,88d9780e08eb72f5e11f92aa3e9457af,"Sun, 14 Jun 2026 19:58:18 GMT"
s3://sales-analytics-raw-aqib-test/lead_activities_raw/load_type=full/load_date=2026-06-14/lead_activities_raw_20260614_195818_part_00078.json,33910919,db52d3ed7e1c0b9fa388825f0a7c01bb,"Sun, 14 Jun 2026 19:58:19 GMT"
s3://sales-analytics-raw-aqib-test/lead_activities_raw/load_type=full/load_date=2026-06-14/lead_activities_raw_20260614_195820_part_00079.json,40741985,1078ec34d3c474aa9057841a011dd5ec,"Sun, 14 Jun 2026 19:58:21 GMT"
s3://sales-analytics-raw-aqib-test/lead_activities_raw/load_type=full/load_date=2026-06-14/lead_activities_raw_20260614_195821_part_00080.json,34663850,e886d8b0bd997cd1190983e423cda014,"Sun, 14 Jun 2026 19:58:23 GMT"
s3://sales-analytics-raw-aqib-test/lead_activities_raw/load_type=full/load_date=2026-06-14/lead_activities_raw_20260614_195823_part_00081.json,34551192,f2143a32e5fc60979373541bdba09ced,"Sun, 14 Jun 2026 19:58:24 GMT"
s3://sales-analytics-raw-aqib-test/lead_activities_raw/load_type=full/load_date=2026-06-14/lead_activities_raw_20260614_195824_part_00082.json,37411526,8c94f4c2593c37c2f6d7e23ea9741f3d,"Sun, 14 Jun 2026 19:58:26 GMT"
s3://sales-analytics-raw-aqib-test/lead_activities_raw/load_type=full/load_date=2026-06-14/lead_activities_raw_20260614_195826_part_00083.json,36928132,cf3ff8260f97e9e81ff7b4668529b93d,"Sun, 14 Jun 2026 19:58:27 GMT"
s3://sales-analytics-raw-aqib-test/lead_activities_raw/load_type=full/load_date=2026-06-14/lead_activities_raw_20260614_195827_part_00084.json,35038112,1c34589eff30f731398e53a5fff57529,"Sun, 14 Jun 2026 19:58:28 GMT"
s3://sales-analytics-raw-aqib-test/lead_activities_raw/load_type=full/load_date=2026-06-14/lead_activities_raw_20260614_195829_part_00085.json,37367071,6c044135a4d6cf791c183c99915ea7a2,"Sun, 14 Jun 2026 19:58:30 GMT"
s3://sales-analytics-raw-aqib-test/lead_activities_raw/load_type=full/load_date=2026-06-14/lead_activities_raw_20260614_195830_part_00086.json,36306366,025eda1815d582518a4ddec825c92e85,"Sun, 14 Jun 2026 19:58:32 GMT"
s3://sales-analytics-raw-aqib-test/lead_activities_raw/load_type=full/load_date=2026-06-14/lead_activities_raw_20260614_195832_part_00087.json,37430183,fb72299cc64648c1baea14abbddbff95,"Sun, 14 Jun 2026 19:58:33 GMT"
s3://sales-analytics-raw-aqib-test/lead_activities_raw/load_type=full/load_date=2026-06-14/lead_activities_raw_20260614_195833_part_00088.json,37837186,19590d58cd096ba71739cbdd6ba04ff6,"Sun, 14 Jun 2026 19:58:35 GMT"
s3://sales-analytics-raw-aqib-test/lead_activities_raw/load_type=full/load_date=2026-06-14/lead_activities_raw_20260614_195835_part_00089.json,35994822,91c0cac5bf75fcdd3e87056c28bf5731,"Sun, 14 Jun 2026 19:58:36 GMT"
s3://sales-analytics-raw-aqib-test/lead_activities_raw/load_type=full/load_date=2026-06-14/lead_activities_raw_20260614_195836_part_00090.json,36213889,7d3578ad07f1891edb8241efa24a4e78,"Sun, 14 Jun 2026 19:58:38 GMT"
s3://sales-analytics-raw-aqib-test/lead_activities_raw/load_type=full/load_date=2026-06-14/lead_activities_raw_20260614_195838_part_00091.json,34303022,b0830f7b904bd7e33a0a35b13d56c7ce,"Sun, 14 Jun 2026 19:58:39 GMT"
s3://sales-analytics-raw-aqib-test/lead_activities_raw/load_type=full/load_date=2026-06-14/lead_activities_raw_20260614_195839_part_00092.json,37359963,0db093bb2aa44ab0606a69f98a12bdba,"Sun, 14 Jun 2026 19:58:41 GMT"
s3://sales-analytics-raw-aqib-test/lead_activities_raw/load_type=full/load_date=2026-06-14/lead_activities_raw_20260614_195841_part_00093.json,37613886,f51cc81593c559f5639f9b155831b848,"Sun, 14 Jun 2026 19:58:42 GMT"
s3://sales-analytics-raw-aqib-test/lead_activities_raw/load_type=full/load_date=2026-06-14/lead_activities_raw_20260614_195842_part_00094.json,39871742,02d98617351517c7ec71eccb2e2ddbef,"Sun, 14 Jun 2026 19:58:44 GMT"
s3://sales-analytics-raw-aqib-test/lead_activities_raw/load_type=full/load_date=2026-06-14/lead_activities_raw_20260614_195844_part_00095.json,44560621,d70e0ff3bab36503281645408d17284b,"Sun, 14 Jun 2026 19:58:46 GMT"
s3://sales-analytics-raw-aqib-test/lead_activities_raw/load_type=full/load_date=2026-06-14/lead_activities_raw_20260614_195846_part_00096.json,44033245,3f25c484f04cc7942c6068831763ea8f,"Sun, 14 Jun 2026 19:58:48 GMT"
s3://sales-analytics-raw-aqib-test/lead_activities_raw/load_type=full/load_date=2026-06-14/lead_activities_raw_20260614_195848_part_00097.json,45043162,160e6529dfef844ab7d373f7391216e6,"Sun, 14 Jun 2026 19:58:49 GMT"
s3://sales-analytics-raw-aqib-test/lead_activities_raw/load_type=full/load_date=2026-06-14/lead_activities_raw_20260614_195850_part_00098.json,46715382,d338aced7fbb305af2f840b984f9c6ad,"Sun, 14 Jun 2026 19:58:51 GMT"
s3://sales-analytics-raw-aqib-test/lead_activities_raw/load_type=full/load_date=2026-06-14/lead_activities_raw_20260614_195852_part_00099.json,42851716,2819ab871cc1de419936a681ee750fcd,"Sun, 14 Jun 2026 19:58:53 GMT"
s3://sales-analytics-raw-aqib-test/lead_activities_raw/load_type=full/load_date=2026-06-14/lead_activities_raw_20260614_195853_part_00100.json,41484688,d9197c6a0d952847df7129c27b03ff64,"Sun, 14 Jun 2026 19:58:55 GMT"
s3://sales-analytics-raw-aqib-test/lead_activities_raw/load_type=full/load_date=2026-06-14/lead_activities_raw_20260614_195855_part_00101.json,45340942,9b81a61e89d5238bc89f44c08bd805f3,"Sun, 14 Jun 2026 19:58:57 GMT"
s3://sales-analytics-raw-aqib-test/lead_activities_raw/load_type=full/load_date=2026-06-14/lead_activities_raw_20260614_195857_part_00102.json,42393366,e808b2da2eca5615f623699f26c9bfa0,"Sun, 14 Jun 2026 19:58:59 GMT"
s3://sales-analytics-raw-aqib-test/lead_activities_raw/load_type=full/load_date=2026-06-14/lead_activities_raw_20260614_195859_part_00103.json,45866003,3d89f232733897ccd34432c1a6bf12a9,"Sun, 14 Jun 2026 19:59:00 GMT"
s3://sales-analytics-raw-aqib-test/lead_activities_raw/load_type=full/load_date=2026-06-14/lead_activities_raw_20260614_195901_part_00104.json,38810548,693d0532d5fac92149af90b63172d018,"Sun, 14 Jun 2026 19:59:02 GMT"
s3://sales-analytics-raw-aqib-test/lead_activities_raw/load_type=full/load_date=2026-06-14/lead_activities_raw_20260614_195902_part_00105.json,41339483,8ad0890715e2af81bdd0f2d6e0978d60,"Sun, 14 Jun 2026 19:59:04 GMT"
s3://sales-analytics-raw-aqib-test/lead_activities_raw/load_type=full/load_date=2026-06-14/lead_activities_raw_20260614_195904_part_00106.json,39990422,bb7db814406beac5772d69ff48b22f03,"Sun, 14 Jun 2026 19:59:06 GMT"
s3://sales-analytics-raw-aqib-test/lead_activities_raw/load_type=full/load_date=2026-06-14/lead_activities_raw_20260614_195906_part_00107.json,38741575,ea75f1357caa48fa15cef25f518a1449,"Sun, 14 Jun 2026 19:59:07 GMT"
s3://sales-analytics-raw-aqib-test/lead_activities_raw/load_type=full/load_date=2026-06-14/lead_activities_raw_20260614_195907_part_00108.json,41346255,d7e9d790632f869fe0881da5cbffe334,"Sun, 14 Jun 2026 19:59:09 GMT"
s3://sales-analytics-raw-aqib-test/lead_activities_raw/load_type=full/load_date=2026-06-14/lead_activities_raw_20260614_195909_part_00109.json,40360043,f288973fe9aeb86f7c9bf80c4bd89551,"Sun, 14 Jun 2026 19:59:11 GMT"
s3://sales-analytics-raw-aqib-test/lead_activities_raw/load_type=full/load_date=2026-06-14/lead_activities_raw_20260614_195911_part_00110.json,41859504,6e7f24f3b6c1b1acda27e76694cf258e,"Sun, 14 Jun 2026 19:59:12 GMT"
s3://sales-analytics-raw-aqib-test/lead_activities_raw/load_type=full/load_date=2026-06-14/lead_activities_raw_20260614_195913_part_00111.json,46030267,abdc0987fe873b25111f7e880da9d7cb,"Sun, 14 Jun 2026 19:59:14 GMT"
s3://sales-analytics-raw-aqib-test/lead_activities_raw/load_type=full/load_date=2026-06-14/lead_activities_raw_20260614_195915_part_00112.json,43795399,1c86d6d2ce5434544f7540e778fd6a34,"Sun, 14 Jun 2026 19:59:16 GMT"
s3://sales-analytics-raw-aqib-test/lead_activities_raw/load_type=full/load_date=2026-06-14/lead_activities_raw_20260614_195917_part_00113.json,43430205,2c79be98136e38606d4417571b057758,"Sun, 14 Jun 2026 19:59:18 GMT"
s3://sales-analytics-raw-aqib-test/lead_activities_raw/load_type=full/load_date=2026-06-14/lead_activities_raw_20260614_195919_part_00114.json,46031486,5084749a80f305b45fc513da850b0f52,"Sun, 14 Jun 2026 19:59:20 GMT"
s3://sales-analytics-raw-aqib-test/lead_activities_raw/load_type=full/load_date=2026-06-14/lead_activities_raw_20260614_195920_part_00115.json,43298488,7928b253fc9c571075b28f36ece9c587,"Sun, 14 Jun 2026 19:59:22 GMT"
s3://sales-analytics-raw-aqib-test/lead_activities_raw/load_type=full/load_date=2026-06-14/lead_activities_raw_20260614_195922_part_00116.json,49223641,23f47e2305d7f1918f306891470e4992,"Sun, 14 Jun 2026 19:59:24 GMT"
s3://sales-analytics-raw-aqib-test/lead_activities_raw/load_type=full/load_date=2026-06-14/lead_activities_raw_20260614_195925_part_00117.json,46107817,2019bc6751b3f0a8e4aa7ab15be7e7fd,"Sun, 14 Jun 2026 19:59:26 GMT"
s3://sales-analytics-raw-aqib-test/lead_activities_raw/load_type=full/load_date=2026-06-14/lead_activities_raw_20260614_195926_part_00118.json,42541107,48e9ca541dcc29db2783fcf5c262a0be,"Sun, 14 Jun 2026 19:59:28 GMT"
s3://sales-analytics-raw-aqib-test/lead_activities_raw/load_type=full/load_date=2026-06-14/lead_activities_raw_20260614_195928_part_00119.json,44040728,54b37df46817e43c60b5bfe886038afc,"Sun, 14 Jun 2026 19:59:30 GMT"
s3://sales-analytics-raw-aqib-test/lead_activities_raw/load_type=full/load_date=2026-06-14/lead_activities_raw_20260614_195930_part_00120.json,46468078,07589f74aa05045b5582ced408d2ac36,"Sun, 14 Jun 2026 19:59:32 GMT"
s3://sales-analytics-raw-aqib-test/lead_activities_raw/load_type=full/load_date=2026-06-14/lead_activities_raw_20260614_195932_part_00121.json,45355298,63c5d011c454a49c97060f4235438b93,"Sun, 14 Jun 2026 19:59:34 GMT"
s3://sales-analytics-raw-aqib-test/lead_activities_raw/load_type=full/load_date=2026-06-14/lead_activities_raw_20260614_195934_part_00122.json,47048959,c1cf74a77402006613829b950e3ae7c5,"Sun, 14 Jun 2026 19:59:35 GMT"
s3://sales-analytics-raw-aqib-test/lead_activities_raw/load_type=full/load_date=2026-06-14/lead_activities_raw_20260614_195936_part_00123.json,44590344,f67e85b347db6f752083abf5979a8cea,"Sun, 14 Jun 2026 19:59:37 GMT"
s3://sales-analytics-raw-aqib-test/lead_activities_raw/load_type=full/load_date=2026-06-14/lead_activities_raw_20260614_195938_part_00124.json,42559722,0b96ed2b700df5bedfefdd85e9aa2a6e,"Sun, 14 Jun 2026 19:59:39 GMT"
s3://sales-analytics-raw-aqib-test/lead_activities_raw/load_type=full/load_date=2026-06-14/lead_activities_raw_20260614_195940_part_00125.json,46426674,780c92783f717c8731216002d4a7d796,"Sun, 14 Jun 2026 19:59:41 GMT"
s3://sales-analytics-raw-aqib-test/lead_activities_raw/load_type=full/load_date=2026-06-14/lead_activities_raw_20260614_195942_part_00126.json,48835853,e773c31c58d0e4573566553f52cdfd5f,"Sun, 14 Jun 2026 19:59:43 GMT"
s3://sales-analytics-raw-aqib-test/lead_activities_raw/load_type=full/load_date=2026-06-14/lead_activities_raw_20260614_195944_part_00127.json,42112347,53620be0c6a9d3c88bec0e464a94955f,"Sun, 14 Jun 2026 19:59:45 GMT"
s3://sales-analytics-raw-aqib-test/lead_activities_raw/load_type=full/load_date=2026-06-14/lead_activities_raw_20260614_195946_part_00128.json,47181311,0846a38d3458a9d13157b9f2524169b0,"Sun, 14 Jun 2026 19:59:47 GMT"
s3://sales-analytics-raw-aqib-test/lead_activities_raw/load_type=full/load_date=2026-06-14/lead_activities_raw_20260614_195948_part_00129.json,44494767,816edeaea2fcfe53b44d16a752776a55,"Sun, 14 Jun 2026 19:59:49 GMT"
s3://sales-analytics-raw-aqib-test/lead_activities_raw/load_type=full/load_date=2026-06-14/lead_activities_raw_20260614_195949_part_00130.json,46122023,c1cb2b3568630e655461b3948becc0d5,"Sun, 14 Jun 2026 19:59:51 GMT"
s3://sales-analytics-raw-aqib-test/lead_activities_raw/load_type=full/load_date=2026-06-14/lead_activities_raw_20260614_195951_part_00131.json,43740888,e87a01072f03a193ef8c5b9586a166b6,"Sun, 14 Jun 2026 19:59:53 GMT"
s3://sales-analytics-raw-aqib-test/lead_activities_raw/load_type=full/load_date=2026-06-14/lead_activities_raw_20260614_195953_part_00132.json,46760022,5b13743d07dd5cd0eb15a40bd911873a,"Sun, 14 Jun 2026 19:59:55 GMT"
s3://sales-analytics-raw-aqib-test/lead_activities_raw/load_type=full/load_date=2026-06-14/lead_activities_raw_20260614_195955_part_00133.json,45396639,e48ab26226fe15302ce89d697f2d1a1c,"Sun, 14 Jun 2026 19:59:57 GMT"
s3://sales-analytics-raw-aqib-test/lead_activities_raw/load_type=full/load_date=2026-06-14/lead_activities_raw_20260614_195957_part_00134.json,51719022,c6e5e225cf7fdab1d0f398a1616f0140,"Sun, 14 Jun 2026 19:59:59 GMT"
s3://sales-analytics-raw-aqib-test/lead_activities_raw/load_type=full/load_date=2026-06-14/lead_activities_raw_20260614_195959_part_00135.json,46554276,de3f078504f8f2aa3885ad35f51c939f,"Sun, 14 Jun 2026 20:00:01 GMT"
s3://sales-analytics-raw-aqib-test/lead_activities_raw/load_type=full/load_date=2026-06-14/lead_activities_raw_20260614_200001_part_00136.json,45720368,36bc9aa857abf97aa14b14a9ed948062,"Sun, 14 Jun 2026 20:00:03 GMT"
s3://sales-analytics-raw-aqib-test/lead_activities_raw/load_type=full/load_date=2026-06-14/lead_activities_raw_20260614_200003_part_00137.json,46780841,acb22ab798d8f06fad544db5f070c194,"Sun, 14 Jun 2026 20:00:05 GMT"
s3://sales-analytics-raw-aqib-test/lead_activities_raw/load_type=full/load_date=2026-06-14/lead_activities_raw_20260614_200005_part_00138.json,46996517,2c5d9d8388220bab7f509b5b3f6411a4,"Sun, 14 Jun 2026 20:00:07 GMT"
s3://sales-analytics-raw-aqib-test/lead_activities_raw/load_type=full/load_date=2026-06-14/lead_activities_raw_20260614_200007_part_00139.json,48491540,b34585749acd40d2e8648f06efbe1448,"Sun, 14 Jun 2026 20:00:09 GMT"
s3://sales-analytics-raw-aqib-test/lead_activities_raw/load_type=full/load_date=2026-06-14/lead_activities_raw_20260614_200009_part_00140.json,47234255,c4ff37469b02d2dbb5a4119ee75475fd,"Sun, 14 Jun 2026 20:00:11 GMT"
s3://sales-analytics-raw-aqib-test/lead_activities_raw/load_type=full/load_date=2026-06-14/lead_activities_raw_20260614_200011_part_00141.json,45202976,1279526cd3d799017409b6503c5cafc8,"Sun, 14 Jun 2026 20:00:13 GMT"
s3://sales-analytics-raw-aqib-test/lead_activities_raw/load_type=full/load_date=2026-06-14/lead_activities_raw_20260614_200013_part_00142.json,39032528,69b01b8148d3cc2da6b208f5c33b50e1,"Sun, 14 Jun 2026 20:00:15 GMT"
s3://sales-analytics-raw-aqib-test/lead_activities_raw/load_type=full/load_date=2026-06-14/lead_activities_raw_20260614_200015_part_00143.json,41511821,6748dff2485b0dcee68dcb9f1004df2c,"Sun, 14 Jun 2026 20:00:16 GMT"
s3://sales-analytics-raw-aqib-test/lead_activities_raw/load_type=full/load_date=2026-06-14/lead_activities_raw_20260614_200017_part_00144.json,40178870,8359f73a04d4af1af503b5bdc6aeacae,"Sun, 14 Jun 2026 20:00:18 GMT"
s3://sales-analytics-raw-aqib-test/lead_activities_raw/load_type=full/load_date=2026-06-14/lead_activities_raw_20260614_200018_part_00145.json,39108761,6756550203ce44eafec17906fdcb9cc7,"Sun, 14 Jun 2026 20:00:20 GMT"
s3://sales-analytics-raw-aqib-test/lead_activities_raw/load_type=full/load_date=2026-06-14/lead_activities_raw_20260614_200020_part_00146.json,40379511,d0e75c397c775afceca0c98364f1103a,"Sun, 14 Jun 2026 20:00:21 GMT"
s3://sales-analytics-raw-aqib-test/lead_activities_raw/load_type=full/load_date=2026-06-14/lead_activities_raw_20260614_200022_part_00147.json,38014649,9def0e1c6e1887770ca908077ac8826a,"Sun, 14 Jun 2026 20:00:23 GMT"
s3://sales-analytics-raw-aqib-test/lead_activities_raw/load_type=full/load_date=2026-06-14/lead_activities_raw_20260614_200023_part_00148.json,41906324,595682952922382d60d3038d31282a90,"Sun, 14 Jun 2026 20:00:25 GMT"
s3://sales-analytics-raw-aqib-test/lead_activities_raw/load_type=full/load_date=2026-06-14/lead_activities_raw_20260614_200025_part_00149.json,35506028,51ce2a8398c9115c701cdc349a6e6627,"Sun, 14 Jun 2026 20:00:26 GMT"
s3://sales-analytics-raw-aqib-test/lead_activities_raw/load_type=full/load_date=2026-06-14/lead_activities_raw_20260614_200027_part_00150.json,42117131,9124b88e6ecd471ee85297a2006de355,"Sun, 14 Jun 2026 20:00:28 GMT"
s3://sales-analytics-raw-aqib-test/lead_activities_raw/load_type=full/load_date=2026-06-14/lead_activities_raw_20260614_200028_part_00151.json,39657401,5ca8da11f929790c694b8d0163506c2e,"Sun, 14 Jun 2026 20:00:30 GMT"
s3://sales-analytics-raw-aqib-test/lead_activities_raw/load_type=full/load_date=2026-06-14/lead_activities_raw_20260614_200030_part_00152.json,40758575,619d6ceba1b8402861f9a0be1296ec30,"Sun, 14 Jun 2026 20:00:31 GMT"
s3://sales-analytics-raw-aqib-test/lead_activities_raw/load_type=full/load_date=2026-06-14/lead_activities_raw_20260614_200032_part_00153.json,42779693,cd1b081126638e97b8ecd9124a3f5678,"Sun, 14 Jun 2026 20:00:33 GMT"
s3://sales-analytics-raw-aqib-test/lead_activities_raw/load_type=full/load_date=2026-06-14/lead_activities_raw_20260614_200034_part_00154.json,48115879,1a101ec889d32e9f593d123164984d9c,"Sun, 14 Jun 2026 20:00:35 GMT"
s3://sales-analytics-raw-aqib-test/lead_activities_raw/load_type=full/load_date=2026-06-14/lead_activities_raw_20260614_200036_part_00155.json,45810415,5d4996d36116d5211464874e953e16dc,"Sun, 14 Jun 2026 20:00:37 GMT"
s3://sales-analytics-raw-aqib-test/lead_activities_raw/load_type=full/load_date=2026-06-14/lead_activities_raw_20260614_200038_part_00156.json,43790344,435444d766f9caadd69ab2663168d06a,"Sun, 14 Jun 2026 20:00:39 GMT"
s3://sales-analytics-raw-aqib-test/lead_activities_raw/load_type=full/load_date=2026-06-14/lead_activities_raw_20260614_200040_part_00157.json,48720884,1452d873041839ec4faece288312b8e7,"Sun, 14 Jun 2026 20:00:41 GMT"
s3://sales-analytics-raw-aqib-test/lead_activities_raw/load_type=full/load_date=2026-06-14/lead_activities_raw_20260614_200042_part_00158.json,48604349,04b20bc119f1b06b24c85e898c93d665,"Sun, 14 Jun 2026 20:00:43 GMT"
s3://sales-analytics-raw-aqib-test/lead_activities_raw/load_type=full/load_date=2026-06-14/lead_activities_raw_20260614_200044_part_00159.json,54173915,c2b197568ef060399a1f99674b8ede0b,"Sun, 14 Jun 2026 20:00:45 GMT"
s3://sales-analytics-raw-aqib-test/lead_activities_raw/load_type=full/load_date=2026-06-14/lead_activities_raw_20260614_200046_part_00160.json,52689388,b8a4e8bff610f070c77d17aa0b7a226d,"Sun, 14 Jun 2026 20:00:48 GMT"
s3://sales-analytics-raw-aqib-test/lead_activities_raw/load_type=full/load_date=2026-06-14/lead_activities_raw_20260614_200048_part_00161.json,48140066,b24e631a62c40621e4aaaecf78a99d14,"Sun, 14 Jun 2026 20:00:50 GMT"
s3://sales-analytics-raw-aqib-test/lead_activities_raw/load_type=full/load_date=2026-06-14/lead_activities_raw_20260614_200050_part_00162.json,47439292,bbe7f5e6aaba2b386ca97d828fa12e5c,"Sun, 14 Jun 2026 20:00:52 GMT"
s3://sales-analytics-raw-aqib-test/lead_activities_raw/load_type=full/load_date=2026-06-14/lead_activities_raw_20260614_200053_part_00163.json,50658248,6873fcff5e50db1dcc6832d7407e9dc7,"Sun, 14 Jun 2026 20:00:54 GMT"
s3://sales-analytics-raw-aqib-test/lead_activities_raw/load_type=full/load_date=2026-06-14/lead_activities_raw_20260614_200055_part_00164.json,53200445,74f19947651addd57f917cb1cc85f6d4,"Sun, 14 Jun 2026 20:00:57 GMT"
s3://sales-analytics-raw-aqib-test/lead_activities_raw/load_type=full/load_date=2026-06-14/lead_activities_raw_20260614_200057_part_00165.json,46564975,d6db1a5c8e89982d9d6a6bd89b810993,"Sun, 14 Jun 2026 20:00:59 GMT"
s3://sales-analytics-raw-aqib-test/lead_activities_raw/load_type=full/load_date=2026-06-14/lead_activities_raw_20260614_200059_part_00166.json,51753470,10dafe69ae7fe2ec817a76f854ceee53,"Sun, 14 Jun 2026 20:01:01 GMT"
s3://sales-analytics-raw-aqib-test/lead_activities_raw/load_type=full/load_date=2026-06-14/lead_activities_raw_20260614_200101_part_00167.json,45558944,e48020214d714501515553861b5618ac,"Sun, 14 Jun 2026 20:01:03 GMT"
s3://sales-analytics-raw-aqib-test/lead_activities_raw/load_type=full/load_date=2026-06-14/lead_activities_raw_20260614_200103_part_00168.json,43994661,4ff4a61f94867966eb93d85e3fd0c000,"Sun, 14 Jun 2026 20:01:05 GMT"
s3://sales-analytics-raw-aqib-test/lead_activities_raw/load_type=full/load_date=2026-06-14/lead_activities_raw_20260614_200105_part_00169.json,44619432,d1315d80435e521a7fd6104c09584990,"Sun, 14 Jun 2026 20:01:07 GMT"
s3://sales-analytics-raw-aqib-test/lead_activities_raw/load_type=full/load_date=2026-06-14/lead_activities_raw_20260614_200107_part_00170.json,44789188,7ec217df98615337bc744c49b2214f80,"Sun, 14 Jun 2026 20:01:08 GMT"
s3://sales-analytics-raw-aqib-test/lead_activities_raw/load_type=full/load_date=2026-06-14/lead_activities_raw_20260614_200109_part_00171.json,45193278,c1486ec8910c0dadad4c16b16fbcab5b,"Sun, 14 Jun 2026 20:01:10 GMT"
s3://sales-analytics-raw-aqib-test/lead_activities_raw/load_type=full/load_date=2026-06-14/lead_activities_raw_20260614_200111_part_00172.json,46094950,22474cb41ebffa0017bcef7e7fe431a4,"Sun, 14 Jun 2026 20:01:12 GMT"
s3://sales-analytics-raw-aqib-test/lead_activities_raw/load_type=full/load_date=2026-06-14/lead_activities_raw_20260614_200113_part_00173.json,45377554,363e119c80ecf19603e81530c91b0c8d,"Sun, 14 Jun 2026 20:01:14 GMT"
s3://sales-analytics-raw-aqib-test/lead_activities_raw/load_type=full/load_date=2026-06-14/lead_activities_raw_20260614_200114_part_00174.json,36602041,f91a8f13db9aed3609e1223de5049449,"Sun, 14 Jun 2026 20:01:16 GMT"
s3://sales-analytics-raw-aqib-test/lead_activities_raw/load_type=full/load_date=2026-06-14/lead_activities_raw_20260614_200116_part_00175.json,38661113,9cc43ee003f179f1b5f8de2dc026cf24,"Sun, 14 Jun 2026 20:01:18 GMT"
s3://sales-analytics-raw-aqib-test/lead_activities_raw/load_type=full/load_date=2026-06-14/lead_activities_raw_20260614_200118_part_00176.json,37556532,d99ae019882b7318b9332a0910f1cd79,"Sun, 14 Jun 2026 20:01:19 GMT"
s3://sales-analytics-raw-aqib-test/lead_activities_raw/load_type=full/load_date=2026-06-14/lead_activities_raw_20260614_200119_part_00177.json,42205195,effb0df038ae67589c4f3aec862893ae,"Sun, 14 Jun 2026 20:01:21 GMT"
s3://sales-analytics-raw-aqib-test/lead_activities_raw/load_type=full/load_date=2026-06-14/lead_activities_raw_20260614_200121_part_00178.json,38107470,581478a298c6c79e1217d75056d7917d,"Sun, 14 Jun 2026 20:01:22 GMT"
s3://sales-analytics-raw-aqib-test/lead_activities_raw/load_type=full/load_date=2026-06-14/lead_activities_raw_20260614_200123_part_00179.json,39538955,63af9b73de95ffae65cb214d1fa23df7,"Sun, 14 Jun 2026 20:01:24 GMT"
s3://sales-analytics-raw-aqib-test/lead_activities_raw/load_type=full/load_date=2026-06-14/lead_activities_raw_20260614_200124_part_00180.json,39345426,130163b5dea13bb5fad9fcc5b053aec9,"Sun, 14 Jun 2026 20:01:26 GMT"
s3://sales-analytics-raw-aqib-test/lead_activities_raw/load_type=full/load_date=2026-06-14/lead_activities_raw_20260614_200126_part_00181.json,39265674,5d5e0477631c464ac9454d155edfa7d1,"Sun, 14 Jun 2026 20:01:28 GMT"
s3://sales-analytics-raw-aqib-test/lead_activities_raw/load_type=full/load_date=2026-06-14/lead_activities_raw_20260614_200128_part_00182.json,38354800,bd40aa15d8c09fe706fcbf008bd2df97,"Sun, 14 Jun 2026 20:01:29 GMT"
s3://sales-analytics-raw-aqib-test/lead_activities_raw/load_type=full/load_date=2026-06-14/lead_activities_raw_20260614_200129_part_00183.json,37312295,2e0a9eb6f6fc39d6458e89a3449569fb,"Sun, 14 Jun 2026 20:01:31 GMT"
s3://sales-analytics-raw-aqib-test/lead_activities_raw/load_type=full/load_date=2026-06-14/lead_activities_raw_20260614_200131_part_00184.json,41977584,59e14b276342b88cf059c7f951a2b6de,"Sun, 14 Jun 2026 20:01:32 GMT"
s3://sales-analytics-raw-aqib-test/lead_activities_raw/load_type=full/load_date=2026-06-14/lead_activities_raw_20260614_200133_part_00185.json,38689297,010316c8b26fc7dfdb1ea956b5ba94ff,"Sun, 14 Jun 2026 20:01:34 GMT"
s3://sales-analytics-raw-aqib-test/lead_activities_raw/load_type=full/load_date=2026-06-14/lead_activities_raw_20260614_200134_part_00186.json,40427056,92f5e4ac1f3168e4c136cb76d76b78d8,"Sun, 14 Jun 2026 20:01:36 GMT"
s3://sales-analytics-raw-aqib-test/lead_activities_raw/load_type=full/load_date=2026-06-14/lead_activities_raw_20260614_200136_part_00187.json,41380438,a56d9aac1d73d8acd6550c53852f0556,"Sun, 14 Jun 2026 20:01:38 GMT"
s3://sales-analytics-raw-aqib-test/lead_activities_raw/load_type=full/load_date=2026-06-14/lead_activities_raw_20260614_200138_part_00188.json,43655985,1e9f6b02fb046ffd0ec872f54c4a03e0,"Sun, 14 Jun 2026 20:01:40 GMT"
s3://sales-analytics-raw-aqib-test/lead_activities_raw/load_type=full/load_date=2026-06-14/lead_activities_raw_20260614_200140_part_00189.json,40894860,79114c102939c4227c84a2a849322c18,"Sun, 14 Jun 2026 20:01:41 GMT"
s3://sales-analytics-raw-aqib-test/lead_activities_raw/load_type=full/load_date=2026-06-14/lead_activities_raw_20260614_200141_part_00190.json,41979338,74205d38dbe7a91ca7ebc370e475ff1f,"Sun, 14 Jun 2026 20:01:43 GMT"
s3://sales-analytics-raw-aqib-test/lead_activities_raw/load_type=full/load_date=2026-06-14/lead_activities_raw_20260614_200143_part_00191.json,42421802,86561a2b29793ceb36ae5ca70865b378,"Sun, 14 Jun 2026 20:01:45 GMT"
s3://sales-analytics-raw-aqib-test/lead_activities_raw/load_type=full/load_date=2026-06-14/lead_activities_raw_20260614_200145_part_00192.json,39680959,5ad0ccce835afeb2f01d08f376086816,"Sun, 14 Jun 2026 20:01:46 GMT"
s3://sales-analytics-raw-aqib-test/lead_activities_raw/load_type=full/load_date=2026-06-14/lead_activities_raw_20260614_200147_part_00193.json,40593020,9ac79e632f35130c4c03fd524bc1c52e,"Sun, 14 Jun 2026 20:01:48 GMT"
s3://sales-analytics-raw-aqib-test/lead_activities_raw/load_type=full/load_date=2026-06-14/lead_activities_raw_20260614_200148_part_00194.json,43396125,c268185999e6d6bcf6a76d681fcd7429,"Sun, 14 Jun 2026 20:01:50 GMT"
s3://sales-analytics-raw-aqib-test/lead_activities_raw/load_type=full/load_date=2026-06-14/lead_activities_raw_20260614_200150_part_00195.json,39033233,97dfa295d2bea6aa38f9f6a678e97b77,"Sun, 14 Jun 2026 20:01:51 GMT"
s3://sales-analytics-raw-aqib-test/lead_activities_raw/load_type=full/load_date=2026-06-14/lead_activities_raw_20260614_200152_part_00196.json,40619823,cf75802ec9c9c58191d10497d0097629,"Sun, 14 Jun 2026 20:01:53 GMT"
s3://sales-analytics-raw-aqib-test/lead_activities_raw/load_type=full/load_date=2026-06-14/lead_activities_raw_20260614_200153_part_00197.json,41175220,62dbf4040786728f5555dbdd5b51aa68,"Sun, 14 Jun 2026 20:01:55 GMT"
s3://sales-analytics-raw-aqib-test/lead_activities_raw/load_type=full/load_date=2026-06-14/lead_activities_raw_20260614_200155_part_00198.json,39953756,4f25cc1894b7ec37820227651e8ef7c6,"Sun, 14 Jun 2026 20:01:56 GMT"
s3://sales-analytics-raw-aqib-test/lead_activities_raw/load_type=full/load_date=2026-06-14/lead_activities_raw_20260614_200157_part_00199.json,41854608,cb7a65df5ee295bb85485e41f82980e4,"Sun, 14 Jun 2026 20:01:58 GMT"
s3://sales-analytics-raw-aqib-test/lead_activities_raw/load_type=full/load_date=2026-06-14/lead_activities_raw_20260614_200159_part_00200.json,43255740,7816f23045b6f89a2d9b249169c4bdf3,"Sun, 14 Jun 2026 20:02:00 GMT"
s3://sales-analytics-raw-aqib-test/lead_activities_raw/load_type=full/load_date=2026-06-14/lead_activities_raw_20260614_200200_part_00201.json,44114924,b546153060f296d5f01595fde0fea094,"Sun, 14 Jun 2026 20:02:02 GMT"
s3://sales-analytics-raw-aqib-test/lead_activities_raw/load_type=full/load_date=2026-06-14/lead_activities_raw_20260614_200202_part_00202.json,43621724,1d0deb5e51a6ff1cfe53cab1780b790e,"Sun, 14 Jun 2026 20:02:04 GMT"
s3://sales-analytics-raw-aqib-test/lead_activities_raw/load_type=full/load_date=2026-06-14/lead_activities_raw_20260614_200204_part_00203.json,43459980,6d2018ff9b13fe831133195f35d10021,"Sun, 14 Jun 2026 20:02:06 GMT"
s3://sales-analytics-raw-aqib-test/lead_activities_raw/load_type=full/load_date=2026-06-14/lead_activities_raw_20260614_200206_part_00204.json,42862588,4c299632fac2b6213d4cdd7c037949ab,"Sun, 14 Jun 2026 20:02:08 GMT"
s3://sales-analytics-raw-aqib-test/lead_activities_raw/load_type=full/load_date=2026-06-14/lead_activities_raw_20260614_200208_part_00205.json,40985563,047be4a572c3355ee50eb8571933efca,"Sun, 14 Jun 2026 20:02:09 GMT"
s3://sales-analytics-raw-aqib-test/lead_activities_raw/load_type=full/load_date=2026-06-14/lead_activities_raw_20260614_200210_part_00206.json,42730511,fe5b905b7e05149390912f310bce7b98,"Sun, 14 Jun 2026 20:02:11 GMT"
s3://sales-analytics-raw-aqib-test/lead_activities_raw/load_type=full/load_date=2026-06-14/lead_activities_raw_20260614_200212_part_00207.json,43943792,5eb8b73c2aa36d5f0d2fffca3f7123e0,"Sun, 14 Jun 2026 20:02:13 GMT"
s3://sales-analytics-raw-aqib-test/lead_activities_raw/load_type=full/load_date=2026-06-14/lead_activities_raw_20260614_200213_part_00208.json,40901225,9b8bc3334f9c5d868fb6dc2e9454ce5e,"Sun, 14 Jun 2026 20:02:15 GMT"
s3://sales-analytics-raw-aqib-test/lead_activities_raw/load_type=full/load_date=2026-06-14/lead_activities_raw_20260614_200215_part_00209.json,43655015,c6f1c5d95039dbf4dee71d001b008940,"Sun, 14 Jun 2026 20:02:17 GMT"
s3://sales-analytics-raw-aqib-test/lead_activities_raw/load_type=full/load_date=2026-06-14/lead_activities_raw_20260614_200217_part_00210.json,43293893,ffd184e59bffc9c7793c9b149715cad5,"Sun, 14 Jun 2026 20:02:19 GMT"
s3://sales-analytics-raw-aqib-test/lead_activities_raw/load_type=full/load_date=2026-06-14/lead_activities_raw_20260614_200219_part_00211.json,48376299,9656f5e46f2f5367c8b784f923d72ab8,"Sun, 14 Jun 2026 20:02:20 GMT"
s3://sales-analytics-raw-aqib-test/lead_activities_raw/load_type=full/load_date=2026-06-14/lead_activities_raw_20260614_200221_part_00212.json,49526461,3220d1680377cbc95ec20de1bdd9374a,"Sun, 14 Jun 2026 20:02:23 GMT"
s3://sales-analytics-raw-aqib-test/lead_activities_raw/load_type=full/load_date=2026-06-14/lead_activities_raw_20260614_200223_part_00213.json,44273819,97540e93011a71a0d8ae261a4547e777,"Sun, 14 Jun 2026 20:02:25 GMT"
s3://sales-analytics-raw-aqib-test/lead_activities_raw/load_type=full/load_date=2026-06-14/lead_activities_raw_20260614_200225_part_00214.json,43318392,3e2f447a06e2182f1cadda36240f78a0,"Sun, 14 Jun 2026 20:02:26 GMT"
s3://sales-analytics-raw-aqib-test/lead_activities_raw/load_type=full/load_date=2026-06-14/lead_activities_raw_20260614_200227_part_00215.json,45547854,717ce6c09f4d28eb33c9bcd37d2b67a6,"Sun, 14 Jun 2026 20:02:28 GMT"
s3://sales-analytics-raw-aqib-test/lead_activities_raw/load_type=full/load_date=2026-06-14/lead_activities_raw_20260614_200229_part_00216.json,50446273,993ac1524d5e055ff7470db0258b85fb,"Sun, 14 Jun 2026 20:02:30 GMT"
s3://sales-analytics-raw-aqib-test/lead_activities_raw/load_type=full/load_date=2026-06-14/lead_activities_raw_20260614_200231_part_00217.json,44608381,41a4a1ebef5dab9b4fa84c3bef12584b,"Sun, 14 Jun 2026 20:02:32 GMT"
s3://sales-analytics-raw-aqib-test/lead_activities_raw/load_type=full/load_date=2026-06-14/lead_activities_raw_20260614_200233_part_00218.json,44127258,755f86f5a343c8fd96d0bb4ae4a50976,"Sun, 14 Jun 2026 20:02:34 GMT"
s3://sales-analytics-raw-aqib-test/lead_activities_raw/load_type=full/load_date=2026-06-14/lead_activities_raw_20260614_200235_part_00219.json,50321671,2bab6fe22840b72d24dca424be1052f6,"Sun, 14 Jun 2026 20:02:36 GMT"
s3://sales-analytics-raw-aqib-test/lead_activities_raw/load_type=full/load_date=2026-06-14/lead_activities_raw_20260614_200237_part_00220.json,57315787,44353b7e1440630d8b65d12bb4790f1e,"Sun, 14 Jun 2026 20:02:39 GMT"
s3://sales-analytics-raw-aqib-test/lead_activities_raw/load_type=full/load_date=2026-06-14/lead_activities_raw_20260614_200240_part_00221.json,52347404,b2be6c74b1f87617d453b06ba80786ae,"Sun, 14 Jun 2026 20:02:41 GMT"
s3://sales-analytics-raw-aqib-test/lead_activities_raw/load_type=full/load_date=2026-06-14/lead_activities_raw_20260614_200242_part_00222.json,55577124,6d15b85d5896452f9f7db51bb9cfc51b,"Sun, 14 Jun 2026 20:02:44 GMT"
s3://sales-analytics-raw-aqib-test/lead_activities_raw/load_type=full/load_date=2026-06-14/lead_activities_raw_20260614_200244_part_00223.json,52332744,9b978278d44f57654befb5dc182e298a,"Sun, 14 Jun 2026 20:02:46 GMT"
s3://sales-analytics-raw-aqib-test/lead_activities_raw/load_type=full/load_date=2026-06-14/lead_activities_raw_20260614_200247_part_00224.json,54428894,c52ffafa9acdca179154b5afbe044487,"Sun, 14 Jun 2026 20:02:48 GMT"
s3://sales-analytics-raw-aqib-test/lead_activities_raw/load_type=full/load_date=2026-06-14/lead_activities_raw_20260614_200249_part_00225.json,52716790,ede85a68df0bebeb928026cb4d238fc3,"Sun, 14 Jun 2026 20:02:51 GMT"
s3://sales-analytics-raw-aqib-test/lead_activities_raw/load_type=full/load_date=2026-06-14/lead_activities_raw_20260614_200251_part_00226.json,40526614,ac92f6e7b7c3b920e81b9f96ecc2f190,"Sun, 14 Jun 2026 20:02:53 GMT"
s3://sales-analytics-raw-aqib-test/lead_activities_raw/load_type=full/load_date=2026-06-14/lead_activities_raw_20260614_200253_part_00227.json,42311869,b3f7856e841ff9e62efc69e7ed78fbde,"Sun, 14 Jun 2026 20:02:54 GMT"
s3://sales-analytics-raw-aqib-test/lead_activities_raw/load_type=full/load_date=2026-06-14/lead_activities_raw_20260614_200255_part_00228.json,40684133,1f9c67d3bf8185811345e40cbdb38f0b,"Sun, 14 Jun 2026 20:02:56 GMT"
s3://sales-analytics-raw-aqib-test/lead_activities_raw/load_type=full/load_date=2026-06-14/lead_activities_raw_20260614_200256_part_00229.json,41489677,139fc95cc67fdfb92b25b1e50a58f712,"Sun, 14 Jun 2026 20:02:58 GMT"
s3://sales-analytics-raw-aqib-test/lead_activities_raw/load_type=full/load_date=2026-06-14/lead_activities_raw_20260614_200258_part_00230.json,39108356,2f90b1c47c1ee12358038e892c8743c5,"Sun, 14 Jun 2026 20:03:00 GMT"
s3://sales-analytics-raw-aqib-test/lead_activities_raw/load_type=full/load_date=2026-06-14/lead_activities_raw_20260614_200300_part_00231.json,40497141,55d49c195c42d450840e8895f4c3e326,"Sun, 14 Jun 2026 20:03:01 GMT"
s3://sales-analytics-raw-aqib-test/lead_activities_raw/load_type=full/load_date=2026-06-14/lead_activities_raw_20260614_200302_part_00232.json,45692847,a7d4375bcfe8e126cc69604b72d94f3b,"Sun, 14 Jun 2026 20:03:03 GMT"
s3://sales-analytics-raw-aqib-test/lead_activities_raw/load_type=full/load_date=2026-06-14/lead_activities_raw_20260614_200304_part_00233.json,41982159,5b0952083c8bd73611efc5e64b380c54,"Sun, 14 Jun 2026 20:03:05 GMT"
s3://sales-analytics-raw-aqib-test/lead_activities_raw/load_type=full/load_date=2026-06-14/lead_activities_raw_20260614_200305_part_00234.json,44957025,b15256fa215b3a5ce62682fc3d43b7b5,"Sun, 14 Jun 2026 20:03:07 GMT"
s3://sales-analytics-raw-aqib-test/lead_activities_raw/load_type=full/load_date=2026-06-14/lead_activities_raw_20260614_200307_part_00235.json,44108654,e3435ed844eda43581fadddcbf685f39,"Sun, 14 Jun 2026 20:03:09 GMT"
s3://sales-analytics-raw-aqib-test/lead_activities_raw/load_type=full/load_date=2026-06-14/lead_activities_raw_20260614_200309_part_00236.json,45949499,9a30b212fae9e8e32b166f920f6cb535,"Sun, 14 Jun 2026 20:03:11 GMT"
s3://sales-analytics-raw-aqib-test/lead_activities_raw/load_type=full/load_date=2026-06-14/lead_activities_raw_20260614_200311_part_00237.json,46750582,856bd8e5a91a467ba65063db18eb7829,"Sun, 14 Jun 2026 20:03:13 GMT"
s3://sales-analytics-raw-aqib-test/lead_activities_raw/load_type=full/load_date=2026-06-14/lead_activities_raw_20260614_200313_part_00238.json,45688919,940b64dd682e41c0249a936c7b0bbbfe,"Sun, 14 Jun 2026 20:03:15 GMT"
s3://sales-analytics-raw-aqib-test/lead_activities_raw/load_type=full/load_date=2026-06-14/lead_activities_raw_20260614_200315_part_00239.json,48776016,14594be2f6a6572179728c3023bc188e,"Sun, 14 Jun 2026 20:03:17 GMT"
s3://sales-analytics-raw-aqib-test/lead_activities_raw/load_type=full/load_date=2026-06-14/lead_activities_raw_20260614_200318_part_00240.json,46031881,a767d701c2d98757d57f4af90d139fba,"Sun, 14 Jun 2026 20:03:19 GMT"
s3://sales-analytics-raw-aqib-test/lead_activities_raw/load_type=full/load_date=2026-06-14/lead_activities_raw_20260614_200320_part_00241.json,52939061,4ceef729b1b41b6effa0280fe2796f7b,"Sun, 14 Jun 2026 20:03:21 GMT"
s3://sales-analytics-raw-aqib-test/lead_activities_raw/load_type=full/load_date=2026-06-14/lead_activities_raw_20260614_200322_part_00242.json,46452399,d136b0d237c703c3da9b2e08bbfe8e61,"Sun, 14 Jun 2026 20:03:24 GMT"
s3://sales-analytics-raw-aqib-test/lead_activities_raw/load_type=full/load_date=2026-06-14/lead_activities_raw_20260614_200324_part_00243.json,45687651,646d5c78e6cabc38e8c7efc065f3fe21,"Sun, 14 Jun 2026 20:03:25 GMT"
s3://sales-analytics-raw-aqib-test/lead_activities_raw/load_type=full/load_date=2026-06-14/lead_activities_raw_20260614_200326_part_00244.json,41768704,9af98e6129f97a58fbc18370f292412b,"Sun, 14 Jun 2026 20:03:27 GMT"
s3://sales-analytics-raw-aqib-test/lead_activities_raw/load_type=full/load_date=2026-06-14/lead_activities_raw_20260614_200328_part_00245.json,42928035,6a4442f204d57cc8256e57f5985850c9,"Sun, 14 Jun 2026 20:03:29 GMT"
s3://sales-analytics-raw-aqib-test/lead_activities_raw/load_type=full/load_date=2026-06-14/lead_activities_raw_20260614_200330_part_00246.json,43783072,37079b1d735cb7b9c8655992c6b421b0,"Sun, 14 Jun 2026 20:03:31 GMT"
s3://sales-analytics-raw-aqib-test/lead_activities_raw/load_type=full/load_date=2026-06-14/lead_activities_raw_20260614_200331_part_00247.json,44001254,74b614bd92a8ee115af64952c3c2f6b7,"Sun, 14 Jun 2026 20:03:33 GMT"
s3://sales-analytics-raw-aqib-test/lead_activities_raw/load_type=full/load_date=2026-06-14/lead_activities_raw_20260614_200333_part_00248.json,41528904,7f0ef7edfe06fe8b87f1396c38666803,"Sun, 14 Jun 2026 20:03:35 GMT"
s3://sales-analytics-raw-aqib-test/lead_activities_raw/load_type=full/load_date=2026-06-14/lead_activities_raw_20260614_200335_part_00249.json,44508306,121d4f4206a78073fc2e74fd57fb1b24,"Sun, 14 Jun 2026 20:03:37 GMT"
s3://sales-analytics-raw-aqib-test/lead_activities_raw/load_type=full/load_date=2026-06-14/lead_activities_raw_20260614_200337_part_00250.json,47955237,7a816e9b51d7cdadd5f678793a31fa85,"Sun, 14 Jun 2026 20:03:39 GMT"
s3://sales-analytics-raw-aqib-test/lead_activities_raw/load_type=full/load_date=2026-06-14/lead_activities_raw_20260614_200339_part_00251.json,42291179,9780bd9dbeef2cf858e2844e4951334c,"Sun, 14 Jun 2026 20:03:40 GMT"
s3://sales-analytics-raw-aqib-test/lead_activities_raw/load_type=full/load_date=2026-06-14/lead_activities_raw_20260614_200341_part_00252.json,44061013,5e2621ce108600b3e151dcea61bbbea9,"Sun, 14 Jun 2026 20:03:42 GMT"
s3://sales-analytics-raw-aqib-test/lead_activities_raw/load_type=full/load_date=2026-06-14/lead_activities_raw_20260614_200343_part_00253.json,41532416,9e6ad1a08871b020d91d54c7780c9ec0,"Sun, 14 Jun 2026 20:03:44 GMT"
s3://sales-analytics-raw-aqib-test/lead_activities_raw/load_type=full/load_date=2026-06-14/lead_activities_raw_20260614_200344_part_00254.json,40103846,a65b53349e589b4db3ef1b884cf0b0bb,"Sun, 14 Jun 2026 20:03:46 GMT"
s3://sales-analytics-raw-aqib-test/lead_activities_raw/load_type=full/load_date=2026-06-14/lead_activities_raw_20260614_200346_part_00255.json,45449005,227c3c15bb85102240003abbf22b0ef7,"Sun, 14 Jun 2026 20:03:48 GMT"
s3://sales-analytics-raw-aqib-test/lead_activities_raw/load_type=full/load_date=2026-06-14/lead_activities_raw_20260614_200348_part_00256.json,39541253,40be4268fc00f9a1d29d9e3b5e74d15f,"Sun, 14 Jun 2026 20:03:50 GMT"
s3://sales-analytics-raw-aqib-test/lead_activities_raw/load_type=full/load_date=2026-06-14/lead_activities_raw_20260614_200350_part_00257.json,41119283,f3b1490b3f48038b3ecfdcc49e38441b,"Sun, 14 Jun 2026 20:03:51 GMT"
s3://sales-analytics-raw-aqib-test/lead_activities_raw/load_type=full/load_date=2026-06-14/lead_activities_raw_20260614_200352_part_00258.json,41217281,febc9d84e0a926eb956f9b5aba21b95b,"Sun, 14 Jun 2026 20:03:53 GMT"
s3://sales-analytics-raw-aqib-test/lead_activities_raw/load_type=full/load_date=2026-06-14/lead_activities_raw_20260614_200353_part_00259.json,39739347,91c5362490893b37e1ac8d0bf5b921e6,"Sun, 14 Jun 2026 20:03:55 GMT"
s3://sales-analytics-raw-aqib-test/lead_activities_raw/load_type=full/load_date=2026-06-14/lead_activities_raw_20260614_200355_part_00260.json,41714226,9fd104dd93d1954edcee7b6a4a42858a,"Sun, 14 Jun 2026 20:03:57 GMT"
s3://sales-analytics-raw-aqib-test/lead_activities_raw/load_type=full/load_date=2026-06-14/lead_activities_raw_20260614_200357_part_00261.json,40247221,835ad7361ef0e7dd6c4b581a56896752,"Sun, 14 Jun 2026 20:03:58 GMT"
s3://sales-analytics-raw-aqib-test/lead_activities_raw/load_type=full/load_date=2026-06-14/lead_activities_raw_20260614_200359_part_00262.json,40120380,517179908f041a7cd5f511096631db49,"Sun, 14 Jun 2026 20:04:00 GMT"
s3://sales-analytics-raw-aqib-test/lead_activities_raw/load_type=full/load_date=2026-06-14/lead_activities_raw_20260614_200400_part_00263.json,41415993,3835e5504534adcd96ba7dfbdbe2f0ae,"Sun, 14 Jun 2026 20:04:02 GMT"
s3://sales-analytics-raw-aqib-test/lead_activities_raw/load_type=full/load_date=2026-06-14/lead_activities_raw_20260614_200402_part_00264.json,42026565,6890c555ead9098ecaa6dbc1983b245f,"Sun, 14 Jun 2026 20:04:04 GMT"
s3://sales-analytics-raw-aqib-test/lead_activities_raw/load_type=full/load_date=2026-06-14/lead_activities_raw_20260614_200404_part_00265.json,42212637,0b1ef36274b2706c897f0ded31f7caf3,"Sun, 14 Jun 2026 20:04:05 GMT"
s3://sales-analytics-raw-aqib-test/lead_activities_raw/load_type=full/load_date=2026-06-14/lead_activities_raw_20260614_200406_part_00266.json,48123838,4789c6d0c3509ff4298fda54a02bc345,"Sun, 14 Jun 2026 20:04:07 GMT"
s3://sales-analytics-raw-aqib-test/lead_activities_raw/load_type=full/load_date=2026-06-14/lead_activities_raw_20260614_200408_part_00267.json,47531431,e23e2276753756ee2a7f3ae8b7a37a86,"Sun, 14 Jun 2026 20:04:09 GMT"
s3://sales-analytics-raw-aqib-test/lead_activities_raw/load_type=full/load_date=2026-06-14/lead_activities_raw_20260614_200410_part_00268.json,43403048,13e4d9bdfd58e09507d1add891059812,"Sun, 14 Jun 2026 20:04:11 GMT"
s3://sales-analytics-raw-aqib-test/lead_activities_raw/load_type=full/load_date=2026-06-14/lead_activities_raw_20260614_200412_part_00269.json,44528654,c1d3825294922692981d9f72d8158271,"Sun, 14 Jun 2026 20:04:13 GMT"
s3://sales-analytics-raw-aqib-test/lead_activities_raw/load_type=full/load_date=2026-06-14/lead_activities_raw_20260614_200414_part_00270.json,46279053,12f051ccfd503997cf88a6e33b35983a,"Sun, 14 Jun 2026 20:04:15 GMT"
s3://sales-analytics-raw-aqib-test/lead_activities_raw/load_type=full/load_date=2026-06-14/lead_activities_raw_20260614_200416_part_00271.json,49836410,f9bb14c685cb24791a8c0f6a64f6fe52,"Sun, 14 Jun 2026 20:04:17 GMT"
s3://sales-analytics-raw-aqib-test/lead_activities_raw/load_type=full/load_date=2026-06-14/lead_activities_raw_20260614_200418_part_00272.json,45695871,3a9f45ec49a3a7eaff5c3b376a6b973e,"Sun, 14 Jun 2026 20:04:19 GMT"
s3://sales-analytics-raw-aqib-test/lead_activities_raw/load_type=full/load_date=2026-06-14/lead_activities_raw_20260614_200420_part_00273.json,44734897,04c0301ab25122867c82f819aae96143,"Sun, 14 Jun 2026 20:04:21 GMT"
s3://sales-analytics-raw-aqib-test/lead_activities_raw/load_type=full/load_date=2026-06-14/lead_activities_raw_20260614_200422_part_00274.json,52636227,ae2102cd0d8a210cfa5e0451d2a27c5d,"Sun, 14 Jun 2026 20:04:24 GMT"
s3://sales-analytics-raw-aqib-test/lead_activities_raw/load_type=full/load_date=2026-06-14/lead_activities_raw_20260614_200424_part_00275.json,53859679,ea5a55721409c350bfb770c0e324cb56,"Sun, 14 Jun 2026 20:04:26 GMT"
s3://sales-analytics-raw-aqib-test/lead_activities_raw/load_type=full/load_date=2026-06-14/lead_activities_raw_20260614_200427_part_00276.json,55802389,f87d4c9d3a55b5d9b94a483ad2df1d59,"Sun, 14 Jun 2026 20:04:28 GMT"
s3://sales-analytics-raw-aqib-test/lead_activities_raw/load_type=full/load_date=2026-06-14/lead_activities_raw_20260614_200429_part_00277.json,34111673,2f5257834bc98196f2428f594bfea518,"Sun, 14 Jun 2026 20:04:30 GMT"
s3://sales-analytics-raw-aqib-test/lead_activities_raw/load_type=incremental/load_date=2026-06-18/lead_activities_raw_20260618_184157_part_00001.json,53867967,3338e6ca7f196bec4676a04847b4ba8b,"Thu, 18 Jun 2026 18:41:58 GMT"
s3://sales-analytics-raw-aqib-test/lead_activities_raw/load_type=incremental/load_date=2026-06-18/lead_activities_raw_20260618_184159_part_00002.json,52666789,ea504bc3c9f007ed7c3b7411d1a8b89b,"Thu, 18 Jun 2026 18:42:01 GMT"
s3://sales-analytics-raw-aqib-test/lead_activities_raw/load_type=incremental/load_date=2026-06-18/lead_activities_raw_20260618_184202_part_00003.json,53041239,c22fd33a6542c88d50636c4184382a77,"Thu, 18 Jun 2026 18:42:03 GMT"
s3://sales-analytics-raw-aqib-test/lead_activities_raw/load_type=incremental/load_date=2026-06-18/lead_activities_raw_20260618_184204_part_00004.json,56141785,9752ee9a7c2ace9727c816741fcbe637,"Thu, 18 Jun 2026 18:42:06 GMT"
s3://sales-analytics-raw-aqib-test/lead_activities_raw/load_type=incremental/load_date=2026-06-18/lead_activities_raw_20260618_184207_part_00005.json,50079164,b794852b8b26d51ca3dd47997c1507cc,"Thu, 18 Jun 2026 18:42:08 GMT"
s3://sales-analytics-raw-aqib-test/lead_activities_raw/load_type=incremental/load_date=2026-06-18/lead_activities_raw_20260618_184209_part_00006.json,49573673,0c19b1863f35d6462649d79e11a1ebc6,"Thu, 18 Jun 2026 18:42:10 GMT"
s3://sales-analytics-raw-aqib-test/lead_activities_raw/load_type=incremental/load_date=2026-06-18/lead_activities_raw_20260618_184211_part_00007.json,51828687,dbdc217358e22d6fa799866d75f0ca9e,"Thu, 18 Jun 2026 18:42:13 GMT"
s3://sales-analytics-raw-aqib-test/lead_activities_raw/load_type=incremental/load_date=2026-06-18/lead_activities_raw_20260618_184213_part_00008.json,51154461,fb8db0c71c9ca66d869f80001bf580e3,"Thu, 18 Jun 2026 18:42:15 GMT"
s3://sales-analytics-raw-aqib-test/lead_activities_raw/load_type=incremental/load_date=2026-06-18/lead_activities_raw_20260618_184215_part_00009.json,44904957,53feacfc21667fbbd56e0fde4beb489f,"Thu, 18 Jun 2026 18:42:17 GMT"
s3://sales-analytics-raw-aqib-test/lead_activities_raw/load_type=incremental/load_date=2026-06-18/lead_activities_raw_20260618_184217_part_00010.json,46325797,9278a6ad5bfe5e5bdf737c0c5f3e2c09,"Thu, 18 Jun 2026 18:42:19 GMT"
s3://sales-analytics-raw-aqib-test/lead_activities_raw/load_type=incremental/load_date=2026-06-18/lead_activities_raw_20260618_184219_part_00011.json,44906883,da9bfe3085158176432901eb54adfa34,"Thu, 18 Jun 2026 18:42:21 GMT"
s3://sales-analytics-raw-aqib-test/lead_activities_raw/load_type=incremental/load_date=2026-06-18/lead_activities_raw_20260618_184221_part_00012.json,44998714,1bb25cec58f33901c294dbf90d8032a8,"Thu, 18 Jun 2026 18:42:23 GMT"
s3://sales-analytics-raw-aqib-test/lead_activities_raw/load_type=incremental/load_date=2026-06-18/lead_activities_raw_20260618_184223_part_00013.json,45023003,f5bf487246b07fc11ce6a7d471175bff,"Thu, 18 Jun 2026 18:42:25 GMT"
s3://sales-analytics-raw-aqib-test/lead_activities_raw/load_type=incremental/load_date=2026-06-18/lead_activities_raw_20260618_184225_part_00014.json,43394031,5b6df24986a1dadcf2cb321d4ff08fe5,"Thu, 18 Jun 2026 18:42:27 GMT"
s3://sales-analytics-raw-aqib-test/lead_activities_raw/load_type=incremental/load_date=2026-06-18/lead_activities_raw_20260618_184227_part_00015.json,43735038,2e1e6784fa7ea55cf63448328297fe87,"Thu, 18 Jun 2026 18:42:29 GMT"
s3://sales-analytics-raw-aqib-test/lead_activities_raw/load_type=incremental/load_date=2026-06-18/lead_activities_raw_20260618_184229_part_00016.json,51749019,95c15fd7ac91506afe57e1670c959562,"Thu, 18 Jun 2026 18:42:31 GMT"
s3://sales-analytics-raw-aqib-test/lead_activities_raw/load_type=incremental/load_date=2026-06-18/lead_activities_raw_20260618_184231_part_00017.json,43793841,8a24e1fb453f50a12a0c7a11ce3a70f3,"Thu, 18 Jun 2026 18:42:33 GMT"
s3://sales-analytics-raw-aqib-test/lead_activities_raw/load_type=incremental/load_date=2026-06-18/lead_activities_raw_20260618_184233_part_00018.json,45784429,c02d7a97b9545d8c8d4677a0cf61d5ad,"Thu, 18 Jun 2026 18:42:35 GMT"
s3://sales-analytics-raw-aqib-test/lead_activities_raw/load_type=incremental/load_date=2026-06-18/lead_activities_raw_20260618_184235_part_00019.json,46734719,9bd573f5905d608fe697d1bd92c46a52,"Thu, 18 Jun 2026 18:42:37 GMT"
s3://sales-analytics-raw-aqib-test/lead_activities_raw/load_type=incremental/load_date=2026-06-18/lead_activities_raw_20260618_184237_part_00020.json,48912788,9a81877d39d450cedc4ee8c67fcbc3d3,"Thu, 18 Jun 2026 18:42:39 GMT"
s3://sales-analytics-raw-aqib-test/lead_activities_raw/load_type=incremental/load_date=2026-06-18/lead_activities_raw_20260618_184239_part_00021.json,44862734,d9e4010d722ef1e467d12dcf0b68a83e,"Thu, 18 Jun 2026 18:42:41 GMT"
s3://sales-analytics-raw-aqib-test/lead_activities_raw/load_type=incremental/load_date=2026-06-18/lead_activities_raw_20260618_184241_part_00022.json,52278824,882beebd8b8f4a75da703fd6db8fe355,"Thu, 18 Jun 2026 18:42:43 GMT"
s3://sales-analytics-raw-aqib-test/lead_activities_raw/load_type=incremental/load_date=2026-06-18/lead_activities_raw_20260618_184244_part_00023.json,46557795,67dd94f42db810bcd65a9b37305e88f2,"Thu, 18 Jun 2026 18:42:45 GMT"
s3://sales-analytics-raw-aqib-test/lead_activities_raw/load_type=incremental/load_date=2026-06-18/lead_activities_raw_20260618_184246_part_00024.json,48552519,a1051ef181839d188b12eb2d464ce4e0,"Thu, 18 Jun 2026 18:42:47 GMT"
s3://sales-analytics-raw-aqib-test/lead_activities_raw/load_type=incremental/load_date=2026-06-18/lead_activities_raw_20260618_184248_part_00025.json,51628271,f9fbe67b562151cc7605e09397a905fe,"Thu, 18 Jun 2026 18:42:50 GMT"
s3://sales-analytics-raw-aqib-test/lead_activities_raw/load_type=incremental/load_date=2026-06-18/lead_activities_raw_20260618_184250_part_00026.json,48506661,e6821d52a654c053646fe1c0e93fe83e,"Thu, 18 Jun 2026 18:42:52 GMT"
s3://sales-analytics-raw-aqib-test/lead_activities_raw/load_type=incremental/load_date=2026-06-18/lead_activities_raw_20260618_184252_part_00027.json,46673240,4511d9b904dfe0b912edd1da7ae8c194,"Thu, 18 Jun 2026 18:42:54 GMT"
s3://sales-analytics-raw-aqib-test/lead_activities_raw/load_type=incremental/load_date=2026-06-18/lead_activities_raw_20260618_184254_part_00028.json,43575575,9d8367782bccc01cd113b069b0c9966f,"Thu, 18 Jun 2026 18:42:55 GMT"
s3://sales-analytics-raw-aqib-test/lead_activities_raw/load_type=incremental/load_date=2026-06-18/lead_activities_raw_20260618_184256_part_00029.json,45118000,b400b412bc31aea39c62bbbf0342acf4,"Thu, 18 Jun 2026 18:42:57 GMT"
s3://sales-analytics-raw-aqib-test/lead_activities_raw/load_type=incremental/load_date=2026-06-18/lead_activities_raw_20260618_184258_part_00030.json,42468619,a5ed77093d8f6a137313bd7cd57ea27f,"Thu, 18 Jun 2026 18:42:59 GMT"
s3://sales-analytics-raw-aqib-test/lead_activities_raw/load_type=incremental/load_date=2026-06-18/lead_activities_raw_20260618_184259_part_00031.json,43126163,6366941801e43208c3d632351f8cb9d8,"Thu, 18 Jun 2026 18:43:01 GMT"
s3://sales-analytics-raw-aqib-test/lead_activities_raw/load_type=incremental/load_date=2026-06-18/lead_activities_raw_20260618_184301_part_00032.json,47489568,626d43d778a05cb408d56705e6090e31,"Thu, 18 Jun 2026 18:43:03 GMT"
s3://sales-analytics-raw-aqib-test/lead_activities_raw/load_type=incremental/load_date=2026-06-18/lead_activities_raw_20260618_184303_part_00033.json,47844413,3a6470727e1e6f68f86f5c7690dc5954,"Thu, 18 Jun 2026 18:43:05 GMT"
s3://sales-analytics-raw-aqib-test/lead_activities_raw/load_type=incremental/load_date=2026-06-18/lead_activities_raw_20260618_184305_part_00034.json,47673517,c8e85ef19e9ae1fa3c7529c6c570ccec,"Thu, 18 Jun 2026 18:43:07 GMT"
s3://sales-analytics-raw-aqib-test/lead_activities_raw/load_type=incremental/load_date=2026-06-18/lead_activities_raw_20260618_184307_part_00035.json,48152719,87b72f3a24ecd1d8878c8a1a4dc8a648,"Thu, 18 Jun 2026 18:43:09 GMT"
s3://sales-analytics-raw-aqib-test/lead_activities_raw/load_type=incremental/load_date=2026-06-18/lead_activities_raw_20260618_184310_part_00036.json,43850078,4f266d197a13f37be3513b0ecb8e3d3d,"Thu, 18 Jun 2026 18:43:11 GMT"
s3://sales-analytics-raw-aqib-test/lead_activities_raw/load_type=incremental/load_date=2026-06-18/lead_activities_raw_20260618_184312_part_00037.json,48025577,02f0c77a7e00a48045defa29623ce6b9,"Thu, 18 Jun 2026 18:43:13 GMT"
s3://sales-analytics-raw-aqib-test/lead_activities_raw/load_type=incremental/load_date=2026-06-18/lead_activities_raw_20260618_184313_part_00038.json,12498404,2751c570ab1a87d0c8d800783746064c,"Thu, 18 Jun 2026 18:43:14 GMT"
s3://sales-analytics-raw-aqib-test/lead_activities_raw/load_type=incremental/load_date=2026-06-22/lead_activities_raw_20260622_161652_part_00001.json,42861409,35644f80cacf636f8cee9da0c615682b,"Mon, 22 Jun 2026 16:16:53 GMT"
s3://sales-analytics-raw-aqib-test/lead_activities_raw/load_type=incremental/load_date=2026-06-22/lead_activities_raw_20260622_161654_part_00002.json,46997155,33c923fd55e802f2e9f7407661a76b06,"Mon, 22 Jun 2026 16:16:55 GMT"
s3://sales-analytics-raw-aqib-test/lead_activities_raw/load_type=incremental/load_date=2026-06-22/lead_activities_raw_20260622_161656_part_00003.json,40660146,ee67b0916f3ac5dac23377ce2b0a9187,"Mon, 22 Jun 2026 16:16:57 GMT"
s3://sales-analytics-raw-aqib-test/lead_activities_raw/load_type=incremental/load_date=2026-06-22/lead_activities_raw_20260622_161658_part_00004.json,46870677,fad9d5f224a6d0ea146dc2cbcf7f0d45,"Mon, 22 Jun 2026 16:16:59 GMT"
s3://sales-analytics-raw-aqib-test/lead_activities_raw/load_type=incremental/load_date=2026-06-22/lead_activities_raw_20260622_161700_part_00005.json,48044254,f9a21ec1803cef0c7b0577604505f445,"Mon, 22 Jun 2026 16:17:01 GMT"
s3://sales-analytics-raw-aqib-test/lead_activities_raw/load_type=incremental/load_date=2026-06-22/lead_activities_raw_20260622_161702_part_00006.json,46315880,95f73ac6e37044b0a47700b5874dd72b,"Mon, 22 Jun 2026 16:17:03 GMT"
s3://sales-analytics-raw-aqib-test/lead_activities_raw/load_type=incremental/load_date=2026-06-22/lead_activities_raw_20260622_161704_part_00007.json,46812335,7dc50a1b661088a38f58a5ba47264261,"Mon, 22 Jun 2026 16:17:05 GMT"
s3://sales-analytics-raw-aqib-test/lead_activities_raw/load_type=incremental/load_date=2026-06-22/lead_activities_raw_20260622_161706_part_00008.json,46276829,8bdf1283ebca8163f0851d4a651bd926,"Mon, 22 Jun 2026 16:17:07 GMT"
s3://sales-analytics-raw-aqib-test/lead_activities_raw/load_type=incremental/load_date=2026-06-22/lead_activities_raw_20260622_161708_part_00009.json,46282794,ceddcbe591c76ea6d8ede3be2d924ab9,"Mon, 22 Jun 2026 16:17:10 GMT"
s3://sales-analytics-raw-aqib-test/lead_activities_raw/load_type=incremental/load_date=2026-06-22/lead_activities_raw_20260622_161710_part_00010.json,45460496,ba334361895f097da2074b1a3e299e1e,"Mon, 22 Jun 2026 16:17:11 GMT"
s3://sales-analytics-raw-aqib-test/lead_activities_raw/load_type=incremental/load_date=2026-06-22/lead_activities_raw_20260622_161712_part_00011.json,48019950,dceddfddbbd9157ad5f21874f1ce736d,"Mon, 22 Jun 2026 16:17:14 GMT"
s3://sales-analytics-raw-aqib-test/lead_activities_raw/load_type=incremental/load_date=2026-06-22/lead_activities_raw_20260622_161714_part_00012.json,51171288,219add45af89d3e65aac31883e60cbae,"Mon, 22 Jun 2026 16:17:16 GMT"
s3://sales-analytics-raw-aqib-test/lead_activities_raw/load_type=incremental/load_date=2026-06-22/lead_activities_raw_20260622_161716_part_00013.json,50767686,dc6ee1e914f254d114ef64d7f52a0698,"Mon, 22 Jun 2026 16:17:18 GMT"
s3://sales-analytics-raw-aqib-test/lead_activities_raw/load_type=incremental/load_date=2026-06-22/lead_activities_raw_20260622_161718_part_00014.json,50738489,76d09ce3a4970b40045ae672c6e3dbb3,"Mon, 22 Jun 2026 16:17:20 GMT"
s3://sales-analytics-raw-aqib-test/lead_activities_raw/load_type=incremental/load_date=2026-06-22/lead_activities_raw_20260622_161721_part_00015.json,48450904,f62306d4f99c571efbc6bb8a465901bd,"Mon, 22 Jun 2026 16:17:22 GMT"
s3://sales-analytics-raw-aqib-test/lead_activities_raw/load_type=incremental/load_date=2026-06-22/lead_activities_raw_20260622_161723_part_00016.json,53153830,888b652574bba1b3ef3898c86708cd39,"Mon, 22 Jun 2026 16:17:25 GMT"
s3://sales-analytics-raw-aqib-test/lead_activities_raw/load_type=incremental/load_date=2026-06-22/lead_activities_raw_20260622_161725_part_00017.json,49163652,ac890fa89c785ad5eac626e03fa85d8a,"Mon, 22 Jun 2026 16:17:27 GMT"
s3://sales-analytics-raw-aqib-test/lead_activities_raw/load_type=incremental/load_date=2026-06-22/lead_activities_raw_20260622_161727_part_00018.json,50233311,b3b71b452aa849a6274fc91cd6519c59,"Mon, 22 Jun 2026 16:17:29 GMT"
s3://sales-analytics-raw-aqib-test/lead_activities_raw/load_type=incremental/load_date=2026-06-22/lead_activities_raw_20260622_161730_part_00019.json,49541635,588bc1b73bca589790dcb683d80644d8,"Mon, 22 Jun 2026 16:17:31 GMT"
s3://sales-analytics-raw-aqib-test/lead_activities_raw/load_type=incremental/load_date=2026-06-22/lead_activities_raw_20260622_161732_part_00020.json,54400852,8b841d8837634f0a19d249c9f8d59f83,"Mon, 22 Jun 2026 16:17:33 GMT"
s3://sales-analytics-raw-aqib-test/lead_activities_raw/load_type=incremental/load_date=2026-06-22/lead_activities_raw_20260622_161734_part_00021.json,46672165,7a99ca712390959dfe39e1b638222e56,"Mon, 22 Jun 2026 16:17:35 GMT"
s3://sales-analytics-raw-aqib-test/lead_activities_raw/load_type=incremental/load_date=2026-06-22/lead_activities_raw_20260622_161736_part_00022.json,49184367,bf61a13685baf01f72a41f3caf3a71b4,"Mon, 22 Jun 2026 16:17:38 GMT"
s3://sales-analytics-raw-aqib-test/lead_activities_raw/load_type=incremental/load_date=2026-06-22/lead_activities_raw_20260622_161738_part_00023.json,48421109,9e28d1d12e7d2f49af47195d5dcf89cf,"Mon, 22 Jun 2026 16:17:40 GMT"
s3://sales-analytics-raw-aqib-test/lead_activities_raw/load_type=incremental/load_date=2026-06-22/lead_activities_raw_20260622_161740_part_00024.json,46933644,03b55393fa4a6cfc128737a8ccc67fb1,"Mon, 22 Jun 2026 16:17:42 GMT"
s3://sales-analytics-raw-aqib-test/lead_activities_raw/load_type=incremental/load_date=2026-06-22/lead_activities_raw_20260622_161742_part_00025.json,48492798,89c94b2df0c09e284e60dca1d681c276,"Mon, 22 Jun 2026 16:17:44 GMT"
s3://sales-analytics-raw-aqib-test/lead_activities_raw/load_type=incremental/load_date=2026-06-22/lead_activities_raw_20260622_161745_part_00026.json,49669827,7fa57f63b569a596e650a80fea845d92,"Mon, 22 Jun 2026 16:17:46 GMT"
s3://sales-analytics-raw-aqib-test/lead_activities_raw/load_type=incremental/load_date=2026-06-22/lead_activities_raw_20260622_161747_part_00027.json,50859070,91a8022686745a6ace1f0e6cf5e65020,"Mon, 22 Jun 2026 16:17:49 GMT"
s3://sales-analytics-raw-aqib-test/lead_activities_raw/load_type=incremental/load_date=2026-06-22/lead_activities_raw_20260622_161749_part_00028.json,47758126,bf8bb3ff3d7a761572fcc3982e349d80,"Mon, 22 Jun 2026 16:17:51 GMT"
s3://sales-analytics-raw-aqib-test/lead_activities_raw/load_type=incremental/load_date=2026-06-22/lead_activities_raw_20260622_161752_part_00029.json,46964874,492710025d473b80c65a59817b93cd75,"Mon, 22 Jun 2026 16:17:54 GMT"
s3://sales-analytics-raw-aqib-test/lead_activities_raw/load_type=incremental/load_date=2026-06-22/lead_activities_raw_20260622_161755_part_00030.json,57377170,dd9e5256e87e834bdcdba2e79b184ae6,"Mon, 22 Jun 2026 16:17:57 GMT"
s3://sales-analytics-raw-aqib-test/lead_activities_raw/load_type=incremental/load_date=2026-06-22/lead_activities_raw_20260622_161758_part_00031.json,53092571,1b5cc2e02f99a20b615241474d2d2ff9,"Mon, 22 Jun 2026 16:17:59 GMT"
s3://sales-analytics-raw-aqib-test/lead_activities_raw/load_type=incremental/load_date=2026-06-22/lead_activities_raw_20260622_161800_part_00032.json,53524542,9b946c8afed64c948c8f81a0c035fbd6,"Mon, 22 Jun 2026 16:18:01 GMT"
s3://sales-analytics-raw-aqib-test/lead_activities_raw/load_type=incremental/load_date=2026-06-22/lead_activities_raw_20260622_161802_part_00033.json,53336415,ae1352e4cce20ee9ccf49310fcf4db86,"Mon, 22 Jun 2026 16:18:04 GMT"
s3://sales-analytics-raw-aqib-test/lead_activities_raw/load_type=incremental/load_date=2026-06-22/lead_activities_raw_20260622_161804_part_00034.json,52367909,2c2fcbfd907df7d8a977ce799b6987d4,"Mon, 22 Jun 2026 16:18:06 GMT"
s3://sales-analytics-raw-aqib-test/lead_activities_raw/load_type=incremental/load_date=2026-06-22/lead_activities_raw_20260622_161807_part_00035.json,51484954,83c5ac468ec5e1a053fe378fcf994986,"Mon, 22 Jun 2026 16:18:08 GMT"
s3://sales-analytics-raw-aqib-test/lead_activities_raw/load_type=incremental/load_date=2026-06-22/lead_activities_raw_20260622_161809_part_00036.json,56074635,ef4440bb8a752abf7ce6b9a2642c9030,"Mon, 22 Jun 2026 16:18:11 GMT"
s3://sales-analytics-raw-aqib-test/lead_activities_raw/load_type=incremental/load_date=2026-06-22/lead_activities_raw_20260622_161811_part_00037.json,55557687,108d3aab568b23cadedc4275497ecf20,"Mon, 22 Jun 2026 16:18:13 GMT"
s3://sales-analytics-raw-aqib-test/lead_activities_raw/load_type=incremental/load_date=2026-06-22/lead_activities_raw_20260622_161814_part_00038.json,51564209,eaf74f632bc07ce7169c9871d2bd0610,"Mon, 22 Jun 2026 16:18:15 GMT"
s3://sales-analytics-raw-aqib-test/lead_activities_raw/load_type=incremental/load_date=2026-06-22/lead_activities_raw_20260622_161816_part_00039.json,32862276,37e0c478b0d27aad03477afcad8a5d74,"Mon, 22 Jun 2026 16:18:17 GMT"
s3://sales-analytics-raw-aqib-test/lead_activities_raw/load_type=incremental/load_date=2026-06-25/lead_activities_raw_20260625_161248_part_00001.json,46295182,e498e1c2fe68b1312fc7cd196a015ab0,"Thu, 25 Jun 2026 16:12:50 GMT"
s3://sales-analytics-raw-aqib-test/lead_activities_raw/load_type=incremental/load_date=2026-06-25/lead_activities_raw_20260625_161250_part_00002.json,47605752,bb8b5e59dfaa3a9eb4bb4adfe2b8a8b6,"Thu, 25 Jun 2026 16:12:52 GMT"
s3://sales-analytics-raw-aqib-test/lead_activities_raw/load_type=incremental/load_date=2026-06-25/lead_activities_raw_20260625_161252_part_00003.json,47899972,ce61504025277d5b95fb0b98c310b78b,"Thu, 25 Jun 2026 16:12:54 GMT"
s3://sales-analytics-raw-aqib-test/lead_activities_raw/load_type=incremental/load_date=2026-06-25/lead_activities_raw_20260625_161254_part_00004.json,51006220,534120a0e7fcfc411e547dbb258fc6cf,"Thu, 25 Jun 2026 16:12:56 GMT"
s3://sales-analytics-raw-aqib-test/lead_activities_raw/load_type=incremental/load_date=2026-06-25/lead_activities_raw_20260625_161256_part_00005.json,46376677,0b1cc0cea41615f7ec0788b1be32b0eb,"Thu, 25 Jun 2026 16:12:58 GMT"
s3://sales-analytics-raw-aqib-test/lead_activities_raw/load_type=incremental/load_date=2026-06-25/lead_activities_raw_20260625_161258_part_00006.json,50106206,c0208709296bf7ab569bd198d4de03d5,"Thu, 25 Jun 2026 16:13:00 GMT"
s3://sales-analytics-raw-aqib-test/lead_activities_raw/load_type=incremental/load_date=2026-06-25/lead_activities_raw_20260625_161300_part_00007.json,49818357,58b5848f85f9c0525348a245f689add3,"Thu, 25 Jun 2026 16:13:02 GMT"
s3://sales-analytics-raw-aqib-test/lead_activities_raw/load_type=incremental/load_date=2026-06-25/lead_activities_raw_20260625_161302_part_00008.json,51899021,dd44b552c4a962723405b84491b374b0,"Thu, 25 Jun 2026 16:13:04 GMT"
s3://sales-analytics-raw-aqib-test/lead_activities_raw/load_type=incremental/load_date=2026-06-25/lead_activities_raw_20260625_161304_part_00009.json,50856007,29f636c726ca4a76c41c871fe6d58004,"Thu, 25 Jun 2026 16:13:06 GMT"
s3://sales-analytics-raw-aqib-test/lead_activities_raw/load_type=incremental/load_date=2026-06-25/lead_activities_raw_20260625_161307_part_00010.json,51092553,adc97901bb702c79d2a004c284c24d6e,"Thu, 25 Jun 2026 16:13:08 GMT"
s3://sales-analytics-raw-aqib-test/lead_activities_raw/load_type=incremental/load_date=2026-06-25/lead_activities_raw_20260625_161309_part_00011.json,49562182,ab913016f11e7379931c2e07c55726c2,"Thu, 25 Jun 2026 16:13:10 GMT"
s3://sales-analytics-raw-aqib-test/lead_activities_raw/load_type=incremental/load_date=2026-06-25/lead_activities_raw_20260625_161311_part_00012.json,51288029,429bd36ea926840e54c78f153f515dfe,"Thu, 25 Jun 2026 16:13:12 GMT"
s3://sales-analytics-raw-aqib-test/lead_activities_raw/load_type=incremental/load_date=2026-06-25/lead_activities_raw_20260625_161313_part_00013.json,52456028,8d6a32763b164401d68741fcf59c3e5e,"Thu, 25 Jun 2026 16:13:14 GMT"
s3://sales-analytics-raw-aqib-test/lead_activities_raw/load_type=incremental/load_date=2026-06-25/lead_activities_raw_20260625_161315_part_00014.json,48488134,579672536c89cab6c818234c90685e48,"Thu, 25 Jun 2026 16:13:17 GMT"
s3://sales-analytics-raw-aqib-test/lead_activities_raw/load_type=incremental/load_date=2026-06-25/lead_activities_raw_20260625_161317_part_00015.json,54614448,a0488b55a50a8499bfbdade0aca571e4,"Thu, 25 Jun 2026 16:13:19 GMT"
s3://sales-analytics-raw-aqib-test/lead_activities_raw/load_type=incremental/load_date=2026-06-25/lead_activities_raw_20260625_161320_part_00016.json,51829597,14a8660b5fd8c4a2196d897bf7d97b39,"Thu, 25 Jun 2026 16:13:21 GMT"
s3://sales-analytics-raw-aqib-test/lead_activities_raw/load_type=incremental/load_date=2026-06-25/lead_activities_raw_20260625_161322_part_00017.json,53569963,64d8cacf9f64dc3f8f1737d88f26f4f9,"Thu, 25 Jun 2026 16:13:23 GMT"
s3://sales-analytics-raw-aqib-test/lead_activities_raw/load_type=incremental/load_date=2026-06-25/lead_activities_raw_20260625_161324_part_00018.json,55068686,bc6888e777e080c06895c5ec3a8d371a,"Thu, 25 Jun 2026 16:13:26 GMT"
s3://sales-analytics-raw-aqib-test/lead_activities_raw/load_type=incremental/load_date=2026-06-25/lead_activities_raw_20260625_161326_part_00019.json,50137969,9470b99dfcd7a537efbbbe82bb211b60,"Thu, 25 Jun 2026 16:13:28 GMT"
s3://sales-analytics-raw-aqib-test/lead_activities_raw/load_type=incremental/load_date=2026-06-25/lead_activities_raw_20260625_161328_part_00020.json,54449311,1b4aeb680e56aaac2edc6685caf6e47f,"Thu, 25 Jun 2026 16:13:30 GMT"
s3://sales-analytics-raw-aqib-test/lead_activities_raw/load_type=incremental/load_date=2026-06-25/lead_activities_raw_20260625_161331_part_00021.json,54836927,30d0dec89c7ada4c135a3607df263523,"Thu, 25 Jun 2026 16:13:32 GMT"
s3://sales-analytics-raw-aqib-test/lead_activities_raw/load_type=incremental/load_date=2026-06-25/lead_activities_raw_20260625_161333_part_00022.json,54867488,b6e0ca59df0c2763c76103d574ad61e3,"Thu, 25 Jun 2026 16:13:34 GMT"
s3://sales-analytics-raw-aqib-test/lead_activities_raw/load_type=incremental/load_date=2026-06-25/lead_activities_raw_20260625_161335_part_00023.json,53429747,079e11da424672625929dab3e5bbe300,"Thu, 25 Jun 2026 16:13:37 GMT"
s3://sales-analytics-raw-aqib-test/lead_activities_raw/load_type=incremental/load_date=2026-06-25/lead_activities_raw_20260625_161337_part_00024.json,57351163,95df5b1003247b46888f3d58f134b02b,"Thu, 25 Jun 2026 16:13:39 GMT"
s3://sales-analytics-raw-aqib-test/lead_activities_raw/load_type=incremental/load_date=2026-06-25/lead_activities_raw_20260625_161340_part_00025.json,53929668,e498dbac68a661a48eae14788ef89b54,"Thu, 25 Jun 2026 16:13:41 GMT"
s3://sales-analytics-raw-aqib-test/lead_activities_raw/load_type=incremental/load_date=2026-06-25/lead_activities_raw_20260625_161342_part_00026.json,56309943,146edcdc3d45f1b884b829ae54d4c4cc,"Thu, 25 Jun 2026 16:13:44 GMT"
s3://sales-analytics-raw-aqib-test/lead_activities_raw/load_type=incremental/load_date=2026-06-25/lead_activities_raw_20260625_161344_part_00027.json,53323137,d63c1557df94c0ed7a180c7a11155a88,"Thu, 25 Jun 2026 16:13:46 GMT"
s3://sales-analytics-raw-aqib-test/lead_activities_raw/load_type=incremental/load_date=2026-06-25/lead_activities_raw_20260625_161346_part_00028.json,24920275,bc7238b7558e92bb6d11e7bdac28f0dd,"Thu, 25 Jun 2026 16:13:47 GMT"
s3://sales-analytics-raw-aqib-test/leads_raw/load_type=full/leads_raw_20260707_200657_part_00001.json,8422471,f9859436e019e5e63b251ff7c3546bf2,"Tue, 7 Jul 2026 20:06:58 GMT"
s3://sales-analytics-raw-aqib-test/leads_raw/load_type=full/leads_raw_20260707_200657_part_00002.json,8463556,1b3f40e1948f1948feacc36096b83e30,"Tue, 7 Jul 2026 20:06:58 GMT"
s3://sales-analytics-raw-aqib-test/leads_raw/load_type=full/leads_raw_20260707_200658_part_00003.json,8635045,0037a5c8072aaf7d17eb88820276862f,"Tue, 7 Jul 2026 20:06:59 GMT"
s3://sales-analytics-raw-aqib-test/leads_raw/load_type=full/leads_raw_20260707_200658_part_00004.json,8414634,25c5968750a262703b4dc43b2620d6c7,"Tue, 7 Jul 2026 20:06:59 GMT"
s3://sales-analytics-raw-aqib-test/leads_raw/load_type=full/leads_raw_20260707_200658_part_00005.json,8619805,fdef05b3966620236aa45b64ee5317ba,"Tue, 7 Jul 2026 20:06:59 GMT"
s3://sales-analytics-raw-aqib-test/leads_raw/load_type=full/leads_raw_20260707_200659_part_00006.json,8611108,05213009a0f5f4d176a6794b83a07ecc,"Tue, 7 Jul 2026 20:07:00 GMT"
s3://sales-analytics-raw-aqib-test/leads_raw/load_type=full/leads_raw_20260707_200659_part_00007.json,8400272,b162b0c737b8119db069330f9dfe54d7,"Tue, 7 Jul 2026 20:07:00 GMT"
s3://sales-analytics-raw-aqib-test/leads_raw/load_type=full/leads_raw_20260707_200659_part_00008.json,8631533,024526468a791054a14f0433b71bb046,"Tue, 7 Jul 2026 20:07:00 GMT"
s3://sales-analytics-raw-aqib-test/leads_raw/load_type=full/leads_raw_20260707_200700_part_00009.json,8621928,946ce7b66e98ff67272f394a15b4a2b2,"Tue, 7 Jul 2026 20:07:01 GMT"
s3://sales-analytics-raw-aqib-test/leads_raw/load_type=full/leads_raw_20260707_200700_part_00010.json,9345313,983491ad13e9383489c7f63e4fffe951,"Tue, 7 Jul 2026 20:07:01 GMT"
s3://sales-analytics-raw-aqib-test/leads_raw/load_type=full/leads_raw_20260707_200700_part_00011.json,9300625,5bef9f4f42ce6df073f6199524f37a49,"Tue, 7 Jul 2026 20:07:01 GMT"
s3://sales-analytics-raw-aqib-test/leads_raw/load_type=full/leads_raw_20260707_200701_part_00012.json,9286977,89a2e9f8a3119f41d48d6dc882327c03,"Tue, 7 Jul 2026 20:07:02 GMT"
s3://sales-analytics-raw-aqib-test/leads_raw/load_type=full/leads_raw_20260707_200701_part_00013.json,9428968,2050617e84ed70e1282fe0dff86c1bf4,"Tue, 7 Jul 2026 20:07:02 GMT"
s3://sales-analytics-raw-aqib-test/leads_raw/load_type=full/leads_raw_20260707_200701_part_00014.json,8995141,2f6a0a6654e30f6372e395d81407c9a8,"Tue, 7 Jul 2026 20:07:03 GMT"
s3://sales-analytics-raw-aqib-test/leads_raw/load_type=full/leads_raw_20260707_200702_part_00015.json,8631375,b14da688313a5aa2a1a470a65875f523,"Tue, 7 Jul 2026 20:07:03 GMT"
s3://sales-analytics-raw-aqib-test/leads_raw/load_type=full/leads_raw_20260707_200702_part_00016.json,8673198,e14b5ac66bab287811294b90657e9397,"Tue, 7 Jul 2026 20:07:03 GMT"
s3://sales-analytics-raw-aqib-test/leads_raw/load_type=full/leads_raw_20260707_200703_part_00017.json,8532002,9ec34d63434a522f8d24025b5e9559bb,"Tue, 7 Jul 2026 20:07:04 GMT"
s3://sales-analytics-raw-aqib-test/leads_raw/load_type=full/leads_raw_20260707_200703_part_00018.json,8462780,38a99bd82c9d8003ebcbe1abf470e270,"Tue, 7 Jul 2026 20:07:04 GMT"
s3://sales-analytics-raw-aqib-test/leads_raw/load_type=full/leads_raw_20260707_200703_part_00019.json,8687797,0016eb96ef3941dd164fd7ce494b94e0,"Tue, 7 Jul 2026 20:07:04 GMT"
s3://sales-analytics-raw-aqib-test/leads_raw/load_type=full/leads_raw_20260707_200704_part_00020.json,8565641,56058ba006aa17cda4c4c4ef5b78e05d,"Tue, 7 Jul 2026 20:07:05 GMT"
s3://sales-analytics-raw-aqib-test/leads_raw/load_type=full/leads_raw_20260707_200704_part_00021.json,8479576,cc95b56b1b81095e69062326a9fcffe1,"Tue, 7 Jul 2026 20:07:05 GMT"
s3://sales-analytics-raw-aqib-test/leads_raw/load_type=full/leads_raw_20260707_200704_part_00022.json,8619676,7306a1f90f6cdc71a0d59d304bb1a5a3,"Tue, 7 Jul 2026 20:07:05 GMT"
s3://sales-analytics-raw-aqib-test/leads_raw/load_type=full/leads_raw_20260707_200705_part_00023.json,8537350,8dd80cfb327f4a594d5612a5a2c37137,"Tue, 7 Jul 2026 20:07:06 GMT"
s3://sales-analytics-raw-aqib-test/leads_raw/load_type=full/leads_raw_20260707_200705_part_00024.json,8409158,abf7c7867d64742ff3ba282e93c29d93,"Tue, 7 Jul 2026 20:07:06 GMT"
s3://sales-analytics-raw-aqib-test/leads_raw/load_type=full/leads_raw_20260707_200705_part_00025.json,8770364,7213a60663607d357d554a810054584a,"Tue, 7 Jul 2026 20:07:06 GMT"
s3://sales-analytics-raw-aqib-test/leads_raw/load_type=full/leads_raw_20260707_200706_part_00026.json,8822556,a3384d608452c80f039dad193b1d293a,"Tue, 7 Jul 2026 20:07:07 GMT"
s3://sales-analytics-raw-aqib-test/leads_raw/load_type=full/leads_raw_20260707_200706_part_00027.json,8803040,112e8f1eaff806b33bb456d7260059c7,"Tue, 7 Jul 2026 20:07:07 GMT"
s3://sales-analytics-raw-aqib-test/leads_raw/load_type=full/leads_raw_20260707_200706_part_00028.json,8659896,ec67134659e8ef7d0b4bc76a6aad1c97,"Tue, 7 Jul 2026 20:07:08 GMT"
s3://sales-analytics-raw-aqib-test/leads_raw/load_type=full/leads_raw_20260707_200707_part_00029.json,9041933,84be75435ed1a3e3dbb32927dd0c59c2,"Tue, 7 Jul 2026 20:07:08 GMT"
s3://sales-analytics-raw-aqib-test/leads_raw/load_type=full/leads_raw_20260707_200707_part_00030.json,8788528,c43b0acd9426e70b8b73c3e9a4b89e22,"Tue, 7 Jul 2026 20:07:08 GMT"
s3://sales-analytics-raw-aqib-test/leads_raw/load_type=full/leads_raw_20260707_200708_part_00031.json,8945595,20689cc276a1984aa46c2cc60b825014,"Tue, 7 Jul 2026 20:07:09 GMT"
s3://sales-analytics-raw-aqib-test/leads_raw/load_type=full/leads_raw_20260707_200708_part_00032.json,9140208,5e33f2564aa66aba762258207f1abce7,"Tue, 7 Jul 2026 20:07:09 GMT"
s3://sales-analytics-raw-aqib-test/leads_raw/load_type=full/leads_raw_20260707_200708_part_00033.json,8814695,3422c92cc5cc882d4daaa19336a242e2,"Tue, 7 Jul 2026 20:07:09 GMT"
s3://sales-analytics-raw-aqib-test/leads_raw/load_type=full/leads_raw_20260707_200709_part_00034.json,8797680,76821cfa22c484fd3fe2178ec03d5a90,"Tue, 7 Jul 2026 20:07:10 GMT"
s3://sales-analytics-raw-aqib-test/leads_raw/load_type=full/leads_raw_20260707_200709_part_00035.json,8535002,705d86ed35d12dff99d3e82294cd71fe,"Tue, 7 Jul 2026 20:07:10 GMT"
s3://sales-analytics-raw-aqib-test/leads_raw/load_type=full/leads_raw_20260707_200709_part_00036.json,8280446,4707896c3c5f9f0e88accb1b37c10c96,"Tue, 7 Jul 2026 20:07:10 GMT"
s3://sales-analytics-raw-aqib-test/leads_raw/load_type=full/leads_raw_20260707_200710_part_00037.json,8422361,77534ef47dfdfc658882efd8f21fb70e,"Tue, 7 Jul 2026 20:07:11 GMT"
s3://sales-analytics-raw-aqib-test/leads_raw/load_type=full/leads_raw_20260707_200710_part_00038.json,8287217,f841183213708ff66d13d0b8d62d5043,"Tue, 7 Jul 2026 20:07:11 GMT"
s3://sales-analytics-raw-aqib-test/leads_raw/load_type=full/leads_raw_20260707_200710_part_00039.json,8518702,55a24d5c658d62b3de67cd9498b75d4a,"Tue, 7 Jul 2026 20:07:11 GMT"
s3://sales-analytics-raw-aqib-test/leads_raw/load_type=full/leads_raw_20260707_200711_part_00040.json,8319617,dcfe121a0a88afc73704ed9422e588fa,"Tue, 7 Jul 2026 20:07:12 GMT"
s3://sales-analytics-raw-aqib-test/leads_raw/load_type=full/leads_raw_20260707_200711_part_00041.json,8507521,8e544d6859cb56719dd0b65923601af1,"Tue, 7 Jul 2026 20:07:12 GMT"
s3://sales-analytics-raw-aqib-test/leads_raw/load_type=full/leads_raw_20260707_200711_part_00042.json,8639176,560ed1bef0d1ba5244c88e690c0b6ebc,"Tue, 7 Jul 2026 20:07:13 GMT"
s3://sales-analytics-raw-aqib-test/leads_raw/load_type=full/leads_raw_20260707_200712_part_00043.json,8524052,0572722b43910725241f8d2039f17f9b,"Tue, 7 Jul 2026 20:07:13 GMT"
s3://sales-analytics-raw-aqib-test/leads_raw/load_type=full/leads_raw_20260707_200712_part_00044.json,8213666,b070c0829840cdd1f14819207597d887,"Tue, 7 Jul 2026 20:07:13 GMT"
s3://sales-analytics-raw-aqib-test/leads_raw/load_type=full/leads_raw_20260707_200712_part_00045.json,8845497,7390150c1b69b4fdddb60fca2d49db5c,"Tue, 7 Jul 2026 20:07:14 GMT"
s3://sales-analytics-raw-aqib-test/leads_raw/load_type=full/leads_raw_20260707_200713_part_00046.json,8695521,da7e3b89f1ecfa9317013aaba0f87ffa,"Tue, 7 Jul 2026 20:07:14 GMT"
s3://sales-analytics-raw-aqib-test/leads_raw/load_type=full/leads_raw_20260707_200713_part_00047.json,8659051,ea9feb8f9460a3e627bb76a1fd302e3e,"Tue, 7 Jul 2026 20:07:14 GMT"
s3://sales-analytics-raw-aqib-test/leads_raw/load_type=full/leads_raw_20260707_200714_part_00048.json,8626439,3a3ad79252de6dc90aec4a4afe02f2eb,"Tue, 7 Jul 2026 20:07:15 GMT"
s3://sales-analytics-raw-aqib-test/leads_raw/load_type=full/leads_raw_20260707_200714_part_00049.json,8841062,0e12575fa35b192d8531f70dcca33341,"Tue, 7 Jul 2026 20:07:15 GMT"
s3://sales-analytics-raw-aqib-test/leads_raw/load_type=full/leads_raw_20260707_200714_part_00050.json,8767737,0f38f73d6a6f4b5949ff706261ed2414,"Tue, 7 Jul 2026 20:07:15 GMT"
s3://sales-analytics-raw-aqib-test/leads_raw/load_type=full/leads_raw_20260707_200715_part_00051.json,8754997,3b3f268806bbf59c28f51c76e9982d77,"Tue, 7 Jul 2026 20:07:16 GMT"
s3://sales-analytics-raw-aqib-test/leads_raw/load_type=full/leads_raw_20260707_200715_part_00052.json,8709498,5d45284cc8b7456e9294cef5917700fc,"Tue, 7 Jul 2026 20:07:16 GMT"
s3://sales-analytics-raw-aqib-test/leads_raw/load_type=full/leads_raw_20260707_200716_part_00053.json,8697023,55a18f423228bccf8053dad9ac086431,"Tue, 7 Jul 2026 20:07:17 GMT"
s3://sales-analytics-raw-aqib-test/leads_raw/load_type=full/leads_raw_20260707_200716_part_00054.json,8568535,b9c9715759745a5284c3fb74bb43a53c,"Tue, 7 Jul 2026 20:07:17 GMT"
s3://sales-analytics-raw-aqib-test/leads_raw/load_type=full/leads_raw_20260707_200716_part_00055.json,8889339,0d981961e68c8d36282905ba3481763a,"Tue, 7 Jul 2026 20:07:18 GMT"
s3://sales-analytics-raw-aqib-test/leads_raw/load_type=full/leads_raw_20260707_200717_part_00056.json,8803009,f3886f12f2ffd1c827ffeb1a9f8d3a2b,"Tue, 7 Jul 2026 20:07:18 GMT"
s3://sales-analytics-raw-aqib-test/leads_raw/load_type=full/leads_raw_20260707_200717_part_00057.json,8725457,96098e758e0ac06513b3ba69f62f19f9,"Tue, 7 Jul 2026 20:07:18 GMT"
s3://sales-analytics-raw-aqib-test/leads_raw/load_type=full/leads_raw_20260707_200718_part_00058.json,8654999,6c227535ba3f84d658018e8322b6a467,"Tue, 7 Jul 2026 20:07:19 GMT"
s3://sales-analytics-raw-aqib-test/leads_raw/load_type=full/leads_raw_20260707_200718_part_00059.json,8596684,4f9e55dd7361f04dba0d0f0e7ce69438,"Tue, 7 Jul 2026 20:07:19 GMT"
s3://sales-analytics-raw-aqib-test/leads_raw/load_type=full/leads_raw_20260707_200718_part_00060.json,8657157,c70e33ef0a5434142b439cab3de914b5,"Tue, 7 Jul 2026 20:07:19 GMT"
s3://sales-analytics-raw-aqib-test/leads_raw/load_type=full/leads_raw_20260707_200719_part_00061.json,8702670,9949d6ade842afd6ad61492bf7328457,"Tue, 7 Jul 2026 20:07:20 GMT"
s3://sales-analytics-raw-aqib-test/leads_raw/load_type=full/leads_raw_20260707_200719_part_00062.json,8515240,968d74ab89408d80b0fb85dc97d1835f,"Tue, 7 Jul 2026 20:07:20 GMT"
s3://sales-analytics-raw-aqib-test/leads_raw/load_type=full/leads_raw_20260707_200719_part_00063.json,8655592,c2ee70aa71e768ab2bb574f1780100d0,"Tue, 7 Jul 2026 20:07:21 GMT"
s3://sales-analytics-raw-aqib-test/leads_raw/load_type=full/leads_raw_20260707_200720_part_00064.json,8600839,e9f6e23e648e9843a88de598ccbe4a83,"Tue, 7 Jul 2026 20:07:21 GMT"
s3://sales-analytics-raw-aqib-test/leads_raw/load_type=full/leads_raw_20260707_200720_part_00065.json,9576431,7df4f74277156eca8a78829397262def,"Tue, 7 Jul 2026 20:07:21 GMT"
s3://sales-analytics-raw-aqib-test/leads_raw/load_type=full/leads_raw_20260707_200721_part_00066.json,9565840,904bc83b25d30b69ccfdc4f7f1c504fc,"Tue, 7 Jul 2026 20:07:22 GMT"
s3://sales-analytics-raw-aqib-test/leads_raw/load_type=full/leads_raw_20260707_200721_part_00067.json,9506355,37d4d856f528f630fd1ed05541d3d28f,"Tue, 7 Jul 2026 20:07:22 GMT"
s3://sales-analytics-raw-aqib-test/leads_raw/load_type=full/leads_raw_20260707_200721_part_00068.json,9644343,038a56101b381ca17ef625dc79734b5a,"Tue, 7 Jul 2026 20:07:23 GMT"
s3://sales-analytics-raw-aqib-test/leads_raw/load_type=full/leads_raw_20260707_200722_part_00069.json,9762042,7e5e8079f427b1dec3bc6d969dce6161,"Tue, 7 Jul 2026 20:07:23 GMT"
s3://sales-analytics-raw-aqib-test/leads_raw/load_type=full/leads_raw_20260707_200722_part_00070.json,9712315,fe8f8215025d931d462f14404c52cd39,"Tue, 7 Jul 2026 20:07:23 GMT"
s3://sales-analytics-raw-aqib-test/leads_raw/load_type=full/leads_raw_20260707_200723_part_00071.json,9824043,5b30aa424ab7537687e58fdf8290b604,"Tue, 7 Jul 2026 20:07:24 GMT"
s3://sales-analytics-raw-aqib-test/leads_raw/load_type=full/leads_raw_20260707_200723_part_00072.json,9800332,5ef3eb5f1881003d62513b8a6e77a643,"Tue, 7 Jul 2026 20:07:24 GMT"
s3://sales-analytics-raw-aqib-test/leads_raw/load_type=full/leads_raw_20260707_200723_part_00073.json,9578323,a3642dacc5d2eebcafcdb34dbe19dcd3,"Tue, 7 Jul 2026 20:07:25 GMT"
s3://sales-analytics-raw-aqib-test/leads_raw/load_type=full/leads_raw_20260707_200724_part_00074.json,9627274,7dd0913057a1b3ea29f0aeadabf6a0a6,"Tue, 7 Jul 2026 20:07:25 GMT"
s3://sales-analytics-raw-aqib-test/leads_raw/load_type=full/leads_raw_20260707_200724_part_00075.json,9340867,9990d37a5da39f3f38781222a80002ed,"Tue, 7 Jul 2026 20:07:25 GMT"
s3://sales-analytics-raw-aqib-test/leads_raw/load_type=full/leads_raw_20260707_200725_part_00076.json,8984818,a2ff7c3d4653cf7d589320fd618aa50e,"Tue, 7 Jul 2026 20:07:26 GMT"
s3://sales-analytics-raw-aqib-test/leads_raw/load_type=full/leads_raw_20260707_200725_part_00077.json,8691250,677a7a5d00b2064fb0314bb86c358ee3,"Tue, 7 Jul 2026 20:07:26 GMT"
s3://sales-analytics-raw-aqib-test/leads_raw/load_type=full/leads_raw_20260707_200725_part_00078.json,8649609,f30e9dd9ae0c410b02b0f24593be8b8b,"Tue, 7 Jul 2026 20:07:27 GMT"
s3://sales-analytics-raw-aqib-test/leads_raw/load_type=full/leads_raw_20260707_200726_part_00079.json,8671121,7381fc71eebce5f25e52d703689a4b6f,"Tue, 7 Jul 2026 20:07:27 GMT"
s3://sales-analytics-raw-aqib-test/leads_raw/load_type=full/leads_raw_20260707_200726_part_00080.json,8858950,1bbae7031eee41654255691b0a2464df,"Tue, 7 Jul 2026 20:07:27 GMT"
s3://sales-analytics-raw-aqib-test/leads_raw/load_type=full/leads_raw_20260707_200727_part_00081.json,8810987,33b89de3098635460e0418abd4c8e199,"Tue, 7 Jul 2026 20:07:28 GMT"
s3://sales-analytics-raw-aqib-test/leads_raw/load_type=full/leads_raw_20260707_200727_part_00082.json,8659392,4d50f16cd848f62ef0d6d6d05d4231b1,"Tue, 7 Jul 2026 20:07:28 GMT"
s3://sales-analytics-raw-aqib-test/leads_raw/load_type=full/leads_raw_20260707_200727_part_00083.json,8830621,425fb2c68181bf6492f5f8aa80580527,"Tue, 7 Jul 2026 20:07:29 GMT"
s3://sales-analytics-raw-aqib-test/leads_raw/load_type=full/leads_raw_20260707_200728_part_00084.json,8912474,37ab5a3a97597a2e1b693f7cea8621cf,"Tue, 7 Jul 2026 20:07:29 GMT"
s3://sales-analytics-raw-aqib-test/leads_raw/load_type=full/leads_raw_20260707_200728_part_00085.json,8780597,d2c31260726ffc8811c4555d4d233eeb,"Tue, 7 Jul 2026 20:07:29 GMT"
s3://sales-analytics-raw-aqib-test/leads_raw/load_type=full/leads_raw_20260707_200729_part_00086.json,8752118,b165beb135acba9d16872fa9e08d0095,"Tue, 7 Jul 2026 20:07:30 GMT"
s3://sales-analytics-raw-aqib-test/leads_raw/load_type=full/leads_raw_20260707_200729_part_00087.json,8829342,082d810756aa044cb4aa820f341eddf7,"Tue, 7 Jul 2026 20:07:30 GMT"
s3://sales-analytics-raw-aqib-test/leads_raw/load_type=full/leads_raw_20260707_200729_part_00088.json,8687891,62fea216b4d6ca677384b1da0b4eb83c,"Tue, 7 Jul 2026 20:07:30 GMT"
s3://sales-analytics-raw-aqib-test/leads_raw/load_type=full/leads_raw_20260707_200730_part_00089.json,8889815,2b540d6c029140c4e45fb293b5261afb,"Tue, 7 Jul 2026 20:07:31 GMT"
s3://sales-analytics-raw-aqib-test/leads_raw/load_type=full/leads_raw_20260707_200730_part_00090.json,8860224,8088fed6de668ef6dcb332457f2a8f44,"Tue, 7 Jul 2026 20:07:31 GMT"
s3://sales-analytics-raw-aqib-test/leads_raw/load_type=full/leads_raw_20260707_200731_part_00091.json,8881501,5b403dd0191cfc4fa3b665baa09c9f53,"Tue, 7 Jul 2026 20:07:32 GMT"
s3://sales-analytics-raw-aqib-test/leads_raw/load_type=full/leads_raw_20260707_200731_part_00092.json,8720212,fcce46433490fb217dd8e2717e552323,"Tue, 7 Jul 2026 20:07:32 GMT"
s3://sales-analytics-raw-aqib-test/leads_raw/load_type=full/leads_raw_20260707_200731_part_00093.json,9032301,7661760aba60557db95f9566096e678b,"Tue, 7 Jul 2026 20:07:32 GMT"
s3://sales-analytics-raw-aqib-test/leads_raw/load_type=full/leads_raw_20260707_200732_part_00094.json,8794152,7c054be9cbd88f691215e5441c56afe0,"Tue, 7 Jul 2026 20:07:33 GMT"
s3://sales-analytics-raw-aqib-test/leads_raw/load_type=full/leads_raw_20260707_200732_part_00095.json,8699812,8e126963382f4a4d88b9c182997088da,"Tue, 7 Jul 2026 20:07:33 GMT"
s3://sales-analytics-raw-aqib-test/leads_raw/load_type=full/leads_raw_20260707_200732_part_00096.json,8649761,fd0749e4f2c7d52fca530840f3ede1b4,"Tue, 7 Jul 2026 20:07:34 GMT"
s3://sales-analytics-raw-aqib-test/leads_raw/load_type=full/leads_raw_20260707_200733_part_00097.json,8520798,e7d8f58fd7ba2ba14fea169368c2aedf,"Tue, 7 Jul 2026 20:07:34 GMT"
s3://sales-analytics-raw-aqib-test/leads_raw/load_type=full/leads_raw_20260707_200733_part_00098.json,8637770,481a73d1f0c47951de64ba6d82998da6,"Tue, 7 Jul 2026 20:07:34 GMT"
s3://sales-analytics-raw-aqib-test/leads_raw/load_type=full/leads_raw_20260707_200733_part_00099.json,8421809,ab68e8a6887c1432480eb2396a538aad,"Tue, 7 Jul 2026 20:07:35 GMT"
s3://sales-analytics-raw-aqib-test/leads_raw/load_type=full/leads_raw_20260707_200734_part_00100.json,8819497,7d9a81fc4f3fa4447c0116bd642b8513,"Tue, 7 Jul 2026 20:07:35 GMT"
s3://sales-analytics-raw-aqib-test/leads_raw/load_type=full/leads_raw_20260707_200734_part_00101.json,8591590,7e0c317c27b64133e52ffc4197d0e733,"Tue, 7 Jul 2026 20:07:35 GMT"
s3://sales-analytics-raw-aqib-test/leads_raw/load_type=full/leads_raw_20260707_200735_part_00102.json,8643226,7e4cf718675fee959ed88bc96d48b2d1,"Tue, 7 Jul 2026 20:07:36 GMT"
s3://sales-analytics-raw-aqib-test/leads_raw/load_type=full/leads_raw_20260707_200735_part_00103.json,8729717,b9e2115e8fe5481145a50d10e9992438,"Tue, 7 Jul 2026 20:07:36 GMT"
s3://sales-analytics-raw-aqib-test/leads_raw/load_type=full/leads_raw_20260707_200735_part_00104.json,8601336,8371bc2d42f513a7e7d503178462e759,"Tue, 7 Jul 2026 20:07:36 GMT"
s3://sales-analytics-raw-aqib-test/leads_raw/load_type=full/leads_raw_20260707_200736_part_00105.json,8537049,421c90305672b70025742f878c0f3f6b,"Tue, 7 Jul 2026 20:07:37 GMT"
s3://sales-analytics-raw-aqib-test/leads_raw/load_type=full/leads_raw_20260707_200736_part_00106.json,8729587,5252cdc2b12f7e25f9e4a931afe9693b,"Tue, 7 Jul 2026 20:07:37 GMT"
s3://sales-analytics-raw-aqib-test/leads_raw/load_type=full/leads_raw_20260707_200736_part_00107.json,8807768,eefa922dec151b5f8698116def8911dd,"Tue, 7 Jul 2026 20:07:37 GMT"
s3://sales-analytics-raw-aqib-test/leads_raw/load_type=full/leads_raw_20260707_200737_part_00108.json,8648716,d9366ff00cd2fbe9b8f5908b1a5969f8,"Tue, 7 Jul 2026 20:07:38 GMT"
s3://sales-analytics-raw-aqib-test/leads_raw/load_type=full/leads_raw_20260707_200737_part_00109.json,8833588,5df02db9aceb6bdf10200a37e8af98de,"Tue, 7 Jul 2026 20:07:38 GMT"
s3://sales-analytics-raw-aqib-test/leads_raw/load_type=full/leads_raw_20260707_200737_part_00110.json,8676178,8d1753af55e75999e38c2388a885d8db,"Tue, 7 Jul 2026 20:07:38 GMT"
s3://sales-analytics-raw-aqib-test/leads_raw/load_type=full/leads_raw_20260707_200738_part_00111.json,8763080,a97c011acbd94b8ac7f00bcfcb2ec781,"Tue, 7 Jul 2026 20:07:39 GMT"
s3://sales-analytics-raw-aqib-test/leads_raw/load_type=full/leads_raw_20260707_200738_part_00112.json,8906474,fee73ecf9475b92338a8ff738945f222,"Tue, 7 Jul 2026 20:07:39 GMT"
s3://sales-analytics-raw-aqib-test/leads_raw/load_type=full/leads_raw_20260707_200738_part_00113.json,8965019,3c65fbd956e70a178ec1a28729462371,"Tue, 7 Jul 2026 20:07:39 GMT"
s3://sales-analytics-raw-aqib-test/leads_raw/load_type=full/leads_raw_20260707_200739_part_00114.json,8859207,7d15e673eb5a888256d9b972c6ab5e09,"Tue, 7 Jul 2026 20:07:40 GMT"
s3://sales-analytics-raw-aqib-test/leads_raw/load_type=full/leads_raw_20260707_200739_part_00115.json,9103310,52a62c6e4c82c279a6c7939da047400f,"Tue, 7 Jul 2026 20:07:40 GMT"
s3://sales-analytics-raw-aqib-test/leads_raw/load_type=full/leads_raw_20260707_200739_part_00116.json,8745395,3775a073b52008cebe7c37706a358cd2,"Tue, 7 Jul 2026 20:07:41 GMT"
s3://sales-analytics-raw-aqib-test/leads_raw/load_type=full/leads_raw_20260707_200740_part_00117.json,9070230,d67ea77e2a437abe1b4915196c013177,"Tue, 7 Jul 2026 20:07:41 GMT"
s3://sales-analytics-raw-aqib-test/leads_raw/load_type=full/leads_raw_20260707_200740_part_00118.json,8488356,548025c2b7e0a69c457996ab095e1532,"Tue, 7 Jul 2026 20:07:41 GMT"
s3://sales-analytics-raw-aqib-test/leads_raw/load_type=full/leads_raw_20260707_200741_part_00119.json,8222633,900142a4e1f00e1c4b4d7d878bc10dee,"Tue, 7 Jul 2026 20:07:42 GMT"
s3://sales-analytics-raw-aqib-test/leads_raw/load_type=full/leads_raw_20260707_200741_part_00120.json,8364180,fb910b9829c79b0bd981a228afa2bbb2,"Tue, 7 Jul 2026 20:07:42 GMT"
s3://sales-analytics-raw-aqib-test/leads_raw/load_type=full/leads_raw_20260707_200741_part_00121.json,8577082,0f5d80d93b9a32befff4f8f4ff5427ac,"Tue, 7 Jul 2026 20:07:42 GMT"
s3://sales-analytics-raw-aqib-test/leads_raw/load_type=full/leads_raw_20260707_200742_part_00122.json,9579977,ba93c8ee47e31549cb3d6c4eea62c7b1,"Tue, 7 Jul 2026 20:07:43 GMT"
s3://sales-analytics-raw-aqib-test/leads_raw/load_type=full/leads_raw_20260707_200742_part_00123.json,9479051,c7476146c2792de881b742d4c8bdafd6,"Tue, 7 Jul 2026 20:07:43 GMT"
s3://sales-analytics-raw-aqib-test/leads_raw/load_type=full/leads_raw_20260707_200742_part_00124.json,9487797,910f9ccc14194b02b295f21c1c37961e,"Tue, 7 Jul 2026 20:07:43 GMT"
s3://sales-analytics-raw-aqib-test/leads_raw/load_type=full/leads_raw_20260707_200743_part_00125.json,9564236,7cfc61c2db1c17fffea217fb4cb33651,"Tue, 7 Jul 2026 20:07:44 GMT"
s3://sales-analytics-raw-aqib-test/leads_raw/load_type=full/leads_raw_20260707_200743_part_00126.json,9351321,7d16a4d07e3bc77771b360d4159bdff4,"Tue, 7 Jul 2026 20:07:44 GMT"
s3://sales-analytics-raw-aqib-test/leads_raw/load_type=full/leads_raw_20260707_200743_part_00127.json,9220712,d4e8c55d6ddd28a1f977778caa3505c1,"Tue, 7 Jul 2026 20:07:45 GMT"
s3://sales-analytics-raw-aqib-test/leads_raw/load_type=full/leads_raw_20260707_200744_part_00128.json,8983084,f6540131cbb40df44326542b7a216aec,"Tue, 7 Jul 2026 20:07:45 GMT"
s3://sales-analytics-raw-aqib-test/leads_raw/load_type=full/leads_raw_20260707_200744_part_00129.json,9078262,535684070ba5365c7a7ec3dac79a46f3,"Tue, 7 Jul 2026 20:07:45 GMT"
s3://sales-analytics-raw-aqib-test/leads_raw/load_type=full/leads_raw_20260707_200744_part_00130.json,9147737,9187df4bc81847d83847f3a448d0928a,"Tue, 7 Jul 2026 20:07:46 GMT"
s3://sales-analytics-raw-aqib-test/leads_raw/load_type=full/leads_raw_20260707_200745_part_00131.json,9286362,4e51094fc737c2905ad2dbe3a5526696,"Tue, 7 Jul 2026 20:07:46 GMT"
s3://sales-analytics-raw-aqib-test/leads_raw/load_type=full/leads_raw_20260707_200745_part_00132.json,9194085,baa5d5f845475ab86e0cb0ee1b9ef899,"Tue, 7 Jul 2026 20:07:46 GMT"
s3://sales-analytics-raw-aqib-test/leads_raw/load_type=full/leads_raw_20260707_200746_part_00133.json,8988347,86bc6d67c3069726f86d91853e0550c0,"Tue, 7 Jul 2026 20:07:47 GMT"
s3://sales-analytics-raw-aqib-test/leads_raw/load_type=full/leads_raw_20260707_200746_part_00134.json,9088223,493d1dc2440b6d726c76119cc1bcc968,"Tue, 7 Jul 2026 20:07:47 GMT"
s3://sales-analytics-raw-aqib-test/leads_raw/load_type=full/leads_raw_20260707_200746_part_00135.json,9084414,8780aad5593f668581a0d058cf525e60,"Tue, 7 Jul 2026 20:07:48 GMT"
s3://sales-analytics-raw-aqib-test/leads_raw/load_type=full/leads_raw_20260707_200747_part_00136.json,9071788,478237ac48ebfcc79875299bc24ad901,"Tue, 7 Jul 2026 20:07:48 GMT"
s3://sales-analytics-raw-aqib-test/leads_raw/load_type=full/leads_raw_20260707_200747_part_00137.json,9130603,f556f4c0a62e9fafd0f903a3d41d6d18,"Tue, 7 Jul 2026 20:07:48 GMT"
s3://sales-analytics-raw-aqib-test/leads_raw/load_type=full/leads_raw_20260707_200748_part_00138.json,9101532,3edf11774928d0044a0c510c014191e7,"Tue, 7 Jul 2026 20:07:49 GMT"
s3://sales-analytics-raw-aqib-test/leads_raw/load_type=full/leads_raw_20260707_200748_part_00139.json,8871185,bc529e2e4506af1ba8c15ca4189a4fe5,"Tue, 7 Jul 2026 20:07:49 GMT"
s3://sales-analytics-raw-aqib-test/leads_raw/load_type=full/leads_raw_20260707_200748_part_00140.json,9193475,d7ee1f2efd5fd53439dc3ed6c9e41e56,"Tue, 7 Jul 2026 20:07:49 GMT"
s3://sales-analytics-raw-aqib-test/leads_raw/load_type=full/leads_raw_20260707_200749_part_00141.json,9134270,c35a9c1e4eec8d2d0d5be56eea7656f6,"Tue, 7 Jul 2026 20:07:50 GMT"
s3://sales-analytics-raw-aqib-test/leads_raw/load_type=full/leads_raw_20260707_200749_part_00142.json,8865500,95dde25bf641300a0e218e1a88f6efd4,"Tue, 7 Jul 2026 20:07:50 GMT"
s3://sales-analytics-raw-aqib-test/leads_raw/load_type=full/leads_raw_20260707_200749_part_00143.json,9235365,5a31e0ae49cd276b47230cf6cc348b89,"Tue, 7 Jul 2026 20:07:50 GMT"
s3://sales-analytics-raw-aqib-test/leads_raw/load_type=full/leads_raw_20260707_200750_part_00144.json,9060700,d6d0e91172d36add7594ae7da85d5bc5,"Tue, 7 Jul 2026 20:07:51 GMT"
s3://sales-analytics-raw-aqib-test/leads_raw/load_type=full/leads_raw_20260707_200750_part_00145.json,8983808,4da68a2ac78d9cd88596043199180700,"Tue, 7 Jul 2026 20:07:51 GMT"
s3://sales-analytics-raw-aqib-test/leads_raw/load_type=full/leads_raw_20260707_200751_part_00146.json,9066411,3d826fb3bf37cd550fb5a7bb7c55454d,"Tue, 7 Jul 2026 20:07:52 GMT"
s3://sales-analytics-raw-aqib-test/leads_raw/load_type=full/leads_raw_20260707_200751_part_00147.json,8843707,3c679b00bb7bb51d54c1d610859d6f13,"Tue, 7 Jul 2026 20:07:52 GMT"
s3://sales-analytics-raw-aqib-test/leads_raw/load_type=full/leads_raw_20260707_200751_part_00148.json,8977668,420f0489b21f85850e7d4f68699ce10e,"Tue, 7 Jul 2026 20:07:52 GMT"
s3://sales-analytics-raw-aqib-test/leads_raw/load_type=full/leads_raw_20260707_200752_part_00149.json,8836761,cfb3fa316fb1c7a804e65d1fcf253d69,"Tue, 7 Jul 2026 20:07:53 GMT"
s3://sales-analytics-raw-aqib-test/leads_raw/load_type=full/leads_raw_20260707_200752_part_00150.json,8872448,197faf15288528e11d1c5f79e7043923,"Tue, 7 Jul 2026 20:07:53 GMT"
s3://sales-analytics-raw-aqib-test/leads_raw/load_type=full/leads_raw_20260707_200752_part_00151.json,8796121,8b737f0ed8b58f70acd13d0a88bf4d00,"Tue, 7 Jul 2026 20:07:54 GMT"
s3://sales-analytics-raw-aqib-test/leads_raw/load_type=full/leads_raw_20260707_200753_part_00152.json,8818908,cfacf1ff7203d715dfe8cf58af3a0f34,"Tue, 7 Jul 2026 20:07:54 GMT"
s3://sales-analytics-raw-aqib-test/leads_raw/load_type=full/leads_raw_20260707_200753_part_00153.json,8808339,bd5777bc3fd5d7d410489afefb93cc99,"Tue, 7 Jul 2026 20:07:54 GMT"
s3://sales-analytics-raw-aqib-test/leads_raw/load_type=full/leads_raw_20260707_200753_part_00154.json,8932409,cf6e8881df8b771543cc3f7072cd040a,"Tue, 7 Jul 2026 20:07:55 GMT"
s3://sales-analytics-raw-aqib-test/leads_raw/load_type=full/leads_raw_20260707_200754_part_00155.json,8861992,bd6ce3b1e76caba69b7dc931547d5606,"Tue, 7 Jul 2026 20:07:55 GMT"
s3://sales-analytics-raw-aqib-test/leads_raw/load_type=full/leads_raw_20260707_200754_part_00156.json,8727428,d2bb37da75dfa6cd263bb98c1a5e2dbe,"Tue, 7 Jul 2026 20:07:55 GMT"
s3://sales-analytics-raw-aqib-test/leads_raw/load_type=full/leads_raw_20260707_200755_part_00157.json,8422492,fbe86cda133f9c4f604defa8b3f3d90e,"Tue, 7 Jul 2026 20:07:56 GMT"
s3://sales-analytics-raw-aqib-test/leads_raw/load_type=full/leads_raw_20260707_200755_part_00158.json,8799201,a73c8bb65a613f1841c0eb3bcfc2416d,"Tue, 7 Jul 2026 20:07:56 GMT"
s3://sales-analytics-raw-aqib-test/leads_raw/load_type=full/leads_raw_20260707_200755_part_00159.json,8599393,c05ff8b61f999cbb44f6dee2b3943ae5,"Tue, 7 Jul 2026 20:07:56 GMT"
s3://sales-analytics-raw-aqib-test/leads_raw/load_type=full/leads_raw_20260707_200755_part_00160.json,8697998,52b68c7692397255bb2ecaf96fbf309d,"Tue, 7 Jul 2026 20:07:57 GMT"
s3://sales-analytics-raw-aqib-test/leads_raw/load_type=full/leads_raw_20260707_200756_part_00161.json,8494259,38cd7468c3630d04d086f681e5dc1752,"Tue, 7 Jul 2026 20:07:57 GMT"
s3://sales-analytics-raw-aqib-test/leads_raw/load_type=full/leads_raw_20260707_200756_part_00162.json,8570795,a66d23a4553edcf8fc06131de34b1dcd,"Tue, 7 Jul 2026 20:07:57 GMT"
s3://sales-analytics-raw-aqib-test/leads_raw/load_type=full/leads_raw_20260707_200757_part_00163.json,8508501,76828261a87edd9c46405f66162af3f5,"Tue, 7 Jul 2026 20:07:58 GMT"
s3://sales-analytics-raw-aqib-test/leads_raw/load_type=full/leads_raw_20260707_200757_part_00164.json,8818228,bef2d4d9c47776f009a60858015842b7,"Tue, 7 Jul 2026 20:07:58 GMT"
s3://sales-analytics-raw-aqib-test/leads_raw/load_type=full/leads_raw_20260707_200757_part_00165.json,10056466,4f1b35e6fb15c4f0be349720bce5d331,"Tue, 7 Jul 2026 20:07:59 GMT"
s3://sales-analytics-raw-aqib-test/leads_raw/load_type=full/leads_raw_20260707_200758_part_00166.json,9950512,c8e1f10429d81064c8622d30c041af1a,"Tue, 7 Jul 2026 20:07:59 GMT"
s3://sales-analytics-raw-aqib-test/leads_raw/load_type=full/leads_raw_20260707_200758_part_00167.json,10131428,8911cbb990b8cdafb8747cb696c11ff1,"Tue, 7 Jul 2026 20:07:59 GMT"
s3://sales-analytics-raw-aqib-test/leads_raw/load_type=full/leads_raw_20260707_200759_part_00168.json,9817254,fa4098c501f2b2eefa1b4845de4d20fe,"Tue, 7 Jul 2026 20:08:00 GMT"
s3://sales-analytics-raw-aqib-test/leads_raw/load_type=full/leads_raw_20260707_200759_part_00169.json,10287035,406894bf923b5d43ff1ea8de3a8be104,"Tue, 7 Jul 2026 20:08:00 GMT"
s3://sales-analytics-raw-aqib-test/leads_raw/load_type=full/leads_raw_20260707_200759_part_00170.json,9873420,c70c627c9f62c6b411af59da3d67a942,"Tue, 7 Jul 2026 20:08:01 GMT"
s3://sales-analytics-raw-aqib-test/leads_raw/load_type=full/leads_raw_20260707_200800_part_00171.json,10187279,fce3c10020d18552459871175cfc32b7,"Tue, 7 Jul 2026 20:08:01 GMT"
s3://sales-analytics-raw-aqib-test/leads_raw/load_type=full/leads_raw_20260707_200800_part_00172.json,9254854,8ea0bde2581b9254f9bba5c9d59e408b,"Tue, 7 Jul 2026 20:08:01 GMT"
s3://sales-analytics-raw-aqib-test/leads_raw/load_type=full/leads_raw_20260707_200801_part_00173.json,8687879,9228dfc36467ef6c2959807b9a568720,"Tue, 7 Jul 2026 20:08:02 GMT"
s3://sales-analytics-raw-aqib-test/leads_raw/load_type=full/leads_raw_20260707_200801_part_00174.json,8747714,af427f5edb0f7a37a0333a8e7f484771,"Tue, 7 Jul 2026 20:08:02 GMT"
s3://sales-analytics-raw-aqib-test/leads_raw/load_type=full/leads_raw_20260707_200801_part_00175.json,8640680,e2ec5f6623ee81ba5cc5a9ccfd8dae21,"Tue, 7 Jul 2026 20:08:02 GMT"
s3://sales-analytics-raw-aqib-test/leads_raw/load_type=full/leads_raw_20260707_200802_part_00176.json,8772035,1379eb07e1a2d298e42d3b09258d5083,"Tue, 7 Jul 2026 20:08:03 GMT"
s3://sales-analytics-raw-aqib-test/leads_raw/load_type=full/leads_raw_20260707_200802_part_00177.json,8681622,19138b1d1c3756cb1014a2bbe4d3b968,"Tue, 7 Jul 2026 20:08:03 GMT"
s3://sales-analytics-raw-aqib-test/leads_raw/load_type=full/leads_raw_20260707_200802_part_00178.json,8805664,2049eb4674f8577bd0f7c1d39c89007c,"Tue, 7 Jul 2026 20:08:03 GMT"
s3://sales-analytics-raw-aqib-test/leads_raw/load_type=full/leads_raw_20260707_200803_part_00179.json,8865067,131a356cad232986f2608fdc78a25533,"Tue, 7 Jul 2026 20:08:04 GMT"
s3://sales-analytics-raw-aqib-test/leads_raw/load_type=full/leads_raw_20260707_200803_part_00180.json,8742288,e717f6f8a4b8b7515fb212e6d5459c57,"Tue, 7 Jul 2026 20:08:04 GMT"
s3://sales-analytics-raw-aqib-test/leads_raw/load_type=full/leads_raw_20260707_200803_part_00181.json,8782239,090b37c6f9c970ad166cb817fd208404,"Tue, 7 Jul 2026 20:08:04 GMT"
s3://sales-analytics-raw-aqib-test/leads_raw/load_type=full/leads_raw_20260707_200804_part_00182.json,9312598,a1add159de4f329010519085796b7633,"Tue, 7 Jul 2026 20:08:05 GMT"
s3://sales-analytics-raw-aqib-test/leads_raw/load_type=full/leads_raw_20260707_200804_part_00183.json,9635748,1fc53bcc0801f7714f75a59552fab871,"Tue, 7 Jul 2026 20:08:05 GMT"
s3://sales-analytics-raw-aqib-test/leads_raw/load_type=full/leads_raw_20260707_200804_part_00184.json,9528162,ee76ee6c4639f3b29de203804cbd81ec,"Tue, 7 Jul 2026 20:08:06 GMT"
s3://sales-analytics-raw-aqib-test/leads_raw/load_type=full/leads_raw_20260707_200805_part_00185.json,9515400,aad6f80ea2925e8c239f78b39d4cbba7,"Tue, 7 Jul 2026 20:08:06 GMT"
s3://sales-analytics-raw-aqib-test/leads_raw/load_type=full/leads_raw_20260707_200805_part_00186.json,9216747,25d03bb60092aff8ac7a077af6646212,"Tue, 7 Jul 2026 20:08:06 GMT"
s3://sales-analytics-raw-aqib-test/leads_raw/load_type=full/leads_raw_20260707_200806_part_00187.json,8538717,b452e5041b1a1400664e80fbba23fb13,"Tue, 7 Jul 2026 20:08:07 GMT"
s3://sales-analytics-raw-aqib-test/leads_raw/load_type=full/leads_raw_20260707_200806_part_00188.json,8446490,9d506eaba8e9cb6a9264dee2b3387821,"Tue, 7 Jul 2026 20:08:07 GMT"
s3://sales-analytics-raw-aqib-test/leads_raw/load_type=full/leads_raw_20260707_200806_part_00189.json,8399961,8d809147b7f0d5e5016d7b5e3d34b98e,"Tue, 7 Jul 2026 20:08:07 GMT"
s3://sales-analytics-raw-aqib-test/leads_raw/load_type=full/leads_raw_20260707_200807_part_00190.json,8398840,8161fa9dfccd6cc65f3ad3e07e58518f,"Tue, 7 Jul 2026 20:08:08 GMT"
s3://sales-analytics-raw-aqib-test/leads_raw/load_type=full/leads_raw_20260707_200807_part_00191.json,8489660,3549808ccfc365e0f996a585d73e6d5d,"Tue, 7 Jul 2026 20:08:08 GMT"
s3://sales-analytics-raw-aqib-test/leads_raw/load_type=full/leads_raw_20260707_200807_part_00192.json,8399307,2670a465c27df27e908b16d6591c9939,"Tue, 7 Jul 2026 20:08:08 GMT"
s3://sales-analytics-raw-aqib-test/leads_raw/load_type=full/leads_raw_20260707_200808_part_00193.json,8651755,a3298e5378e364c23d8082676229fd38,"Tue, 7 Jul 2026 20:08:09 GMT"
s3://sales-analytics-raw-aqib-test/leads_raw/load_type=full/leads_raw_20260707_200808_part_00194.json,8292882,3d38ee8e002faf5ef7a3d9882a340906,"Tue, 7 Jul 2026 20:08:09 GMT"
s3://sales-analytics-raw-aqib-test/leads_raw/load_type=full/leads_raw_20260707_200808_part_00195.json,8448197,aa6f5355eb15a3af5d8b5771d0574dc7,"Tue, 7 Jul 2026 20:08:10 GMT"
s3://sales-analytics-raw-aqib-test/leads_raw/load_type=full/leads_raw_20260707_200809_part_00196.json,8491330,3da99f50a83ac4a1445bee6db64bcbb8,"Tue, 7 Jul 2026 20:08:10 GMT"
s3://sales-analytics-raw-aqib-test/leads_raw/load_type=full/leads_raw_20260707_200809_part_00197.json,8544501,6194d80147013ded5b2975d5b7d76bc0,"Tue, 7 Jul 2026 20:08:10 GMT"
s3://sales-analytics-raw-aqib-test/leads_raw/load_type=full/leads_raw_20260707_200809_part_00198.json,8442950,8d2fff09520875f23158781bb73eda2e,"Tue, 7 Jul 2026 20:08:10 GMT"
s3://sales-analytics-raw-aqib-test/leads_raw/load_type=full/leads_raw_20260707_200810_part_00199.json,8794382,dce28d8be555fd52e398f56f48f91f70,"Tue, 7 Jul 2026 20:08:11 GMT"
s3://sales-analytics-raw-aqib-test/leads_raw/load_type=full/leads_raw_20260707_200810_part_00200.json,8627322,d38dca19e884831ccd4722f77085a3d7,"Tue, 7 Jul 2026 20:08:11 GMT"
s3://sales-analytics-raw-aqib-test/leads_raw/load_type=full/leads_raw_20260707_200810_part_00201.json,8593178,b92f0ea23bf5a64ce858dcfc7c1fe5a2,"Tue, 7 Jul 2026 20:08:12 GMT"
s3://sales-analytics-raw-aqib-test/leads_raw/load_type=full/leads_raw_20260707_200811_part_00202.json,8753203,55b9ffde58cbaf0a8cbea57923dec8db,"Tue, 7 Jul 2026 20:08:12 GMT"
s3://sales-analytics-raw-aqib-test/leads_raw/load_type=full/leads_raw_20260707_200811_part_00203.json,8451129,ebf89afe64b928a236335c84898def60,"Tue, 7 Jul 2026 20:08:12 GMT"
s3://sales-analytics-raw-aqib-test/leads_raw/load_type=full/leads_raw_20260707_200812_part_00204.json,8653489,ab6889b1608411c01b12d63ce268c749,"Tue, 7 Jul 2026 20:08:13 GMT"
s3://sales-analytics-raw-aqib-test/leads_raw/load_type=full/leads_raw_20260707_200812_part_00205.json,8353044,4d3a10a134dfa9cab0d08001578efcbe,"Tue, 7 Jul 2026 20:08:13 GMT"
s3://sales-analytics-raw-aqib-test/leads_raw/load_type=full/leads_raw_20260707_200813_part_00206.json,8360577,6cc603959d64b0b03dda3bd8f21398ba,"Tue, 7 Jul 2026 20:08:14 GMT"
s3://sales-analytics-raw-aqib-test/leads_raw/load_type=full/leads_raw_20260707_200813_part_00207.json,8331815,1e5b775b25e075b5eb36f402fd79c20e,"Tue, 7 Jul 2026 20:08:14 GMT"
s3://sales-analytics-raw-aqib-test/leads_raw/load_type=full/leads_raw_20260707_200813_part_00208.json,8263662,498977f48e1c4a1f3821f11c7613b114,"Tue, 7 Jul 2026 20:08:15 GMT"
s3://sales-analytics-raw-aqib-test/leads_raw/load_type=full/leads_raw_20260707_200814_part_00209.json,8264055,8590c0525a6100161838b2c80c478872,"Tue, 7 Jul 2026 20:08:15 GMT"
s3://sales-analytics-raw-aqib-test/leads_raw/load_type=full/leads_raw_20260707_200814_part_00210.json,8302588,4d5d7232e110026c38bc1b069b8f4fbc,"Tue, 7 Jul 2026 20:08:15 GMT"
s3://sales-analytics-raw-aqib-test/leads_raw/load_type=full/leads_raw_20260707_200815_part_00211.json,8374862,5ea1f4f4d7f6389e692b3e983483bdf7,"Tue, 7 Jul 2026 20:08:16 GMT"
s3://sales-analytics-raw-aqib-test/leads_raw/load_type=full/leads_raw_20260707_200815_part_00212.json,8444488,e2682ca2881d4a2acafbc8567c14c228,"Tue, 7 Jul 2026 20:08:16 GMT"
s3://sales-analytics-raw-aqib-test/leads_raw/load_type=full/leads_raw_20260707_200816_part_00213.json,8342087,717ed2213709e4750207ebcb3496f02f,"Tue, 7 Jul 2026 20:08:17 GMT"
s3://sales-analytics-raw-aqib-test/leads_raw/load_type=full/leads_raw_20260707_200816_part_00214.json,8529270,589ef457fcf1011cb31bac52ec3f9e2c,"Tue, 7 Jul 2026 20:08:17 GMT"
s3://sales-analytics-raw-aqib-test/leads_raw/load_type=full/leads_raw_20260707_200817_part_00215.json,8479341,b84b1fbaf29f8401f0c2197758e2b1ab,"Tue, 7 Jul 2026 20:08:18 GMT"
s3://sales-analytics-raw-aqib-test/leads_raw/load_type=full/leads_raw_20260707_200817_part_00216.json,8227604,0a765bd11fea5a5ab0071028d13253c9,"Tue, 7 Jul 2026 20:08:18 GMT"
s3://sales-analytics-raw-aqib-test/leads_raw/load_type=full/leads_raw_20260707_200817_part_00217.json,8083146,5297fc5dc8c39e4b88595c82dd2a10f3,"Tue, 7 Jul 2026 20:08:18 GMT"
s3://sales-analytics-raw-aqib-test/leads_raw/load_type=full/leads_raw_20260707_200818_part_00218.json,8169117,bc3c0816f7f956deb129503ee6811c36,"Tue, 7 Jul 2026 20:08:19 GMT"
s3://sales-analytics-raw-aqib-test/leads_raw/load_type=full/leads_raw_20260707_200818_part_00219.json,8138742,d689dfda1769e85e5f9b858fb44bcff2,"Tue, 7 Jul 2026 20:08:19 GMT"
s3://sales-analytics-raw-aqib-test/leads_raw/load_type=full/leads_raw_20260707_200819_part_00220.json,8112095,866a16869ae9fac00e7f8526414feec3,"Tue, 7 Jul 2026 20:08:20 GMT"
s3://sales-analytics-raw-aqib-test/leads_raw/load_type=full/leads_raw_20260707_200819_part_00221.json,8063489,b841363116b1009a420477135634e21f,"Tue, 7 Jul 2026 20:08:20 GMT"
s3://sales-analytics-raw-aqib-test/leads_raw/load_type=full/leads_raw_20260707_200819_part_00222.json,8223242,aeb89bb1cc18eba19cf2a7f8dedb6355,"Tue, 7 Jul 2026 20:08:20 GMT"
s3://sales-analytics-raw-aqib-test/leads_raw/load_type=full/leads_raw_20260707_200820_part_00223.json,8120891,bee642f50d83f9eb878c87f295945dce,"Tue, 7 Jul 2026 20:08:21 GMT"
s3://sales-analytics-raw-aqib-test/leads_raw/load_type=full/leads_raw_20260707_200820_part_00224.json,8219113,6846ef0be160b68c9a0bf8ab27a8cd5e,"Tue, 7 Jul 2026 20:08:21 GMT"
s3://sales-analytics-raw-aqib-test/leads_raw/load_type=full/leads_raw_20260707_200821_part_00225.json,7963949,b76000a03a58c0f37d6ab3d42fff1d29,"Tue, 7 Jul 2026 20:08:22 GMT"
s3://sales-analytics-raw-aqib-test/leads_raw/load_type=full/leads_raw_20260707_200821_part_00226.json,7944274,39760f19cf27885891ed7df4f4992b0f,"Tue, 7 Jul 2026 20:08:22 GMT"
s3://sales-analytics-raw-aqib-test/leads_raw/load_type=full/leads_raw_20260707_200821_part_00227.json,8053268,af961b6b437a86e50209997788378d3c,"Tue, 7 Jul 2026 20:08:22 GMT"
s3://sales-analytics-raw-aqib-test/leads_raw/load_type=full/leads_raw_20260707_200822_part_00228.json,8129351,93a26f0795a76c1b485bbc08e4fca458,"Tue, 7 Jul 2026 20:08:23 GMT"
s3://sales-analytics-raw-aqib-test/leads_raw/load_type=full/leads_raw_20260707_200822_part_00229.json,8891003,48b6811bd1e97f9791fd3fda5b2f3653,"Tue, 7 Jul 2026 20:08:23 GMT"
s3://sales-analytics-raw-aqib-test/leads_raw/load_type=full/leads_raw_20260707_200823_part_00230.json,9318250,39e2b4efa7412365448d35e1695a8bd6,"Tue, 7 Jul 2026 20:08:24 GMT"
s3://sales-analytics-raw-aqib-test/leads_raw/load_type=full/leads_raw_20260707_200823_part_00231.json,9349742,cd5f5a09adc52887b248b2d7c3b1f4e4,"Tue, 7 Jul 2026 20:08:25 GMT"
s3://sales-analytics-raw-aqib-test/leads_raw/load_type=full/leads_raw_20260707_200824_part_00232.json,9454415,62bfce57e8839e97d05b7f00345cde6d,"Tue, 7 Jul 2026 20:08:25 GMT"
s3://sales-analytics-raw-aqib-test/leads_raw/load_type=full/leads_raw_20260707_200824_part_00233.json,8846964,59649257802a615855d88a125a9b71d9,"Tue, 7 Jul 2026 20:08:25 GMT"
s3://sales-analytics-raw-aqib-test/leads_raw/load_type=full/leads_raw_20260707_202609_part_00001.json,8422471,f9859436e019e5e63b251ff7c3546bf2,"Tue, 7 Jul 2026 20:26:11 GMT"
s3://sales-analytics-raw-aqib-test/leads_raw/load_type=full/leads_raw_20260707_202610_part_00002.json,8463556,1b3f40e1948f1948feacc36096b83e30,"Tue, 7 Jul 2026 20:26:11 GMT"
s3://sales-analytics-raw-aqib-test/leads_raw/load_type=full/leads_raw_20260707_202610_part_00003.json,8635045,0037a5c8072aaf7d17eb88820276862f,"Tue, 7 Jul 2026 20:26:11 GMT"
s3://sales-analytics-raw-aqib-test/leads_raw/load_type=full/leads_raw_20260707_202611_part_00004.json,8414634,25c5968750a262703b4dc43b2620d6c7,"Tue, 7 Jul 2026 20:26:12 GMT"
s3://sales-analytics-raw-aqib-test/leads_raw/load_type=full/leads_raw_20260707_202611_part_00005.json,8619805,fdef05b3966620236aa45b64ee5317ba,"Tue, 7 Jul 2026 20:26:12 GMT"
s3://sales-analytics-raw-aqib-test/leads_raw/load_type=full/leads_raw_20260707_202611_part_00006.json,8611108,05213009a0f5f4d176a6794b83a07ecc,"Tue, 7 Jul 2026 20:26:12 GMT"
s3://sales-analytics-raw-aqib-test/leads_raw/load_type=full/leads_raw_20260707_202612_part_00007.json,8400272,b162b0c737b8119db069330f9dfe54d7,"Tue, 7 Jul 2026 20:26:13 GMT"
s3://sales-analytics-raw-aqib-test/leads_raw/load_type=full/leads_raw_20260707_202612_part_00008.json,8631533,024526468a791054a14f0433b71bb046,"Tue, 7 Jul 2026 20:26:13 GMT"
s3://sales-analytics-raw-aqib-test/leads_raw/load_type=full/leads_raw_20260707_202612_part_00009.json,8621928,946ce7b66e98ff67272f394a15b4a2b2,"Tue, 7 Jul 2026 20:26:14 GMT"
s3://sales-analytics-raw-aqib-test/leads_raw/load_type=full/leads_raw_20260707_202613_part_00010.json,9345313,983491ad13e9383489c7f63e4fffe951,"Tue, 7 Jul 2026 20:26:14 GMT"
s3://sales-analytics-raw-aqib-test/leads_raw/load_type=full/leads_raw_20260707_202613_part_00011.json,9300625,5bef9f4f42ce6df073f6199524f37a49,"Tue, 7 Jul 2026 20:26:14 GMT"
s3://sales-analytics-raw-aqib-test/leads_raw/load_type=full/leads_raw_20260707_202613_part_00012.json,9286977,89a2e9f8a3119f41d48d6dc882327c03,"Tue, 7 Jul 2026 20:26:15 GMT"
s3://sales-analytics-raw-aqib-test/leads_raw/load_type=full/leads_raw_20260707_202614_part_00013.json,9428968,2050617e84ed70e1282fe0dff86c1bf4,"Tue, 7 Jul 2026 20:26:15 GMT"
s3://sales-analytics-raw-aqib-test/leads_raw/load_type=full/leads_raw_20260707_202614_part_00014.json,8995141,2f6a0a6654e30f6372e395d81407c9a8,"Tue, 7 Jul 2026 20:26:15 GMT"
s3://sales-analytics-raw-aqib-test/leads_raw/load_type=full/leads_raw_20260707_202615_part_00015.json,8631375,b14da688313a5aa2a1a470a65875f523,"Tue, 7 Jul 2026 20:26:16 GMT"
s3://sales-analytics-raw-aqib-test/leads_raw/load_type=full/leads_raw_20260707_202615_part_00016.json,8673198,e14b5ac66bab287811294b90657e9397,"Tue, 7 Jul 2026 20:26:16 GMT"
s3://sales-analytics-raw-aqib-test/leads_raw/load_type=full/leads_raw_20260707_202615_part_00017.json,8532002,9ec34d63434a522f8d24025b5e9559bb,"Tue, 7 Jul 2026 20:26:16 GMT"
s3://sales-analytics-raw-aqib-test/leads_raw/load_type=full/leads_raw_20260707_202616_part_00018.json,8462780,38a99bd82c9d8003ebcbe1abf470e270,"Tue, 7 Jul 2026 20:26:17 GMT"
s3://sales-analytics-raw-aqib-test/leads_raw/load_type=full/leads_raw_20260707_202616_part_00019.json,8687797,0016eb96ef3941dd164fd7ce494b94e0,"Tue, 7 Jul 2026 20:26:17 GMT"
s3://sales-analytics-raw-aqib-test/leads_raw/load_type=full/leads_raw_20260707_202616_part_00020.json,8565641,56058ba006aa17cda4c4c4ef5b78e05d,"Tue, 7 Jul 2026 20:26:17 GMT"
s3://sales-analytics-raw-aqib-test/leads_raw/load_type=full/leads_raw_20260707_202617_part_00021.json,8479576,cc95b56b1b81095e69062326a9fcffe1,"Tue, 7 Jul 2026 20:26:18 GMT"
s3://sales-analytics-raw-aqib-test/leads_raw/load_type=full/leads_raw_20260707_202617_part_00022.json,8619676,7306a1f90f6cdc71a0d59d304bb1a5a3,"Tue, 7 Jul 2026 20:26:18 GMT"
s3://sales-analytics-raw-aqib-test/leads_raw/load_type=full/leads_raw_20260707_202617_part_00023.json,8537350,8dd80cfb327f4a594d5612a5a2c37137,"Tue, 7 Jul 2026 20:26:19 GMT"
s3://sales-analytics-raw-aqib-test/leads_raw/load_type=full/leads_raw_20260707_202618_part_00024.json,8409158,abf7c7867d64742ff3ba282e93c29d93,"Tue, 7 Jul 2026 20:26:19 GMT"
s3://sales-analytics-raw-aqib-test/leads_raw/load_type=full/leads_raw_20260707_202618_part_00025.json,8770364,7213a60663607d357d554a810054584a,"Tue, 7 Jul 2026 20:26:19 GMT"
s3://sales-analytics-raw-aqib-test/leads_raw/load_type=full/leads_raw_20260707_202618_part_00026.json,8822556,a3384d608452c80f039dad193b1d293a,"Tue, 7 Jul 2026 20:26:20 GMT"
s3://sales-analytics-raw-aqib-test/leads_raw/load_type=full/leads_raw_20260707_202619_part_00027.json,8803040,112e8f1eaff806b33bb456d7260059c7,"Tue, 7 Jul 2026 20:26:20 GMT"
s3://sales-analytics-raw-aqib-test/leads_raw/load_type=full/leads_raw_20260707_202619_part_00028.json,8659896,ec67134659e8ef7d0b4bc76a6aad1c97,"Tue, 7 Jul 2026 20:26:20 GMT"
s3://sales-analytics-raw-aqib-test/leads_raw/load_type=full/leads_raw_20260707_202620_part_00029.json,9041933,84be75435ed1a3e3dbb32927dd0c59c2,"Tue, 7 Jul 2026 20:26:21 GMT"
s3://sales-analytics-raw-aqib-test/leads_raw/load_type=full/leads_raw_20260707_202620_part_00030.json,8788528,c43b0acd9426e70b8b73c3e9a4b89e22,"Tue, 7 Jul 2026 20:26:21 GMT"
s3://sales-analytics-raw-aqib-test/leads_raw/load_type=full/leads_raw_20260707_202620_part_00031.json,8945595,20689cc276a1984aa46c2cc60b825014,"Tue, 7 Jul 2026 20:26:21 GMT"
s3://sales-analytics-raw-aqib-test/leads_raw/load_type=full/leads_raw_20260707_202621_part_00032.json,9140208,5e33f2564aa66aba762258207f1abce7,"Tue, 7 Jul 2026 20:26:22 GMT"
s3://sales-analytics-raw-aqib-test/leads_raw/load_type=full/leads_raw_20260707_202621_part_00033.json,8814695,3422c92cc5cc882d4daaa19336a242e2,"Tue, 7 Jul 2026 20:26:22 GMT"
s3://sales-analytics-raw-aqib-test/leads_raw/load_type=full/leads_raw_20260707_202621_part_00034.json,8797680,76821cfa22c484fd3fe2178ec03d5a90,"Tue, 7 Jul 2026 20:26:23 GMT"
s3://sales-analytics-raw-aqib-test/leads_raw/load_type=full/leads_raw_20260707_202622_part_00035.json,8535002,705d86ed35d12dff99d3e82294cd71fe,"Tue, 7 Jul 2026 20:26:23 GMT"
s3://sales-analytics-raw-aqib-test/leads_raw/load_type=full/leads_raw_20260707_202622_part_00036.json,8280446,4707896c3c5f9f0e88accb1b37c10c96,"Tue, 7 Jul 2026 20:26:23 GMT"
s3://sales-analytics-raw-aqib-test/leads_raw/load_type=full/leads_raw_20260707_202623_part_00037.json,8422361,77534ef47dfdfc658882efd8f21fb70e,"Tue, 7 Jul 2026 20:26:24 GMT"
s3://sales-analytics-raw-aqib-test/leads_raw/load_type=full/leads_raw_20260707_202623_part_00038.json,8287217,f841183213708ff66d13d0b8d62d5043,"Tue, 7 Jul 2026 20:26:24 GMT"
s3://sales-analytics-raw-aqib-test/leads_raw/load_type=full/leads_raw_20260707_202623_part_00039.json,8518702,55a24d5c658d62b3de67cd9498b75d4a,"Tue, 7 Jul 2026 20:26:24 GMT"
s3://sales-analytics-raw-aqib-test/leads_raw/load_type=full/leads_raw_20260707_202624_part_00040.json,8319617,dcfe121a0a88afc73704ed9422e588fa,"Tue, 7 Jul 2026 20:26:25 GMT"
s3://sales-analytics-raw-aqib-test/leads_raw/load_type=full/leads_raw_20260707_202624_part_00041.json,8507521,8e544d6859cb56719dd0b65923601af1,"Tue, 7 Jul 2026 20:26:25 GMT"
s3://sales-analytics-raw-aqib-test/leads_raw/load_type=full/leads_raw_20260707_202624_part_00042.json,8639176,560ed1bef0d1ba5244c88e690c0b6ebc,"Tue, 7 Jul 2026 20:26:26 GMT"
s3://sales-analytics-raw-aqib-test/leads_raw/load_type=full/leads_raw_20260707_202625_part_00043.json,8524052,0572722b43910725241f8d2039f17f9b,"Tue, 7 Jul 2026 20:26:26 GMT"
s3://sales-analytics-raw-aqib-test/leads_raw/load_type=full/leads_raw_20260707_202625_part_00044.json,8213666,b070c0829840cdd1f14819207597d887,"Tue, 7 Jul 2026 20:26:26 GMT"
s3://sales-analytics-raw-aqib-test/leads_raw/load_type=full/leads_raw_20260707_202625_part_00045.json,8845497,7390150c1b69b4fdddb60fca2d49db5c,"Tue, 7 Jul 2026 20:26:27 GMT"
s3://sales-analytics-raw-aqib-test/leads_raw/load_type=full/leads_raw_20260707_202626_part_00046.json,8695521,da7e3b89f1ecfa9317013aaba0f87ffa,"Tue, 7 Jul 2026 20:26:27 GMT"
s3://sales-analytics-raw-aqib-test/leads_raw/load_type=full/leads_raw_20260707_202626_part_00047.json,8659051,ea9feb8f9460a3e627bb76a1fd302e3e,"Tue, 7 Jul 2026 20:26:27 GMT"
s3://sales-analytics-raw-aqib-test/leads_raw/load_type=full/leads_raw_20260707_202627_part_00048.json,8626439,3a3ad79252de6dc90aec4a4afe02f2eb,"Tue, 7 Jul 2026 20:26:28 GMT"
s3://sales-analytics-raw-aqib-test/leads_raw/load_type=full/leads_raw_20260707_202627_part_00049.json,8841062,0e12575fa35b192d8531f70dcca33341,"Tue, 7 Jul 2026 20:26:28 GMT"
s3://sales-analytics-raw-aqib-test/leads_raw/load_type=full/leads_raw_20260707_202627_part_00050.json,8767737,0f38f73d6a6f4b5949ff706261ed2414,"Tue, 7 Jul 2026 20:26:28 GMT"
s3://sales-analytics-raw-aqib-test/leads_raw/load_type=full/leads_raw_20260707_202628_part_00051.json,8754997,3b3f268806bbf59c28f51c76e9982d77,"Tue, 7 Jul 2026 20:26:29 GMT"
s3://sales-analytics-raw-aqib-test/leads_raw/load_type=full/leads_raw_20260707_202628_part_00052.json,8709498,5d45284cc8b7456e9294cef5917700fc,"Tue, 7 Jul 2026 20:26:29 GMT"
s3://sales-analytics-raw-aqib-test/leads_raw/load_type=full/leads_raw_20260707_202628_part_00053.json,8697023,55a18f423228bccf8053dad9ac086431,"Tue, 7 Jul 2026 20:26:29 GMT"
s3://sales-analytics-raw-aqib-test/leads_raw/load_type=full/leads_raw_20260707_202629_part_00054.json,8568535,b9c9715759745a5284c3fb74bb43a53c,"Tue, 7 Jul 2026 20:26:30 GMT"
s3://sales-analytics-raw-aqib-test/leads_raw/load_type=full/leads_raw_20260707_202629_part_00055.json,8889339,0d981961e68c8d36282905ba3481763a,"Tue, 7 Jul 2026 20:26:30 GMT"
s3://sales-analytics-raw-aqib-test/leads_raw/load_type=full/leads_raw_20260707_202629_part_00056.json,8803009,f3886f12f2ffd1c827ffeb1a9f8d3a2b,"Tue, 7 Jul 2026 20:26:30 GMT"
s3://sales-analytics-raw-aqib-test/leads_raw/load_type=full/leads_raw_20260707_202630_part_00057.json,8725457,96098e758e0ac06513b3ba69f62f19f9,"Tue, 7 Jul 2026 20:26:31 GMT"
s3://sales-analytics-raw-aqib-test/leads_raw/load_type=full/leads_raw_20260707_202630_part_00058.json,8654999,6c227535ba3f84d658018e8322b6a467,"Tue, 7 Jul 2026 20:26:31 GMT"
s3://sales-analytics-raw-aqib-test/leads_raw/load_type=full/leads_raw_20260707_202631_part_00059.json,8596684,4f9e55dd7361f04dba0d0f0e7ce69438,"Tue, 7 Jul 2026 20:26:32 GMT"
s3://sales-analytics-raw-aqib-test/leads_raw/load_type=full/leads_raw_20260707_202631_part_00060.json,8657157,c70e33ef0a5434142b439cab3de914b5,"Tue, 7 Jul 2026 20:26:32 GMT"
s3://sales-analytics-raw-aqib-test/leads_raw/load_type=full/leads_raw_20260707_202631_part_00061.json,8702670,9949d6ade842afd6ad61492bf7328457,"Tue, 7 Jul 2026 20:26:32 GMT"
s3://sales-analytics-raw-aqib-test/leads_raw/load_type=full/leads_raw_20260707_202632_part_00062.json,8515240,968d74ab89408d80b0fb85dc97d1835f,"Tue, 7 Jul 2026 20:26:33 GMT"
s3://sales-analytics-raw-aqib-test/leads_raw/load_type=full/leads_raw_20260707_202632_part_00063.json,8655592,c2ee70aa71e768ab2bb574f1780100d0,"Tue, 7 Jul 2026 20:26:33 GMT"
s3://sales-analytics-raw-aqib-test/leads_raw/load_type=full/leads_raw_20260707_202632_part_00064.json,8600839,e9f6e23e648e9843a88de598ccbe4a83,"Tue, 7 Jul 2026 20:26:34 GMT"
s3://sales-analytics-raw-aqib-test/leads_raw/load_type=full/leads_raw_20260707_202633_part_00065.json,9576431,7df4f74277156eca8a78829397262def,"Tue, 7 Jul 2026 20:26:34 GMT"
s3://sales-analytics-raw-aqib-test/leads_raw/load_type=full/leads_raw_20260707_202633_part_00066.json,9565840,904bc83b25d30b69ccfdc4f7f1c504fc,"Tue, 7 Jul 2026 20:26:34 GMT"
s3://sales-analytics-raw-aqib-test/leads_raw/load_type=full/leads_raw_20260707_202634_part_00067.json,9506355,37d4d856f528f630fd1ed05541d3d28f,"Tue, 7 Jul 2026 20:26:35 GMT"
s3://sales-analytics-raw-aqib-test/leads_raw/load_type=full/leads_raw_20260707_202634_part_00068.json,9644343,038a56101b381ca17ef625dc79734b5a,"Tue, 7 Jul 2026 20:26:35 GMT"
s3://sales-analytics-raw-aqib-test/leads_raw/load_type=full/leads_raw_20260707_202634_part_00069.json,9762042,7e5e8079f427b1dec3bc6d969dce6161,"Tue, 7 Jul 2026 20:26:36 GMT"
s3://sales-analytics-raw-aqib-test/leads_raw/load_type=full/leads_raw_20260707_202635_part_00070.json,9712315,fe8f8215025d931d462f14404c52cd39,"Tue, 7 Jul 2026 20:26:36 GMT"
s3://sales-analytics-raw-aqib-test/leads_raw/load_type=full/leads_raw_20260707_202635_part_00071.json,9824043,5b30aa424ab7537687e58fdf8290b604,"Tue, 7 Jul 2026 20:26:36 GMT"
s3://sales-analytics-raw-aqib-test/leads_raw/load_type=full/leads_raw_20260707_202636_part_00072.json,9800332,5ef3eb5f1881003d62513b8a6e77a643,"Tue, 7 Jul 2026 20:26:37 GMT"
s3://sales-analytics-raw-aqib-test/leads_raw/load_type=full/leads_raw_20260707_202636_part_00073.json,9578323,a3642dacc5d2eebcafcdb34dbe19dcd3,"Tue, 7 Jul 2026 20:26:37 GMT"
s3://sales-analytics-raw-aqib-test/leads_raw/load_type=full/leads_raw_20260707_202636_part_00074.json,9627274,7dd0913057a1b3ea29f0aeadabf6a0a6,"Tue, 7 Jul 2026 20:26:37 GMT"
s3://sales-analytics-raw-aqib-test/leads_raw/load_type=full/leads_raw_20260707_202637_part_00075.json,9340867,9990d37a5da39f3f38781222a80002ed,"Tue, 7 Jul 2026 20:26:38 GMT"
s3://sales-analytics-raw-aqib-test/leads_raw/load_type=full/leads_raw_20260707_202637_part_00076.json,8984818,a2ff7c3d4653cf7d589320fd618aa50e,"Tue, 7 Jul 2026 20:26:38 GMT"
s3://sales-analytics-raw-aqib-test/leads_raw/load_type=full/leads_raw_20260707_202638_part_00077.json,8691250,677a7a5d00b2064fb0314bb86c358ee3,"Tue, 7 Jul 2026 20:26:39 GMT"
s3://sales-analytics-raw-aqib-test/leads_raw/load_type=full/leads_raw_20260707_202638_part_00078.json,8649609,f30e9dd9ae0c410b02b0f24593be8b8b,"Tue, 7 Jul 2026 20:26:39 GMT"
s3://sales-analytics-raw-aqib-test/leads_raw/load_type=full/leads_raw_20260707_202638_part_00079.json,8671121,7381fc71eebce5f25e52d703689a4b6f,"Tue, 7 Jul 2026 20:26:39 GMT"
s3://sales-analytics-raw-aqib-test/leads_raw/load_type=full/leads_raw_20260707_202639_part_00080.json,8858950,1bbae7031eee41654255691b0a2464df,"Tue, 7 Jul 2026 20:26:40 GMT"
s3://sales-analytics-raw-aqib-test/leads_raw/load_type=full/leads_raw_20260707_202639_part_00081.json,8810987,33b89de3098635460e0418abd4c8e199,"Tue, 7 Jul 2026 20:26:40 GMT"
s3://sales-analytics-raw-aqib-test/leads_raw/load_type=full/leads_raw_20260707_202639_part_00082.json,8659392,4d50f16cd848f62ef0d6d6d05d4231b1,"Tue, 7 Jul 2026 20:26:40 GMT"
s3://sales-analytics-raw-aqib-test/leads_raw/load_type=full/leads_raw_20260707_202640_part_00083.json,8830621,425fb2c68181bf6492f5f8aa80580527,"Tue, 7 Jul 2026 20:26:41 GMT"
s3://sales-analytics-raw-aqib-test/leads_raw/load_type=full/leads_raw_20260707_202640_part_00084.json,8912474,37ab5a3a97597a2e1b693f7cea8621cf,"Tue, 7 Jul 2026 20:26:41 GMT"
s3://sales-analytics-raw-aqib-test/leads_raw/load_type=full/leads_raw_20260707_202640_part_00085.json,8780597,d2c31260726ffc8811c4555d4d233eeb,"Tue, 7 Jul 2026 20:26:42 GMT"
s3://sales-analytics-raw-aqib-test/leads_raw/load_type=full/leads_raw_20260707_202641_part_00086.json,8752118,b165beb135acba9d16872fa9e08d0095,"Tue, 7 Jul 2026 20:26:42 GMT"
s3://sales-analytics-raw-aqib-test/leads_raw/load_type=full/leads_raw_20260707_202641_part_00087.json,8829342,082d810756aa044cb4aa820f341eddf7,"Tue, 7 Jul 2026 20:26:42 GMT"
s3://sales-analytics-raw-aqib-test/leads_raw/load_type=full/leads_raw_20260707_202642_part_00088.json,8687891,62fea216b4d6ca677384b1da0b4eb83c,"Tue, 7 Jul 2026 20:26:43 GMT"
s3://sales-analytics-raw-aqib-test/leads_raw/load_type=full/leads_raw_20260707_202642_part_00089.json,8889815,2b540d6c029140c4e45fb293b5261afb,"Tue, 7 Jul 2026 20:26:43 GMT"
s3://sales-analytics-raw-aqib-test/leads_raw/load_type=full/leads_raw_20260707_202642_part_00090.json,8860224,8088fed6de668ef6dcb332457f2a8f44,"Tue, 7 Jul 2026 20:26:43 GMT"
s3://sales-analytics-raw-aqib-test/leads_raw/load_type=full/leads_raw_20260707_202643_part_00091.json,8881501,5b403dd0191cfc4fa3b665baa09c9f53,"Tue, 7 Jul 2026 20:26:44 GMT"
s3://sales-analytics-raw-aqib-test/leads_raw/load_type=full/leads_raw_20260707_202643_part_00092.json,8720212,fcce46433490fb217dd8e2717e552323,"Tue, 7 Jul 2026 20:26:44 GMT"
s3://sales-analytics-raw-aqib-test/leads_raw/load_type=full/leads_raw_20260707_202643_part_00093.json,9032301,7661760aba60557db95f9566096e678b,"Tue, 7 Jul 2026 20:26:44 GMT"
s3://sales-analytics-raw-aqib-test/leads_raw/load_type=full/leads_raw_20260707_202644_part_00094.json,8794152,7c054be9cbd88f691215e5441c56afe0,"Tue, 7 Jul 2026 20:26:45 GMT"
s3://sales-analytics-raw-aqib-test/leads_raw/load_type=full/leads_raw_20260707_202644_part_00095.json,8699812,8e126963382f4a4d88b9c182997088da,"Tue, 7 Jul 2026 20:26:45 GMT"
s3://sales-analytics-raw-aqib-test/leads_raw/load_type=full/leads_raw_20260707_202644_part_00096.json,8649761,fd0749e4f2c7d52fca530840f3ede1b4,"Tue, 7 Jul 2026 20:26:45 GMT"
s3://sales-analytics-raw-aqib-test/leads_raw/load_type=full/leads_raw_20260707_202645_part_00097.json,8520798,e7d8f58fd7ba2ba14fea169368c2aedf,"Tue, 7 Jul 2026 20:26:46 GMT"
s3://sales-analytics-raw-aqib-test/leads_raw/load_type=full/leads_raw_20260707_202645_part_00098.json,8637770,481a73d1f0c47951de64ba6d82998da6,"Tue, 7 Jul 2026 20:26:46 GMT"
s3://sales-analytics-raw-aqib-test/leads_raw/load_type=full/leads_raw_20260707_202645_part_00099.json,8421809,ab68e8a6887c1432480eb2396a538aad,"Tue, 7 Jul 2026 20:26:46 GMT"
s3://sales-analytics-raw-aqib-test/leads_raw/load_type=full/leads_raw_20260707_202646_part_00100.json,8819497,7d9a81fc4f3fa4447c0116bd642b8513,"Tue, 7 Jul 2026 20:26:47 GMT"
s3://sales-analytics-raw-aqib-test/leads_raw/load_type=full/leads_raw_20260707_202646_part_00101.json,8591590,7e0c317c27b64133e52ffc4197d0e733,"Tue, 7 Jul 2026 20:26:47 GMT"
s3://sales-analytics-raw-aqib-test/leads_raw/load_type=full/leads_raw_20260707_202646_part_00102.json,8643226,7e4cf718675fee959ed88bc96d48b2d1,"Tue, 7 Jul 2026 20:26:48 GMT"
s3://sales-analytics-raw-aqib-test/leads_raw/load_type=full/leads_raw_20260707_202647_part_00103.json,8729717,b9e2115e8fe5481145a50d10e9992438,"Tue, 7 Jul 2026 20:26:48 GMT"
s3://sales-analytics-raw-aqib-test/leads_raw/load_type=full/leads_raw_20260707_202647_part_00104.json,8601336,8371bc2d42f513a7e7d503178462e759,"Tue, 7 Jul 2026 20:26:48 GMT"
s3://sales-analytics-raw-aqib-test/leads_raw/load_type=full/leads_raw_20260707_202647_part_00105.json,8537049,421c90305672b70025742f878c0f3f6b,"Tue, 7 Jul 2026 20:26:49 GMT"
s3://sales-analytics-raw-aqib-test/leads_raw/load_type=full/leads_raw_20260707_202648_part_00106.json,8729587,5252cdc2b12f7e25f9e4a931afe9693b,"Tue, 7 Jul 2026 20:26:49 GMT"
s3://sales-analytics-raw-aqib-test/leads_raw/load_type=full/leads_raw_20260707_202648_part_00107.json,8807768,eefa922dec151b5f8698116def8911dd,"Tue, 7 Jul 2026 20:26:49 GMT"
s3://sales-analytics-raw-aqib-test/leads_raw/load_type=full/leads_raw_20260707_202648_part_00108.json,8648716,d9366ff00cd2fbe9b8f5908b1a5969f8,"Tue, 7 Jul 2026 20:26:50 GMT"
s3://sales-analytics-raw-aqib-test/leads_raw/load_type=full/leads_raw_20260707_202649_part_00109.json,8833588,5df02db9aceb6bdf10200a37e8af98de,"Tue, 7 Jul 2026 20:26:50 GMT"
s3://sales-analytics-raw-aqib-test/leads_raw/load_type=full/leads_raw_20260707_202649_part_00110.json,8676178,8d1753af55e75999e38c2388a885d8db,"Tue, 7 Jul 2026 20:26:50 GMT"
s3://sales-analytics-raw-aqib-test/leads_raw/load_type=full/leads_raw_20260707_202650_part_00111.json,8763080,a97c011acbd94b8ac7f00bcfcb2ec781,"Tue, 7 Jul 2026 20:26:51 GMT"
s3://sales-analytics-raw-aqib-test/leads_raw/load_type=full/leads_raw_20260707_202650_part_00112.json,8906474,fee73ecf9475b92338a8ff738945f222,"Tue, 7 Jul 2026 20:26:51 GMT"
s3://sales-analytics-raw-aqib-test/leads_raw/load_type=full/leads_raw_20260707_202650_part_00113.json,8965019,3c65fbd956e70a178ec1a28729462371,"Tue, 7 Jul 2026 20:26:51 GMT"
s3://sales-analytics-raw-aqib-test/leads_raw/load_type=full/leads_raw_20260707_202651_part_00114.json,8859207,7d15e673eb5a888256d9b972c6ab5e09,"Tue, 7 Jul 2026 20:26:52 GMT"
s3://sales-analytics-raw-aqib-test/leads_raw/load_type=full/leads_raw_20260707_202651_part_00115.json,9103310,52a62c6e4c82c279a6c7939da047400f,"Tue, 7 Jul 2026 20:26:52 GMT"
s3://sales-analytics-raw-aqib-test/leads_raw/load_type=full/leads_raw_20260707_202651_part_00116.json,8745395,3775a073b52008cebe7c37706a358cd2,"Tue, 7 Jul 2026 20:26:53 GMT"
s3://sales-analytics-raw-aqib-test/leads_raw/load_type=full/leads_raw_20260707_202652_part_00117.json,9070230,d67ea77e2a437abe1b4915196c013177,"Tue, 7 Jul 2026 20:26:53 GMT"
s3://sales-analytics-raw-aqib-test/leads_raw/load_type=full/leads_raw_20260707_202652_part_00118.json,8488356,548025c2b7e0a69c457996ab095e1532,"Tue, 7 Jul 2026 20:26:53 GMT"
s3://sales-analytics-raw-aqib-test/leads_raw/load_type=full/leads_raw_20260707_202653_part_00119.json,8222633,900142a4e1f00e1c4b4d7d878bc10dee,"Tue, 7 Jul 2026 20:26:54 GMT"
s3://sales-analytics-raw-aqib-test/leads_raw/load_type=full/leads_raw_20260707_202653_part_00120.json,8364180,fb910b9829c79b0bd981a228afa2bbb2,"Tue, 7 Jul 2026 20:26:54 GMT"
s3://sales-analytics-raw-aqib-test/leads_raw/load_type=full/leads_raw_20260707_202653_part_00121.json,8577082,0f5d80d93b9a32befff4f8f4ff5427ac,"Tue, 7 Jul 2026 20:26:54 GMT"
s3://sales-analytics-raw-aqib-test/leads_raw/load_type=full/leads_raw_20260707_202654_part_00122.json,9579977,ba93c8ee47e31549cb3d6c4eea62c7b1,"Tue, 7 Jul 2026 20:26:55 GMT"
s3://sales-analytics-raw-aqib-test/leads_raw/load_type=full/leads_raw_20260707_202654_part_00123.json,9479051,c7476146c2792de881b742d4c8bdafd6,"Tue, 7 Jul 2026 20:26:55 GMT"
s3://sales-analytics-raw-aqib-test/leads_raw/load_type=full/leads_raw_20260707_202654_part_00124.json,9487797,910f9ccc14194b02b295f21c1c37961e,"Tue, 7 Jul 2026 20:26:56 GMT"
s3://sales-analytics-raw-aqib-test/leads_raw/load_type=full/leads_raw_20260707_202655_part_00125.json,9564236,7cfc61c2db1c17fffea217fb4cb33651,"Tue, 7 Jul 2026 20:26:56 GMT"
s3://sales-analytics-raw-aqib-test/leads_raw/load_type=full/leads_raw_20260707_202655_part_00126.json,9351321,7d16a4d07e3bc77771b360d4159bdff4,"Tue, 7 Jul 2026 20:26:56 GMT"
s3://sales-analytics-raw-aqib-test/leads_raw/load_type=full/leads_raw_20260707_202656_part_00127.json,9220712,d4e8c55d6ddd28a1f977778caa3505c1,"Tue, 7 Jul 2026 20:26:57 GMT"
s3://sales-analytics-raw-aqib-test/leads_raw/load_type=full/leads_raw_20260707_202656_part_00128.json,8983084,f6540131cbb40df44326542b7a216aec,"Tue, 7 Jul 2026 20:26:57 GMT"
s3://sales-analytics-raw-aqib-test/leads_raw/load_type=full/leads_raw_20260707_202656_part_00129.json,9078262,535684070ba5365c7a7ec3dac79a46f3,"Tue, 7 Jul 2026 20:26:57 GMT"
s3://sales-analytics-raw-aqib-test/leads_raw/load_type=full/leads_raw_20260707_202657_part_00130.json,9147737,9187df4bc81847d83847f3a448d0928a,"Tue, 7 Jul 2026 20:26:58 GMT"
s3://sales-analytics-raw-aqib-test/leads_raw/load_type=full/leads_raw_20260707_202657_part_00131.json,9286362,4e51094fc737c2905ad2dbe3a5526696,"Tue, 7 Jul 2026 20:26:58 GMT"
s3://sales-analytics-raw-aqib-test/leads_raw/load_type=full/leads_raw_20260707_202658_part_00132.json,9194085,baa5d5f845475ab86e0cb0ee1b9ef899,"Tue, 7 Jul 2026 20:26:59 GMT"
s3://sales-analytics-raw-aqib-test/leads_raw/load_type=full/leads_raw_20260707_202658_part_00133.json,8988347,86bc6d67c3069726f86d91853e0550c0,"Tue, 7 Jul 2026 20:26:59 GMT"
s3://sales-analytics-raw-aqib-test/leads_raw/load_type=full/leads_raw_20260707_202658_part_00134.json,9088223,493d1dc2440b6d726c76119cc1bcc968,"Tue, 7 Jul 2026 20:26:59 GMT"
s3://sales-analytics-raw-aqib-test/leads_raw/load_type=full/leads_raw_20260707_202659_part_00135.json,9084414,8780aad5593f668581a0d058cf525e60,"Tue, 7 Jul 2026 20:27:00 GMT"
s3://sales-analytics-raw-aqib-test/leads_raw/load_type=full/leads_raw_20260707_202659_part_00136.json,9071788,478237ac48ebfcc79875299bc24ad901,"Tue, 7 Jul 2026 20:27:00 GMT"
s3://sales-analytics-raw-aqib-test/leads_raw/load_type=full/leads_raw_20260707_202700_part_00137.json,9130603,f556f4c0a62e9fafd0f903a3d41d6d18,"Tue, 7 Jul 2026 20:27:01 GMT"
s3://sales-analytics-raw-aqib-test/leads_raw/load_type=full/leads_raw_20260707_202700_part_00138.json,9101532,3edf11774928d0044a0c510c014191e7,"Tue, 7 Jul 2026 20:27:01 GMT"
s3://sales-analytics-raw-aqib-test/leads_raw/load_type=full/leads_raw_20260707_202700_part_00139.json,8871185,bc529e2e4506af1ba8c15ca4189a4fe5,"Tue, 7 Jul 2026 20:27:01 GMT"
s3://sales-analytics-raw-aqib-test/leads_raw/load_type=full/leads_raw_20260707_202701_part_00140.json,9193475,d7ee1f2efd5fd53439dc3ed6c9e41e56,"Tue, 7 Jul 2026 20:27:02 GMT"
s3://sales-analytics-raw-aqib-test/leads_raw/load_type=full/leads_raw_20260707_202701_part_00141.json,9134270,c35a9c1e4eec8d2d0d5be56eea7656f6,"Tue, 7 Jul 2026 20:27:02 GMT"
s3://sales-analytics-raw-aqib-test/leads_raw/load_type=full/leads_raw_20260707_202702_part_00142.json,8865500,95dde25bf641300a0e218e1a88f6efd4,"Tue, 7 Jul 2026 20:27:03 GMT"
s3://sales-analytics-raw-aqib-test/leads_raw/load_type=full/leads_raw_20260707_202702_part_00143.json,9235365,5a31e0ae49cd276b47230cf6cc348b89,"Tue, 7 Jul 2026 20:27:03 GMT"
s3://sales-analytics-raw-aqib-test/leads_raw/load_type=full/leads_raw_20260707_202702_part_00144.json,9060700,d6d0e91172d36add7594ae7da85d5bc5,"Tue, 7 Jul 2026 20:27:03 GMT"
s3://sales-analytics-raw-aqib-test/leads_raw/load_type=full/leads_raw_20260707_202703_part_00145.json,8983808,4da68a2ac78d9cd88596043199180700,"Tue, 7 Jul 2026 20:27:04 GMT"
s3://sales-analytics-raw-aqib-test/leads_raw/load_type=full/leads_raw_20260707_202703_part_00146.json,9066411,3d826fb3bf37cd550fb5a7bb7c55454d,"Tue, 7 Jul 2026 20:27:04 GMT"
s3://sales-analytics-raw-aqib-test/leads_raw/load_type=full/leads_raw_20260707_202703_part_00147.json,8843707,3c679b00bb7bb51d54c1d610859d6f13,"Tue, 7 Jul 2026 20:27:04 GMT"
s3://sales-analytics-raw-aqib-test/leads_raw/load_type=full/leads_raw_20260707_202704_part_00148.json,8977668,420f0489b21f85850e7d4f68699ce10e,"Tue, 7 Jul 2026 20:27:05 GMT"
s3://sales-analytics-raw-aqib-test/leads_raw/load_type=full/leads_raw_20260707_202704_part_00149.json,8836761,cfb3fa316fb1c7a804e65d1fcf253d69,"Tue, 7 Jul 2026 20:27:05 GMT"
s3://sales-analytics-raw-aqib-test/leads_raw/load_type=full/leads_raw_20260707_202704_part_00150.json,8872448,197faf15288528e11d1c5f79e7043923,"Tue, 7 Jul 2026 20:27:06 GMT"
s3://sales-analytics-raw-aqib-test/leads_raw/load_type=full/leads_raw_20260707_202705_part_00151.json,8796121,8b737f0ed8b58f70acd13d0a88bf4d00,"Tue, 7 Jul 2026 20:27:06 GMT"
s3://sales-analytics-raw-aqib-test/leads_raw/load_type=full/leads_raw_20260707_202705_part_00152.json,8818908,cfacf1ff7203d715dfe8cf58af3a0f34,"Tue, 7 Jul 2026 20:27:06 GMT"
s3://sales-analytics-raw-aqib-test/leads_raw/load_type=full/leads_raw_20260707_202706_part_00153.json,8808339,bd5777bc3fd5d7d410489afefb93cc99,"Tue, 7 Jul 2026 20:27:07 GMT"
s3://sales-analytics-raw-aqib-test/leads_raw/load_type=full/leads_raw_20260707_202706_part_00154.json,8932409,cf6e8881df8b771543cc3f7072cd040a,"Tue, 7 Jul 2026 20:27:07 GMT"
s3://sales-analytics-raw-aqib-test/leads_raw/load_type=full/leads_raw_20260707_202706_part_00155.json,8861992,bd6ce3b1e76caba69b7dc931547d5606,"Tue, 7 Jul 2026 20:27:07 GMT"
s3://sales-analytics-raw-aqib-test/leads_raw/load_type=full/leads_raw_20260707_202707_part_00156.json,8727428,d2bb37da75dfa6cd263bb98c1a5e2dbe,"Tue, 7 Jul 2026 20:27:08 GMT"
s3://sales-analytics-raw-aqib-test/leads_raw/load_type=full/leads_raw_20260707_202707_part_00157.json,8422492,fbe86cda133f9c4f604defa8b3f3d90e,"Tue, 7 Jul 2026 20:27:08 GMT"
s3://sales-analytics-raw-aqib-test/leads_raw/load_type=full/leads_raw_20260707_202707_part_00158.json,8799201,a73c8bb65a613f1841c0eb3bcfc2416d,"Tue, 7 Jul 2026 20:27:09 GMT"
s3://sales-analytics-raw-aqib-test/leads_raw/load_type=full/leads_raw_20260707_202708_part_00159.json,8599393,c05ff8b61f999cbb44f6dee2b3943ae5,"Tue, 7 Jul 2026 20:27:09 GMT"
s3://sales-analytics-raw-aqib-test/leads_raw/load_type=full/leads_raw_20260707_202708_part_00160.json,8697998,52b68c7692397255bb2ecaf96fbf309d,"Tue, 7 Jul 2026 20:27:09 GMT"
s3://sales-analytics-raw-aqib-test/leads_raw/load_type=full/leads_raw_20260707_202709_part_00161.json,8494259,38cd7468c3630d04d086f681e5dc1752,"Tue, 7 Jul 2026 20:27:10 GMT"
s3://sales-analytics-raw-aqib-test/leads_raw/load_type=full/leads_raw_20260707_202709_part_00162.json,8570795,a66d23a4553edcf8fc06131de34b1dcd,"Tue, 7 Jul 2026 20:27:10 GMT"
s3://sales-analytics-raw-aqib-test/leads_raw/load_type=full/leads_raw_20260707_202709_part_00163.json,8508501,76828261a87edd9c46405f66162af3f5,"Tue, 7 Jul 2026 20:27:10 GMT"
s3://sales-analytics-raw-aqib-test/leads_raw/load_type=full/leads_raw_20260707_202710_part_00164.json,8818228,bef2d4d9c47776f009a60858015842b7,"Tue, 7 Jul 2026 20:27:11 GMT"
s3://sales-analytics-raw-aqib-test/leads_raw/load_type=full/leads_raw_20260707_202710_part_00165.json,10056466,4f1b35e6fb15c4f0be349720bce5d331,"Tue, 7 Jul 2026 20:27:11 GMT"
s3://sales-analytics-raw-aqib-test/leads_raw/load_type=full/leads_raw_20260707_202711_part_00166.json,9950512,c8e1f10429d81064c8622d30c041af1a,"Tue, 7 Jul 2026 20:27:12 GMT"
s3://sales-analytics-raw-aqib-test/leads_raw/load_type=full/leads_raw_20260707_202711_part_00167.json,10131428,8911cbb990b8cdafb8747cb696c11ff1,"Tue, 7 Jul 2026 20:27:12 GMT"
s3://sales-analytics-raw-aqib-test/leads_raw/load_type=full/leads_raw_20260707_202711_part_00168.json,9817254,fa4098c501f2b2eefa1b4845de4d20fe,"Tue, 7 Jul 2026 20:27:12 GMT"
s3://sales-analytics-raw-aqib-test/leads_raw/load_type=full/leads_raw_20260707_202712_part_00169.json,10287035,406894bf923b5d43ff1ea8de3a8be104,"Tue, 7 Jul 2026 20:27:13 GMT"
s3://sales-analytics-raw-aqib-test/leads_raw/load_type=full/leads_raw_20260707_202712_part_00170.json,9873420,c70c627c9f62c6b411af59da3d67a942,"Tue, 7 Jul 2026 20:27:13 GMT"
s3://sales-analytics-raw-aqib-test/leads_raw/load_type=full/leads_raw_20260707_202713_part_00171.json,10187279,fce3c10020d18552459871175cfc32b7,"Tue, 7 Jul 2026 20:27:14 GMT"
s3://sales-analytics-raw-aqib-test/leads_raw/load_type=full/leads_raw_20260707_202713_part_00172.json,9254854,8ea0bde2581b9254f9bba5c9d59e408b,"Tue, 7 Jul 2026 20:27:14 GMT"
s3://sales-analytics-raw-aqib-test/leads_raw/load_type=full/leads_raw_20260707_202714_part_00173.json,8687879,9228dfc36467ef6c2959807b9a568720,"Tue, 7 Jul 2026 20:27:15 GMT"
s3://sales-analytics-raw-aqib-test/leads_raw/load_type=full/leads_raw_20260707_202714_part_00174.json,8747714,af427f5edb0f7a37a0333a8e7f484771,"Tue, 7 Jul 2026 20:27:15 GMT"
s3://sales-analytics-raw-aqib-test/leads_raw/load_type=full/leads_raw_20260707_202714_part_00175.json,8640680,e2ec5f6623ee81ba5cc5a9ccfd8dae21,"Tue, 7 Jul 2026 20:27:15 GMT"
s3://sales-analytics-raw-aqib-test/leads_raw/load_type=full/leads_raw_20260707_202715_part_00176.json,8772035,1379eb07e1a2d298e42d3b09258d5083,"Tue, 7 Jul 2026 20:27:16 GMT"
s3://sales-analytics-raw-aqib-test/leads_raw/load_type=full/leads_raw_20260707_202715_part_00177.json,8681622,19138b1d1c3756cb1014a2bbe4d3b968,"Tue, 7 Jul 2026 20:27:16 GMT"
s3://sales-analytics-raw-aqib-test/leads_raw/load_type=full/leads_raw_20260707_202715_part_00178.json,8805664,2049eb4674f8577bd0f7c1d39c89007c,"Tue, 7 Jul 2026 20:27:16 GMT"
s3://sales-analytics-raw-aqib-test/leads_raw/load_type=full/leads_raw_20260707_202716_part_00179.json,8865067,131a356cad232986f2608fdc78a25533,"Tue, 7 Jul 2026 20:27:17 GMT"
s3://sales-analytics-raw-aqib-test/leads_raw/load_type=full/leads_raw_20260707_202716_part_00180.json,8742288,e717f6f8a4b8b7515fb212e6d5459c57,"Tue, 7 Jul 2026 20:27:17 GMT"
s3://sales-analytics-raw-aqib-test/leads_raw/load_type=full/leads_raw_20260707_202716_part_00181.json,8782239,090b37c6f9c970ad166cb817fd208404,"Tue, 7 Jul 2026 20:27:18 GMT"
s3://sales-analytics-raw-aqib-test/leads_raw/load_type=full/leads_raw_20260707_202717_part_00182.json,9312598,a1add159de4f329010519085796b7633,"Tue, 7 Jul 2026 20:27:18 GMT"
s3://sales-analytics-raw-aqib-test/leads_raw/load_type=full/leads_raw_20260707_202717_part_00183.json,9635748,1fc53bcc0801f7714f75a59552fab871,"Tue, 7 Jul 2026 20:27:18 GMT"
s3://sales-analytics-raw-aqib-test/leads_raw/load_type=full/leads_raw_20260707_202718_part_00184.json,9528162,ee76ee6c4639f3b29de203804cbd81ec,"Tue, 7 Jul 2026 20:27:19 GMT"
s3://sales-analytics-raw-aqib-test/leads_raw/load_type=full/leads_raw_20260707_202718_part_00185.json,9515400,aad6f80ea2925e8c239f78b39d4cbba7,"Tue, 7 Jul 2026 20:27:19 GMT"
s3://sales-analytics-raw-aqib-test/leads_raw/load_type=full/leads_raw_20260707_202718_part_00186.json,9216747,25d03bb60092aff8ac7a077af6646212,"Tue, 7 Jul 2026 20:27:19 GMT"
s3://sales-analytics-raw-aqib-test/leads_raw/load_type=full/leads_raw_20260707_202719_part_00187.json,8538717,b452e5041b1a1400664e80fbba23fb13,"Tue, 7 Jul 2026 20:27:20 GMT"
s3://sales-analytics-raw-aqib-test/leads_raw/load_type=full/leads_raw_20260707_202719_part_00188.json,8446490,9d506eaba8e9cb6a9264dee2b3387821,"Tue, 7 Jul 2026 20:27:20 GMT"
s3://sales-analytics-raw-aqib-test/leads_raw/load_type=full/leads_raw_20260707_202719_part_00189.json,8399961,8d809147b7f0d5e5016d7b5e3d34b98e,"Tue, 7 Jul 2026 20:27:20 GMT"
s3://sales-analytics-raw-aqib-test/leads_raw/load_type=full/leads_raw_20260707_202720_part_00190.json,8398840,8161fa9dfccd6cc65f3ad3e07e58518f,"Tue, 7 Jul 2026 20:27:21 GMT"
s3://sales-analytics-raw-aqib-test/leads_raw/load_type=full/leads_raw_20260707_202720_part_00191.json,8489660,3549808ccfc365e0f996a585d73e6d5d,"Tue, 7 Jul 2026 20:27:21 GMT"
s3://sales-analytics-raw-aqib-test/leads_raw/load_type=full/leads_raw_20260707_202721_part_00192.json,8399307,2670a465c27df27e908b16d6591c9939,"Tue, 7 Jul 2026 20:27:22 GMT"
s3://sales-analytics-raw-aqib-test/leads_raw/load_type=full/leads_raw_20260707_202721_part_00193.json,8651755,a3298e5378e364c23d8082676229fd38,"Tue, 7 Jul 2026 20:27:22 GMT"
s3://sales-analytics-raw-aqib-test/leads_raw/load_type=full/leads_raw_20260707_202721_part_00194.json,8292882,3d38ee8e002faf5ef7a3d9882a340906,"Tue, 7 Jul 2026 20:27:22 GMT"
s3://sales-analytics-raw-aqib-test/leads_raw/load_type=full/leads_raw_20260707_202722_part_00195.json,8448197,aa6f5355eb15a3af5d8b5771d0574dc7,"Tue, 7 Jul 2026 20:27:23 GMT"
s3://sales-analytics-raw-aqib-test/leads_raw/load_type=full/leads_raw_20260707_202722_part_00196.json,8491330,3da99f50a83ac4a1445bee6db64bcbb8,"Tue, 7 Jul 2026 20:27:23 GMT"
s3://sales-analytics-raw-aqib-test/leads_raw/load_type=full/leads_raw_20260707_202722_part_00197.json,8544501,6194d80147013ded5b2975d5b7d76bc0,"Tue, 7 Jul 2026 20:27:23 GMT"
s3://sales-analytics-raw-aqib-test/leads_raw/load_type=full/leads_raw_20260707_202723_part_00198.json,8442950,8d2fff09520875f23158781bb73eda2e,"Tue, 7 Jul 2026 20:27:24 GMT"
s3://sales-analytics-raw-aqib-test/leads_raw/load_type=full/leads_raw_20260707_202723_part_00199.json,8794382,dce28d8be555fd52e398f56f48f91f70,"Tue, 7 Jul 2026 20:27:24 GMT"
s3://sales-analytics-raw-aqib-test/leads_raw/load_type=full/leads_raw_20260707_202723_part_00200.json,8627322,d38dca19e884831ccd4722f77085a3d7,"Tue, 7 Jul 2026 20:27:24 GMT"
s3://sales-analytics-raw-aqib-test/leads_raw/load_type=full/leads_raw_20260707_202724_part_00201.json,8593178,b92f0ea23bf5a64ce858dcfc7c1fe5a2,"Tue, 7 Jul 2026 20:27:25 GMT"
s3://sales-analytics-raw-aqib-test/leads_raw/load_type=full/leads_raw_20260707_202724_part_00202.json,8753203,55b9ffde58cbaf0a8cbea57923dec8db,"Tue, 7 Jul 2026 20:27:25 GMT"
s3://sales-analytics-raw-aqib-test/leads_raw/load_type=full/leads_raw_20260707_202725_part_00203.json,8451129,ebf89afe64b928a236335c84898def60,"Tue, 7 Jul 2026 20:27:26 GMT"
s3://sales-analytics-raw-aqib-test/leads_raw/load_type=full/leads_raw_20260707_202725_part_00204.json,8653489,ab6889b1608411c01b12d63ce268c749,"Tue, 7 Jul 2026 20:27:26 GMT"
s3://sales-analytics-raw-aqib-test/leads_raw/load_type=full/leads_raw_20260707_202725_part_00205.json,8353044,4d3a10a134dfa9cab0d08001578efcbe,"Tue, 7 Jul 2026 20:27:26 GMT"
s3://sales-analytics-raw-aqib-test/leads_raw/load_type=full/leads_raw_20260707_202726_part_00206.json,8360577,6cc603959d64b0b03dda3bd8f21398ba,"Tue, 7 Jul 2026 20:27:27 GMT"
s3://sales-analytics-raw-aqib-test/leads_raw/load_type=full/leads_raw_20260707_202726_part_00207.json,8331815,1e5b775b25e075b5eb36f402fd79c20e,"Tue, 7 Jul 2026 20:27:27 GMT"
s3://sales-analytics-raw-aqib-test/leads_raw/load_type=full/leads_raw_20260707_202727_part_00208.json,8263662,498977f48e1c4a1f3821f11c7613b114,"Tue, 7 Jul 2026 20:27:28 GMT"
s3://sales-analytics-raw-aqib-test/leads_raw/load_type=full/leads_raw_20260707_202727_part_00209.json,8264055,8590c0525a6100161838b2c80c478872,"Tue, 7 Jul 2026 20:27:28 GMT"
s3://sales-analytics-raw-aqib-test/leads_raw/load_type=full/leads_raw_20260707_202727_part_00210.json,8302588,4d5d7232e110026c38bc1b069b8f4fbc,"Tue, 7 Jul 2026 20:27:28 GMT"
s3://sales-analytics-raw-aqib-test/leads_raw/load_type=full/leads_raw_20260707_202728_part_00211.json,8374862,5ea1f4f4d7f6389e692b3e983483bdf7,"Tue, 7 Jul 2026 20:27:29 GMT"
s3://sales-analytics-raw-aqib-test/leads_raw/load_type=full/leads_raw_20260707_202728_part_00212.json,8444488,e2682ca2881d4a2acafbc8567c14c228,"Tue, 7 Jul 2026 20:27:29 GMT"
s3://sales-analytics-raw-aqib-test/leads_raw/load_type=full/leads_raw_20260707_202728_part_00213.json,8342087,717ed2213709e4750207ebcb3496f02f,"Tue, 7 Jul 2026 20:27:29 GMT"
s3://sales-analytics-raw-aqib-test/leads_raw/load_type=full/leads_raw_20260707_202729_part_00214.json,8529270,589ef457fcf1011cb31bac52ec3f9e2c,"Tue, 7 Jul 2026 20:27:30 GMT"
s3://sales-analytics-raw-aqib-test/leads_raw/load_type=full/leads_raw_20260707_202729_part_00215.json,8479341,b84b1fbaf29f8401f0c2197758e2b1ab,"Tue, 7 Jul 2026 20:27:30 GMT"
s3://sales-analytics-raw-aqib-test/leads_raw/load_type=full/leads_raw_20260707_202729_part_00216.json,8227604,0a765bd11fea5a5ab0071028d13253c9,"Tue, 7 Jul 2026 20:27:30 GMT"
s3://sales-analytics-raw-aqib-test/leads_raw/load_type=full/leads_raw_20260707_202730_part_00217.json,8083146,5297fc5dc8c39e4b88595c82dd2a10f3,"Tue, 7 Jul 2026 20:27:31 GMT"
s3://sales-analytics-raw-aqib-test/leads_raw/load_type=full/leads_raw_20260707_202730_part_00218.json,8169117,bc3c0816f7f956deb129503ee6811c36,"Tue, 7 Jul 2026 20:27:31 GMT"
s3://sales-analytics-raw-aqib-test/leads_raw/load_type=full/leads_raw_20260707_202730_part_00219.json,8138742,d689dfda1769e85e5f9b858fb44bcff2,"Tue, 7 Jul 2026 20:27:31 GMT"
s3://sales-analytics-raw-aqib-test/leads_raw/load_type=full/leads_raw_20260707_202731_part_00220.json,8112095,866a16869ae9fac00e7f8526414feec3,"Tue, 7 Jul 2026 20:27:32 GMT"
s3://sales-analytics-raw-aqib-test/leads_raw/load_type=full/leads_raw_20260707_202731_part_00221.json,8063489,b841363116b1009a420477135634e21f,"Tue, 7 Jul 2026 20:27:32 GMT"
s3://sales-analytics-raw-aqib-test/leads_raw/load_type=full/leads_raw_20260707_202731_part_00222.json,8223242,aeb89bb1cc18eba19cf2a7f8dedb6355,"Tue, 7 Jul 2026 20:27:32 GMT"
s3://sales-analytics-raw-aqib-test/leads_raw/load_type=full/leads_raw_20260707_202732_part_00223.json,8120891,bee642f50d83f9eb878c87f295945dce,"Tue, 7 Jul 2026 20:27:33 GMT"
s3://sales-analytics-raw-aqib-test/leads_raw/load_type=full/leads_raw_20260707_202732_part_00224.json,8219113,6846ef0be160b68c9a0bf8ab27a8cd5e,"Tue, 7 Jul 2026 20:27:33 GMT"
s3://sales-analytics-raw-aqib-test/leads_raw/load_type=full/leads_raw_20260707_202733_part_00225.json,7963949,b76000a03a58c0f37d6ab3d42fff1d29,"Tue, 7 Jul 2026 20:27:34 GMT"
s3://sales-analytics-raw-aqib-test/leads_raw/load_type=full/leads_raw_20260707_202733_part_00226.json,7944274,39760f19cf27885891ed7df4f4992b0f,"Tue, 7 Jul 2026 20:27:34 GMT"
s3://sales-analytics-raw-aqib-test/leads_raw/load_type=full/leads_raw_20260707_202733_part_00227.json,8053268,af961b6b437a86e50209997788378d3c,"Tue, 7 Jul 2026 20:27:34 GMT"
s3://sales-analytics-raw-aqib-test/leads_raw/load_type=full/leads_raw_20260707_202734_part_00228.json,8129351,93a26f0795a76c1b485bbc08e4fca458,"Tue, 7 Jul 2026 20:27:35 GMT"
s3://sales-analytics-raw-aqib-test/leads_raw/load_type=full/leads_raw_20260707_202734_part_00229.json,8891003,48b6811bd1e97f9791fd3fda5b2f3653,"Tue, 7 Jul 2026 20:27:35 GMT"
s3://sales-analytics-raw-aqib-test/leads_raw/load_type=full/leads_raw_20260707_202734_part_00230.json,9318250,39e2b4efa7412365448d35e1695a8bd6,"Tue, 7 Jul 2026 20:27:35 GMT"
s3://sales-analytics-raw-aqib-test/leads_raw/load_type=full/leads_raw_20260707_202735_part_00231.json,9349742,cd5f5a09adc52887b248b2d7c3b1f4e4,"Tue, 7 Jul 2026 20:27:36 GMT"
s3://sales-analytics-raw-aqib-test/leads_raw/load_type=full/leads_raw_20260707_202735_part_00232.json,9454415,62bfce57e8839e97d05b7f00345cde6d,"Tue, 7 Jul 2026 20:27:36 GMT"
s3://sales-analytics-raw-aqib-test/leads_raw/load_type=full/leads_raw_20260707_202736_part_00233.json,8846964,59649257802a615855d88a125a9b71d9,"Tue, 7 Jul 2026 20:27:37 GMT"
s3://sales-analytics-raw-aqib-test/leads_raw/load_type=full/load_date=2026-06-14/leads_raw_20260614_195424_part_00001.json,8387776,8d6b632594faafda2d7eeada8bb2574e,"Sun, 14 Jun 2026 19:54:25 GMT"
s3://sales-analytics-raw-aqib-test/leads_raw/load_type=full/load_date=2026-06-14/leads_raw_20260614_195424_part_00002.json,8466480,5682c71655973f7e8ef638954d91eeb6,"Sun, 14 Jun 2026 19:54:25 GMT"
s3://sales-analytics-raw-aqib-test/leads_raw/load_type=full/load_date=2026-06-14/leads_raw_20260614_195424_part_00003.json,8628578,942fc32c95cc330ec48392daed602903,"Sun, 14 Jun 2026 19:54:26 GMT"
s3://sales-analytics-raw-aqib-test/leads_raw/load_type=full/load_date=2026-06-14/leads_raw_20260614_195425_part_00004.json,8422771,7dcc68f2701b90eeaa956edebbfb2935,"Sun, 14 Jun 2026 19:54:26 GMT"
s3://sales-analytics-raw-aqib-test/leads_raw/load_type=full/load_date=2026-06-14/leads_raw_20260614_195425_part_00005.json,8631813,5ea153884f29a59d526d2c8e3da1b312,"Sun, 14 Jun 2026 19:54:26 GMT"
s3://sales-analytics-raw-aqib-test/leads_raw/load_type=full/load_date=2026-06-14/leads_raw_20260614_195426_part_00006.json,8589778,3b76d50d36c00fe5f8df166b5edb89ee,"Sun, 14 Jun 2026 19:54:27 GMT"
s3://sales-analytics-raw-aqib-test/leads_raw/load_type=full/load_date=2026-06-14/leads_raw_20260614_195426_part_00007.json,8412127,29c2bac8d110774f5e7397ea378383f0,"Sun, 14 Jun 2026 19:54:27 GMT"
s3://sales-analytics-raw-aqib-test/leads_raw/load_type=full/load_date=2026-06-14/leads_raw_20260614_195427_part_00008.json,8634975,bbb027bbd85a99add5357d51399d61b1,"Sun, 14 Jun 2026 19:54:28 GMT"
s3://sales-analytics-raw-aqib-test/leads_raw/load_type=full/load_date=2026-06-14/leads_raw_20260614_195427_part_00009.json,8598808,6e45862da4b70ab4c191b4da7b264943,"Sun, 14 Jun 2026 19:54:28 GMT"
s3://sales-analytics-raw-aqib-test/leads_raw/load_type=full/load_date=2026-06-14/leads_raw_20260614_195427_part_00010.json,8041056,5cbe853e76af375330a8060a95e12351,"Sun, 14 Jun 2026 19:54:28 GMT"
s3://sales-analytics-raw-aqib-test/leads_raw/load_type=full/load_date=2026-06-14/leads_raw_20260614_195428_part_00011.json,7855489,a3eb9bddd5bff54ba7555b687f8b2740,"Sun, 14 Jun 2026 19:54:29 GMT"
s3://sales-analytics-raw-aqib-test/leads_raw/load_type=full/load_date=2026-06-14/leads_raw_20260614_195428_part_00012.json,8042750,b1a4ce8539872bc8f8ed0ffaf0fd1d3c,"Sun, 14 Jun 2026 19:54:29 GMT"
s3://sales-analytics-raw-aqib-test/leads_raw/load_type=full/load_date=2026-06-14/leads_raw_20260614_195429_part_00013.json,7944631,13a8c54f44e37e11750c48b8341ac74e,"Sun, 14 Jun 2026 19:54:30 GMT"
s3://sales-analytics-raw-aqib-test/leads_raw/load_type=full/load_date=2026-06-14/leads_raw_20260614_195429_part_00014.json,7867707,e5caa673788af495eb4a06dae0a9be9c,"Sun, 14 Jun 2026 19:54:30 GMT"
s3://sales-analytics-raw-aqib-test/leads_raw/load_type=full/load_date=2026-06-14/leads_raw_20260614_195429_part_00015.json,7869363,8818c7bd609b994c61a850cc6e8d3369,"Sun, 14 Jun 2026 19:54:30 GMT"
s3://sales-analytics-raw-aqib-test/leads_raw/load_type=full/load_date=2026-06-14/leads_raw_20260614_195430_part_00016.json,8025425,5b40f0ee3ba2e6c9d2330cbef59709b4,"Sun, 14 Jun 2026 19:54:31 GMT"
s3://sales-analytics-raw-aqib-test/leads_raw/load_type=full/load_date=2026-06-14/leads_raw_20260614_195430_part_00017.json,7889093,e627cf1c95854d93b81d5f915f6061dc,"Sun, 14 Jun 2026 19:54:31 GMT"
s3://sales-analytics-raw-aqib-test/leads_raw/load_type=full/load_date=2026-06-14/leads_raw_20260614_195430_part_00018.json,7941258,352cf297c4a837a9a9cea7d6353ff73b,"Sun, 14 Jun 2026 19:54:31 GMT"
s3://sales-analytics-raw-aqib-test/leads_raw/load_type=full/load_date=2026-06-14/leads_raw_20260614_195431_part_00019.json,7707727,22841faca58139e36e1c424fd87a776f,"Sun, 14 Jun 2026 19:54:32 GMT"
s3://sales-analytics-raw-aqib-test/leads_raw/load_type=full/load_date=2026-06-14/leads_raw_20260614_195431_part_00020.json,7718635,b9b9c48cf9a318313781caca5f1809ff,"Sun, 14 Jun 2026 19:54:32 GMT"
s3://sales-analytics-raw-aqib-test/leads_raw/load_type=full/load_date=2026-06-14/leads_raw_20260614_195432_part_00021.json,7853274,0e0b40383acd6bf6c6bf02c13553c7de,"Sun, 14 Jun 2026 19:54:33 GMT"
s3://sales-analytics-raw-aqib-test/leads_raw/load_type=full/load_date=2026-06-14/leads_raw_20260614_195432_part_00022.json,7751410,5327850e96e8b36979bc3b6c33d36b69,"Sun, 14 Jun 2026 19:54:33 GMT"
s3://sales-analytics-raw-aqib-test/leads_raw/load_type=full/load_date=2026-06-14/leads_raw_20260614_195432_part_00023.json,7696950,872a400a4f45db20b4047678cacca491,"Sun, 14 Jun 2026 19:54:33 GMT"
s3://sales-analytics-raw-aqib-test/leads_raw/load_type=full/load_date=2026-06-14/leads_raw_20260614_195433_part_00024.json,7637445,374f2eb3a9d203564b855e64c7cd4f55,"Sun, 14 Jun 2026 19:54:34 GMT"
s3://sales-analytics-raw-aqib-test/leads_raw/load_type=full/load_date=2026-06-14/leads_raw_20260614_195433_part_00025.json,7792797,ba84b4eb01ac978489ea966b6daed1a3,"Sun, 14 Jun 2026 19:54:34 GMT"
s3://sales-analytics-raw-aqib-test/leads_raw/load_type=full/load_date=2026-06-14/leads_raw_20260614_195433_part_00026.json,7635961,132419cab34853d64d74180664deff0e,"Sun, 14 Jun 2026 19:54:34 GMT"
s3://sales-analytics-raw-aqib-test/leads_raw/load_type=full/load_date=2026-06-14/leads_raw_20260614_195434_part_00027.json,7891548,5ea5aab847fd3b39fd5f84e6e4ae8be4,"Sun, 14 Jun 2026 19:54:35 GMT"
s3://sales-analytics-raw-aqib-test/leads_raw/load_type=full/load_date=2026-06-14/leads_raw_20260614_195434_part_00028.json,7478372,134e93cdbd4ccdfa112862f3fd1e666b,"Sun, 14 Jun 2026 19:54:35 GMT"
s3://sales-analytics-raw-aqib-test/leads_raw/load_type=full/load_date=2026-06-14/leads_raw_20260614_195434_part_00029.json,7714016,ce0a4370461e2bc0c534b4201c7da680,"Sun, 14 Jun 2026 19:54:35 GMT"
s3://sales-analytics-raw-aqib-test/leads_raw/load_type=full/load_date=2026-06-14/leads_raw_20260614_195435_part_00030.json,7706974,2aebacfba75e944fc3cfece1d4c0a377,"Sun, 14 Jun 2026 19:54:36 GMT"
s3://sales-analytics-raw-aqib-test/leads_raw/load_type=full/load_date=2026-06-14/leads_raw_20260614_195435_part_00031.json,7707510,d9bc9bff2dbea348a389749f05851a2b,"Sun, 14 Jun 2026 19:54:36 GMT"
s3://sales-analytics-raw-aqib-test/leads_raw/load_type=full/load_date=2026-06-14/leads_raw_20260614_195435_part_00032.json,8349121,8345c829facad3b2c94f2283c277a91c,"Sun, 14 Jun 2026 19:54:37 GMT"
s3://sales-analytics-raw-aqib-test/leads_raw/load_type=full/load_date=2026-06-14/leads_raw_20260614_195436_part_00033.json,8168287,209e89b5e71f44d030c2e55d419b0d60,"Sun, 14 Jun 2026 19:54:37 GMT"
s3://sales-analytics-raw-aqib-test/leads_raw/load_type=full/load_date=2026-06-14/leads_raw_20260614_195436_part_00034.json,7951553,e6e311d87f7f440df0cca931f5a341c9,"Sun, 14 Jun 2026 19:54:37 GMT"
s3://sales-analytics-raw-aqib-test/leads_raw/load_type=full/load_date=2026-06-14/leads_raw_20260614_195437_part_00035.json,8205223,587ac4941ebabcabeeb3a1dc10c5334f,"Sun, 14 Jun 2026 19:54:38 GMT"
s3://sales-analytics-raw-aqib-test/leads_raw/load_type=full/load_date=2026-06-14/leads_raw_20260614_195437_part_00036.json,8357984,e82e71a3f23008b4e546e3fc814751c3,"Sun, 14 Jun 2026 19:54:38 GMT"
s3://sales-analytics-raw-aqib-test/leads_raw/load_type=full/load_date=2026-06-14/leads_raw_20260614_195438_part_00037.json,8244496,01d3a17c52d437aefd5697c41da6c58d,"Sun, 14 Jun 2026 19:54:39 GMT"
s3://sales-analytics-raw-aqib-test/leads_raw/load_type=full/load_date=2026-06-14/leads_raw_20260614_195438_part_00038.json,7885490,6ca011cc940bd0c31e9c8d9d265b70d3,"Sun, 14 Jun 2026 19:54:39 GMT"
s3://sales-analytics-raw-aqib-test/leads_raw/load_type=full/load_date=2026-06-14/leads_raw_20260614_195438_part_00039.json,7413693,6e75f754142135ef24374e1abcfb5764,"Sun, 14 Jun 2026 19:54:39 GMT"
s3://sales-analytics-raw-aqib-test/leads_raw/load_type=full/load_date=2026-06-14/leads_raw_20260614_195439_part_00040.json,7387521,54aceb3bc4a10d77b663fc928d4580b3,"Sun, 14 Jun 2026 19:54:40 GMT"
s3://sales-analytics-raw-aqib-test/leads_raw/load_type=full/load_date=2026-06-14/leads_raw_20260614_195439_part_00041.json,7408060,d97aea6db36d92e0a85bc27eb480d335,"Sun, 14 Jun 2026 19:54:40 GMT"
s3://sales-analytics-raw-aqib-test/leads_raw/load_type=full/load_date=2026-06-14/leads_raw_20260614_195440_part_00042.json,7425930,f619d86cf8db923780ac76d7e360069a,"Sun, 14 Jun 2026 19:54:41 GMT"
s3://sales-analytics-raw-aqib-test/leads_raw/load_type=full/load_date=2026-06-14/leads_raw_20260614_195440_part_00043.json,7357433,257ef37aa06360d320692ef3fa656b73,"Sun, 14 Jun 2026 19:54:41 GMT"
s3://sales-analytics-raw-aqib-test/leads_raw/load_type=full/load_date=2026-06-14/leads_raw_20260614_195440_part_00044.json,7393013,d94c5b7a61ff0d022f7931522a5a3b08,"Sun, 14 Jun 2026 19:54:41 GMT"
s3://sales-analytics-raw-aqib-test/leads_raw/load_type=full/load_date=2026-06-14/leads_raw_20260614_195441_part_00045.json,7348678,465987262dd059e8be1f930176e0e4ee,"Sun, 14 Jun 2026 19:54:42 GMT"
s3://sales-analytics-raw-aqib-test/leads_raw/load_type=full/load_date=2026-06-14/leads_raw_20260614_195441_part_00046.json,7300346,d01a4fb53cbd53ab9301163e3afe6d99,"Sun, 14 Jun 2026 19:54:42 GMT"
s3://sales-analytics-raw-aqib-test/leads_raw/load_type=full/load_date=2026-06-14/leads_raw_20260614_195442_part_00047.json,7341763,6339f05e967ee9ab679f696d1a14eaa3,"Sun, 14 Jun 2026 19:54:43 GMT"
s3://sales-analytics-raw-aqib-test/leads_raw/load_type=full/load_date=2026-06-14/leads_raw_20260614_195442_part_00048.json,7279343,1ad9ac25b4406b575bdae48f694b99fb,"Sun, 14 Jun 2026 19:54:43 GMT"
s3://sales-analytics-raw-aqib-test/leads_raw/load_type=full/load_date=2026-06-14/leads_raw_20260614_195442_part_00049.json,7466640,731b80e9f9f18bb8d01c11c9a81722ef,"Sun, 14 Jun 2026 19:54:43 GMT"
s3://sales-analytics-raw-aqib-test/leads_raw/load_type=full/load_date=2026-06-14/leads_raw_20260614_195443_part_00050.json,7450463,39efc18e41c94cc41a0ae5c4969bef0b,"Sun, 14 Jun 2026 19:54:44 GMT"
s3://sales-analytics-raw-aqib-test/leads_raw/load_type=full/load_date=2026-06-14/leads_raw_20260614_195443_part_00051.json,7448793,c9a957aebf4d702325c0ee4f8c6c03ed,"Sun, 14 Jun 2026 19:54:44 GMT"
s3://sales-analytics-raw-aqib-test/leads_raw/load_type=full/load_date=2026-06-14/leads_raw_20260614_195443_part_00052.json,7422685,00bd6b2417cf759e61617f28ed6925eb,"Sun, 14 Jun 2026 19:54:45 GMT"
s3://sales-analytics-raw-aqib-test/leads_raw/load_type=full/load_date=2026-06-14/leads_raw_20260614_195444_part_00053.json,7349443,8556426c991b944e1edd3d603403d049,"Sun, 14 Jun 2026 19:54:45 GMT"
s3://sales-analytics-raw-aqib-test/leads_raw/load_type=full/load_date=2026-06-14/leads_raw_20260614_195444_part_00054.json,7497334,d95c1b12d16db6b858ce7e781d34308b,"Sun, 14 Jun 2026 19:54:45 GMT"
s3://sales-analytics-raw-aqib-test/leads_raw/load_type=full/load_date=2026-06-14/leads_raw_20260614_195445_part_00055.json,7385409,4f46124f51bd678154b888ecfc6aa293,"Sun, 14 Jun 2026 19:54:46 GMT"
s3://sales-analytics-raw-aqib-test/leads_raw/load_type=full/load_date=2026-06-14/leads_raw_20260614_195445_part_00056.json,7449498,2507349285ff41565bdf8ab4b32a469a,"Sun, 14 Jun 2026 19:54:46 GMT"
s3://sales-analytics-raw-aqib-test/leads_raw/load_type=full/load_date=2026-06-14/leads_raw_20260614_195445_part_00057.json,7798930,1ba31a6534a76d23b5b36bd6745ea718,"Sun, 14 Jun 2026 19:54:46 GMT"
s3://sales-analytics-raw-aqib-test/leads_raw/load_type=full/load_date=2026-06-14/leads_raw_20260614_195446_part_00058.json,7840132,e6b5b45cd711296fa2aecdb7f9573a4b,"Sun, 14 Jun 2026 19:54:47 GMT"
s3://sales-analytics-raw-aqib-test/leads_raw/load_type=full/load_date=2026-06-14/leads_raw_20260614_195446_part_00059.json,7802468,e5eac74b5a0e2003508e59a771ed9d6a,"Sun, 14 Jun 2026 19:54:47 GMT"
s3://sales-analytics-raw-aqib-test/leads_raw/load_type=full/load_date=2026-06-14/leads_raw_20260614_195446_part_00060.json,7711521,1743c6029fc212c4e8f0f3e833a3ce78,"Sun, 14 Jun 2026 19:54:48 GMT"
s3://sales-analytics-raw-aqib-test/leads_raw/load_type=full/load_date=2026-06-14/leads_raw_20260614_195447_part_00061.json,7757635,911286b4d321f29ca78041044f5fa9bd,"Sun, 14 Jun 2026 19:54:48 GMT"
s3://sales-analytics-raw-aqib-test/leads_raw/load_type=full/load_date=2026-06-14/leads_raw_20260614_195448_part_00062.json,7833727,244601c2cc6536717083aa8a5d36c3d3,"Sun, 14 Jun 2026 19:54:49 GMT"
s3://sales-analytics-raw-aqib-test/leads_raw/load_type=full/load_date=2026-06-14/leads_raw_20260614_195448_part_00063.json,7807333,ea68987252c250ea3d8bd8981927d2ee,"Sun, 14 Jun 2026 19:54:49 GMT"
s3://sales-analytics-raw-aqib-test/leads_raw/load_type=full/load_date=2026-06-14/leads_raw_20260614_195448_part_00064.json,7945344,8adc4382f7fa04c6cfee9c9a5db93f38,"Sun, 14 Jun 2026 19:54:49 GMT"
s3://sales-analytics-raw-aqib-test/leads_raw/load_type=full/load_date=2026-06-14/leads_raw_20260614_195449_part_00065.json,7886682,dc842284d0b7a88375075f70e1a81c89,"Sun, 14 Jun 2026 19:54:50 GMT"
s3://sales-analytics-raw-aqib-test/leads_raw/load_type=full/load_date=2026-06-14/leads_raw_20260614_195449_part_00066.json,7781644,02b7dd4cd3f127d3744a5080478a1bcc,"Sun, 14 Jun 2026 19:54:50 GMT"
s3://sales-analytics-raw-aqib-test/leads_raw/load_type=full/load_date=2026-06-14/leads_raw_20260614_195450_part_00067.json,8047111,b2ce003e53afdbfe73d397bd9229f50b,"Sun, 14 Jun 2026 19:54:51 GMT"
s3://sales-analytics-raw-aqib-test/leads_raw/load_type=full/load_date=2026-06-14/leads_raw_20260614_195450_part_00068.json,7841989,3913421f204401ee868d529a7caeca4a,"Sun, 14 Jun 2026 19:54:51 GMT"
s3://sales-analytics-raw-aqib-test/leads_raw/load_type=full/load_date=2026-06-14/leads_raw_20260614_195450_part_00069.json,7925586,c8891395f3bbbf18a8d5df13f759933f,"Sun, 14 Jun 2026 19:54:51 GMT"
s3://sales-analytics-raw-aqib-test/leads_raw/load_type=full/load_date=2026-06-14/leads_raw_20260614_195451_part_00070.json,7786156,484a4f02b8ef4e682ca2b8fe8112a7da,"Sun, 14 Jun 2026 19:54:52 GMT"
s3://sales-analytics-raw-aqib-test/leads_raw/load_type=full/load_date=2026-06-14/leads_raw_20260614_195451_part_00071.json,7847968,eba581a2187d9811867194280d26df93,"Sun, 14 Jun 2026 19:54:52 GMT"
s3://sales-analytics-raw-aqib-test/leads_raw/load_type=full/load_date=2026-06-14/leads_raw_20260614_195452_part_00072.json,7710517,cf7fc631624990c935ad49b081032bd4,"Sun, 14 Jun 2026 19:54:53 GMT"
s3://sales-analytics-raw-aqib-test/leads_raw/load_type=full/load_date=2026-06-14/leads_raw_20260614_195452_part_00073.json,7789218,9a97684e3d33d957a5e3ca6e8db49736,"Sun, 14 Jun 2026 19:54:53 GMT"
s3://sales-analytics-raw-aqib-test/leads_raw/load_type=full/load_date=2026-06-14/leads_raw_20260614_195452_part_00074.json,7787394,12efb5f305da196521a1bc6930cb0984,"Sun, 14 Jun 2026 19:54:53 GMT"
s3://sales-analytics-raw-aqib-test/leads_raw/load_type=full/load_date=2026-06-14/leads_raw_20260614_195453_part_00075.json,7828209,3f3a1632121ee0d91fe8df5c92e5680e,"Sun, 14 Jun 2026 19:54:54 GMT"
s3://sales-analytics-raw-aqib-test/leads_raw/load_type=full/load_date=2026-06-14/leads_raw_20260614_195453_part_00076.json,7822159,57ef1df94c9ae5657f1264140da0925b,"Sun, 14 Jun 2026 19:54:54 GMT"
s3://sales-analytics-raw-aqib-test/leads_raw/load_type=full/load_date=2026-06-14/leads_raw_20260614_195454_part_00077.json,7732334,786b4a8a60175bef85ccb720a846c77e,"Sun, 14 Jun 2026 19:54:55 GMT"
s3://sales-analytics-raw-aqib-test/leads_raw/load_type=full/load_date=2026-06-14/leads_raw_20260614_195454_part_00078.json,7877119,4b6c9ff70d78dab800fb24a84c9f9eb0,"Sun, 14 Jun 2026 19:54:55 GMT"
s3://sales-analytics-raw-aqib-test/leads_raw/load_type=full/load_date=2026-06-14/leads_raw_20260614_195454_part_00079.json,7839862,9f56f63ae5811c7e721affd9d65642f0,"Sun, 14 Jun 2026 19:54:55 GMT"
s3://sales-analytics-raw-aqib-test/leads_raw/load_type=full/load_date=2026-06-14/leads_raw_20260614_195455_part_00080.json,7891923,39d2971371790224bedef09a04a92430,"Sun, 14 Jun 2026 19:54:56 GMT"
s3://sales-analytics-raw-aqib-test/leads_raw/load_type=full/load_date=2026-06-14/leads_raw_20260614_195455_part_00081.json,7743938,01cf65f1d97a49924f22b28baa95ebf7,"Sun, 14 Jun 2026 19:54:56 GMT"
s3://sales-analytics-raw-aqib-test/leads_raw/load_type=full/load_date=2026-06-14/leads_raw_20260614_195455_part_00082.json,7829711,ee61cf8d345e96ffd1f318cf5f4077fc,"Sun, 14 Jun 2026 19:54:57 GMT"
s3://sales-analytics-raw-aqib-test/leads_raw/load_type=full/load_date=2026-06-14/leads_raw_20260614_195456_part_00083.json,7678317,6233323d2c77dda9ca6376c91029c318,"Sun, 14 Jun 2026 19:54:57 GMT"
s3://sales-analytics-raw-aqib-test/leads_raw/load_type=full/load_date=2026-06-14/leads_raw_20260614_195456_part_00084.json,7713862,64f485c63c2d2be5f1fc7e5116401f98,"Sun, 14 Jun 2026 19:54:57 GMT"
s3://sales-analytics-raw-aqib-test/leads_raw/load_type=full/load_date=2026-06-14/leads_raw_20260614_195457_part_00085.json,7887217,40b0c1c0c507888a6f1dbae7ccdbac36,"Sun, 14 Jun 2026 19:54:58 GMT"
s3://sales-analytics-raw-aqib-test/leads_raw/load_type=full/load_date=2026-06-14/leads_raw_20260614_195457_part_00086.json,7909368,701a2bb1c48061f65bc6cda4b4cd1a64,"Sun, 14 Jun 2026 19:54:58 GMT"
s3://sales-analytics-raw-aqib-test/leads_raw/load_type=full/load_date=2026-06-14/leads_raw_20260614_195457_part_00087.json,7823609,0f1217a63bae2ce680983862a3442bc3,"Sun, 14 Jun 2026 19:54:58 GMT"
s3://sales-analytics-raw-aqib-test/leads_raw/load_type=full/load_date=2026-06-14/leads_raw_20260614_195458_part_00088.json,7736608,2b2812ec58ecadbeef446fbaf21e44de,"Sun, 14 Jun 2026 19:54:59 GMT"
s3://sales-analytics-raw-aqib-test/leads_raw/load_type=full/load_date=2026-06-14/leads_raw_20260614_195458_part_00089.json,7821928,b95fa4cd6627d61a43d77828d87ae613,"Sun, 14 Jun 2026 19:54:59 GMT"
s3://sales-analytics-raw-aqib-test/leads_raw/load_type=full/load_date=2026-06-14/leads_raw_20260614_195458_part_00090.json,7870288,879557be71d6775f34b9d0d5098ea438,"Sun, 14 Jun 2026 19:54:59 GMT"
s3://sales-analytics-raw-aqib-test/leads_raw/load_type=full/load_date=2026-06-14/leads_raw_20260614_195459_part_00091.json,7711426,dd110058c8ef19898efbe250ee6208ea,"Sun, 14 Jun 2026 19:55:00 GMT"
s3://sales-analytics-raw-aqib-test/leads_raw/load_type=full/load_date=2026-06-14/leads_raw_20260614_195459_part_00092.json,7710096,e85a386174fba6f4e7270723f67c045d,"Sun, 14 Jun 2026 19:55:00 GMT"
s3://sales-analytics-raw-aqib-test/leads_raw/load_type=full/load_date=2026-06-14/leads_raw_20260614_195500_part_00093.json,7928837,b61fa4f45599eae189aa54b1a82d1d07,"Sun, 14 Jun 2026 19:55:01 GMT"
s3://sales-analytics-raw-aqib-test/leads_raw/load_type=full/load_date=2026-06-14/leads_raw_20260614_195500_part_00094.json,7772942,f6629c8e1f0c11b4389e49b618eed52c,"Sun, 14 Jun 2026 19:55:01 GMT"
s3://sales-analytics-raw-aqib-test/leads_raw/load_type=full/load_date=2026-06-14/leads_raw_20260614_195500_part_00095.json,7797764,d5bb3e9f010db50bc06242ef81d21ffa,"Sun, 14 Jun 2026 19:55:01 GMT"
s3://sales-analytics-raw-aqib-test/leads_raw/load_type=full/load_date=2026-06-14/leads_raw_20260614_195501_part_00096.json,7802208,caf7ca415dc10e4aa65ee9f18531e2ef,"Sun, 14 Jun 2026 19:55:02 GMT"
s3://sales-analytics-raw-aqib-test/leads_raw/load_type=full/load_date=2026-06-14/leads_raw_20260614_195501_part_00097.json,8048017,9580f313bfad5a0859d2a060a869e181,"Sun, 14 Jun 2026 19:55:02 GMT"
s3://sales-analytics-raw-aqib-test/leads_raw/load_type=full/load_date=2026-06-14/leads_raw_20260614_195502_part_00098.json,7739704,46fd4a6af2d2337c1f13d1a12a3148db,"Sun, 14 Jun 2026 19:55:03 GMT"
s3://sales-analytics-raw-aqib-test/leads_raw/load_type=full/load_date=2026-06-14/leads_raw_20260614_195502_part_00099.json,8119027,e31d5cbf7795358560a05b426d328e9c,"Sun, 14 Jun 2026 19:55:03 GMT"
s3://sales-analytics-raw-aqib-test/leads_raw/load_type=full/load_date=2026-06-14/leads_raw_20260614_195502_part_00100.json,8104150,98bd382e6788cc960f12a47099edffc1,"Sun, 14 Jun 2026 19:55:03 GMT"
s3://sales-analytics-raw-aqib-test/leads_raw/load_type=full/load_date=2026-06-14/leads_raw_20260614_195503_part_00101.json,8174620,1b3bada5f4740024fa9af8278ad1eeee,"Sun, 14 Jun 2026 19:55:04 GMT"
s3://sales-analytics-raw-aqib-test/leads_raw/load_type=full/load_date=2026-06-14/leads_raw_20260614_195503_part_00102.json,8031534,87f03409b9431f98f29cb3db74f5adf0,"Sun, 14 Jun 2026 19:55:04 GMT"
s3://sales-analytics-raw-aqib-test/leads_raw/load_type=full/load_date=2026-06-14/leads_raw_20260614_195504_part_00103.json,8140922,5bf93fc85bcd6e5d318203b74c0a9c44,"Sun, 14 Jun 2026 19:55:05 GMT"
s3://sales-analytics-raw-aqib-test/leads_raw/load_type=full/load_date=2026-06-14/leads_raw_20260614_195504_part_00104.json,8112039,bc7f6e2c412a224aff179a16d3e7b451,"Sun, 14 Jun 2026 19:55:05 GMT"
s3://sales-analytics-raw-aqib-test/leads_raw/load_type=full/load_date=2026-06-14/leads_raw_20260614_195504_part_00105.json,7997914,06a7f9ce8428b8c38ae9a8d9f3659368,"Sun, 14 Jun 2026 19:55:05 GMT"
s3://sales-analytics-raw-aqib-test/leads_raw/load_type=full/load_date=2026-06-14/leads_raw_20260614_195505_part_00106.json,8222209,2e09e92f4a4f64e39f8df7a19d9a77fa,"Sun, 14 Jun 2026 19:55:06 GMT"
s3://sales-analytics-raw-aqib-test/leads_raw/load_type=full/load_date=2026-06-14/leads_raw_20260614_195505_part_00107.json,8221245,9ec765a9c11ed32d1fc5f39968c2cff5,"Sun, 14 Jun 2026 19:55:06 GMT"
s3://sales-analytics-raw-aqib-test/leads_raw/load_type=full/load_date=2026-06-14/leads_raw_20260614_195506_part_00108.json,8184886,ce7dd0bd3227037a17ebfb7500ccc9a8,"Sun, 14 Jun 2026 19:55:07 GMT"
s3://sales-analytics-raw-aqib-test/leads_raw/load_type=full/load_date=2026-06-14/leads_raw_20260614_195506_part_00109.json,8211347,8a378584c5b2b8de139dcb911461fb2b,"Sun, 14 Jun 2026 19:55:07 GMT"
s3://sales-analytics-raw-aqib-test/leads_raw/load_type=full/load_date=2026-06-14/leads_raw_20260614_195506_part_00110.json,8630229,739c7b7561101a70cf8e1e528761e1e2,"Sun, 14 Jun 2026 19:55:07 GMT"
s3://sales-analytics-raw-aqib-test/leads_raw/load_type=full/load_date=2026-06-14/leads_raw_20260614_195507_part_00111.json,8364453,aaf2cb241e6be450697ed74fa4c4a399,"Sun, 14 Jun 2026 19:55:08 GMT"
s3://sales-analytics-raw-aqib-test/leads_raw/load_type=full/load_date=2026-06-14/leads_raw_20260614_195507_part_00112.json,8472392,6202e9a2d157992bd77c7058f3ef5961,"Sun, 14 Jun 2026 19:55:08 GMT"
s3://sales-analytics-raw-aqib-test/leads_raw/load_type=full/load_date=2026-06-14/leads_raw_20260614_195508_part_00113.json,8301560,f3eececbb6f60ac43b5a423f5906b3db,"Sun, 14 Jun 2026 19:55:09 GMT"
s3://sales-analytics-raw-aqib-test/leads_raw/load_type=full/load_date=2026-06-14/leads_raw_20260614_195508_part_00114.json,8538566,a3a594e818ea5eca6631493c434e9ff0,"Sun, 14 Jun 2026 19:55:09 GMT"
s3://sales-analytics-raw-aqib-test/leads_raw/load_type=full/load_date=2026-06-14/leads_raw_20260614_195508_part_00115.json,8483558,25a0df6c1d552df9a3c70306ddf4d129,"Sun, 14 Jun 2026 19:55:09 GMT"
s3://sales-analytics-raw-aqib-test/leads_raw/load_type=full/load_date=2026-06-14/leads_raw_20260614_195509_part_00116.json,8532184,48be9f12af8822d87887b28ce151fb51,"Sun, 14 Jun 2026 19:55:10 GMT"
s3://sales-analytics-raw-aqib-test/leads_raw/load_type=full/load_date=2026-06-14/leads_raw_20260614_195509_part_00117.json,8999123,1cee29670e9270da5aa4cf12d4d55423,"Sun, 14 Jun 2026 19:55:10 GMT"
s3://sales-analytics-raw-aqib-test/leads_raw/load_type=full/load_date=2026-06-14/leads_raw_20260614_195510_part_00118.json,8590661,ae873e3eb464f48d431799b482d289bd,"Sun, 14 Jun 2026 19:55:11 GMT"
s3://sales-analytics-raw-aqib-test/leads_raw/load_type=full/load_date=2026-06-14/leads_raw_20260614_195510_part_00119.json,8845808,968571eb8facf46f4bb1ab2429f16e2a,"Sun, 14 Jun 2026 19:55:11 GMT"
s3://sales-analytics-raw-aqib-test/leads_raw/load_type=full/load_date=2026-06-14/leads_raw_20260614_195510_part_00120.json,8866612,6a34b8e50e500b73463686a245e2792b,"Sun, 14 Jun 2026 19:55:12 GMT"
s3://sales-analytics-raw-aqib-test/leads_raw/load_type=full/load_date=2026-06-14/leads_raw_20260614_195511_part_00121.json,8726029,baf568644ad20ffc1f39874f174c0e63,"Sun, 14 Jun 2026 19:55:12 GMT"
s3://sales-analytics-raw-aqib-test/leads_raw/load_type=full/load_date=2026-06-14/leads_raw_20260614_195511_part_00122.json,8484554,8b0216e7a97f6a013da19a8adb42d28b,"Sun, 14 Jun 2026 19:55:12 GMT"
s3://sales-analytics-raw-aqib-test/leads_raw/load_type=full/load_date=2026-06-14/leads_raw_20260614_195512_part_00123.json,8474232,6b9cd782ac9535eb4ff789a6e3fde3ca,"Sun, 14 Jun 2026 19:55:13 GMT"
s3://sales-analytics-raw-aqib-test/leads_raw/load_type=full/load_date=2026-06-14/leads_raw_20260614_195512_part_00124.json,8380742,1c79706d128fbe740498dd2b5127a6d5,"Sun, 14 Jun 2026 19:55:13 GMT"
s3://sales-analytics-raw-aqib-test/leads_raw/load_type=full/load_date=2026-06-14/leads_raw_20260614_195512_part_00125.json,8263669,e379e87d2078b717de9bb496004a39a7,"Sun, 14 Jun 2026 19:55:14 GMT"
s3://sales-analytics-raw-aqib-test/leads_raw/load_type=full/load_date=2026-06-14/leads_raw_20260614_195513_part_00126.json,8454678,632863a6b39a9524ada33a6bf20b9c9c,"Sun, 14 Jun 2026 19:55:14 GMT"
s3://sales-analytics-raw-aqib-test/leads_raw/load_type=full/load_date=2026-06-14/leads_raw_20260614_195513_part_00127.json,8348449,02e571afa9e27c62283f5aebe066bbbb,"Sun, 14 Jun 2026 19:55:14 GMT"
s3://sales-analytics-raw-aqib-test/leads_raw/load_type=full/load_date=2026-06-14/leads_raw_20260614_195514_part_00128.json,8467781,2a19de8f375b4ba65555a79e9c50e1e1,"Sun, 14 Jun 2026 19:55:15 GMT"
s3://sales-analytics-raw-aqib-test/leads_raw/load_type=full/load_date=2026-06-14/leads_raw_20260614_195514_part_00129.json,8471347,05c318ca35518c00f65cefd4cc427cd5,"Sun, 14 Jun 2026 19:55:15 GMT"
s3://sales-analytics-raw-aqib-test/leads_raw/load_type=full/load_date=2026-06-14/leads_raw_20260614_195514_part_00130.json,8699118,ab46ec36aedbca48044e1ebc0fc39e46,"Sun, 14 Jun 2026 19:55:16 GMT"
s3://sales-analytics-raw-aqib-test/leads_raw/load_type=full/load_date=2026-06-14/leads_raw_20260614_195515_part_00131.json,8264586,7c6c06f94fcc23474e51345f6d4de34f,"Sun, 14 Jun 2026 19:55:16 GMT"
s3://sales-analytics-raw-aqib-test/leads_raw/load_type=full/load_date=2026-06-14/leads_raw_20260614_195515_part_00132.json,8497021,7911a4e0c6110dd9d51923de392ad418,"Sun, 14 Jun 2026 19:55:16 GMT"
s3://sales-analytics-raw-aqib-test/leads_raw/load_type=full/load_date=2026-06-14/leads_raw_20260614_195516_part_00133.json,8520400,d23a012b26d673d3cb421cfc49f908be,"Sun, 14 Jun 2026 19:55:17 GMT"
s3://sales-analytics-raw-aqib-test/leads_raw/load_type=full/load_date=2026-06-14/leads_raw_20260614_195516_part_00134.json,8535610,20bd8345839c0786f423d5425a00a0b6,"Sun, 14 Jun 2026 19:55:17 GMT"
s3://sales-analytics-raw-aqib-test/leads_raw/load_type=full/load_date=2026-06-14/leads_raw_20260614_195516_part_00135.json,8449914,d6e5cba5b2dca6b5b95d657f4502e29a,"Sun, 14 Jun 2026 19:55:18 GMT"
s3://sales-analytics-raw-aqib-test/leads_raw/load_type=full/load_date=2026-06-14/leads_raw_20260614_195517_part_00136.json,8261214,642d2487825c68256e8ac150f175fd92,"Sun, 14 Jun 2026 19:55:18 GMT"
s3://sales-analytics-raw-aqib-test/leads_raw/load_type=full/load_date=2026-06-14/leads_raw_20260614_195517_part_00137.json,8235765,188d9c40bbeef93977cddb058fafff4d,"Sun, 14 Jun 2026 19:55:18 GMT"
s3://sales-analytics-raw-aqib-test/leads_raw/load_type=full/load_date=2026-06-14/leads_raw_20260614_195518_part_00138.json,8383459,98199a61832f66978ac5730ce4f0d741,"Sun, 14 Jun 2026 19:55:19 GMT"
s3://sales-analytics-raw-aqib-test/leads_raw/load_type=full/load_date=2026-06-14/leads_raw_20260614_195518_part_00139.json,8358289,e6ad90afcbcd9c215485a47ebbb23424,"Sun, 14 Jun 2026 19:55:19 GMT"
s3://sales-analytics-raw-aqib-test/leads_raw/load_type=full/load_date=2026-06-14/leads_raw_20260614_195518_part_00140.json,8539992,aaef55c963f9923888f09829e2403963,"Sun, 14 Jun 2026 19:55:19 GMT"
s3://sales-analytics-raw-aqib-test/leads_raw/load_type=full/load_date=2026-06-14/leads_raw_20260614_195519_part_00141.json,8486755,df8af26ac286464572214c03ae4fa694,"Sun, 14 Jun 2026 19:55:20 GMT"
s3://sales-analytics-raw-aqib-test/leads_raw/load_type=full/load_date=2026-06-14/leads_raw_20260614_195519_part_00142.json,8461132,85a389db65a0a7b93e80e28e7fcb4174,"Sun, 14 Jun 2026 19:55:20 GMT"
s3://sales-analytics-raw-aqib-test/leads_raw/load_type=full/load_date=2026-06-14/leads_raw_20260614_195520_part_00143.json,8440069,2f36bcc6b23c7f1d9b7726fdcb24dd78,"Sun, 14 Jun 2026 19:55:21 GMT"
s3://sales-analytics-raw-aqib-test/leads_raw/load_type=full/load_date=2026-06-14/leads_raw_20260614_195520_part_00144.json,8458641,2b15f11553678a11b37a3ff826e3b1d6,"Sun, 14 Jun 2026 19:55:21 GMT"
s3://sales-analytics-raw-aqib-test/leads_raw/load_type=full/load_date=2026-06-14/leads_raw_20260614_195520_part_00145.json,8512189,4b50e3752112f8a42e770d2f975edc12,"Sun, 14 Jun 2026 19:55:22 GMT"
s3://sales-analytics-raw-aqib-test/leads_raw/load_type=full/load_date=2026-06-14/leads_raw_20260614_195521_part_00146.json,8435316,7a2f1bbe813f99f12f1c71ff6e544992,"Sun, 14 Jun 2026 19:55:22 GMT"
s3://sales-analytics-raw-aqib-test/leads_raw/load_type=full/load_date=2026-06-14/leads_raw_20260614_195521_part_00147.json,8433461,b549b5ae7e55cfeba7bc32eaf1477842,"Sun, 14 Jun 2026 19:55:22 GMT"
s3://sales-analytics-raw-aqib-test/leads_raw/load_type=full/load_date=2026-06-14/leads_raw_20260614_195522_part_00148.json,8656991,7f6a1fd36e7a85f0b9809ca3bdc3c73d,"Sun, 14 Jun 2026 19:55:23 GMT"
s3://sales-analytics-raw-aqib-test/leads_raw/load_type=full/load_date=2026-06-14/leads_raw_20260614_195522_part_00149.json,8070150,ca63f6ca0cdb58b8a48a8a70dbb10d2c,"Sun, 14 Jun 2026 19:55:23 GMT"
s3://sales-analytics-raw-aqib-test/leads_raw/load_type=full/load_date=2026-06-14/leads_raw_20260614_195522_part_00150.json,8121806,001cf498b8627a293c7d239ce5d4108d,"Sun, 14 Jun 2026 19:55:24 GMT"
s3://sales-analytics-raw-aqib-test/leads_raw/load_type=full/load_date=2026-06-14/leads_raw_20260614_195523_part_00151.json,8084020,da484187c13cd85a475caa0cacd66fbb,"Sun, 14 Jun 2026 19:55:24 GMT"
s3://sales-analytics-raw-aqib-test/leads_raw/load_type=full/load_date=2026-06-14/leads_raw_20260614_195523_part_00152.json,7944569,a926974f0a49f1bfe088643d1e1f211a,"Sun, 14 Jun 2026 19:55:24 GMT"
s3://sales-analytics-raw-aqib-test/leads_raw/load_type=full/load_date=2026-06-14/leads_raw_20260614_195524_part_00153.json,8211061,8dbce47389f5e85ba15aaa9158322dce,"Sun, 14 Jun 2026 19:55:25 GMT"
s3://sales-analytics-raw-aqib-test/leads_raw/load_type=full/load_date=2026-06-14/leads_raw_20260614_195524_part_00154.json,8022094,d3fe4930006657614887031da7462088,"Sun, 14 Jun 2026 19:55:25 GMT"
s3://sales-analytics-raw-aqib-test/leads_raw/load_type=full/load_date=2026-06-14/leads_raw_20260614_195524_part_00155.json,8004718,1ddea04eba2605a2ab3a08440ed0de07,"Sun, 14 Jun 2026 19:55:25 GMT"
s3://sales-analytics-raw-aqib-test/leads_raw/load_type=full/load_date=2026-06-14/leads_raw_20260614_195525_part_00156.json,8067956,ada0053f41349866b78654262569fc20,"Sun, 14 Jun 2026 19:55:26 GMT"
s3://sales-analytics-raw-aqib-test/leads_raw/load_type=full/load_date=2026-06-14/leads_raw_20260614_195525_part_00157.json,8191337,0bff254910d2c9a510bc7a0c8f52e7f3,"Sun, 14 Jun 2026 19:55:26 GMT"
s3://sales-analytics-raw-aqib-test/leads_raw/load_type=full/load_date=2026-06-14/leads_raw_20260614_195525_part_00158.json,7943318,d9c0807897dba37043554f66bec253e8,"Sun, 14 Jun 2026 19:55:27 GMT"
s3://sales-analytics-raw-aqib-test/leads_raw/load_type=full/load_date=2026-06-14/leads_raw_20260614_195526_part_00159.json,7849867,522e665b4b61bf0c5d4c84883515782c,"Sun, 14 Jun 2026 19:55:27 GMT"
s3://sales-analytics-raw-aqib-test/leads_raw/load_type=full/load_date=2026-06-14/leads_raw_20260614_195526_part_00160.json,8086384,7dd77b909e25579cb687c4cc864938bc,"Sun, 14 Jun 2026 19:55:27 GMT"
s3://sales-analytics-raw-aqib-test/leads_raw/load_type=full/load_date=2026-06-14/leads_raw_20260614_195527_part_00161.json,8352840,0422c3dae5a18906f0261c22c011eb35,"Sun, 14 Jun 2026 19:55:28 GMT"
s3://sales-analytics-raw-aqib-test/leads_raw/load_type=full/load_date=2026-06-14/leads_raw_20260614_195527_part_00162.json,8391265,7ff76c467582503832a9ac6058ad76d4,"Sun, 14 Jun 2026 19:55:28 GMT"
s3://sales-analytics-raw-aqib-test/leads_raw/load_type=full/load_date=2026-06-14/leads_raw_20260614_195527_part_00163.json,8236561,8e8879686ed8a23e38c562c996afb967,"Sun, 14 Jun 2026 19:55:28 GMT"
s3://sales-analytics-raw-aqib-test/leads_raw/load_type=full/load_date=2026-06-14/leads_raw_20260614_195528_part_00164.json,8376284,4276b97a02999f9f3a2653013a591f02,"Sun, 14 Jun 2026 19:55:29 GMT"
s3://sales-analytics-raw-aqib-test/leads_raw/load_type=full/load_date=2026-06-14/leads_raw_20260614_195528_part_00165.json,8369418,d14b941ea37cda6e967446b966f3c9ec,"Sun, 14 Jun 2026 19:55:29 GMT"
s3://sales-analytics-raw-aqib-test/leads_raw/load_type=full/load_date=2026-06-14/leads_raw_20260614_195529_part_00166.json,8268051,cf6562495647c30bac0a26142f040d9b,"Sun, 14 Jun 2026 19:55:30 GMT"
s3://sales-analytics-raw-aqib-test/leads_raw/load_type=full/load_date=2026-06-14/leads_raw_20260614_195529_part_00167.json,8240225,b10171b3286258a1c8446392688c9c0c,"Sun, 14 Jun 2026 19:55:30 GMT"
s3://sales-analytics-raw-aqib-test/leads_raw/load_type=full/load_date=2026-06-14/leads_raw_20260614_195529_part_00168.json,8271590,b3a3f70e2cbe5796b1e32541eb764435,"Sun, 14 Jun 2026 19:55:30 GMT"
s3://sales-analytics-raw-aqib-test/leads_raw/load_type=full/load_date=2026-06-14/leads_raw_20260614_195530_part_00169.json,8454346,94a7158aa7319f950accfa4990f2790e,"Sun, 14 Jun 2026 19:55:31 GMT"
s3://sales-analytics-raw-aqib-test/leads_raw/load_type=full/load_date=2026-06-14/leads_raw_20260614_195530_part_00170.json,9390499,45c3345bf49a240fc2c52d996b44db42,"Sun, 14 Jun 2026 19:55:31 GMT"
s3://sales-analytics-raw-aqib-test/leads_raw/load_type=full/load_date=2026-06-14/leads_raw_20260614_195531_part_00171.json,9466009,58f06ccc88fde6141d70552a816e8be0,"Sun, 14 Jun 2026 19:55:32 GMT"
s3://sales-analytics-raw-aqib-test/leads_raw/load_type=full/load_date=2026-06-14/leads_raw_20260614_195531_part_00172.json,9293845,1593a1410d6e459f389bf6b71562cd68,"Sun, 14 Jun 2026 19:55:32 GMT"
s3://sales-analytics-raw-aqib-test/leads_raw/load_type=full/load_date=2026-06-14/leads_raw_20260614_195531_part_00173.json,9339876,82596cb4fcff88ad923b1345cab1a4da,"Sun, 14 Jun 2026 19:55:33 GMT"
s3://sales-analytics-raw-aqib-test/leads_raw/load_type=full/load_date=2026-06-14/leads_raw_20260614_195532_part_00174.json,9406013,beefaa0da2272432180114939fcbd480,"Sun, 14 Jun 2026 19:55:33 GMT"
s3://sales-analytics-raw-aqib-test/leads_raw/load_type=full/load_date=2026-06-14/leads_raw_20260614_195532_part_00175.json,9274890,51a61e1c2602089b14a652b8b953c177,"Sun, 14 Jun 2026 19:55:33 GMT"
s3://sales-analytics-raw-aqib-test/leads_raw/load_type=full/load_date=2026-06-14/leads_raw_20260614_195533_part_00176.json,9366216,28a775ef9cd77e51a02ff1a5226e4b95,"Sun, 14 Jun 2026 19:55:34 GMT"
s3://sales-analytics-raw-aqib-test/leads_raw/load_type=full/load_date=2026-06-14/leads_raw_20260614_195533_part_00177.json,9457440,4defe76730df630c6c64fc867a6f79fd,"Sun, 14 Jun 2026 19:55:34 GMT"
s3://sales-analytics-raw-aqib-test/leads_raw/load_type=full/load_date=2026-06-14/leads_raw_20260614_195534_part_00178.json,9588656,a4df43771bc1d49aeda9687ff401c126,"Sun, 14 Jun 2026 19:55:35 GMT"
s3://sales-analytics-raw-aqib-test/leads_raw/load_type=full/load_date=2026-06-14/leads_raw_20260614_195534_part_00179.json,8575358,c0f0cf2e3e676e79344e7ac031d4900c,"Sun, 14 Jun 2026 19:55:35 GMT"
s3://sales-analytics-raw-aqib-test/leads_raw/load_type=full/load_date=2026-06-14/leads_raw_20260614_195535_part_00180.json,8395595,7d88609adc0e042e23707ddae6e30bdc,"Sun, 14 Jun 2026 19:55:36 GMT"
s3://sales-analytics-raw-aqib-test/leads_raw/load_type=full/load_date=2026-06-14/leads_raw_20260614_195535_part_00181.json,8478931,24a30fe8a4d6b72aa23d31d8aac43f51,"Sun, 14 Jun 2026 19:55:36 GMT"
s3://sales-analytics-raw-aqib-test/leads_raw/load_type=full/load_date=2026-06-14/leads_raw_20260614_195535_part_00182.json,8419451,5a3704d7bdfe095a42127fe25661b352,"Sun, 14 Jun 2026 19:55:36 GMT"
s3://sales-analytics-raw-aqib-test/leads_raw/load_type=full/load_date=2026-06-14/leads_raw_20260614_195536_part_00183.json,8389926,2d564fd28a78c10996cbeefd659d1fe3,"Sun, 14 Jun 2026 19:55:37 GMT"
s3://sales-analytics-raw-aqib-test/leads_raw/load_type=full/load_date=2026-06-14/leads_raw_20260614_195536_part_00184.json,8333822,5099dfeb531f079aac156f3859397343,"Sun, 14 Jun 2026 19:55:37 GMT"
s3://sales-analytics-raw-aqib-test/leads_raw/load_type=full/load_date=2026-06-14/leads_raw_20260614_195536_part_00185.json,8487435,1851f5fa5cffd90248955dba29b4b606,"Sun, 14 Jun 2026 19:55:38 GMT"
s3://sales-analytics-raw-aqib-test/leads_raw/load_type=full/load_date=2026-06-14/leads_raw_20260614_195537_part_00186.json,8268897,6f0f88bb2155ba7ffc570c671c1a315f,"Sun, 14 Jun 2026 19:55:38 GMT"
s3://sales-analytics-raw-aqib-test/leads_raw/load_type=full/load_date=2026-06-14/leads_raw_20260614_195537_part_00187.json,8361549,891dbe57621a2436c6aebf30d4c9c198,"Sun, 14 Jun 2026 19:55:38 GMT"
s3://sales-analytics-raw-aqib-test/leads_raw/load_type=full/load_date=2026-06-14/leads_raw_20260614_195538_part_00188.json,8143863,bf7b596a04b3d15c2e59ab2043f0a4b4,"Sun, 14 Jun 2026 19:55:39 GMT"
s3://sales-analytics-raw-aqib-test/leads_raw/load_type=full/load_date=2026-06-14/leads_raw_20260614_195538_part_00189.json,8074168,98299b70f320655ea4a10548f25590e8,"Sun, 14 Jun 2026 19:55:39 GMT"
s3://sales-analytics-raw-aqib-test/leads_raw/load_type=full/load_date=2026-06-14/leads_raw_20260614_195538_part_00190.json,8256820,bbec6cc87321466e0471ae59c73cef8f,"Sun, 14 Jun 2026 19:55:40 GMT"
s3://sales-analytics-raw-aqib-test/leads_raw/load_type=full/load_date=2026-06-14/leads_raw_20260614_195539_part_00191.json,8023078,e7c9c7839b811826a41a60dc55833905,"Sun, 14 Jun 2026 19:55:40 GMT"
s3://sales-analytics-raw-aqib-test/leads_raw/load_type=full/load_date=2026-06-14/leads_raw_20260614_195539_part_00192.json,8287906,8926319174faa16ec60cdedc5fb31aa7,"Sun, 14 Jun 2026 19:55:40 GMT"
s3://sales-analytics-raw-aqib-test/leads_raw/load_type=full/load_date=2026-06-14/leads_raw_20260614_195540_part_00193.json,8026312,385c2483793bde2639f545274154a9d5,"Sun, 14 Jun 2026 19:55:41 GMT"
s3://sales-analytics-raw-aqib-test/leads_raw/load_type=full/load_date=2026-06-14/leads_raw_20260614_195540_part_00194.json,8223176,2c49bb46f9d91e7b2387082a63a86d84,"Sun, 14 Jun 2026 19:55:41 GMT"
s3://sales-analytics-raw-aqib-test/leads_raw/load_type=full/load_date=2026-06-14/leads_raw_20260614_195540_part_00195.json,8173878,02877913ac7c78dd3c54124cfa8f32ca,"Sun, 14 Jun 2026 19:55:41 GMT"
s3://sales-analytics-raw-aqib-test/leads_raw/load_type=full/load_date=2026-06-14/leads_raw_20260614_195541_part_00196.json,8224968,b36d023eb8eb00eecd0e9181b4e15892,"Sun, 14 Jun 2026 19:55:42 GMT"
s3://sales-analytics-raw-aqib-test/leads_raw/load_type=full/load_date=2026-06-14/leads_raw_20260614_195541_part_00197.json,8206584,3dd7cfac119e139c3d0a37d19b6e0121,"Sun, 14 Jun 2026 19:55:42 GMT"
s3://sales-analytics-raw-aqib-test/leads_raw/load_type=full/load_date=2026-06-14/leads_raw_20260614_195541_part_00198.json,8058926,74cd82e11796ba1c89b486a4f0b2692a,"Sun, 14 Jun 2026 19:55:42 GMT"
s3://sales-analytics-raw-aqib-test/leads_raw/load_type=full/load_date=2026-06-14/leads_raw_20260614_195542_part_00199.json,8101469,094888c109db18a9cc647c60f8eb332e,"Sun, 14 Jun 2026 19:55:43 GMT"
s3://sales-analytics-raw-aqib-test/leads_raw/load_type=full/load_date=2026-06-14/leads_raw_20260614_195542_part_00200.json,8376401,1977ed3cf6693ff9d1326c560c53a8dd,"Sun, 14 Jun 2026 19:55:43 GMT"
s3://sales-analytics-raw-aqib-test/leads_raw/load_type=full/load_date=2026-06-14/leads_raw_20260614_195542_part_00201.json,8290802,cdc04a32998b3ef79af77ada4d07b39c,"Sun, 14 Jun 2026 19:55:44 GMT"
s3://sales-analytics-raw-aqib-test/leads_raw/load_type=full/load_date=2026-06-14/leads_raw_20260614_195543_part_00202.json,8137699,7deb8fcadfc2268806bfcaea28fdfe70,"Sun, 14 Jun 2026 19:55:44 GMT"
s3://sales-analytics-raw-aqib-test/leads_raw/load_type=full/load_date=2026-06-14/leads_raw_20260614_195543_part_00203.json,7974906,616f0d2a8ca9bb9bbf7400e84e38014d,"Sun, 14 Jun 2026 19:55:44 GMT"
s3://sales-analytics-raw-aqib-test/leads_raw/load_type=full/load_date=2026-06-14/leads_raw_20260614_195544_part_00204.json,8290652,e58c9e445a2e0d40bf0dd953bcd0af86,"Sun, 14 Jun 2026 19:55:45 GMT"
s3://sales-analytics-raw-aqib-test/leads_raw/load_type=full/load_date=2026-06-14/leads_raw_20260614_195544_part_00205.json,8228900,508c034cd2d0105b513ef7699de40776,"Sun, 14 Jun 2026 19:55:45 GMT"
s3://sales-analytics-raw-aqib-test/leads_raw/load_type=full/load_date=2026-06-14/leads_raw_20260614_195545_part_00206.json,8116690,41aa16510e52c7b12ae8fb8c352c9738,"Sun, 14 Jun 2026 19:55:46 GMT"
s3://sales-analytics-raw-aqib-test/leads_raw/load_type=full/load_date=2026-06-14/leads_raw_20260614_195545_part_00207.json,8176436,acd2c991dff7b0a3dc551eacbeeca097,"Sun, 14 Jun 2026 19:55:46 GMT"
s3://sales-analytics-raw-aqib-test/leads_raw/load_type=full/load_date=2026-06-14/leads_raw_20260614_195545_part_00208.json,8129507,e94f4ca1f9e6c6b4910aa7a03617ad84,"Sun, 14 Jun 2026 19:55:46 GMT"
s3://sales-analytics-raw-aqib-test/leads_raw/load_type=full/load_date=2026-06-14/leads_raw_20260614_195546_part_00209.json,7935152,31e13b3fa7462086e6d969c73294e0c9,"Sun, 14 Jun 2026 19:55:47 GMT"
s3://sales-analytics-raw-aqib-test/leads_raw/load_type=full/load_date=2026-06-14/leads_raw_20260614_195546_part_00210.json,8205676,b8cf235a3dcc35d413993bef0e5a9453,"Sun, 14 Jun 2026 19:55:47 GMT"
s3://sales-analytics-raw-aqib-test/leads_raw/load_type=full/load_date=2026-06-14/leads_raw_20260614_195546_part_00211.json,8181891,93381320d134e4166e4283ea90bd52fd,"Sun, 14 Jun 2026 19:55:47 GMT"
s3://sales-analytics-raw-aqib-test/leads_raw/load_type=full/load_date=2026-06-14/leads_raw_20260614_195547_part_00212.json,8189809,312e1037ca1794a3e81890a7760955fa,"Sun, 14 Jun 2026 19:55:48 GMT"
s3://sales-analytics-raw-aqib-test/leads_raw/load_type=full/load_date=2026-06-14/leads_raw_20260614_195547_part_00213.json,8149470,e3aeabc815dc6e1786f0335875fb64ed,"Sun, 14 Jun 2026 19:55:48 GMT"
s3://sales-analytics-raw-aqib-test/leads_raw/load_type=full/load_date=2026-06-14/leads_raw_20260614_195547_part_00214.json,8237622,5334798ce8269035795d0fce609d76d0,"Sun, 14 Jun 2026 19:55:49 GMT"
s3://sales-analytics-raw-aqib-test/leads_raw/load_type=full/load_date=2026-06-14/leads_raw_20260614_195548_part_00215.json,8131961,fa719bf75a51734e20847cc5b63cee1a,"Sun, 14 Jun 2026 19:55:49 GMT"
s3://sales-analytics-raw-aqib-test/leads_raw/load_type=full/load_date=2026-06-14/leads_raw_20260614_195548_part_00216.json,8214503,deaf46ef4d1d749a2cbe120d4f295408,"Sun, 14 Jun 2026 19:55:49 GMT"
s3://sales-analytics-raw-aqib-test/leads_raw/load_type=full/load_date=2026-06-14/leads_raw_20260614_195549_part_00217.json,8171965,18e6f085d1d61cca8d19a5235d08797a,"Sun, 14 Jun 2026 19:55:50 GMT"
s3://sales-analytics-raw-aqib-test/leads_raw/load_type=full/load_date=2026-06-14/leads_raw_20260614_195549_part_00218.json,8234299,61f0ae2ae355082f5ca0704036b6404b,"Sun, 14 Jun 2026 19:55:50 GMT"
s3://sales-analytics-raw-aqib-test/leads_raw/load_type=full/load_date=2026-06-14/leads_raw_20260614_195549_part_00219.json,8070079,842147566d2cd9fdd67448a945dba276,"Sun, 14 Jun 2026 19:55:50 GMT"
s3://sales-analytics-raw-aqib-test/leads_raw/load_type=full/load_date=2026-06-14/leads_raw_20260614_195550_part_00220.json,8197348,00613b10c63616bb48cc99d43acedf5a,"Sun, 14 Jun 2026 19:55:51 GMT"
s3://sales-analytics-raw-aqib-test/leads_raw/load_type=full/load_date=2026-06-14/leads_raw_20260614_195550_part_00221.json,8290915,e64ac1d3e094024077010d58196e686a,"Sun, 14 Jun 2026 19:55:51 GMT"
s3://sales-analytics-raw-aqib-test/leads_raw/load_type=full/load_date=2026-06-14/leads_raw_20260614_195550_part_00222.json,8231463,aeea7f566bfdae3c09fb0364cdc14061,"Sun, 14 Jun 2026 19:55:52 GMT"
s3://sales-analytics-raw-aqib-test/leads_raw/load_type=full/load_date=2026-06-14/leads_raw_20260614_195551_part_00223.json,8091071,5c3e52b7599bd32e12015b122d241726,"Sun, 14 Jun 2026 19:55:52 GMT"
s3://sales-analytics-raw-aqib-test/leads_raw/load_type=full/load_date=2026-06-14/leads_raw_20260614_195551_part_00224.json,8105228,0f02e3ec9c1592fc95d112c0574b9bb2,"Sun, 14 Jun 2026 19:55:52 GMT"
s3://sales-analytics-raw-aqib-test/leads_raw/load_type=full/load_date=2026-06-14/leads_raw_20260614_195552_part_00225.json,8189143,1d620ba75b9fa36b605c033f4f766c62,"Sun, 14 Jun 2026 19:55:53 GMT"
s3://sales-analytics-raw-aqib-test/leads_raw/load_type=full/load_date=2026-06-14/leads_raw_20260614_195552_part_00226.json,8108547,231d6c3285ddfe905efb3d7232fc4510,"Sun, 14 Jun 2026 19:55:53 GMT"
s3://sales-analytics-raw-aqib-test/leads_raw/load_type=full/load_date=2026-06-14/leads_raw_20260614_195552_part_00227.json,8223256,e4d019eaf040fae7b3710c242d7e38e9,"Sun, 14 Jun 2026 19:55:53 GMT"
s3://sales-analytics-raw-aqib-test/leads_raw/load_type=full/load_date=2026-06-14/leads_raw_20260614_195553_part_00228.json,8318469,12a6188a398b6f6ccd4a7a5cde8b6d9d,"Sun, 14 Jun 2026 19:55:54 GMT"
s3://sales-analytics-raw-aqib-test/leads_raw/load_type=full/load_date=2026-06-14/leads_raw_20260614_195553_part_00229.json,8432167,a8ecbf8815cc227bbb6354b55380a0da,"Sun, 14 Jun 2026 19:55:54 GMT"
s3://sales-analytics-raw-aqib-test/leads_raw/load_type=full/load_date=2026-06-14/leads_raw_20260614_195553_part_00230.json,8385304,c818282411aefc77cd7268eb70955740,"Sun, 14 Jun 2026 19:55:55 GMT"
s3://sales-analytics-raw-aqib-test/leads_raw/load_type=full/load_date=2026-06-14/leads_raw_20260614_195554_part_00231.json,8436250,139bf9fd6b96a950975c4057229328b8,"Sun, 14 Jun 2026 19:55:55 GMT"
s3://sales-analytics-raw-aqib-test/leads_raw/load_type=full/load_date=2026-06-14/leads_raw_20260614_195554_part_00232.json,8258582,d043fa38fd2da3d643b88a75eaf70928,"Sun, 14 Jun 2026 19:55:55 GMT"
s3://sales-analytics-raw-aqib-test/leads_raw/load_type=full/load_date=2026-06-14/leads_raw_20260614_195555_part_00233.json,8192500,bb800cff1f21a507c5090a829a8ff4a6,"Sun, 14 Jun 2026 19:55:56 GMT"
s3://sales-analytics-raw-aqib-test/leads_raw/load_type=full/load_date=2026-06-14/leads_raw_20260614_195555_part_00234.json,8675039,bdea6e41305d862526a538882722fdb6,"Sun, 14 Jun 2026 19:55:56 GMT"
s3://sales-analytics-raw-aqib-test/leads_raw/load_type=full/load_date=2026-06-14/leads_raw_20260614_195555_part_00235.json,9603827,939d44a16a9371f3012f32f954459c03,"Sun, 14 Jun 2026 19:55:56 GMT"
s3://sales-analytics-raw-aqib-test/leads_raw/load_type=full/load_date=2026-06-14/leads_raw_20260614_195556_part_00236.json,9494743,4fabd57669ea2490c0ff8358c246c89e,"Sun, 14 Jun 2026 19:55:57 GMT"
s3://sales-analytics-raw-aqib-test/leads_raw/load_type=full/load_date=2026-06-14/leads_raw_20260614_195556_part_00237.json,9591019,59d39631562e67b35cd64bd83bf38d17,"Sun, 14 Jun 2026 19:55:57 GMT"
s3://sales-analytics-raw-aqib-test/leads_raw/load_type=full/load_date=2026-06-14/leads_raw_20260614_195557_part_00238.json,9725101,5dea0c1656510fc71d4efb087cb7dff9,"Sun, 14 Jun 2026 19:55:58 GMT"
s3://sales-analytics-raw-aqib-test/leads_raw/load_type=full/load_date=2026-06-14/leads_raw_20260614_195557_part_00239.json,9693365,8fd72cf4efafc40d51eaf218a8fe65a1,"Sun, 14 Jun 2026 19:55:58 GMT"
s3://sales-analytics-raw-aqib-test/leads_raw/load_type=full/load_date=2026-06-14/leads_raw_20260614_195558_part_00240.json,9499353,009584f1c499eaec3f29566b8f26651d,"Sun, 14 Jun 2026 19:55:59 GMT"
s3://sales-analytics-raw-aqib-test/leads_raw/load_type=full/load_date=2026-06-14/leads_raw_20260614_195558_part_00241.json,9460481,1b0de8f951915f29e4856ce21f200346,"Sun, 14 Jun 2026 19:55:59 GMT"
s3://sales-analytics-raw-aqib-test/leads_raw/load_type=full/load_date=2026-06-14/leads_raw_20260614_195558_part_00242.json,9396877,68c01a3b2c7904530d5c9720d8479331,"Sun, 14 Jun 2026 19:56:00 GMT"
s3://sales-analytics-raw-aqib-test/leads_raw/load_type=full/load_date=2026-06-14/leads_raw_20260614_195559_part_00243.json,8529579,36d026e38e8d14bc768606957f5f8555,"Sun, 14 Jun 2026 19:56:00 GMT"
s3://sales-analytics-raw-aqib-test/leads_raw/load_type=full/load_date=2026-06-14/leads_raw_20260614_195559_part_00244.json,8495753,bbeaada813dcfd2172e1dee3a873cc03,"Sun, 14 Jun 2026 19:56:00 GMT"
s3://sales-analytics-raw-aqib-test/leads_raw/load_type=full/load_date=2026-06-14/leads_raw_20260614_195600_part_00245.json,8371846,a79971834ac1def904f5b5258ccdc903,"Sun, 14 Jun 2026 19:56:01 GMT"
s3://sales-analytics-raw-aqib-test/leads_raw/load_type=full/load_date=2026-06-14/leads_raw_20260614_195600_part_00246.json,8417380,916dfb605d8b42a4f37ddada8589ba99,"Sun, 14 Jun 2026 19:56:01 GMT"
s3://sales-analytics-raw-aqib-test/leads_raw/load_type=full/load_date=2026-06-14/leads_raw_20260614_195600_part_00247.json,8526388,9a90269d28b32b971a50f292cfb79595,"Sun, 14 Jun 2026 19:56:01 GMT"
s3://sales-analytics-raw-aqib-test/leads_raw/load_type=full/load_date=2026-06-14/leads_raw_20260614_195601_part_00248.json,8335265,ba4cce04323088ac517ec2a49ef9a068,"Sun, 14 Jun 2026 19:56:02 GMT"
s3://sales-analytics-raw-aqib-test/leads_raw/load_type=full/load_date=2026-06-14/leads_raw_20260614_195601_part_00249.json,8550643,9a7bded7f9d24f2d0da75f2a04cef165,"Sun, 14 Jun 2026 19:56:02 GMT"
s3://sales-analytics-raw-aqib-test/leads_raw/load_type=full/load_date=2026-06-14/leads_raw_20260614_195602_part_00250.json,8496466,8d75694766ec9fc60564487d58d07a67,"Sun, 14 Jun 2026 19:56:03 GMT"
s3://sales-analytics-raw-aqib-test/leads_raw/load_type=full/load_date=2026-06-14/leads_raw_20260614_195602_part_00251.json,8379380,1570efe5f0be427f55a0018c1213362e,"Sun, 14 Jun 2026 19:56:03 GMT"
s3://sales-analytics-raw-aqib-test/leads_raw/load_type=full/load_date=2026-06-14/leads_raw_20260614_195602_part_00252.json,8411445,5db0aca51022b7e6edc643f10e5905a2,"Sun, 14 Jun 2026 19:56:03 GMT"
s3://sales-analytics-raw-aqib-test/leads_raw/load_type=full/load_date=2026-06-14/leads_raw_20260614_195603_part_00253.json,8634449,9b48b7266300f6ca448720df1aaa41c5,"Sun, 14 Jun 2026 19:56:04 GMT"
s3://sales-analytics-raw-aqib-test/leads_raw/load_type=full/load_date=2026-06-14/leads_raw_20260614_195603_part_00254.json,8422446,15e78db625a4ecb25808c82647cc7cad,"Sun, 14 Jun 2026 19:56:04 GMT"
s3://sales-analytics-raw-aqib-test/leads_raw/load_type=full/load_date=2026-06-14/leads_raw_20260614_195603_part_00255.json,8711337,4877a9d6206456c52347aed42c36401e,"Sun, 14 Jun 2026 19:56:05 GMT"
s3://sales-analytics-raw-aqib-test/leads_raw/load_type=full/load_date=2026-06-14/leads_raw_20260614_195604_part_00256.json,8672138,9440fd9f06e412680f7d1aadd985a366,"Sun, 14 Jun 2026 19:56:05 GMT"
s3://sales-analytics-raw-aqib-test/leads_raw/load_type=full/load_date=2026-06-14/leads_raw_20260614_195604_part_00257.json,8614755,30db1609fffd6dc9ae24fe04e792dd1e,"Sun, 14 Jun 2026 19:56:05 GMT"
s3://sales-analytics-raw-aqib-test/leads_raw/load_type=full/load_date=2026-06-14/leads_raw_20260614_195605_part_00258.json,8756725,92e24ce6c8430d55e92bc8de62f59cdf,"Sun, 14 Jun 2026 19:56:06 GMT"
s3://sales-analytics-raw-aqib-test/leads_raw/load_type=full/load_date=2026-06-14/leads_raw_20260614_195605_part_00259.json,8463695,5fdbfd2a3cd768c2ef314064dd973e88,"Sun, 14 Jun 2026 19:56:06 GMT"
s3://sales-analytics-raw-aqib-test/leads_raw/load_type=full/load_date=2026-06-14/leads_raw_20260614_195605_part_00260.json,8628964,045689ba24d64435a2259fae7f305c92,"Sun, 14 Jun 2026 19:56:07 GMT"
s3://sales-analytics-raw-aqib-test/leads_raw/load_type=full/load_date=2026-06-14/leads_raw_20260614_195606_part_00261.json,8448071,9cbff0a61665cef7d3265dbab58930dd,"Sun, 14 Jun 2026 19:56:07 GMT"
s3://sales-analytics-raw-aqib-test/leads_raw/load_type=full/load_date=2026-06-14/leads_raw_20260614_195606_part_00262.json,8304539,c84011f30dd169a38eac5ca8353bb9ac,"Sun, 14 Jun 2026 19:56:07 GMT"
s3://sales-analytics-raw-aqib-test/leads_raw/load_type=full/load_date=2026-06-14/leads_raw_20260614_195607_part_00263.json,8385540,59c51ecce25b454a7f6bbcc6d9905606,"Sun, 14 Jun 2026 19:56:08 GMT"
s3://sales-analytics-raw-aqib-test/leads_raw/load_type=full/load_date=2026-06-14/leads_raw_20260614_195607_part_00264.json,8162128,b3177b4755f86c60863ea61c1ff18a57,"Sun, 14 Jun 2026 19:56:08 GMT"
s3://sales-analytics-raw-aqib-test/leads_raw/load_type=full/load_date=2026-06-14/leads_raw_20260614_195607_part_00265.json,8363225,04887efe32b7cb7e2d0fc8bee9ac9164,"Sun, 14 Jun 2026 19:56:08 GMT"
s3://sales-analytics-raw-aqib-test/leads_raw/load_type=full/load_date=2026-06-14/leads_raw_20260614_195608_part_00266.json,8252738,3293309b29d90df469236d7247da04b2,"Sun, 14 Jun 2026 19:56:09 GMT"
s3://sales-analytics-raw-aqib-test/leads_raw/load_type=full/load_date=2026-06-14/leads_raw_20260614_195608_part_00267.json,8276206,b805259c24897f4e0c9c9f823ef9044e,"Sun, 14 Jun 2026 19:56:09 GMT"
s3://sales-analytics-raw-aqib-test/leads_raw/load_type=full/load_date=2026-06-14/leads_raw_20260614_195609_part_00268.json,8490554,0ccbde5a363923db778a04f017b028ff,"Sun, 14 Jun 2026 19:56:10 GMT"
s3://sales-analytics-raw-aqib-test/leads_raw/load_type=full/load_date=2026-06-14/leads_raw_20260614_195609_part_00269.json,8373311,fbce057bd5f189c65e66f199c434dc1f,"Sun, 14 Jun 2026 19:56:10 GMT"
s3://sales-analytics-raw-aqib-test/leads_raw/load_type=full/load_date=2026-06-14/leads_raw_20260614_195609_part_00270.json,8542583,99b9655c165f7d609caed18fe719d36b,"Sun, 14 Jun 2026 19:56:10 GMT"
s3://sales-analytics-raw-aqib-test/leads_raw/load_type=full/load_date=2026-06-14/leads_raw_20260614_195610_part_00271.json,8517978,5e2068e7a1718fc8cc71b447e001c25b,"Sun, 14 Jun 2026 19:56:11 GMT"
s3://sales-analytics-raw-aqib-test/leads_raw/load_type=full/load_date=2026-06-14/leads_raw_20260614_195610_part_00272.json,8231998,dbe41aa8bccf6b8916151f9986149a25,"Sun, 14 Jun 2026 19:56:11 GMT"
s3://sales-analytics-raw-aqib-test/leads_raw/load_type=full/load_date=2026-06-14/leads_raw_20260614_195610_part_00273.json,8095260,d48ddad337be3052b93e39f757a5912f,"Sun, 14 Jun 2026 19:56:12 GMT"
s3://sales-analytics-raw-aqib-test/leads_raw/load_type=full/load_date=2026-06-14/leads_raw_20260614_195611_part_00274.json,8190222,706c179136549f62219cca70cff781b2,"Sun, 14 Jun 2026 19:56:12 GMT"
s3://sales-analytics-raw-aqib-test/leads_raw/load_type=full/load_date=2026-06-14/leads_raw_20260614_195611_part_00275.json,8077666,a233bad22aa0cc0dc06fd87a0f2b1d64,"Sun, 14 Jun 2026 19:56:12 GMT"
s3://sales-analytics-raw-aqib-test/leads_raw/load_type=full/load_date=2026-06-14/leads_raw_20260614_195612_part_00276.json,8119972,5c0ae6a0d804ecb3fd7cf813143c0849,"Sun, 14 Jun 2026 19:56:13 GMT"
s3://sales-analytics-raw-aqib-test/leads_raw/load_type=full/load_date=2026-06-14/leads_raw_20260614_195612_part_00277.json,8074970,5f69dafcbbd9c8a75fd0c6489ac32a71,"Sun, 14 Jun 2026 19:56:13 GMT"
s3://sales-analytics-raw-aqib-test/leads_raw/load_type=full/load_date=2026-06-14/leads_raw_20260614_195612_part_00278.json,8215075,bebbc878819c3551930351c8553edfc4,"Sun, 14 Jun 2026 19:56:13 GMT"
s3://sales-analytics-raw-aqib-test/leads_raw/load_type=full/load_date=2026-06-14/leads_raw_20260614_195613_part_00279.json,8121207,88f2882a6890f96a201ee670283a8454,"Sun, 14 Jun 2026 19:56:14 GMT"
s3://sales-analytics-raw-aqib-test/leads_raw/load_type=full/load_date=2026-06-14/leads_raw_20260614_195613_part_00280.json,8162556,eaafc7a06d84714faf832920053c1599,"Sun, 14 Jun 2026 19:56:14 GMT"
s3://sales-analytics-raw-aqib-test/leads_raw/load_type=full/load_date=2026-06-14/leads_raw_20260614_195614_part_00281.json,8046506,b6d064570cb350fd3c428939a6f44494,"Sun, 14 Jun 2026 19:56:15 GMT"
s3://sales-analytics-raw-aqib-test/leads_raw/load_type=full/load_date=2026-06-14/leads_raw_20260614_195614_part_00282.json,7976665,4a08a24cfdc9d14b2775a1b0e8bf4bff,"Sun, 14 Jun 2026 19:56:15 GMT"
s3://sales-analytics-raw-aqib-test/leads_raw/load_type=full/load_date=2026-06-14/leads_raw_20260614_195614_part_00283.json,8041934,64374aba95b78b3f0a653786a222632f,"Sun, 14 Jun 2026 19:56:15 GMT"
s3://sales-analytics-raw-aqib-test/leads_raw/load_type=full/load_date=2026-06-14/leads_raw_20260614_195615_part_00284.json,8063245,522a816e9e193f0a20813f027d5e40a0,"Sun, 14 Jun 2026 19:56:16 GMT"
s3://sales-analytics-raw-aqib-test/leads_raw/load_type=full/load_date=2026-06-14/leads_raw_20260614_195615_part_00285.json,8653206,a411ffbd498de9a42f1306dededa23ab,"Sun, 14 Jun 2026 19:56:16 GMT"
s3://sales-analytics-raw-aqib-test/leads_raw/load_type=full/load_date=2026-06-14/leads_raw_20260614_195615_part_00286.json,9435356,7db5bd3cf50b3caeaee106ec998807e7,"Sun, 14 Jun 2026 19:56:17 GMT"
s3://sales-analytics-raw-aqib-test/leads_raw/load_type=full/load_date=2026-06-14/leads_raw_20260614_195616_part_00287.json,9362405,5d25108292c8cd2f029a0fe57ebeb039,"Sun, 14 Jun 2026 19:56:17 GMT"
s3://sales-analytics-raw-aqib-test/leads_raw/load_type=full/load_date=2026-06-14/leads_raw_20260614_195616_part_00288.json,9410360,043acd97a39b1dfd3294eb621e86ae57,"Sun, 14 Jun 2026 19:56:17 GMT"
s3://sales-analytics-raw-aqib-test/leads_raw/load_type=full/load_date=2026-06-14/leads_raw_20260614_195617_part_00289.json,9425352,5e8e4d931c724f49113bc83424d42c06,"Sun, 14 Jun 2026 19:56:18 GMT"
s3://sales-analytics-raw-aqib-test/leads_raw/load_type=full/load_date=2026-06-14/leads_raw_20260614_195617_part_00290.json,719676,69b48b542233a6c631378b1b34e9adfc,"Sun, 14 Jun 2026 19:56:18 GMT"
s3://sales-analytics-raw-aqib-test/leads_raw/load_type=incremental/load_date=2026-06-18/leads_raw_20260618_184136_part_00001.json,9362924,7bc9c9341fcb0ff5841daca58c46a49f,"Thu, 18 Jun 2026 18:41:37 GMT"
s3://sales-analytics-raw-aqib-test/leads_raw/load_type=incremental/load_date=2026-06-18/leads_raw_20260618_184137_part_00002.json,9343451,081112b97e7d3ecba2ad6f8f9c806544,"Thu, 18 Jun 2026 18:41:38 GMT"
s3://sales-analytics-raw-aqib-test/leads_raw/load_type=incremental/load_date=2026-06-18/leads_raw_20260618_184137_part_00003.json,9349516,9932e32d065870733edcb2ea7fbc5c0f,"Thu, 18 Jun 2026 18:41:38 GMT"
s3://sales-analytics-raw-aqib-test/leads_raw/load_type=incremental/load_date=2026-06-18/leads_raw_20260618_184138_part_00004.json,9452103,ddb846bd4343ec5cfacc038d62a25025,"Thu, 18 Jun 2026 18:41:39 GMT"
s3://sales-analytics-raw-aqib-test/leads_raw/load_type=incremental/load_date=2026-06-18/leads_raw_20260618_184138_part_00005.json,9423526,4c9f28addb6b07f532a6d13e0128b660,"Thu, 18 Jun 2026 18:41:39 GMT"
s3://sales-analytics-raw-aqib-test/leads_raw/load_type=incremental/load_date=2026-06-18/leads_raw_20260618_184139_part_00006.json,9421340,e95625a216a7b2af6db057e97972f678,"Thu, 18 Jun 2026 18:41:40 GMT"
s3://sales-analytics-raw-aqib-test/leads_raw/load_type=incremental/load_date=2026-06-18/leads_raw_20260618_184139_part_00007.json,9181357,5431bf6b5bea9f04e614ffe12d9fcd0c,"Thu, 18 Jun 2026 18:41:40 GMT"
s3://sales-analytics-raw-aqib-test/leads_raw/load_type=incremental/load_date=2026-06-18/leads_raw_20260618_184140_part_00008.json,9452535,b552f1e381725a4c2715800dc75be2f9,"Thu, 18 Jun 2026 18:41:41 GMT"
s3://sales-analytics-raw-aqib-test/leads_raw/load_type=incremental/load_date=2026-06-18/leads_raw_20260618_184140_part_00009.json,9249498,6a2ff8f02a96e7c68ed495351c65e1b5,"Thu, 18 Jun 2026 18:41:42 GMT"
s3://sales-analytics-raw-aqib-test/leads_raw/load_type=incremental/load_date=2026-06-18/leads_raw_20260618_184141_part_00010.json,8742609,2e11bb96caac199d5e42c288d54f2fe3,"Thu, 18 Jun 2026 18:41:42 GMT"
s3://sales-analytics-raw-aqib-test/leads_raw/load_type=incremental/load_date=2026-06-18/leads_raw_20260618_184142_part_00011.json,8569410,830bc0e78048fe4632a1f26f990d984a,"Thu, 18 Jun 2026 18:41:43 GMT"
s3://sales-analytics-raw-aqib-test/leads_raw/load_type=incremental/load_date=2026-06-18/leads_raw_20260618_184142_part_00012.json,8515311,96caef072e495ebb450be80a2f82c372,"Thu, 18 Jun 2026 18:41:43 GMT"
s3://sales-analytics-raw-aqib-test/leads_raw/load_type=incremental/load_date=2026-06-18/leads_raw_20260618_184142_part_00013.json,8560333,af9ed3c545c8011d60211a3597a36b0a,"Thu, 18 Jun 2026 18:41:44 GMT"
s3://sales-analytics-raw-aqib-test/leads_raw/load_type=incremental/load_date=2026-06-18/leads_raw_20260618_184143_part_00014.json,8581216,de55bed622c1a227abaada99bd3622f4,"Thu, 18 Jun 2026 18:41:44 GMT"
s3://sales-analytics-raw-aqib-test/leads_raw/load_type=incremental/load_date=2026-06-18/leads_raw_20260618_184143_part_00015.json,8410394,ad0154472ab94f36aeefd77cc354fa83,"Thu, 18 Jun 2026 18:41:44 GMT"
s3://sales-analytics-raw-aqib-test/leads_raw/load_type=incremental/load_date=2026-06-18/leads_raw_20260618_184144_part_00016.json,8621816,4ef9d6f3bdc72ce776502bfcc4010243,"Thu, 18 Jun 2026 18:41:45 GMT"
s3://sales-analytics-raw-aqib-test/leads_raw/load_type=incremental/load_date=2026-06-18/leads_raw_20260618_184144_part_00017.json,8504230,4c024cfc407cf1d0e40ad3d0af06ba76,"Thu, 18 Jun 2026 18:41:45 GMT"
s3://sales-analytics-raw-aqib-test/leads_raw/load_type=incremental/load_date=2026-06-18/leads_raw_20260618_184145_part_00018.json,8499960,b6d321df88e8d4ad0d080eb8f4fadd84,"Thu, 18 Jun 2026 18:41:46 GMT"
s3://sales-analytics-raw-aqib-test/leads_raw/load_type=incremental/load_date=2026-06-18/leads_raw_20260618_184145_part_00019.json,8697053,eada5d7a95412d4b584d0dfc97b39a40,"Thu, 18 Jun 2026 18:41:46 GMT"
s3://sales-analytics-raw-aqib-test/leads_raw/load_type=incremental/load_date=2026-06-18/leads_raw_20260618_184146_part_00020.json,8688191,a8458ab8742ff5007a3d92472ffc74aa,"Thu, 18 Jun 2026 18:41:47 GMT"
s3://sales-analytics-raw-aqib-test/leads_raw/load_type=incremental/load_date=2026-06-18/leads_raw_20260618_184146_part_00021.json,8818706,831c4ecd8b5be4039d7443c0fae87f73,"Thu, 18 Jun 2026 18:41:47 GMT"
s3://sales-analytics-raw-aqib-test/leads_raw/load_type=incremental/load_date=2026-06-18/leads_raw_20260618_184147_part_00022.json,8867207,6e6f6db62b350e6fc9c47e986baa63c2,"Thu, 18 Jun 2026 18:41:48 GMT"
s3://sales-analytics-raw-aqib-test/leads_raw/load_type=incremental/load_date=2026-06-18/leads_raw_20260618_184147_part_00023.json,8762865,0ea40350608adfa91dbe4b9f9751328b,"Thu, 18 Jun 2026 18:41:48 GMT"
s3://sales-analytics-raw-aqib-test/leads_raw/load_type=incremental/load_date=2026-06-18/leads_raw_20260618_184148_part_00024.json,8879519,c99af78cfe743cec0bc9f50125310216,"Thu, 18 Jun 2026 18:41:49 GMT"
s3://sales-analytics-raw-aqib-test/leads_raw/load_type=incremental/load_date=2026-06-18/leads_raw_20260618_184148_part_00025.json,8857586,eee81da9370f81adf183705111e2e049,"Thu, 18 Jun 2026 18:41:49 GMT"
s3://sales-analytics-raw-aqib-test/leads_raw/load_type=incremental/load_date=2026-06-18/leads_raw_20260618_184149_part_00026.json,8952547,db2d97498317a9f9cb6ff85e27c8a371,"Thu, 18 Jun 2026 18:41:50 GMT"
s3://sales-analytics-raw-aqib-test/leads_raw/load_type=incremental/load_date=2026-06-18/leads_raw_20260618_184149_part_00027.json,9056626,7237d069f0c2cffd1aff487c2975f445,"Thu, 18 Jun 2026 18:41:50 GMT"
s3://sales-analytics-raw-aqib-test/leads_raw/load_type=incremental/load_date=2026-06-18/leads_raw_20260618_184150_part_00028.json,8822582,c19e6f6f8b73c461a34ea3767221613f,"Thu, 18 Jun 2026 18:41:51 GMT"
s3://sales-analytics-raw-aqib-test/leads_raw/load_type=incremental/load_date=2026-06-18/leads_raw_20260618_184150_part_00029.json,9011570,c8564935774a9a76444f155184a492be,"Thu, 18 Jun 2026 18:41:51 GMT"
s3://sales-analytics-raw-aqib-test/leads_raw/load_type=incremental/load_date=2026-06-18/leads_raw_20260618_184151_part_00030.json,8538269,825ab50be39e1d77192cb42fe337f768,"Thu, 18 Jun 2026 18:41:52 GMT"
s3://sales-analytics-raw-aqib-test/leads_raw/load_type=incremental/load_date=2026-06-18/leads_raw_20260618_184151_part_00031.json,8301600,90a6814d8ff32ad2b2df1995a14e5bb1,"Thu, 18 Jun 2026 18:41:52 GMT"
s3://sales-analytics-raw-aqib-test/leads_raw/load_type=incremental/load_date=2026-06-18/leads_raw_20260618_184152_part_00032.json,8507018,036b9b8b55d1bc1474a1b61c61552025,"Thu, 18 Jun 2026 18:41:53 GMT"
s3://sales-analytics-raw-aqib-test/leads_raw/load_type=incremental/load_date=2026-06-18/leads_raw_20260618_184152_part_00033.json,8638183,9f499b191e59188f15a9eee964c7b2ba,"Thu, 18 Jun 2026 18:41:53 GMT"
s3://sales-analytics-raw-aqib-test/leads_raw/load_type=incremental/load_date=2026-06-18/leads_raw_20260618_184153_part_00034.json,8540155,27966b078e1a17085badb96fecdc5c0d,"Thu, 18 Jun 2026 18:41:54 GMT"
s3://sales-analytics-raw-aqib-test/leads_raw/load_type=incremental/load_date=2026-06-18/leads_raw_20260618_184153_part_00035.json,8193018,4becd2ba8414e3a927889e3312bc0dad,"Thu, 18 Jun 2026 18:41:54 GMT"
s3://sales-analytics-raw-aqib-test/leads_raw/load_type=incremental/load_date=2026-06-18/leads_raw_20260618_184154_part_00036.json,8287128,5ebc978a76d06609b9409da032018552,"Thu, 18 Jun 2026 18:41:55 GMT"
s3://sales-analytics-raw-aqib-test/leads_raw/load_type=incremental/load_date=2026-06-18/leads_raw_20260618_184154_part_00037.json,8447195,26b943b38cf402909ad50660fa14117a,"Thu, 18 Jun 2026 18:41:55 GMT"
s3://sales-analytics-raw-aqib-test/leads_raw/load_type=incremental/load_date=2026-06-18/leads_raw_20260618_184155_part_00038.json,8269001,73a04e599dea116245ca760b7c2042b3,"Thu, 18 Jun 2026 18:41:56 GMT"
s3://sales-analytics-raw-aqib-test/leads_raw/load_type=incremental/load_date=2026-06-18/leads_raw_20260618_184155_part_00039.json,8463563,b86b716051b81aeaa450fada5db6854e,"Thu, 18 Jun 2026 18:41:56 GMT"
s3://sales-analytics-raw-aqib-test/leads_raw/load_type=incremental/load_date=2026-06-18/leads_raw_20260618_184156_part_00040.json,4026712,7d525f0d4aab22d4a03a8bee1540f709,"Thu, 18 Jun 2026 18:41:57 GMT"
s3://sales-analytics-raw-aqib-test/leads_raw/load_type=incremental/load_date=2026-06-22/leads_raw_20260622_161632_part_00001.json,8496366,f3294f5c20f64784a1720680016f9c38,"Mon, 22 Jun 2026 16:16:33 GMT"
s3://sales-analytics-raw-aqib-test/leads_raw/load_type=incremental/load_date=2026-06-22/leads_raw_20260622_161632_part_00002.json,8333046,921766fc30816aa560ea850389a61e44,"Mon, 22 Jun 2026 16:16:33 GMT"
s3://sales-analytics-raw-aqib-test/leads_raw/load_type=incremental/load_date=2026-06-22/leads_raw_20260622_161633_part_00003.json,8330239,7cbb6edc063f347871699e728f959bca,"Mon, 22 Jun 2026 16:16:34 GMT"
s3://sales-analytics-raw-aqib-test/leads_raw/load_type=incremental/load_date=2026-06-22/leads_raw_20260622_161633_part_00004.json,8388352,7d5992c09182805c9bf4f3abee5f0458,"Mon, 22 Jun 2026 16:16:34 GMT"
s3://sales-analytics-raw-aqib-test/leads_raw/load_type=incremental/load_date=2026-06-22/leads_raw_20260622_161634_part_00005.json,8458262,855c999ddd7dc59f0aba36e93f0e6b9a,"Mon, 22 Jun 2026 16:16:35 GMT"
s3://sales-analytics-raw-aqib-test/leads_raw/load_type=incremental/load_date=2026-06-22/leads_raw_20260622_161634_part_00006.json,8303446,1766c08b64005dee737822f950929b22,"Mon, 22 Jun 2026 16:16:35 GMT"
s3://sales-analytics-raw-aqib-test/leads_raw/load_type=incremental/load_date=2026-06-22/leads_raw_20260622_161635_part_00007.json,8374024,52825cd1322f3af7e978ef2da6b8f603,"Mon, 22 Jun 2026 16:16:36 GMT"
s3://sales-analytics-raw-aqib-test/leads_raw/load_type=incremental/load_date=2026-06-22/leads_raw_20260622_161635_part_00008.json,8594306,33bea92867bbc4882959fb25c1c4d3f5,"Mon, 22 Jun 2026 16:16:36 GMT"
s3://sales-analytics-raw-aqib-test/leads_raw/load_type=incremental/load_date=2026-06-22/leads_raw_20260622_161636_part_00009.json,8584521,9cd73fe97ae92a1a791e830c21c7d645,"Mon, 22 Jun 2026 16:16:37 GMT"
s3://sales-analytics-raw-aqib-test/leads_raw/load_type=incremental/load_date=2026-06-22/leads_raw_20260622_161636_part_00010.json,8362435,a89ba22018b16cd038da1e82810196bf,"Mon, 22 Jun 2026 16:16:37 GMT"
s3://sales-analytics-raw-aqib-test/leads_raw/load_type=incremental/load_date=2026-06-22/leads_raw_20260622_161636_part_00011.json,8538573,2fd78069359519c6106e782a7b1f03d1,"Mon, 22 Jun 2026 16:16:37 GMT"
s3://sales-analytics-raw-aqib-test/leads_raw/load_type=incremental/load_date=2026-06-22/leads_raw_20260622_161637_part_00012.json,8910056,74a2b252df19119093ce3e279c1802cd,"Mon, 22 Jun 2026 16:16:38 GMT"
s3://sales-analytics-raw-aqib-test/leads_raw/load_type=incremental/load_date=2026-06-22/leads_raw_20260622_161637_part_00013.json,8561441,af835fcd10f022308af3db94d69047f5,"Mon, 22 Jun 2026 16:16:39 GMT"
s3://sales-analytics-raw-aqib-test/leads_raw/load_type=incremental/load_date=2026-06-22/leads_raw_20260622_161638_part_00014.json,8679397,6f89847e6aa5da4eb479c56e98fb7818,"Mon, 22 Jun 2026 16:16:39 GMT"
s3://sales-analytics-raw-aqib-test/leads_raw/load_type=incremental/load_date=2026-06-22/leads_raw_20260622_161638_part_00015.json,8747932,73d8ca9f8b7969a07c446182089efd27,"Mon, 22 Jun 2026 16:16:39 GMT"
s3://sales-analytics-raw-aqib-test/leads_raw/load_type=incremental/load_date=2026-06-22/leads_raw_20260622_161639_part_00016.json,8828841,ec930d86a761d1dad3dac53739db534e,"Mon, 22 Jun 2026 16:16:40 GMT"
s3://sales-analytics-raw-aqib-test/leads_raw/load_type=incremental/load_date=2026-06-22/leads_raw_20260622_161639_part_00017.json,8806650,4cb0d65389b0fae7d521ad1cddb15885,"Mon, 22 Jun 2026 16:16:40 GMT"
s3://sales-analytics-raw-aqib-test/leads_raw/load_type=incremental/load_date=2026-06-22/leads_raw_20260622_161640_part_00018.json,8583358,54f613768fb72005a43d08e51f38df7b,"Mon, 22 Jun 2026 16:16:41 GMT"
s3://sales-analytics-raw-aqib-test/leads_raw/load_type=incremental/load_date=2026-06-22/leads_raw_20260622_161640_part_00019.json,8818396,68d930c353e8cca8e28f07b9cc6f5e0b,"Mon, 22 Jun 2026 16:16:41 GMT"
s3://sales-analytics-raw-aqib-test/leads_raw/load_type=incremental/load_date=2026-06-22/leads_raw_20260622_161640_part_00020.json,8535196,b7dee2e198d7c86a024c44d925fd32d0,"Mon, 22 Jun 2026 16:16:42 GMT"
s3://sales-analytics-raw-aqib-test/leads_raw/load_type=incremental/load_date=2026-06-22/leads_raw_20260622_161641_part_00021.json,8776399,51c6b80c33c76d3d38e47cbc7265924f,"Mon, 22 Jun 2026 16:16:42 GMT"
s3://sales-analytics-raw-aqib-test/leads_raw/load_type=incremental/load_date=2026-06-22/leads_raw_20260622_161641_part_00022.json,8859802,21502726dc6b3ffc52112e54ccf42f01,"Mon, 22 Jun 2026 16:16:42 GMT"
s3://sales-analytics-raw-aqib-test/leads_raw/load_type=incremental/load_date=2026-06-22/leads_raw_20260622_161642_part_00023.json,8852996,72392bc42588358070d8071b8ebb8a33,"Mon, 22 Jun 2026 16:16:43 GMT"
s3://sales-analytics-raw-aqib-test/leads_raw/load_type=incremental/load_date=2026-06-22/leads_raw_20260622_161642_part_00024.json,8674296,68ed3f885dc3441c6d91a0d8534a81fe,"Mon, 22 Jun 2026 16:16:43 GMT"
s3://sales-analytics-raw-aqib-test/leads_raw/load_type=incremental/load_date=2026-06-22/leads_raw_20260622_161643_part_00025.json,8525824,25ff6c2322d3fb407e0cbc323f0a1ea8,"Mon, 22 Jun 2026 16:16:44 GMT"
s3://sales-analytics-raw-aqib-test/leads_raw/load_type=incremental/load_date=2026-06-22/leads_raw_20260622_161643_part_00026.json,8642428,3a74f8bfd853704a19799d8de4e144c7,"Mon, 22 Jun 2026 16:16:44 GMT"
s3://sales-analytics-raw-aqib-test/leads_raw/load_type=incremental/load_date=2026-06-22/leads_raw_20260622_161644_part_00027.json,8703796,ba22270c326b9c171394986a7506b22d,"Mon, 22 Jun 2026 16:16:45 GMT"
s3://sales-analytics-raw-aqib-test/leads_raw/load_type=incremental/load_date=2026-06-22/leads_raw_20260622_161644_part_00028.json,8514368,0f52c672e52c9e9fcbdcbe5a11f1a47e,"Mon, 22 Jun 2026 16:16:45 GMT"
s3://sales-analytics-raw-aqib-test/leads_raw/load_type=incremental/load_date=2026-06-22/leads_raw_20260622_161644_part_00029.json,8641673,c984abfcace1c7cbce3b26e639d58a33,"Mon, 22 Jun 2026 16:16:46 GMT"
s3://sales-analytics-raw-aqib-test/leads_raw/load_type=incremental/load_date=2026-06-22/leads_raw_20260622_161645_part_00030.json,8666865,81345e9e4e2447b006356f8b4593d4ff,"Mon, 22 Jun 2026 16:16:46 GMT"
s3://sales-analytics-raw-aqib-test/leads_raw/load_type=incremental/load_date=2026-06-22/leads_raw_20260622_161645_part_00031.json,9155729,fcb74bf7d4d9dfe773c3d73e3c3f6003,"Mon, 22 Jun 2026 16:16:47 GMT"
s3://sales-analytics-raw-aqib-test/leads_raw/load_type=incremental/load_date=2026-06-22/leads_raw_20260622_161646_part_00032.json,9601238,bf012303fa0bf5cd609d945b637a46c8,"Mon, 22 Jun 2026 16:16:47 GMT"
s3://sales-analytics-raw-aqib-test/leads_raw/load_type=incremental/load_date=2026-06-22/leads_raw_20260622_161646_part_00033.json,9706232,43c2323c24451f9238bf946a1d9d3765,"Mon, 22 Jun 2026 16:16:48 GMT"
s3://sales-analytics-raw-aqib-test/leads_raw/load_type=incremental/load_date=2026-06-22/leads_raw_20260622_161647_part_00034.json,9785369,aaff30b6044129525cd375a715bf4539,"Mon, 22 Jun 2026 16:16:48 GMT"
s3://sales-analytics-raw-aqib-test/leads_raw/load_type=incremental/load_date=2026-06-22/leads_raw_20260622_161648_part_00035.json,9663477,bde892dfdb23cf5e3bd8d4985bd8c1cf,"Mon, 22 Jun 2026 16:16:49 GMT"
s3://sales-analytics-raw-aqib-test/leads_raw/load_type=incremental/load_date=2026-06-22/leads_raw_20260622_161648_part_00036.json,9588109,827ac1fd0fc9cee00cb2ddb13019a578,"Mon, 22 Jun 2026 16:16:49 GMT"
s3://sales-analytics-raw-aqib-test/leads_raw/load_type=incremental/load_date=2026-06-22/leads_raw_20260622_161648_part_00037.json,9619563,1689ce656b574aba0bc3d3713d88534e,"Mon, 22 Jun 2026 16:16:50 GMT"
s3://sales-analytics-raw-aqib-test/leads_raw/load_type=incremental/load_date=2026-06-22/leads_raw_20260622_161649_part_00038.json,9754662,2fc391e5abdf7f1b3f20e9ddf7dd713e,"Mon, 22 Jun 2026 16:16:50 GMT"
s3://sales-analytics-raw-aqib-test/leads_raw/load_type=incremental/load_date=2026-06-22/leads_raw_20260622_161649_part_00039.json,9627204,08402c245851b891d1a05abc61ecc8a8,"Mon, 22 Jun 2026 16:16:51 GMT"
s3://sales-analytics-raw-aqib-test/leads_raw/load_type=incremental/load_date=2026-06-22/leads_raw_20260622_161650_part_00040.json,9770919,aae1d7afe2dae1cb8bc257777f9f345a,"Mon, 22 Jun 2026 16:16:51 GMT"
s3://sales-analytics-raw-aqib-test/leads_raw/load_type=incremental/load_date=2026-06-22/leads_raw_20260622_161650_part_00041.json,5651312,3ef64a0d4d25608dffaf3f47c98db58c,"Mon, 22 Jun 2026 16:16:51 GMT"
s3://sales-analytics-raw-aqib-test/leads_raw/load_type=incremental/load_date=2026-06-25/leads_raw_20260625_161235_part_00001.json,8985380,367947080a3a4fea5cbe3be83c14bcf4,"Thu, 25 Jun 2026 16:12:36 GMT"
s3://sales-analytics-raw-aqib-test/leads_raw/load_type=incremental/load_date=2026-06-25/leads_raw_20260625_161235_part_00002.json,8933960,e184e649faf04b8646ddce629aa1d349,"Thu, 25 Jun 2026 16:12:36 GMT"
s3://sales-analytics-raw-aqib-test/leads_raw/load_type=incremental/load_date=2026-06-25/leads_raw_20260625_161236_part_00003.json,8691118,174fa4df10dd4a27de1fde032508e38e,"Thu, 25 Jun 2026 16:12:37 GMT"
s3://sales-analytics-raw-aqib-test/leads_raw/load_type=incremental/load_date=2026-06-25/leads_raw_20260625_161236_part_00004.json,8662481,2a8dc19b261a0c9b5473be22ba6bfc64,"Thu, 25 Jun 2026 16:12:37 GMT"
s3://sales-analytics-raw-aqib-test/leads_raw/load_type=incremental/load_date=2026-06-25/leads_raw_20260625_161237_part_00005.json,8743461,47cd38131159f9fb5ce5ef2e2760a49c,"Thu, 25 Jun 2026 16:12:38 GMT"
s3://sales-analytics-raw-aqib-test/leads_raw/load_type=incremental/load_date=2026-06-25/leads_raw_20260625_161237_part_00006.json,8948662,b3361688d56ccdce6d2c6e8a64eefc5c,"Thu, 25 Jun 2026 16:12:38 GMT"
s3://sales-analytics-raw-aqib-test/leads_raw/load_type=incremental/load_date=2026-06-25/leads_raw_20260625_161238_part_00007.json,8638713,b8e092fadff7d9fb4e680df9f6999f6e,"Thu, 25 Jun 2026 16:12:39 GMT"
s3://sales-analytics-raw-aqib-test/leads_raw/load_type=incremental/load_date=2026-06-25/leads_raw_20260625_161238_part_00008.json,8708872,25e495b187aca7c9230f7a8b7f4b6f3e,"Thu, 25 Jun 2026 16:12:39 GMT"
s3://sales-analytics-raw-aqib-test/leads_raw/load_type=incremental/load_date=2026-06-25/leads_raw_20260625_161238_part_00009.json,8829930,577308bd298521574cbdf9a2de7af957,"Thu, 25 Jun 2026 16:12:40 GMT"
s3://sales-analytics-raw-aqib-test/leads_raw/load_type=incremental/load_date=2026-06-25/leads_raw_20260625_161239_part_00010.json,8922100,b08cddf0320f12278a071aac4b175430,"Thu, 25 Jun 2026 16:12:40 GMT"
s3://sales-analytics-raw-aqib-test/leads_raw/load_type=incremental/load_date=2026-06-25/leads_raw_20260625_161239_part_00011.json,8808572,7607ed42d047b3375e3d5307ddf8d691,"Thu, 25 Jun 2026 16:12:41 GMT"
s3://sales-analytics-raw-aqib-test/leads_raw/load_type=incremental/load_date=2026-06-25/leads_raw_20260625_161240_part_00012.json,8662988,10ac321c8b3929df26b781d148726dd5,"Thu, 25 Jun 2026 16:12:41 GMT"
s3://sales-analytics-raw-aqib-test/leads_raw/load_type=incremental/load_date=2026-06-25/leads_raw_20260625_161240_part_00013.json,8796139,6bd7ce1de5e9d06fb80d240a75ebc846,"Thu, 25 Jun 2026 16:12:42 GMT"
s3://sales-analytics-raw-aqib-test/leads_raw/load_type=incremental/load_date=2026-06-25/leads_raw_20260625_161241_part_00014.json,8810279,b8defd35f8bf4e87235bb27bea3a8230,"Thu, 25 Jun 2026 16:12:42 GMT"
s3://sales-analytics-raw-aqib-test/leads_raw/load_type=incremental/load_date=2026-06-25/leads_raw_20260625_161241_part_00015.json,8785425,68c35b4df274557db6ca1bda4160a334,"Thu, 25 Jun 2026 16:12:42 GMT"
s3://sales-analytics-raw-aqib-test/leads_raw/load_type=incremental/load_date=2026-06-25/leads_raw_20260625_161242_part_00016.json,8912249,62a270c215a236c9d468b6c75a86c5da,"Thu, 25 Jun 2026 16:12:43 GMT"
s3://sales-analytics-raw-aqib-test/leads_raw/load_type=incremental/load_date=2026-06-25/leads_raw_20260625_161242_part_00017.json,8855368,decf6981f3d7c08afc9839a9f448a9e0,"Thu, 25 Jun 2026 16:12:43 GMT"
s3://sales-analytics-raw-aqib-test/leads_raw/load_type=incremental/load_date=2026-06-25/leads_raw_20260625_161242_part_00018.json,8905426,def34adae98e3aa626e63a12a4d3efa9,"Thu, 25 Jun 2026 16:12:44 GMT"
s3://sales-analytics-raw-aqib-test/leads_raw/load_type=incremental/load_date=2026-06-25/leads_raw_20260625_161243_part_00019.json,8909403,53f27e799190324cb8074bf33ec63f85,"Thu, 25 Jun 2026 16:12:44 GMT"
s3://sales-analytics-raw-aqib-test/leads_raw/load_type=incremental/load_date=2026-06-25/leads_raw_20260625_161243_part_00020.json,8733322,37c904911247b48377dcd5bae421ce04,"Thu, 25 Jun 2026 16:12:45 GMT"
s3://sales-analytics-raw-aqib-test/leads_raw/load_type=incremental/load_date=2026-06-25/leads_raw_20260625_161244_part_00021.json,8684994,e9cf069cfbc86b42ab84c843b3bac259,"Thu, 25 Jun 2026 16:12:45 GMT"
s3://sales-analytics-raw-aqib-test/leads_raw/load_type=incremental/load_date=2026-06-25/leads_raw_20260625_161244_part_00022.json,8528109,f5b4f80dd9a568f9bb22c9b5622febba,"Thu, 25 Jun 2026 16:12:45 GMT"
s3://sales-analytics-raw-aqib-test/leads_raw/load_type=incremental/load_date=2026-06-25/leads_raw_20260625_161245_part_00023.json,8688668,c0f4e76830548f11046022e3cf6a9cce,"Thu, 25 Jun 2026 16:12:46 GMT"
s3://sales-analytics-raw-aqib-test/leads_raw/load_type=incremental/load_date=2026-06-25/leads_raw_20260625_161245_part_00024.json,8350589,6cdb6fecd80d81a5efcfa7df03a37870,"Thu, 25 Jun 2026 16:12:46 GMT"
s3://sales-analytics-raw-aqib-test/leads_raw/load_type=incremental/load_date=2026-06-25/leads_raw_20260625_161245_part_00025.json,8698076,274ef63037dd43d0ce4d8b565e3e3c09,"Thu, 25 Jun 2026 16:12:46 GMT"
s3://sales-analytics-raw-aqib-test/leads_raw/load_type=incremental/load_date=2026-06-25/leads_raw_20260625_161246_part_00026.json,8659098,21f940b5d35c90c38145f35478210be4,"Thu, 25 Jun 2026 16:12:47 GMT"
s3://sales-analytics-raw-aqib-test/leads_raw/load_type=incremental/load_date=2026-06-25/leads_raw_20260625_161246_part_00027.json,8702341,dd89852c5f06927f9d9fd6cd04852a6f,"Thu, 25 Jun 2026 16:12:47 GMT"
s3://sales-analytics-raw-aqib-test/leads_raw/load_type=incremental/load_date=2026-06-25/leads_raw_20260625_161247_part_00028.json,8691377,a22d6b6cb30364f5d83562077d36ea85,"Thu, 25 Jun 2026 16:12:48 GMT"
s3://sales-analytics-raw-aqib-test/leads_raw/load_type=incremental/load_date=2026-06-25/leads_raw_20260625_161247_part_00029.json,6188138,d4fdc9cceb48199befea0b196b59df60,"Thu, 25 Jun 2026 16:12:48 GMT"
s3://sales-analytics-raw-aqib-test/snowflake_backup/bronze/close_crm_users_raw/data_0_0_0.snappy.parquet,17672683,d595895da99c8478b285ed3af757c99a,"Fri, 24 Jul 2026 21:41:28 GMT"
s3://sales-analytics-raw-aqib-test/snowflake_backup/bronze/close_crm_users_raw/data_0_0_1.snappy.parquet,18120457,3c0e2e531cc2dfbf1019cbb64559889d,"Fri, 24 Jul 2026 21:41:28 GMT"
s3://sales-analytics-raw-aqib-test/snowflake_backup/bronze/close_crm_users_raw/data_0_0_2.snappy.parquet,18230409,53d5399c97a045d393431d1b7984d32f,"Fri, 24 Jul 2026 21:41:29 GMT"
s3://sales-analytics-raw-aqib-test/snowflake_backup/bronze/close_crm_users_raw/data_0_0_3.snappy.parquet,18138299,9ee1b9cc84ea296b0e7e78df1c93def7,"Fri, 24 Jul 2026 21:41:29 GMT"
s3://sales-analytics-raw-aqib-test/snowflake_backup/bronze/close_crm_users_raw/data_0_0_4.snappy.parquet,18538576,727b81c92cc15969a70259db782ee0f7,"Fri, 24 Jul 2026 21:41:29 GMT"
s3://sales-analytics-raw-aqib-test/snowflake_backup/bronze/close_crm_users_raw/data_0_1_0.snappy.parquet,18375645,5b43dc00c1e38642c995229175c8784f,"Fri, 24 Jul 2026 21:41:28 GMT"
s3://sales-analytics-raw-aqib-test/snowflake_backup/bronze/close_crm_users_raw/data_0_1_1.snappy.parquet,30956612,4ec8d2d17dbd7b25801ec94200be3bed,"Fri, 24 Jul 2026 21:41:29 GMT"
s3://sales-analytics-raw-aqib-test/snowflake_backup/bronze/close_crm_users_raw/data_0_1_2.snappy.parquet,18071929,9cfa0d91d6c5f72e6ec39c0a50320d1e,"Fri, 24 Jul 2026 21:41:29 GMT"
s3://sales-analytics-raw-aqib-test/snowflake_backup/bronze/close_crm_users_raw/data_0_1_3.snappy.parquet,17406755,a0d90e1e7268b078b8b8d0bd1e35b365,"Fri, 24 Jul 2026 21:41:29 GMT"
s3://sales-analytics-raw-aqib-test/snowflake_backup/bronze/close_crm_users_raw/data_0_2_0.snappy.parquet,29400847,b0d3de92961c4ef6fd270722bb812db6,"Fri, 24 Jul 2026 21:41:28 GMT"
s3://sales-analytics-raw-aqib-test/snowflake_backup/bronze/close_crm_users_raw/data_0_2_1.snappy.parquet,20846341,392b911cd1a666c9b201d18596a1bad0,"Fri, 24 Jul 2026 21:41:28 GMT"
s3://sales-analytics-raw-aqib-test/snowflake_backup/bronze/close_crm_users_raw/data_0_2_2.snappy.parquet,34047861,ea7ce2a810a5a4dbbaa6ae45844dceeb,"Fri, 24 Jul 2026 21:41:29 GMT"
s3://sales-analytics-raw-aqib-test/snowflake_backup/bronze/close_crm_users_raw/data_0_3_0.snappy.parquet,32214056,f545b6535674d93b2773d3f5f43faab0,"Fri, 24 Jul 2026 21:41:28 GMT"
s3://sales-analytics-raw-aqib-test/snowflake_backup/bronze/close_crm_users_raw/data_0_3_1.snappy.parquet,17898268,94e9cdb3b297338bc148cb6690836be7,"Fri, 24 Jul 2026 21:41:28 GMT"
s3://sales-analytics-raw-aqib-test/snowflake_backup/bronze/close_crm_users_raw/data_0_3_2.snappy.parquet,18468388,41f69bf04f7ac16072489241a44073bb,"Fri, 24 Jul 2026 21:41:29 GMT"
s3://sales-analytics-raw-aqib-test/snowflake_backup/bronze/close_crm_users_raw/data_0_3_3.snappy.parquet,20559365,25010e777f53537f1bfee977e3a77242,"Fri, 24 Jul 2026 21:41:29 GMT"
s3://sales-analytics-raw-aqib-test/snowflake_backup/bronze/close_crm_users_raw/data_0_4_0.snappy.parquet,33248539,5ffa0f250a207462a269ac6f52bdf46e,"Fri, 24 Jul 2026 21:41:28 GMT"
s3://sales-analytics-raw-aqib-test/snowflake_backup/bronze/close_crm_users_raw/data_0_4_1.snappy.parquet,33300422,e4bbaa56235c7b565db2c37dce2271eb,"Fri, 24 Jul 2026 21:41:29 GMT"
s3://sales-analytics-raw-aqib-test/snowflake_backup/bronze/close_crm_users_raw/data_0_4_2.snappy.parquet,18902019,47d73541ad454bfef78e22fa87001cb7,"Fri, 24 Jul 2026 21:41:29 GMT"
s3://sales-analytics-raw-aqib-test/snowflake_backup/bronze/close_crm_users_raw/data_0_4_3.snappy.parquet,18581926,9d3fa500906d00708e54a4dd94439efc,"Fri, 24 Jul 2026 21:41:29 GMT"
s3://sales-analytics-raw-aqib-test/snowflake_backup/bronze/close_crm_users_raw/data_0_5_0.snappy.parquet,21215016,c619081d30406373ce0077efc774a1e1,"Fri, 24 Jul 2026 21:41:28 GMT"
s3://sales-analytics-raw-aqib-test/snowflake_backup/bronze/close_crm_users_raw/data_0_5_1.snappy.parquet,18675790,b3ffa14b4b669649e0b1f210d042d489,"Fri, 24 Jul 2026 21:41:29 GMT"
s3://sales-analytics-raw-aqib-test/snowflake_backup/bronze/close_crm_users_raw/data_0_5_2.snappy.parquet,16838911,e0a71583575653cd8ddaf730779e3f46,"Fri, 24 Jul 2026 21:41:29 GMT"
s3://sales-analytics-raw-aqib-test/snowflake_backup/bronze/close_crm_users_raw/data_0_5_3.snappy.parquet,19339467,8de006788f9ca948b8c0769a2c118caa,"Fri, 24 Jul 2026 21:41:29 GMT"
s3://sales-analytics-raw-aqib-test/snowflake_backup/bronze/close_crm_users_raw/data_0_5_4.snappy.parquet,16907319,18d13f7878b9bb211c5c3b7d4be3729c,"Fri, 24 Jul 2026 21:41:29 GMT"
s3://sales-analytics-raw-aqib-test/snowflake_backup/bronze/close_crm_users_raw/data_0_6_0.snappy.parquet,32834886,8168e26002df91adc4e6e53efa4ccec1,"Fri, 24 Jul 2026 21:41:28 GMT"
s3://sales-analytics-raw-aqib-test/snowflake_backup/bronze/close_crm_users_raw/data_0_6_1.snappy.parquet,16985438,98e8b9d2b82d0fa55f1557fa96ab7a23,"Fri, 24 Jul 2026 21:41:28 GMT"
s3://sales-analytics-raw-aqib-test/snowflake_backup/bronze/close_crm_users_raw/data_0_6_2.snappy.parquet,31424350,e07ccf4042387d8543616af5d7fd58e1,"Fri, 24 Jul 2026 21:41:29 GMT"
s3://sales-analytics-raw-aqib-test/snowflake_backup/bronze/close_crm_users_raw/data_0_7_0.snappy.parquet,18108871,8ace349eef675725b4f5e10c09bb2195,"Fri, 24 Jul 2026 21:41:28 GMT"
s3://sales-analytics-raw-aqib-test/snowflake_backup/bronze/close_crm_users_raw/data_0_7_1.snappy.parquet,20086531,bc733a28b7e76525a0437a4857ed5075,"Fri, 24 Jul 2026 21:41:28 GMT"
s3://sales-analytics-raw-aqib-test/snowflake_backup/bronze/close_crm_users_raw/data_0_7_2.snappy.parquet,32518710,0793365f833db79e4d05769a0dc35200,"Fri, 24 Jul 2026 21:41:29 GMT"
s3://sales-analytics-raw-aqib-test/snowflake_backup/bronze/close_crm_users_raw/data_0_7_3.snappy.parquet,32161566,2c6a607ef7c3fd7cda00699c60458df4,"Fri, 24 Jul 2026 21:41:29 GMT"
s3://sales-analytics-raw-aqib-test/snowflake_backup/bronze/custom_activities_raw/data_0_0_0.snappy.parquet,292218,bd73cd6794ec87e252e169eaaf631dd3,"Fri, 24 Jul 2026 21:41:31 GMT"
s3://sales-analytics-raw-aqib-test/snowflake_backup/bronze/lead_activities_raw/data_0_0_0.snappy.parquet,17336736,930d9675d9135f57dd564f60812b9e0f,"Fri, 24 Jul 2026 21:41:40 GMT"
s3://sales-analytics-raw-aqib-test/snowflake_backup/bronze/lead_activities_raw/data_0_0_1.snappy.parquet,17059985,8dad8d3988f661f7901d0405e26c5286,"Fri, 24 Jul 2026 21:41:41 GMT"
s3://sales-analytics-raw-aqib-test/snowflake_backup/bronze/lead_activities_raw/data_0_0_10.snappy.parquet,23045832,fd86081af4d13537389a55c61588828a,"Fri, 24 Jul 2026 21:41:47 GMT"
s3://sales-analytics-raw-aqib-test/snowflake_backup/bronze/lead_activities_raw/data_0_0_11.snappy.parquet,17447704,5d1e4bc5be52913a7be73f1cdbe9d582,"Fri, 24 Jul 2026 21:41:48 GMT"
s3://sales-analytics-raw-aqib-test/snowflake_backup/bronze/lead_activities_raw/data_0_0_12.snappy.parquet,19028656,aa7cf906d5ca348e2ea0ba39a1a82490,"Fri, 24 Jul 2026 21:41:48 GMT"
s3://sales-analytics-raw-aqib-test/snowflake_backup/bronze/lead_activities_raw/data_0_0_13.snappy.parquet,19449480,6577e623f00cf7c9dc205648c09b1b2d,"Fri, 24 Jul 2026 21:41:49 GMT"
s3://sales-analytics-raw-aqib-test/snowflake_backup/bronze/lead_activities_raw/data_0_0_14.snappy.parquet,23767756,cd542c473d95e2f1bae08c28a40b7f9f,"Fri, 24 Jul 2026 21:41:50 GMT"
s3://sales-analytics-raw-aqib-test/snowflake_backup/bronze/lead_activities_raw/data_0_0_15.snappy.parquet,22723826,61371827697bf376efb6bbf343e785f5,"Fri, 24 Jul 2026 21:41:51 GMT"
s3://sales-analytics-raw-aqib-test/snowflake_backup/bronze/lead_activities_raw/data_0_0_16.snappy.parquet,21735322,138eba567316ff4886100634b77d42b7,"Fri, 24 Jul 2026 21:41:51 GMT"
s3://sales-analytics-raw-aqib-test/snowflake_backup/bronze/lead_activities_raw/data_0_0_17.snappy.parquet,23358948,6da73de79b7e5f1b95e92138812cee47,"Fri, 24 Jul 2026 21:41:52 GMT"
s3://sales-analytics-raw-aqib-test/snowflake_backup/bronze/lead_activities_raw/data_0_0_18.snappy.parquet,23515742,45d7889abe4fcdb0823120f59ea7b5be,"Fri, 24 Jul 2026 21:41:53 GMT"
s3://sales-analytics-raw-aqib-test/snowflake_backup/bronze/lead_activities_raw/data_0_0_19.snappy.parquet,20029650,9cd2c867f967bfcf999a446dc6c88d80,"Fri, 24 Jul 2026 21:41:54 GMT"
s3://sales-analytics-raw-aqib-test/snowflake_backup/bronze/lead_activities_raw/data_0_0_2.snappy.parquet,23405612,cbeee05a618921466baf3713670af2ff,"Fri, 24 Jul 2026 21:41:42 GMT"
s3://sales-analytics-raw-aqib-test/snowflake_backup/bronze/lead_activities_raw/data_0_0_20.snappy.parquet,22272529,82be186fe22dddcb92717950c524044d,"Fri, 24 Jul 2026 21:41:54 GMT"
s3://sales-analytics-raw-aqib-test/snowflake_backup/bronze/lead_activities_raw/data_0_0_21.snappy.parquet,19771771,39b74f6bc1cfb4edcc95a29ee84dc565,"Fri, 24 Jul 2026 21:41:55 GMT"
s3://sales-analytics-raw-aqib-test/snowflake_backup/bronze/lead_activities_raw/data_0_0_3.snappy.parquet,19403941,3ab66b772a81ed185617028a168e6a0a,"Fri, 24 Jul 2026 21:41:42 GMT"
s3://sales-analytics-raw-aqib-test/snowflake_backup/bronze/lead_activities_raw/data_0_0_4.snappy.parquet,21427976,bb2fa63f8bae81235524200271206df0,"Fri, 24 Jul 2026 21:41:43 GMT"
s3://sales-analytics-raw-aqib-test/snowflake_backup/bronze/lead_activities_raw/data_0_0_5.snappy.parquet,19802888,29144dc22292fcda7939fbeecaf0b762,"Fri, 24 Jul 2026 21:41:44 GMT"
s3://sales-analytics-raw-aqib-test/snowflake_backup/bronze/lead_activities_raw/data_0_0_6.snappy.parquet,17587110,84e9cf5f420d8e5abc8af81ef032a3f3,"Fri, 24 Jul 2026 21:41:44 GMT"
s3://sales-analytics-raw-aqib-test/snowflake_backup/bronze/lead_activities_raw/data_0_0_7.snappy.parquet,17241159,65d97c35f8019514c7f7ee13688ebe4a,"Fri, 24 Jul 2026 21:41:45 GMT"
s3://sales-analytics-raw-aqib-test/snowflake_backup/bronze/lead_activities_raw/data_0_0_8.snappy.parquet,18753314,97fbdd8589549fc8859d785fd0ebbdb8,"Fri, 24 Jul 2026 21:41:46 GMT"
s3://sales-analytics-raw-aqib-test/snowflake_backup/bronze/lead_activities_raw/data_0_0_9.snappy.parquet,20795900,09f9a2cb4377ab785a41f65a7ecb9522,"Fri, 24 Jul 2026 21:41:46 GMT"
s3://sales-analytics-raw-aqib-test/snowflake_backup/bronze/lead_activities_raw/data_0_1_0.snappy.parquet,20575570,00b6f8b36d5967a4de74f16f2637b908,"Fri, 24 Jul 2026 21:41:40 GMT"
s3://sales-analytics-raw-aqib-test/snowflake_backup/bronze/lead_activities_raw/data_0_1_1.snappy.parquet,18798653,ee1e5de9203cdb537ecd45a4423058b6,"Fri, 24 Jul 2026 21:41:41 GMT"
s3://sales-analytics-raw-aqib-test/snowflake_backup/bronze/lead_activities_raw/data_0_1_10.snappy.parquet,17901511,47fb97987c9fbefe18774c91ce240e96,"Fri, 24 Jul 2026 21:41:48 GMT"
s3://sales-analytics-raw-aqib-test/snowflake_backup/bronze/lead_activities_raw/data_0_1_11.snappy.parquet,20427123,ea4327ae32dc1d3b56395df9530b4c9c,"Fri, 24 Jul 2026 21:41:49 GMT"
s3://sales-analytics-raw-aqib-test/snowflake_backup/bronze/lead_activities_raw/data_0_1_12.snappy.parquet,21147827,b6ec60ffee6ab5c523f4adb587407d17,"Fri, 24 Jul 2026 21:41:49 GMT"
s3://sales-analytics-raw-aqib-test/snowflake_backup/bronze/lead_activities_raw/data_0_1_13.snappy.parquet,22303432,108eb2d3e68494bdf8190cd79d922152,"Fri, 24 Jul 2026 21:41:50 GMT"
s3://sales-analytics-raw-aqib-test/snowflake_backup/bronze/lead_activities_raw/data_0_1_14.snappy.parquet,22858580,98843ce3f140cbc580a996422f2a3deb,"Fri, 24 Jul 2026 21:41:51 GMT"
s3://sales-analytics-raw-aqib-test/snowflake_backup/bronze/lead_activities_raw/data_0_1_15.snappy.parquet,23407271,2b9ccf0e7de5893c301641ad5ffa4996,"Fri, 24 Jul 2026 21:41:52 GMT"
s3://sales-analytics-raw-aqib-test/snowflake_backup/bronze/lead_activities_raw/data_0_1_16.snappy.parquet,24386214,075b46f5c4624926bb47ef2bb53f6e55,"Fri, 24 Jul 2026 21:41:52 GMT"
s3://sales-analytics-raw-aqib-test/snowflake_backup/bronze/lead_activities_raw/data_0_1_17.snappy.parquet,19486920,54daa9f104b039156beb3dfb8b0b6b8b,"Fri, 24 Jul 2026 21:41:53 GMT"
s3://sales-analytics-raw-aqib-test/snowflake_backup/bronze/lead_activities_raw/data_0_1_18.snappy.parquet,19511930,a939c2ee566b7e94f30dca504542bcb7,"Fri, 24 Jul 2026 21:41:54 GMT"
s3://sales-analytics-raw-aqib-test/snowflake_backup/bronze/lead_activities_raw/data_0_1_19.snappy.parquet,24234335,728854fc23588dcc7f3cd4cb68879367,"Fri, 24 Jul 2026 21:41:54 GMT"
s3://sales-analytics-raw-aqib-test/snowflake_backup/bronze/lead_activities_raw/data_0_1_2.snappy.parquet,20421110,052481aac647b80b7afa293fc498ff96,"Fri, 24 Jul 2026 21:41:42 GMT"
s3://sales-analytics-raw-aqib-test/snowflake_backup/bronze/lead_activities_raw/data_0_1_20.snappy.parquet,22565903,510462d383abdcef16e293f8197e45ac,"Fri, 24 Jul 2026 21:41:55 GMT"
s3://sales-analytics-raw-aqib-test/snowflake_backup/bronze/lead_activities_raw/data_0_1_21.snappy.parquet,20548361,dfc84c6b5bdd0d6aa8ca1e41adf7ecee,"Fri, 24 Jul 2026 21:41:56 GMT"
s3://sales-analytics-raw-aqib-test/snowflake_backup/bronze/lead_activities_raw/data_0_1_3.snappy.parquet,17801882,e683437054259b83f4475c00c2784f1f,"Fri, 24 Jul 2026 21:41:43 GMT"
s3://sales-analytics-raw-aqib-test/snowflake_backup/bronze/lead_activities_raw/data_0_1_4.snappy.parquet,25078266,6786060bf429612991db5d11919499ce,"Fri, 24 Jul 2026 21:41:43 GMT"
s3://sales-analytics-raw-aqib-test/snowflake_backup/bronze/lead_activities_raw/data_0_1_5.snappy.parquet,23874883,842b6b7ad9f9a1ee8109e0b5ef48a9cb,"Fri, 24 Jul 2026 21:41:44 GMT"
s3://sales-analytics-raw-aqib-test/snowflake_backup/bronze/lead_activities_raw/data_0_1_6.snappy.parquet,20621715,ceff5a255fc36c1d34d3d7a19f6cc4ba,"Fri, 24 Jul 2026 21:41:45 GMT"
s3://sales-analytics-raw-aqib-test/snowflake_backup/bronze/lead_activities_raw/data_0_1_7.snappy.parquet,20319466,de8d68f7a97c57b0128dc3c4638ffb33,"Fri, 24 Jul 2026 21:41:46 GMT"
s3://sales-analytics-raw-aqib-test/snowflake_backup/bronze/lead_activities_raw/data_0_1_8.snappy.parquet,23633623,e89f2de73cd410aaebc12794dc5c9492,"Fri, 24 Jul 2026 21:41:46 GMT"
s3://sales-analytics-raw-aqib-test/snowflake_backup/bronze/lead_activities_raw/data_0_1_9.snappy.parquet,22418806,99e75e6c4fa4d83b64efdffcf77373c1,"Fri, 24 Jul 2026 21:41:47 GMT"
s3://sales-analytics-raw-aqib-test/snowflake_backup/bronze/lead_activities_raw/data_0_2_0.snappy.parquet,17540751,e301d1d33f504c29969a6eca1fe7f53d,"Fri, 24 Jul 2026 21:41:40 GMT"
s3://sales-analytics-raw-aqib-test/snowflake_backup/bronze/lead_activities_raw/data_0_2_1.snappy.parquet,20904595,19937bc68e1b2fd3955f21e65fd3bbb9,"Fri, 24 Jul 2026 21:41:41 GMT"
s3://sales-analytics-raw-aqib-test/snowflake_backup/bronze/lead_activities_raw/data_0_2_10.snappy.parquet,18799384,61bb177e0984d69d7f5b743cc5271535,"Fri, 24 Jul 2026 21:41:47 GMT"
s3://sales-analytics-raw-aqib-test/snowflake_backup/bronze/lead_activities_raw/data_0_2_11.snappy.parquet,21994863,77103f3d0eab9b56ffa99b8a87db7622,"Fri, 24 Jul 2026 21:41:48 GMT"
s3://sales-analytics-raw-aqib-test/snowflake_backup/bronze/lead_activities_raw/data_0_2_12.snappy.parquet,21014917,0076fe496166debefbd10dbcb2d28a42,"Fri, 24 Jul 2026 21:41:49 GMT"
s3://sales-analytics-raw-aqib-test/snowflake_backup/bronze/lead_activities_raw/data_0_2_13.snappy.parquet,20131642,7bfef29df8600dc711ec4423651d5ce7,"Fri, 24 Jul 2026 21:41:49 GMT"
s3://sales-analytics-raw-aqib-test/snowflake_backup/bronze/lead_activities_raw/data_0_2_14.snappy.parquet,21893602,b9f4d40e8f7be62014c9d612c56139dd,"Fri, 24 Jul 2026 21:41:50 GMT"
s3://sales-analytics-raw-aqib-test/snowflake_backup/bronze/lead_activities_raw/data_0_2_15.snappy.parquet,17712138,6d12bf8f4d08b792d08fd899ee4a37dc,"Fri, 24 Jul 2026 21:41:51 GMT"
s3://sales-analytics-raw-aqib-test/snowflake_backup/bronze/lead_activities_raw/data_0_2_16.snappy.parquet,22268049,0f8d173996f572fd67474bd43b2ee08f,"Fri, 24 Jul 2026 21:41:52 GMT"
s3://sales-analytics-raw-aqib-test/snowflake_backup/bronze/lead_activities_raw/data_0_2_17.snappy.parquet,23980114,6d298cdc434590643842e7151a7ccd00,"Fri, 24 Jul 2026 21:41:52 GMT"
s3://sales-analytics-raw-aqib-test/snowflake_backup/bronze/lead_activities_raw/data_0_2_18.snappy.parquet,23407682,2fd24883973b32015a486d8d40a90610,"Fri, 24 Jul 2026 21:41:53 GMT"
s3://sales-analytics-raw-aqib-test/snowflake_backup/bronze/lead_activities_raw/data_0_2_19.snappy.parquet,20541018,75166917f9cf6b02e208b0bee5647d1a,"Fri, 24 Jul 2026 21:41:54 GMT"
s3://sales-analytics-raw-aqib-test/snowflake_backup/bronze/lead_activities_raw/data_0_2_2.snappy.parquet,20258620,967fe508d4368ba5af0e5e6797b63be7,"Fri, 24 Jul 2026 21:41:42 GMT"
s3://sales-analytics-raw-aqib-test/snowflake_backup/bronze/lead_activities_raw/data_0_2_20.snappy.parquet,20006089,98dcc556b792d9490a308204f7ae64c2,"Fri, 24 Jul 2026 21:41:55 GMT"
s3://sales-analytics-raw-aqib-test/snowflake_backup/bronze/lead_activities_raw/data_0_2_21.snappy.parquet,20863469,07bc7bcd976a530baf58a8d7d2381d7a,"Fri, 24 Jul 2026 21:41:55 GMT"
s3://sales-analytics-raw-aqib-test/snowflake_backup/bronze/lead_activities_raw/data_0_2_3.snappy.parquet,20954532,f06ba21b692c5689d8d8d741671c5e24,"Fri, 24 Jul 2026 21:41:43 GMT"
s3://sales-analytics-raw-aqib-test/snowflake_backup/bronze/lead_activities_raw/data_0_2_4.snappy.parquet,20354174,0de69eb862437f7368db3367b346d5ab,"Fri, 24 Jul 2026 21:41:43 GMT"
s3://sales-analytics-raw-aqib-test/snowflake_backup/bronze/lead_activities_raw/data_0_2_5.snappy.parquet,19449526,0796ef9013e20ccca103cbc816915940,"Fri, 24 Jul 2026 21:41:44 GMT"
s3://sales-analytics-raw-aqib-test/snowflake_backup/bronze/lead_activities_raw/data_0_2_6.snappy.parquet,19773102,f2dc1e0bcf378f2d93cf06fa87721c4d,"Fri, 24 Jul 2026 21:41:45 GMT"
s3://sales-analytics-raw-aqib-test/snowflake_backup/bronze/lead_activities_raw/data_0_2_7.snappy.parquet,19880638,b611fba9571c8b99442d628437e06553,"Fri, 24 Jul 2026 21:41:45 GMT"
s3://sales-analytics-raw-aqib-test/snowflake_backup/bronze/lead_activities_raw/data_0_2_8.snappy.parquet,18501411,f7936e33579b1d11c5c89fd2afc8a485,"Fri, 24 Jul 2026 21:41:46 GMT"
s3://sales-analytics-raw-aqib-test/snowflake_backup/bronze/lead_activities_raw/data_0_2_9.snappy.parquet,19691868,1002edfd56e5384d5216c6ef6ce0c7cb,"Fri, 24 Jul 2026 21:41:47 GMT"
s3://sales-analytics-raw-aqib-test/snowflake_backup/bronze/lead_activities_raw/data_0_3_0.snappy.parquet,19351750,42c74d308ac98bdae5b26df54ec1bcc5,"Fri, 24 Jul 2026 21:41:40 GMT"
s3://sales-analytics-raw-aqib-test/snowflake_backup/bronze/lead_activities_raw/data_0_3_1.snappy.parquet,18521891,3730fc9708a809f2e653c0c7061d13c9,"Fri, 24 Jul 2026 21:41:41 GMT"
s3://sales-analytics-raw-aqib-test/snowflake_backup/bronze/lead_activities_raw/data_0_3_10.snappy.parquet,19160639,c072e4c0beed6a09699a677e7f80c5ff,"Fri, 24 Jul 2026 21:41:48 GMT"
s3://sales-analytics-raw-aqib-test/snowflake_backup/bronze/lead_activities_raw/data_0_3_11.snappy.parquet,19304923,620964d72ea175f401fdeeadb4298ec3,"Fri, 24 Jul 2026 21:41:49 GMT"
s3://sales-analytics-raw-aqib-test/snowflake_backup/bronze/lead_activities_raw/data_0_3_12.snappy.parquet,22068757,6ea3e0a52b69d8415b4b2871c3d22e74,"Fri, 24 Jul 2026 21:41:50 GMT"
s3://sales-analytics-raw-aqib-test/snowflake_backup/bronze/lead_activities_raw/data_0_3_13.snappy.parquet,25866054,809018cfe9ab8fbf8ba859494386b7c5,"Fri, 24 Jul 2026 21:41:50 GMT"
s3://sales-analytics-raw-aqib-test/snowflake_backup/bronze/lead_activities_raw/data_0_3_14.snappy.parquet,23105927,80bc10943248d61539d091d4137c7476,"Fri, 24 Jul 2026 21:41:51 GMT"
s3://sales-analytics-raw-aqib-test/snowflake_backup/bronze/lead_activities_raw/data_0_3_15.snappy.parquet,24014203,1e8284b52bcdadf7a250b3e8cce74afc,"Fri, 24 Jul 2026 21:41:52 GMT"
s3://sales-analytics-raw-aqib-test/snowflake_backup/bronze/lead_activities_raw/data_0_3_16.snappy.parquet,21722820,6d271ba1800dcc27c35360130ec853c2,"Fri, 24 Jul 2026 21:41:53 GMT"
s3://sales-analytics-raw-aqib-test/snowflake_backup/bronze/lead_activities_raw/data_0_3_17.snappy.parquet,20684707,9d20a5cbcc97ec649a2f4d332dd613d7,"Fri, 24 Jul 2026 21:41:54 GMT"
s3://sales-analytics-raw-aqib-test/snowflake_backup/bronze/lead_activities_raw/data_0_3_18.snappy.parquet,19469333,41a753e80957da1b71cca7535701509e,"Fri, 24 Jul 2026 21:41:54 GMT"
s3://sales-analytics-raw-aqib-test/snowflake_backup/bronze/lead_activities_raw/data_0_3_19.snappy.parquet,22692176,7a0edd70880e1b3bd93fba51577cbfe0,"Fri, 24 Jul 2026 21:41:55 GMT"
s3://sales-analytics-raw-aqib-test/snowflake_backup/bronze/lead_activities_raw/data_0_3_2.snappy.parquet,21918594,00a767a369b6df5ff3197ec0c29cdc8c,"Fri, 24 Jul 2026 21:41:42 GMT"
s3://sales-analytics-raw-aqib-test/snowflake_backup/bronze/lead_activities_raw/data_0_3_20.snappy.parquet,22913294,883d042aca18d4d0d23dcea52d674fda,"Fri, 24 Jul 2026 21:41:56 GMT"
s3://sales-analytics-raw-aqib-test/snowflake_backup/bronze/lead_activities_raw/data_0_3_21.snappy.parquet,20866874,ea04a48388b08c0159ba287e0e03c050,"Fri, 24 Jul 2026 21:41:57 GMT"
s3://sales-analytics-raw-aqib-test/snowflake_backup/bronze/lead_activities_raw/data_0_3_22.snappy.parquet,10328868,ca8c7162fde73e414f736b407189dbf8,"Fri, 24 Jul 2026 21:41:57 GMT"
s3://sales-analytics-raw-aqib-test/snowflake_backup/bronze/lead_activities_raw/data_0_3_3.snappy.parquet,17009074,83f86742c4f13f711892a26c1b9cc61c,"Fri, 24 Jul 2026 21:41:43 GMT"
s3://sales-analytics-raw-aqib-test/snowflake_backup/bronze/lead_activities_raw/data_0_3_4.snappy.parquet,23410552,74403ca6576dd667069b82b107d0ba96,"Fri, 24 Jul 2026 21:41:44 GMT"
s3://sales-analytics-raw-aqib-test/snowflake_backup/bronze/lead_activities_raw/data_0_3_5.snappy.parquet,23413653,fd7ab55f13d74bc0c996c6edecbcfc0e,"Fri, 24 Jul 2026 21:41:45 GMT"
s3://sales-analytics-raw-aqib-test/snowflake_backup/bronze/lead_activities_raw/data_0_3_6.snappy.parquet,19951771,aaa90e7e803b380cb00b1f3cd2182a04,"Fri, 24 Jul 2026 21:41:45 GMT"
s3://sales-analytics-raw-aqib-test/snowflake_backup/bronze/lead_activities_raw/data_0_3_7.snappy.parquet,18454129,0929b490d04b035038f6209b5f792445,"Fri, 24 Jul 2026 21:41:46 GMT"
s3://sales-analytics-raw-aqib-test/snowflake_backup/bronze/lead_activities_raw/data_0_3_8.snappy.parquet,20301657,63404f8424915ad7f6e00e67462eb686,"Fri, 24 Jul 2026 21:41:47 GMT"
s3://sales-analytics-raw-aqib-test/snowflake_backup/bronze/lead_activities_raw/data_0_3_9.snappy.parquet,22155298,6e424f5d7aa3de1b9c72a6f99952bb75,"Fri, 24 Jul 2026 21:41:47 GMT"
s3://sales-analytics-raw-aqib-test/snowflake_backup/bronze/lead_activities_raw/data_0_4_0.snappy.parquet,22296696,3072b5627a16629d3095a908ebf762c8,"Fri, 24 Jul 2026 21:41:40 GMT"
s3://sales-analytics-raw-aqib-test/snowflake_backup/bronze/lead_activities_raw/data_0_4_1.snappy.parquet,18718703,9e98dd03d073c118815b867aa5a2cbd4,"Fri, 24 Jul 2026 21:41:41 GMT"
s3://sales-analytics-raw-aqib-test/snowflake_backup/bronze/lead_activities_raw/data_0_4_10.snappy.parquet,17865239,216bb44eaf3bf1daeb89c4e9ed5c268b,"Fri, 24 Jul 2026 21:41:48 GMT"
s3://sales-analytics-raw-aqib-test/snowflake_backup/bronze/lead_activities_raw/data_0_4_11.snappy.parquet,19166245,e22414679760c1f94380df2cbf82b972,"Fri, 24 Jul 2026 21:41:49 GMT"
s3://sales-analytics-raw-aqib-test/snowflake_backup/bronze/lead_activities_raw/data_0_4_12.snappy.parquet,20933015,2d16daf9922242f6d362e5a26e59df47,"Fri, 24 Jul 2026 21:41:49 GMT"
s3://sales-analytics-raw-aqib-test/snowflake_backup/bronze/lead_activities_raw/data_0_4_13.snappy.parquet,22344198,f5d652f95a8295b05c9209600ec4f67c,"Fri, 24 Jul 2026 21:41:50 GMT"
s3://sales-analytics-raw-aqib-test/snowflake_backup/bronze/lead_activities_raw/data_0_4_14.snappy.parquet,23333544,2720c375fcafb38b865fb345bccdf981,"Fri, 24 Jul 2026 21:41:51 GMT"
s3://sales-analytics-raw-aqib-test/snowflake_backup/bronze/lead_activities_raw/data_0_4_15.snappy.parquet,21488749,690ae26ba53dfe95c5be09cc02e4f198,"Fri, 24 Jul 2026 21:41:52 GMT"
s3://sales-analytics-raw-aqib-test/snowflake_backup/bronze/lead_activities_raw/data_0_4_16.snappy.parquet,20502834,2a00ddbeeb791c761c2a27238fdeec06,"Fri, 24 Jul 2026 21:41:53 GMT"
s3://sales-analytics-raw-aqib-test/snowflake_backup/bronze/lead_activities_raw/data_0_4_17.snappy.parquet,21298106,0ea8042eb71ade72890e6e145eba1c49,"Fri, 24 Jul 2026 21:41:53 GMT"
s3://sales-analytics-raw-aqib-test/snowflake_backup/bronze/lead_activities_raw/data_0_4_18.snappy.parquet,20267989,8d0d6f37b8b53783cffc8e2c9d4e44d4,"Fri, 24 Jul 2026 21:41:54 GMT"
s3://sales-analytics-raw-aqib-test/snowflake_backup/bronze/lead_activities_raw/data_0_4_19.snappy.parquet,17657084,99ee65cc02798c889b012fe2a6966abc,"Fri, 24 Jul 2026 21:41:55 GMT"
s3://sales-analytics-raw-aqib-test/snowflake_backup/bronze/lead_activities_raw/data_0_4_2.snappy.parquet,19273209,d4baa64f979edef73fc5d8f70209bc41,"Fri, 24 Jul 2026 21:41:42 GMT"
s3://sales-analytics-raw-aqib-test/snowflake_backup/bronze/lead_activities_raw/data_0_4_20.snappy.parquet,19782717,37498557c01ecd0a01ce4c1e9215162c,"Fri, 24 Jul 2026 21:41:55 GMT"
s3://sales-analytics-raw-aqib-test/snowflake_backup/bronze/lead_activities_raw/data_0_4_21.snappy.parquet,12363495,18b35604fd842301a936677ec352e55f,"Fri, 24 Jul 2026 21:41:57 GMT"
s3://sales-analytics-raw-aqib-test/snowflake_backup/bronze/lead_activities_raw/data_0_4_3.snappy.parquet,19226837,7def5fbb65a48714ad62f9ad693c5166,"Fri, 24 Jul 2026 21:41:42 GMT"
s3://sales-analytics-raw-aqib-test/snowflake_backup/bronze/lead_activities_raw/data_0_4_4.snappy.parquet,18817954,3f8386b353dea10c892dfcfe04ca1c15,"Fri, 24 Jul 2026 21:41:43 GMT"
s3://sales-analytics-raw-aqib-test/snowflake_backup/bronze/lead_activities_raw/data_0_4_5.snappy.parquet,18868149,cb34f694082186cce5fd80d6015122e5,"Fri, 24 Jul 2026 21:41:44 GMT"
s3://sales-analytics-raw-aqib-test/snowflake_backup/bronze/lead_activities_raw/data_0_4_6.snappy.parquet,23303359,4ea892ebd4260b2439c6eacb188016b4,"Fri, 24 Jul 2026 21:41:45 GMT"
s3://sales-analytics-raw-aqib-test/snowflake_backup/bronze/lead_activities_raw/data_0_4_7.snappy.parquet,24942078,7295e4bd8157732bb9247e463a7c7cf6,"Fri, 24 Jul 2026 21:41:46 GMT"
s3://sales-analytics-raw-aqib-test/snowflake_backup/bronze/lead_activities_raw/data_0_4_8.snappy.parquet,23697580,1b7049861c6395108a8de622162306b4,"Fri, 24 Jul 2026 21:41:47 GMT"
s3://sales-analytics-raw-aqib-test/snowflake_backup/bronze/lead_activities_raw/data_0_4_9.snappy.parquet,18773319,7cecd2aa45ee7c0a70a9e4d209c74a51,"Fri, 24 Jul 2026 21:41:47 GMT"
s3://sales-analytics-raw-aqib-test/snowflake_backup/bronze/lead_activities_raw/data_0_5_0.snappy.parquet,21123760,0130e8952b57e21d9f765273c9962124,"Fri, 24 Jul 2026 21:41:40 GMT"
s3://sales-analytics-raw-aqib-test/snowflake_backup/bronze/lead_activities_raw/data_0_5_1.snappy.parquet,19040345,97d3c20233889b9097d3f5c17e0da49f,"Fri, 24 Jul 2026 21:41:41 GMT"
s3://sales-analytics-raw-aqib-test/snowflake_backup/bronze/lead_activities_raw/data_0_5_10.snappy.parquet,18248475,07bbacf1c02ff0362c98f6e5db3037ba,"Fri, 24 Jul 2026 21:41:48 GMT"
s3://sales-analytics-raw-aqib-test/snowflake_backup/bronze/lead_activities_raw/data_0_5_11.snappy.parquet,20829922,2c018deec768c9b1c5d82e683a25e009,"Fri, 24 Jul 2026 21:41:49 GMT"
s3://sales-analytics-raw-aqib-test/snowflake_backup/bronze/lead_activities_raw/data_0_5_12.snappy.parquet,21203684,9c11f441615e71254164fe5ab822ef73,"Fri, 24 Jul 2026 21:41:50 GMT"
s3://sales-analytics-raw-aqib-test/snowflake_backup/bronze/lead_activities_raw/data_0_5_13.snappy.parquet,23406167,88a1c87cfd0f40ad615df7defc900e6c,"Fri, 24 Jul 2026 21:41:51 GMT"
s3://sales-analytics-raw-aqib-test/snowflake_backup/bronze/lead_activities_raw/data_0_5_14.snappy.parquet,21943861,6123a3f9ff1d435073d06e045c6f7a8f,"Fri, 24 Jul 2026 21:41:51 GMT"
s3://sales-analytics-raw-aqib-test/snowflake_backup/bronze/lead_activities_raw/data_0_5_15.snappy.parquet,22687479,762d9acb1bf3ff1451dd1a18696ced24,"Fri, 24 Jul 2026 21:41:52 GMT"
s3://sales-analytics-raw-aqib-test/snowflake_backup/bronze/lead_activities_raw/data_0_5_16.snappy.parquet,22767444,df9012276f0a867093d55e1dfa4b3d7a,"Fri, 24 Jul 2026 21:41:53 GMT"
s3://sales-analytics-raw-aqib-test/snowflake_backup/bronze/lead_activities_raw/data_0_5_17.snappy.parquet,21248459,42a56b9a600a658f3c43370bc58650ce,"Fri, 24 Jul 2026 21:41:54 GMT"
s3://sales-analytics-raw-aqib-test/snowflake_backup/bronze/lead_activities_raw/data_0_5_18.snappy.parquet,21470055,0346f0372c452ac0d3b5069dcec77a9c,"Fri, 24 Jul 2026 21:41:54 GMT"
s3://sales-analytics-raw-aqib-test/snowflake_backup/bronze/lead_activities_raw/data_0_5_19.snappy.parquet,24106136,00154c37f21e29dbdd4b103b21a24882,"Fri, 24 Jul 2026 21:41:55 GMT"
s3://sales-analytics-raw-aqib-test/snowflake_backup/bronze/lead_activities_raw/data_0_5_2.snappy.parquet,22009282,5b90fab684c42a00ba0443e4beab3121,"Fri, 24 Jul 2026 21:41:42 GMT"
s3://sales-analytics-raw-aqib-test/snowflake_backup/bronze/lead_activities_raw/data_0_5_20.snappy.parquet,19934045,5ab5fbcfe53293f313df554abedbea26,"Fri, 24 Jul 2026 21:41:56 GMT"
s3://sales-analytics-raw-aqib-test/snowflake_backup/bronze/lead_activities_raw/data_0_5_21.snappy.parquet,20425025,36c261330acf47d2ce76da3e77ffcd76,"Fri, 24 Jul 2026 21:41:56 GMT"
s3://sales-analytics-raw-aqib-test/snowflake_backup/bronze/lead_activities_raw/data_0_5_3.snappy.parquet,23152629,cb7e9f4cf456423a5ff159aa401bf1ad,"Fri, 24 Jul 2026 21:41:43 GMT"
s3://sales-analytics-raw-aqib-test/snowflake_backup/bronze/lead_activities_raw/data_0_5_4.snappy.parquet,25946626,b54df406da57d07b9de3659b50fb11ed,"Fri, 24 Jul 2026 21:41:44 GMT"
s3://sales-analytics-raw-aqib-test/snowflake_backup/bronze/lead_activities_raw/data_0_5_5.snappy.parquet,18337102,4372cd558e033cd4de024cef56a6f45a,"Fri, 24 Jul 2026 21:41:45 GMT"
s3://sales-analytics-raw-aqib-test/snowflake_backup/bronze/lead_activities_raw/data_0_5_6.snappy.parquet,19578314,1d9b3b49fd2b93ad0974bfa9654c4644,"Fri, 24 Jul 2026 21:41:45 GMT"
s3://sales-analytics-raw-aqib-test/snowflake_backup/bronze/lead_activities_raw/data_0_5_7.snappy.parquet,19305627,393af9f732b37aa4eecdb15dc9c4ced8,"Fri, 24 Jul 2026 21:41:46 GMT"
s3://sales-analytics-raw-aqib-test/snowflake_backup/bronze/lead_activities_raw/data_0_5_8.snappy.parquet,19622228,f55ae5dfa322151f210655dcb5006df9,"Fri, 24 Jul 2026 21:41:47 GMT"
s3://sales-analytics-raw-aqib-test/snowflake_backup/bronze/lead_activities_raw/data_0_5_9.snappy.parquet,17653807,f61b7149d056828807569490d2cd409b,"Fri, 24 Jul 2026 21:41:47 GMT"
s3://sales-analytics-raw-aqib-test/snowflake_backup/bronze/lead_activities_raw/data_0_6_0.snappy.parquet,22038210,047653e44f2ca0c8738fdb487a060af7,"Fri, 24 Jul 2026 21:41:41 GMT"
s3://sales-analytics-raw-aqib-test/snowflake_backup/bronze/lead_activities_raw/data_0_6_1.snappy.parquet,22348593,983c35f84ea42ad53e71aae3bbbd2dad,"Fri, 24 Jul 2026 21:41:41 GMT"
s3://sales-analytics-raw-aqib-test/snowflake_backup/bronze/lead_activities_raw/data_0_6_10.snappy.parquet,18630927,55e5a06be2465990d9c675d5374a1a75,"Fri, 24 Jul 2026 21:41:48 GMT"
s3://sales-analytics-raw-aqib-test/snowflake_backup/bronze/lead_activities_raw/data_0_6_11.snappy.parquet,18605610,d0e47934e42727760f221b14e7b3bbfa,"Fri, 24 Jul 2026 21:41:48 GMT"
s3://sales-analytics-raw-aqib-test/snowflake_backup/bronze/lead_activities_raw/data_0_6_12.snappy.parquet,17144786,64a23c97893a18e8b2011cc721b6f153,"Fri, 24 Jul 2026 21:41:49 GMT"
s3://sales-analytics-raw-aqib-test/snowflake_backup/bronze/lead_activities_raw/data_0_6_13.snappy.parquet,23577826,2ed5efd10deb4802ecb4603441730d71,"Fri, 24 Jul 2026 21:41:50 GMT"
s3://sales-analytics-raw-aqib-test/snowflake_backup/bronze/lead_activities_raw/data_0_6_14.snappy.parquet,27964954,3b4ca706bf3964cc2c433a75f95e81eb,"Fri, 24 Jul 2026 21:41:51 GMT"
s3://sales-analytics-raw-aqib-test/snowflake_backup/bronze/lead_activities_raw/data_0_6_15.snappy.parquet,21861750,61136c856ef5cd2972f89dd8acad565c,"Fri, 24 Jul 2026 21:41:52 GMT"
s3://sales-analytics-raw-aqib-test/snowflake_backup/bronze/lead_activities_raw/data_0_6_16.snappy.parquet,22795337,5d61734beab23e0dbd6cdffd1c7a2c65,"Fri, 24 Jul 2026 21:41:52 GMT"
s3://sales-analytics-raw-aqib-test/snowflake_backup/bronze/lead_activities_raw/data_0_6_17.snappy.parquet,21860820,85e67f812449dfec44cc47a6483b50ab,"Fri, 24 Jul 2026 21:41:53 GMT"
s3://sales-analytics-raw-aqib-test/snowflake_backup/bronze/lead_activities_raw/data_0_6_18.snappy.parquet,17974248,f4d06f243d37a8e9290846d6719c6f26,"Fri, 24 Jul 2026 21:41:54 GMT"
s3://sales-analytics-raw-aqib-test/snowflake_backup/bronze/lead_activities_raw/data_0_6_19.snappy.parquet,20706079,c6353004d4dd387ac5a44c8ab1b0472e,"Fri, 24 Jul 2026 21:41:54 GMT"
s3://sales-analytics-raw-aqib-test/snowflake_backup/bronze/lead_activities_raw/data_0_6_2.snappy.parquet,20699631,9bf51d506d310084157c01ed42eb894d,"Fri, 24 Jul 2026 21:41:42 GMT"
s3://sales-analytics-raw-aqib-test/snowflake_backup/bronze/lead_activities_raw/data_0_6_20.snappy.parquet,11734116,767546bd311a0e161aa6d8c3778b8bf8,"Fri, 24 Jul 2026 21:41:57 GMT"
s3://sales-analytics-raw-aqib-test/snowflake_backup/bronze/lead_activities_raw/data_0_6_3.snappy.parquet,19455152,9b96cae690c1978d0bdacf2bb2ab4a21,"Fri, 24 Jul 2026 21:41:43 GMT"
s3://sales-analytics-raw-aqib-test/snowflake_backup/bronze/lead_activities_raw/data_0_6_4.snappy.parquet,23712991,b5457478938cbe2dc780d701db19832f,"Fri, 24 Jul 2026 21:41:43 GMT"
s3://sales-analytics-raw-aqib-test/snowflake_backup/bronze/lead_activities_raw/data_0_6_5.snappy.parquet,24229423,cf54e17cc29bd41095d58150181ae3b5,"Fri, 24 Jul 2026 21:41:44 GMT"
s3://sales-analytics-raw-aqib-test/snowflake_backup/bronze/lead_activities_raw/data_0_6_6.snappy.parquet,24106854,6850c87ddbb23644b913d9b9431b4932,"Fri, 24 Jul 2026 21:41:45 GMT"
s3://sales-analytics-raw-aqib-test/snowflake_backup/bronze/lead_activities_raw/data_0_6_7.snappy.parquet,19100215,a447bb441251cf081ad5c6498c1ae88d,"Fri, 24 Jul 2026 21:41:46 GMT"
s3://sales-analytics-raw-aqib-test/snowflake_backup/bronze/lead_activities_raw/data_0_6_8.snappy.parquet,18025954,74fa18633814869b608dc018b58a96ff,"Fri, 24 Jul 2026 21:41:46 GMT"
s3://sales-analytics-raw-aqib-test/snowflake_backup/bronze/lead_activities_raw/data_0_6_9.snappy.parquet,24716484,c62c8a6d8b71a7270b114aaa0a3a221f,"Fri, 24 Jul 2026 21:41:47 GMT"
s3://sales-analytics-raw-aqib-test/snowflake_backup/bronze/lead_activities_raw/data_0_7_0.snappy.parquet,18562603,7af485599b97e894769ca21e41fa5c2a,"Fri, 24 Jul 2026 21:41:40 GMT"
s3://sales-analytics-raw-aqib-test/snowflake_backup/bronze/lead_activities_raw/data_0_7_1.snappy.parquet,19377143,369098482d5de66f32c549e099cf4845,"Fri, 24 Jul 2026 21:41:41 GMT"
s3://sales-analytics-raw-aqib-test/snowflake_backup/bronze/lead_activities_raw/data_0_7_10.snappy.parquet,24389022,92c4612446f73cbb6665c580ff32d7e8,"Fri, 24 Jul 2026 21:41:47 GMT"
s3://sales-analytics-raw-aqib-test/snowflake_backup/bronze/lead_activities_raw/data_0_7_11.snappy.parquet,18498987,9119e47ee576b2d96596d35548a80cc0,"Fri, 24 Jul 2026 21:41:48 GMT"
s3://sales-analytics-raw-aqib-test/snowflake_backup/bronze/lead_activities_raw/data_0_7_12.snappy.parquet,21966441,c7ae8ac505406ae5dc00d48fbc81b909,"Fri, 24 Jul 2026 21:41:49 GMT"
s3://sales-analytics-raw-aqib-test/snowflake_backup/bronze/lead_activities_raw/data_0_7_13.snappy.parquet,22876348,e59d6d83188d195ce67b63ce5c8fbe7b,"Fri, 24 Jul 2026 21:41:50 GMT"
s3://sales-analytics-raw-aqib-test/snowflake_backup/bronze/lead_activities_raw/data_0_7_14.snappy.parquet,24314257,bea8f8035f1aa31939013cb742c49b13,"Fri, 24 Jul 2026 21:41:50 GMT"
s3://sales-analytics-raw-aqib-test/snowflake_backup/bronze/lead_activities_raw/data_0_7_15.snappy.parquet,22730617,13f11c3a529d56bea1a90b071d3c5e21,"Fri, 24 Jul 2026 21:41:51 GMT"
s3://sales-analytics-raw-aqib-test/snowflake_backup/bronze/lead_activities_raw/data_0_7_16.snappy.parquet,21878843,a54ac63acc52ae47524fdfd8a39ebb40,"Fri, 24 Jul 2026 21:41:52 GMT"
s3://sales-analytics-raw-aqib-test/snowflake_backup/bronze/lead_activities_raw/data_0_7_17.snappy.parquet,22219558,434b83bdbf1c7b01f090531b976a7c91,"Fri, 24 Jul 2026 21:41:53 GMT"
s3://sales-analytics-raw-aqib-test/snowflake_backup/bronze/lead_activities_raw/data_0_7_18.snappy.parquet,21905916,5be1fd5b1f8381a58e801b87e92809d3,"Fri, 24 Jul 2026 21:41:54 GMT"
s3://sales-analytics-raw-aqib-test/snowflake_backup/bronze/lead_activities_raw/data_0_7_19.snappy.parquet,21585971,8f2381fe89ab1ea326190ff5e1690fba,"Fri, 24 Jul 2026 21:41:54 GMT"
s3://sales-analytics-raw-aqib-test/snowflake_backup/bronze/lead_activities_raw/data_0_7_2.snappy.parquet,19700711,bed89bce8db674f45322e591794401e2,"Fri, 24 Jul 2026 21:41:42 GMT"
s3://sales-analytics-raw-aqib-test/snowflake_backup/bronze/lead_activities_raw/data_0_7_20.snappy.parquet,22775979,c702c0f4dacd2cc450d3c129f17fb118,"Fri, 24 Jul 2026 21:41:55 GMT"
s3://sales-analytics-raw-aqib-test/snowflake_backup/bronze/lead_activities_raw/data_0_7_21.snappy.parquet,21203152,b42174fe79959b6ef504820998b5def6,"Fri, 24 Jul 2026 21:41:56 GMT"
s3://sales-analytics-raw-aqib-test/snowflake_backup/bronze/lead_activities_raw/data_0_7_22.snappy.parquet,19982437,93425daad8280a6db751303c6369b3d8,"Fri, 24 Jul 2026 21:41:56 GMT"
s3://sales-analytics-raw-aqib-test/snowflake_backup/bronze/lead_activities_raw/data_0_7_3.snappy.parquet,19082537,cb09a32e5beaa3378410f2341c671f60,"Fri, 24 Jul 2026 21:41:42 GMT"
s3://sales-analytics-raw-aqib-test/snowflake_backup/bronze/lead_activities_raw/data_0_7_4.snappy.parquet,16801563,3bda4c8d2560c7e4bb233966046637e3,"Fri, 24 Jul 2026 21:41:43 GMT"
s3://sales-analytics-raw-aqib-test/snowflake_backup/bronze/lead_activities_raw/data_0_7_5.snappy.parquet,17363451,d43f2226050c99dc9ae4307ac32ed31a,"Fri, 24 Jul 2026 21:41:44 GMT"
s3://sales-analytics-raw-aqib-test/snowflake_backup/bronze/lead_activities_raw/data_0_7_6.snappy.parquet,25530194,ef0582b19aa4729d780219f01ad0719c,"Fri, 24 Jul 2026 21:41:45 GMT"
s3://sales-analytics-raw-aqib-test/snowflake_backup/bronze/lead_activities_raw/data_0_7_7.snappy.parquet,18058700,7d6ee5d3fce02934b59703e1208db9e9,"Fri, 24 Jul 2026 21:41:45 GMT"
s3://sales-analytics-raw-aqib-test/snowflake_backup/bronze/lead_activities_raw/data_0_7_8.snappy.parquet,19689726,5b9d8327737692ec41d536534e9c1bb3,"Fri, 24 Jul 2026 21:41:46 GMT"
s3://sales-analytics-raw-aqib-test/snowflake_backup/bronze/lead_activities_raw/data_0_7_9.snappy.parquet,19052745,90138d9cfa2849ffe1c60f86413c4885,"Fri, 24 Jul 2026 21:41:47 GMT"
s3://sales-analytics-raw-aqib-test/snowflake_backup/bronze/leads_raw/data_0_0_0.snappy.parquet,25176221,f6628fcbd246b17a8ffdcf0d2693dedf,"Fri, 24 Jul 2026 21:41:33 GMT"
s3://sales-analytics-raw-aqib-test/snowflake_backup/bronze/leads_raw/data_0_0_1.snappy.parquet,18327763,27c818d4535837112662cc0e98b8b4a7,"Fri, 24 Jul 2026 21:41:34 GMT"
s3://sales-analytics-raw-aqib-test/snowflake_backup/bronze/leads_raw/data_0_0_2.snappy.parquet,20363682,ca06b3a9b9a8ba2f3ea0768267c1daad,"Fri, 24 Jul 2026 21:41:34 GMT"
s3://sales-analytics-raw-aqib-test/snowflake_backup/bronze/leads_raw/data_0_0_3.snappy.parquet,20256350,c545888e856b91447abb890cc89bdddf,"Fri, 24 Jul 2026 21:41:34 GMT"
s3://sales-analytics-raw-aqib-test/snowflake_backup/bronze/leads_raw/data_0_0_4.snappy.parquet,20941350,8484f25fc7a1b287682d64b7d7060ce4,"Fri, 24 Jul 2026 21:41:35 GMT"
s3://sales-analytics-raw-aqib-test/snowflake_backup/bronze/leads_raw/data_0_0_5.snappy.parquet,10389917,247c6fe6de565e4c7d8f3838e8ec5adc,"Fri, 24 Jul 2026 21:41:36 GMT"
s3://sales-analytics-raw-aqib-test/snowflake_backup/bronze/leads_raw/data_0_1_0.snappy.parquet,22544631,e8cb7d51aabf112daab5349849e473aa,"Fri, 24 Jul 2026 21:41:33 GMT"
s3://sales-analytics-raw-aqib-test/snowflake_backup/bronze/leads_raw/data_0_1_1.snappy.parquet,18259950,eb07631a7f06163a22b97f1931348f0a,"Fri, 24 Jul 2026 21:41:34 GMT"
s3://sales-analytics-raw-aqib-test/snowflake_backup/bronze/leads_raw/data_0_1_2.snappy.parquet,20293044,c8fc6963798f1c54dc763e4d20520f88,"Fri, 24 Jul 2026 21:41:34 GMT"
s3://sales-analytics-raw-aqib-test/snowflake_backup/bronze/leads_raw/data_0_1_3.snappy.parquet,20248392,b0120591fc03e8b6ca689e8e314cfdd3,"Fri, 24 Jul 2026 21:41:35 GMT"
s3://sales-analytics-raw-aqib-test/snowflake_backup/bronze/leads_raw/data_0_1_4.snappy.parquet,21158804,0b8dc0f716996e3f23cb3efca0785a8e,"Fri, 24 Jul 2026 21:41:35 GMT"
s3://sales-analytics-raw-aqib-test/snowflake_backup/bronze/leads_raw/data_0_1_5.snappy.parquet,10155705,1f654d4e81efe53e147085f7cd2b641c,"Fri, 24 Jul 2026 21:41:36 GMT"
s3://sales-analytics-raw-aqib-test/snowflake_backup/bronze/leads_raw/data_0_2_0.snappy.parquet,20626615,48a76df84a48110acda32568d93918f2,"Fri, 24 Jul 2026 21:41:33 GMT"
s3://sales-analytics-raw-aqib-test/snowflake_backup/bronze/leads_raw/data_0_2_1.snappy.parquet,19085952,9c123d275ee7c05cdb8ad8c7d87ccfab,"Fri, 24 Jul 2026 21:41:33 GMT"
s3://sales-analytics-raw-aqib-test/snowflake_backup/bronze/leads_raw/data_0_2_2.snappy.parquet,19684356,f51888329b95f01e8b3e631c09f5f986,"Fri, 24 Jul 2026 21:41:34 GMT"
s3://sales-analytics-raw-aqib-test/snowflake_backup/bronze/leads_raw/data_0_2_3.snappy.parquet,21011181,31703e166695b669c1057a5e64073b47,"Fri, 24 Jul 2026 21:41:34 GMT"
s3://sales-analytics-raw-aqib-test/snowflake_backup/bronze/leads_raw/data_0_2_4.snappy.parquet,20558307,80a03d63ef1e5117a8400c5843221b28,"Fri, 24 Jul 2026 21:41:35 GMT"
s3://sales-analytics-raw-aqib-test/snowflake_backup/bronze/leads_raw/data_0_2_5.snappy.parquet,20674433,76765d1424b40740bd8217adfd89cc98,"Fri, 24 Jul 2026 21:41:35 GMT"
s3://sales-analytics-raw-aqib-test/snowflake_backup/bronze/leads_raw/data_0_3_0.snappy.parquet,20554923,2c640942e097e56b4ff4d596514c39c6,"Fri, 24 Jul 2026 21:41:33 GMT"
s3://sales-analytics-raw-aqib-test/snowflake_backup/bronze/leads_raw/data_0_3_1.snappy.parquet,24876920,1cc009facb3f4627e81acc7f5e795ff1,"Fri, 24 Jul 2026 21:41:33 GMT"
s3://sales-analytics-raw-aqib-test/snowflake_backup/bronze/leads_raw/data_0_3_2.snappy.parquet,20201347,955dc9d7327d944c0aa793c96746f811,"Fri, 24 Jul 2026 21:41:34 GMT"
s3://sales-analytics-raw-aqib-test/snowflake_backup/bronze/leads_raw/data_0_3_3.snappy.parquet,20515780,83d4b915d6c87d93f08e4e843033fbf7,"Fri, 24 Jul 2026 21:41:34 GMT"
s3://sales-analytics-raw-aqib-test/snowflake_backup/bronze/leads_raw/data_0_3_4.snappy.parquet,20526033,7b9f7e16f004deaa3a2dc80b62d635a0,"Fri, 24 Jul 2026 21:41:35 GMT"
s3://sales-analytics-raw-aqib-test/snowflake_backup/bronze/leads_raw/data_0_3_5.snappy.parquet,21011618,8f6eb009d43235cd4e7f40a4cdea2087,"Fri, 24 Jul 2026 21:41:35 GMT"
s3://sales-analytics-raw-aqib-test/snowflake_backup/bronze/leads_raw/data_0_4_0.snappy.parquet,20807985,bcbc52c58b2d780e0b06cac011292007,"Fri, 24 Jul 2026 21:41:33 GMT"
s3://sales-analytics-raw-aqib-test/snowflake_backup/bronze/leads_raw/data_0_4_1.snappy.parquet,24259725,f3ecf351cbbb4bfed88ea506b0c27ce5,"Fri, 24 Jul 2026 21:41:34 GMT"
s3://sales-analytics-raw-aqib-test/snowflake_backup/bronze/leads_raw/data_0_4_2.snappy.parquet,19755090,74c5369450fea2f23a32e994ba02a27d,"Fri, 24 Jul 2026 21:41:34 GMT"
s3://sales-analytics-raw-aqib-test/snowflake_backup/bronze/leads_raw/data_0_4_3.snappy.parquet,20749070,86666b746ba74bbfe47434cd8b9163f7,"Fri, 24 Jul 2026 21:41:35 GMT"
s3://sales-analytics-raw-aqib-test/snowflake_backup/bronze/leads_raw/data_0_4_4.snappy.parquet,20311786,083d22092b08fc4727215dae0cf4d336,"Fri, 24 Jul 2026 21:41:35 GMT"
s3://sales-analytics-raw-aqib-test/snowflake_backup/bronze/leads_raw/data_0_4_5.snappy.parquet,20949471,d30afc50548fd302fd3246225de5e886,"Fri, 24 Jul 2026 21:41:36 GMT"
s3://sales-analytics-raw-aqib-test/snowflake_backup/bronze/leads_raw/data_0_5_0.snappy.parquet,20794491,39df55f363224e60df2e15e2ab319302,"Fri, 24 Jul 2026 21:41:33 GMT"
s3://sales-analytics-raw-aqib-test/snowflake_backup/bronze/leads_raw/data_0_5_1.snappy.parquet,21705686,f7df8032cf4362975d843c8178366ee6,"Fri, 24 Jul 2026 21:41:33 GMT"
s3://sales-analytics-raw-aqib-test/snowflake_backup/bronze/leads_raw/data_0_5_2.snappy.parquet,19851055,2827ef204352b5ca2a92d138117475ee,"Fri, 24 Jul 2026 21:41:34 GMT"
s3://sales-analytics-raw-aqib-test/snowflake_backup/bronze/leads_raw/data_0_5_3.snappy.parquet,20345045,a4689ee351a0993a7f15be0666204dff,"Fri, 24 Jul 2026 21:41:35 GMT"
s3://sales-analytics-raw-aqib-test/snowflake_backup/bronze/leads_raw/data_0_5_4.snappy.parquet,20481229,72e48262dbd06bf3484027926f3eb30c,"Fri, 24 Jul 2026 21:41:35 GMT"
s3://sales-analytics-raw-aqib-test/snowflake_backup/bronze/leads_raw/data_0_5_5.snappy.parquet,21143226,910d329daf99160cebf67370b3f66470,"Fri, 24 Jul 2026 21:41:36 GMT"
s3://sales-analytics-raw-aqib-test/snowflake_backup/bronze/leads_raw/data_0_6_0.snappy.parquet,20394985,a9f7d70fe91c29cc3c000d514e8e664d,"Fri, 24 Jul 2026 21:41:33 GMT"
s3://sales-analytics-raw-aqib-test/snowflake_backup/bronze/leads_raw/data_0_6_1.snappy.parquet,25508755,c6008f4822564fa9a45d32500f7d098b,"Fri, 24 Jul 2026 21:41:33 GMT"
s3://sales-analytics-raw-aqib-test/snowflake_backup/bronze/leads_raw/data_0_6_2.snappy.parquet,19448265,f80c1ce98dba494cddd49793700308d5,"Fri, 24 Jul 2026 21:41:34 GMT"
s3://sales-analytics-raw-aqib-test/snowflake_backup/bronze/leads_raw/data_0_6_3.snappy.parquet,20444942,43cb38bfeb6f40ec6916be62afd7cc7c,"Fri, 24 Jul 2026 21:41:35 GMT"
s3://sales-analytics-raw-aqib-test/snowflake_backup/bronze/leads_raw/data_0_6_4.snappy.parquet,20187681,076a3ddeca6902de6d74c29580684df6,"Fri, 24 Jul 2026 21:41:35 GMT"
s3://sales-analytics-raw-aqib-test/snowflake_backup/bronze/leads_raw/data_0_6_5.snappy.parquet,20663223,20223857434608f337a868aed36ddc6a,"Fri, 24 Jul 2026 21:41:36 GMT"
s3://sales-analytics-raw-aqib-test/snowflake_backup/bronze/leads_raw/data_0_7_0.snappy.parquet,20518115,8a76f3abddc051f43ed44a9d6faa8fd9,"Fri, 24 Jul 2026 21:41:33 GMT"
s3://sales-analytics-raw-aqib-test/snowflake_backup/bronze/leads_raw/data_0_7_1.snappy.parquet,17407375,8535b18be80ba2d0344e7eb5f78ebb62,"Fri, 24 Jul 2026 21:41:34 GMT"
s3://sales-analytics-raw-aqib-test/snowflake_backup/bronze/leads_raw/data_0_7_2.snappy.parquet,18394680,1a19061bd5c5cf3255d41663e8042ee7,"Fri, 24 Jul 2026 21:41:34 GMT"
s3://sales-analytics-raw-aqib-test/snowflake_backup/bronze/leads_raw/data_0_7_3.snappy.parquet,20155002,12c737e7836a41f3573a9a8a6545345f,"Fri, 24 Jul 2026 21:41:35 GMT"
s3://sales-analytics-raw-aqib-test/snowflake_backup/bronze/leads_raw/data_0_7_4.snappy.parquet,20660957,e80afd6d2bdc87c3dd1aced6d27fe792,"Fri, 24 Jul 2026 21:41:35 GMT"
s3://sales-analytics-raw-aqib-test/snowflake_backup/bronze/leads_raw/data_0_7_5.snappy.parquet,20811320,b9441a28a86fe11657aaf480633dc9a0,"Fri, 24 Jul 2026 21:41:36 GMT"
s3://sales-analytics-raw-aqib-test/snowflake_backup/bronze/leads_raw/data_0_7_6.snappy.parquet,10375698,a7d70f1533774f2db529b3e14fc0624f,"Fri, 24 Jul 2026 21:41:36 GMT"
s3://sales-analytics-raw-aqib-test/snowflake_backup/gold/all_strategies_details/data_0_0_0.csv.gz,19687,e528203abe03e94242f083f72911256f,"Fri, 24 Jul 2026 21:43:19 GMT"
s3://sales-analytics-raw-aqib-test/snowflake_backup/gold/all_strategies_details/data_0_1_0.csv.gz,38064,031e8b488c2ad540c95081560ad4d794,"Fri, 24 Jul 2026 21:43:19 GMT"
s3://sales-analytics-raw-aqib-test/snowflake_backup/gold/all_strategies_details/data_0_2_0.csv.gz,29930,9c594b0bba88f6fc0b11b9d38f7d1f10,"Fri, 24 Jul 2026 21:43:19 GMT"
s3://sales-analytics-raw-aqib-test/snowflake_backup/gold/all_strategies_details/data_0_3_0.csv.gz,11102,1faaf0787c919997f66c5651b8f703fe,"Fri, 24 Jul 2026 21:43:19 GMT"
s3://sales-analytics-raw-aqib-test/snowflake_backup/gold/all_strategies_details/data_0_4_0.csv.gz,9752,58cc5bde22be76e275cb9f61c34b0cdd,"Fri, 24 Jul 2026 21:43:19 GMT"
s3://sales-analytics-raw-aqib-test/snowflake_backup/gold/all_strategies_details/data_0_5_0.csv.gz,12442,44ad626332882c6a3ae603c72c7aa841,"Fri, 24 Jul 2026 21:43:19 GMT"
s3://sales-analytics-raw-aqib-test/snowflake_backup/gold/all_strategies_details/data_0_6_0.csv.gz,27009,76274b8aa25276fee4574843fcf491e3,"Fri, 24 Jul 2026 21:43:19 GMT"
s3://sales-analytics-raw-aqib-test/snowflake_backup/gold/all_strategies_details/data_0_7_0.csv.gz,18570,4a788ae14a75b9d864c44b6b97294fca,"Fri, 24 Jul 2026 21:43:19 GMT"
s3://sales-analytics-raw-aqib-test/snowflake_backup/gold/inbound_strategies_booked/data_0_0_0.csv.gz,10763,bde77e77fffa9a58f1aa757c60954e5b,"Fri, 24 Jul 2026 21:43:20 GMT"
s3://sales-analytics-raw-aqib-test/snowflake_backup/gold/inbound_strategies_booked/data_0_1_0.csv.gz,4121,e67037e4dcb5b3b5fc5034fb70cbe7f9,"Fri, 24 Jul 2026 21:43:20 GMT"
s3://sales-analytics-raw-aqib-test/snowflake_backup/gold/inbound_strategies_booked/data_0_2_0.csv.gz,4232,a27216a87fa5c41ff9e4e0c356b0cf72,"Fri, 24 Jul 2026 21:43:20 GMT"
s3://sales-analytics-raw-aqib-test/snowflake_backup/gold/inbound_strategies_booked/data_0_3_0.csv.gz,5104,10d17e2328d648b248ad032696f81021,"Fri, 24 Jul 2026 21:43:20 GMT"
s3://sales-analytics-raw-aqib-test/snowflake_backup/gold/inbound_strategies_booked/data_0_4_0.csv.gz,5712,8274b526bc86eda8634fc6bed5ae6a02,"Fri, 24 Jul 2026 21:43:20 GMT"
s3://sales-analytics-raw-aqib-test/snowflake_backup/gold/inbound_strategies_booked/data_0_5_0.csv.gz,5276,283c914be71d7cb4aa33044789d3690e,"Fri, 24 Jul 2026 21:43:20 GMT"
s3://sales-analytics-raw-aqib-test/snowflake_backup/gold/inbound_strategies_booked/data_0_6_0.csv.gz,5681,b358d7ac98c704b57bb73d170611aa3a,"Fri, 24 Jul 2026 21:43:20 GMT"
s3://sales-analytics-raw-aqib-test/snowflake_backup/gold/inbound_strategies_booked/data_0_7_0.csv.gz,8393,c90fa891fd19ab1742b2ed8ec7c2b999,"Fri, 24 Jul 2026 21:43:20 GMT"
s3://sales-analytics-raw-aqib-test/snowflake_backup/gold/outbound_prospect_dials/data_0_0_0.csv.gz,457,7e83c83ec0965d4835aa1eb466897bcc,"Fri, 24 Jul 2026 21:43:21 GMT"
s3://sales-analytics-raw-aqib-test/snowflake_backup/gold/outbound_prospect_dials/data_0_1_0.csv.gz,277,9f9c8094cdd9c2c937bed80496b3237f,"Fri, 24 Jul 2026 21:43:21 GMT"
s3://sales-analytics-raw-aqib-test/snowflake_backup/gold/outbound_prospect_dials/data_0_2_0.csv.gz,453,71ce6336c3cc3153d5ffffc17a16f0d3,"Fri, 24 Jul 2026 21:43:21 GMT"
s3://sales-analytics-raw-aqib-test/snowflake_backup/gold/outbound_prospect_dials/data_0_3_0.csv.gz,543,d7d4eac3f72a55165e9c6125b278dbb9,"Fri, 24 Jul 2026 21:43:21 GMT"
s3://sales-analytics-raw-aqib-test/snowflake_backup/gold/outbound_prospect_dials/data_0_4_0.csv.gz,369966,fe892a11a4ad211b77d0b1b4292acd3e,"Fri, 24 Jul 2026 21:43:21 GMT"
s3://sales-analytics-raw-aqib-test/snowflake_backup/gold/outbound_prospect_dials/data_0_5_0.csv.gz,496,ba8422268a300e2c3b9e3e34d51d7bde,"Fri, 24 Jul 2026 21:43:21 GMT"
s3://sales-analytics-raw-aqib-test/snowflake_backup/gold/outbound_prospect_dials/data_0_6_0.csv.gz,369,4f19cbe5c6c7d6891fc3ae5d6376e46d,"Fri, 24 Jul 2026 21:43:21 GMT"
s3://sales-analytics-raw-aqib-test/snowflake_backup/gold/outbound_prospect_dials/data_0_7_0.csv.gz,622,9b8edc2c9ce87df20b06756062ea47e7,"Fri, 24 Jul 2026 21:43:21 GMT"
s3://sales-analytics-raw-aqib-test/snowflake_backup/gold/outbound_strategies_booked/data_0_0_0.csv.gz,82099,062d6ac8afe742450052b2fb591b68f5,"Fri, 24 Jul 2026 21:43:22 GMT"
s3://sales-analytics-raw-aqib-test/snowflake_backup/gold/sales_details/data_0_4_0.csv.gz,12271,6cb8daf8fde9443be2ca20ba0182080f,"Fri, 24 Jul 2026 21:43:23 GMT"
s3://sales-analytics-raw-aqib-test/snowflake_backup/reports/closer_report.csv.gz,1059,97c543151f46b3a482bfb63d451e3d7b,"Fri, 24 Jul 2026 21:43:41 GMT"
s3://sales-analytics-raw-aqib-test/snowflake_backup/reports/inbound_setter_report.csv.gz,3323,145f93dcc5211f54c3f6aba7d06c000d,"Fri, 24 Jul 2026 21:43:39 GMT"
s3://sales-analytics-raw-aqib-test/snowflake_backup/reports/objections_faced_report.csv.gz,8165,281f10ae57f5c97b443cc39454d2d368,"Fri, 24 Jul 2026 21:43:43 GMT"
s3://sales-analytics-raw-aqib-test/snowflake_backup/reports/outbound_setter_report.csv.gz,4384,6d0aecd24d1d1a6c45f1bcc292d9b574,"Fri, 24 Jul 2026 21:43:40 GMT"
s3://sales-analytics-raw-aqib-test/snowflake_backup/silver/close_crm_users_processed/data_0_0_0.snappy.parquet,15247,a345605e5a8e1d734e7410b54480ada6,"Fri, 24 Jul 2026 21:42:23 GMT"
s3://sales-analytics-raw-aqib-test/snowflake_backup/silver/custom_activities/data_0_0_0.snappy.parquet,3978,f6dbabbdb1745c56ce16a76383acafc7,"Fri, 24 Jul 2026 21:42:24 GMT"
s3://sales-analytics-raw-aqib-test/snowflake_backup/silver/custom_activities_all_leads_details/data_0_0_0.snappy.parquet,6541074,250813703d0b7e326772068333e3341a,"Fri, 24 Jul 2026 21:42:25 GMT"
s3://sales-analytics-raw-aqib-test/snowflake_backup/silver/custom_activities_transient/data_0_0_0.snappy.parquet,292218,bd73cd6794ec87e252e169eaaf631dd3,"Fri, 24 Jul 2026 21:42:27 GMT"
s3://sales-analytics-raw-aqib-test/snowflake_backup/silver/lead_activities_email/data_0_0_0.snappy.parquet,21657138,9eb932a44a7f2de64e377d481b6dda15,"Fri, 24 Jul 2026 21:42:34 GMT"
s3://sales-analytics-raw-aqib-test/snowflake_backup/silver/lead_activities_email/data_0_0_1.snappy.parquet,4430520,ad48b224acaf405a11619d227e10bb51,"Fri, 24 Jul 2026 21:42:34 GMT"
s3://sales-analytics-raw-aqib-test/snowflake_backup/silver/lead_activities_email/data_0_1_0.snappy.parquet,19349435,c58743e2e038f0923503205ecfda4d37,"Fri, 24 Jul 2026 21:42:34 GMT"
s3://sales-analytics-raw-aqib-test/snowflake_backup/silver/lead_activities_email/data_0_1_1.snappy.parquet,1987686,dc1e6e681d18bfc6a1cbdad871a59736,"Fri, 24 Jul 2026 21:42:34 GMT"
s3://sales-analytics-raw-aqib-test/snowflake_backup/silver/lead_activities_email/data_0_2_0.snappy.parquet,19609972,878da41b0d9af3348669eb530f1ce90f,"Fri, 24 Jul 2026 21:42:34 GMT"
s3://sales-analytics-raw-aqib-test/snowflake_backup/silver/lead_activities_email/data_0_2_1.snappy.parquet,4443578,13cd66cee2218762c6e277b754e55a79,"Fri, 24 Jul 2026 21:42:34 GMT"
s3://sales-analytics-raw-aqib-test/snowflake_backup/silver/lead_activities_email/data_0_3_0.snappy.parquet,21686030,d2b6440f9500e1ff760a89f70a766b5a,"Fri, 24 Jul 2026 21:42:34 GMT"
s3://sales-analytics-raw-aqib-test/snowflake_backup/silver/lead_activities_email/data_0_3_1.snappy.parquet,2013180,5993f01a11bf70beb4eb27c775a62ccb,"Fri, 24 Jul 2026 21:42:34 GMT"
s3://sales-analytics-raw-aqib-test/snowflake_backup/silver/lead_activities_email/data_0_4_0.snappy.parquet,21687323,753259c120b10ea04d684928beced2c9,"Fri, 24 Jul 2026 21:42:34 GMT"
s3://sales-analytics-raw-aqib-test/snowflake_backup/silver/lead_activities_email/data_0_4_1.snappy.parquet,4406070,8acc5257f8472f74116356412ca123e9,"Fri, 24 Jul 2026 21:42:34 GMT"
s3://sales-analytics-raw-aqib-test/snowflake_backup/silver/lead_activities_email/data_0_5_0.snappy.parquet,19653753,94e34c69930371e72e108549fdd03db0,"Fri, 24 Jul 2026 21:42:34 GMT"
s3://sales-analytics-raw-aqib-test/snowflake_backup/silver/lead_activities_email/data_0_5_1.snappy.parquet,4399977,6aa99cbe1136a10bb24b91316fd28321,"Fri, 24 Jul 2026 21:42:34 GMT"
s3://sales-analytics-raw-aqib-test/snowflake_backup/silver/lead_activities_email/data_0_6_0.snappy.parquet,19493951,275cff045f7cfeefb8eda844fad8db05,"Fri, 24 Jul 2026 21:42:34 GMT"
s3://sales-analytics-raw-aqib-test/snowflake_backup/silver/lead_activities_email/data_0_6_1.snappy.parquet,1985033,b2a8da3456b23a90b424f221ccdfca26,"Fri, 24 Jul 2026 21:42:34 GMT"
s3://sales-analytics-raw-aqib-test/snowflake_backup/silver/lead_activities_email/data_0_7_0.snappy.parquet,21706635,aa53948481cea8ceb8dd6d6d5347762c,"Fri, 24 Jul 2026 21:42:34 GMT"
s3://sales-analytics-raw-aqib-test/snowflake_backup/silver/lead_activities_email/data_0_7_1.snappy.parquet,1879489,6d1a8a153ea96bd55f4a8948da28b524,"Fri, 24 Jul 2026 21:42:34 GMT"
s3://sales-analytics-raw-aqib-test/snowflake_backup/silver/lead_activities_processed/data_0_0_0.snappy.parquet,13148180,3ebb8799b7b989038ffd6877a7bca8b0,"Fri, 24 Jul 2026 21:42:36 GMT"
s3://sales-analytics-raw-aqib-test/snowflake_backup/silver/lead_activities_processed/data_0_1_0.snappy.parquet,16048512,673d3cd9ff40178dabbb5733ec2bd847,"Fri, 24 Jul 2026 21:42:36 GMT"
s3://sales-analytics-raw-aqib-test/snowflake_backup/silver/lead_activities_processed/data_0_2_0.snappy.parquet,18099370,8b7b4025c9ada9b133c5fd5dc045839f,"Fri, 24 Jul 2026 21:42:36 GMT"
s3://sales-analytics-raw-aqib-test/snowflake_backup/silver/lead_activities_processed/data_0_2_1.snappy.parquet,1565056,69d03dbf57be6ca918bc6dc2d830ed84,"Fri, 24 Jul 2026 21:42:36 GMT"
s3://sales-analytics-raw-aqib-test/snowflake_backup/silver/lead_activities_processed/data_0_3_0.snappy.parquet,13141762,4bc4eacd5af09cfcce149dfbd71e08d8,"Fri, 24 Jul 2026 21:42:36 GMT"
s3://sales-analytics-raw-aqib-test/snowflake_backup/silver/lead_activities_processed/data_0_4_0.snappy.parquet,13119752,f2bfd7765b90c6bf497c72a863281fe1,"Fri, 24 Jul 2026 21:42:36 GMT"
s3://sales-analytics-raw-aqib-test/snowflake_backup/silver/lead_activities_processed/data_0_5_0.snappy.parquet,16572330,0c1f577c1e40b30957e7e5304d5e7a84,"Fri, 24 Jul 2026 21:42:36 GMT"
s3://sales-analytics-raw-aqib-test/snowflake_backup/silver/lead_activities_processed/data_0_6_0.snappy.parquet,18080197,6c16f969317416ec94926f0bcbae5bc6,"Fri, 24 Jul 2026 21:42:36 GMT"
s3://sales-analytics-raw-aqib-test/snowflake_backup/silver/lead_activities_processed/data_0_6_1.snappy.parquet,1564589,25731e236fd6a5c457f6aefa984da47a,"Fri, 24 Jul 2026 21:42:36 GMT"
s3://sales-analytics-raw-aqib-test/snowflake_backup/silver/lead_activities_processed/data_0_7_0.snappy.parquet,18140920,6674f36a74bef590821f006385bb2329,"Fri, 24 Jul 2026 21:42:36 GMT"
s3://sales-analytics-raw-aqib-test/snowflake_backup/silver/lead_activities_processed/data_0_7_1.snappy.parquet,1563586,39bbb0f96ba49cf68aacd85cfb43e8f0,"Fri, 24 Jul 2026 21:42:36 GMT"
s3://sales-analytics-raw-aqib-test/snowflake_backup/silver/lead_activities_processed_transient/data_0_0_0.snappy.parquet,17207753,1706c9970119971723b20e2b9d2f174a,"Fri, 24 Jul 2026 21:42:39 GMT"
s3://sales-analytics-raw-aqib-test/snowflake_backup/silver/lead_activities_processed_transient/data_0_0_1.snappy.parquet,18882306,def6fd21b05d499bdfa0183d83bb198d,"Fri, 24 Jul 2026 21:42:39 GMT"
s3://sales-analytics-raw-aqib-test/snowflake_backup/silver/lead_activities_processed_transient/data_0_0_10.snappy.parquet,19212812,0a4a7254ee71431b1c5d51e995734eee,"Fri, 24 Jul 2026 21:42:46 GMT"
s3://sales-analytics-raw-aqib-test/snowflake_backup/silver/lead_activities_processed_transient/data_0_0_11.snappy.parquet,17776932,d3f7f550e92997744596a64d9411d36f,"Fri, 24 Jul 2026 21:42:46 GMT"
s3://sales-analytics-raw-aqib-test/snowflake_backup/silver/lead_activities_processed_transient/data_0_0_12.snappy.parquet,18500931,06dadcda2dd8fb275e2f6e1800c77825,"Fri, 24 Jul 2026 21:42:47 GMT"
s3://sales-analytics-raw-aqib-test/snowflake_backup/silver/lead_activities_processed_transient/data_0_0_13.snappy.parquet,18463433,d0bf0ca92ca8500c5f77095c8822ff2c,"Fri, 24 Jul 2026 21:42:47 GMT"
s3://sales-analytics-raw-aqib-test/snowflake_backup/silver/lead_activities_processed_transient/data_0_0_14.snappy.parquet,18777089,22a2a902ed685e3d379214e6e132d092,"Fri, 24 Jul 2026 21:42:48 GMT"
s3://sales-analytics-raw-aqib-test/snowflake_backup/silver/lead_activities_processed_transient/data_0_0_15.snappy.parquet,18547558,d2dbb86c4f873e347912d3a5d5a89bfc,"Fri, 24 Jul 2026 21:42:49 GMT"
s3://sales-analytics-raw-aqib-test/snowflake_backup/silver/lead_activities_processed_transient/data_0_0_16.snappy.parquet,18387791,a1f7d3570a5b036c5c42c9bf0d80d4e1,"Fri, 24 Jul 2026 21:42:50 GMT"
s3://sales-analytics-raw-aqib-test/snowflake_backup/silver/lead_activities_processed_transient/data_0_0_17.snappy.parquet,17384614,94ab709aac93fa5ff0ddf3f9c70e580b,"Fri, 24 Jul 2026 21:42:50 GMT"
s3://sales-analytics-raw-aqib-test/snowflake_backup/silver/lead_activities_processed_transient/data_0_0_18.snappy.parquet,18559739,4a6ba2fcd755e5c3607ba5c9ca7c5721,"Fri, 24 Jul 2026 21:42:51 GMT"
s3://sales-analytics-raw-aqib-test/snowflake_backup/silver/lead_activities_processed_transient/data_0_0_19.snappy.parquet,18537541,2ba61b8a23cae1a517dbb7efab26f688,"Fri, 24 Jul 2026 21:42:52 GMT"
s3://sales-analytics-raw-aqib-test/snowflake_backup/silver/lead_activities_processed_transient/data_0_0_2.snappy.parquet,18649019,4db638a18397ee2561cba91a1f8fcb56,"Fri, 24 Jul 2026 21:42:40 GMT"
s3://sales-analytics-raw-aqib-test/snowflake_backup/silver/lead_activities_processed_transient/data_0_0_20.snappy.parquet,17221346,3810306d9ca1a7a3ce0b4724fe95e671,"Fri, 24 Jul 2026 21:42:52 GMT"
s3://sales-analytics-raw-aqib-test/snowflake_backup/silver/lead_activities_processed_transient/data_0_0_21.snappy.parquet,18891573,0ffb59861776506c1ca5a1de72834711,"Fri, 24 Jul 2026 21:42:53 GMT"
s3://sales-analytics-raw-aqib-test/snowflake_backup/silver/lead_activities_processed_transient/data_0_0_22.snappy.parquet,18764295,a0b5c6042833d9f94d0d67ab157b4a2c,"Fri, 24 Jul 2026 21:42:54 GMT"
s3://sales-analytics-raw-aqib-test/snowflake_backup/silver/lead_activities_processed_transient/data_0_0_23.snappy.parquet,18521640,44234830d22c2c8c4eed126e8e6f8a54,"Fri, 24 Jul 2026 21:42:55 GMT"
s3://sales-analytics-raw-aqib-test/snowflake_backup/silver/lead_activities_processed_transient/data_0_0_24.snappy.parquet,4134093,abe139156ffdfc3f4f5a1b77d162d822,"Fri, 24 Jul 2026 21:42:58 GMT"
s3://sales-analytics-raw-aqib-test/snowflake_backup/silver/lead_activities_processed_transient/data_0_0_3.snappy.parquet,18308799,e0a1040adf01e813ff59088be75b531a,"Fri, 24 Jul 2026 21:42:41 GMT"
s3://sales-analytics-raw-aqib-test/snowflake_backup/silver/lead_activities_processed_transient/data_0_0_4.snappy.parquet,18759676,2fab0ea65a988050b3261c8fe918e278,"Fri, 24 Jul 2026 21:42:41 GMT"
s3://sales-analytics-raw-aqib-test/snowflake_backup/silver/lead_activities_processed_transient/data_0_0_5.snappy.parquet,17116625,d05c6260db139991fb15420197497844,"Fri, 24 Jul 2026 21:42:42 GMT"
s3://sales-analytics-raw-aqib-test/snowflake_backup/silver/lead_activities_processed_transient/data_0_0_6.snappy.parquet,17412696,04cf2d7fa164bc5d7da51ff6c57d0530,"Fri, 24 Jul 2026 21:42:43 GMT"
s3://sales-analytics-raw-aqib-test/snowflake_backup/silver/lead_activities_processed_transient/data_0_0_7.snappy.parquet,16959602,6652311ef8ebe35dc9ae31f06233761f,"Fri, 24 Jul 2026 21:42:43 GMT"
s3://sales-analytics-raw-aqib-test/snowflake_backup/silver/lead_activities_processed_transient/data_0_0_8.snappy.parquet,18236040,f8929ebf3b046207a51119b698a2fb52,"Fri, 24 Jul 2026 21:42:44 GMT"
s3://sales-analytics-raw-aqib-test/snowflake_backup/silver/lead_activities_processed_transient/data_0_0_9.snappy.parquet,17632873,7a22214c8b02763fae25d5323e118853,"Fri, 24 Jul 2026 21:42:45 GMT"
s3://sales-analytics-raw-aqib-test/snowflake_backup/silver/lead_activities_processed_transient/data_0_1_0.snappy.parquet,18597897,7cee7eb8f1f03c143f34469a535e3942,"Fri, 24 Jul 2026 21:42:39 GMT"
s3://sales-analytics-raw-aqib-test/snowflake_backup/silver/lead_activities_processed_transient/data_0_1_1.snappy.parquet,18870984,896d01733783733b8d239d8465ff4d8e,"Fri, 24 Jul 2026 21:42:39 GMT"
s3://sales-analytics-raw-aqib-test/snowflake_backup/silver/lead_activities_processed_transient/data_0_1_10.snappy.parquet,18528857,c0b1c44e2f5cdc2b4169a42dfa92fece,"Fri, 24 Jul 2026 21:42:46 GMT"
s3://sales-analytics-raw-aqib-test/snowflake_backup/silver/lead_activities_processed_transient/data_0_1_11.snappy.parquet,17242413,fc3931689ef99219fe1641fac380e6a0,"Fri, 24 Jul 2026 21:42:46 GMT"
s3://sales-analytics-raw-aqib-test/snowflake_backup/silver/lead_activities_processed_transient/data_0_1_12.snappy.parquet,18186341,269fefd8e17e358c75c165fb6253517e,"Fri, 24 Jul 2026 21:42:47 GMT"
s3://sales-analytics-raw-aqib-test/snowflake_backup/silver/lead_activities_processed_transient/data_0_1_13.snappy.parquet,18480735,08c1ee3768e428aa24fd5018a971723b,"Fri, 24 Jul 2026 21:42:48 GMT"
s3://sales-analytics-raw-aqib-test/snowflake_backup/silver/lead_activities_processed_transient/data_0_1_14.snappy.parquet,18757886,f2f94bb367587d97bc0562d0be604704,"Fri, 24 Jul 2026 21:42:48 GMT"
s3://sales-analytics-raw-aqib-test/snowflake_backup/silver/lead_activities_processed_transient/data_0_1_15.snappy.parquet,18317271,0d41815da79c43356c1da59a02d08d89,"Fri, 24 Jul 2026 21:42:49 GMT"
s3://sales-analytics-raw-aqib-test/snowflake_backup/silver/lead_activities_processed_transient/data_0_1_16.snappy.parquet,16970388,115eb79594fdca5267f2d4d24785b3bc,"Fri, 24 Jul 2026 21:42:50 GMT"
s3://sales-analytics-raw-aqib-test/snowflake_backup/silver/lead_activities_processed_transient/data_0_1_17.snappy.parquet,19426545,68c74a83427b54b7d2b56499fc51c532,"Fri, 24 Jul 2026 21:42:51 GMT"
s3://sales-analytics-raw-aqib-test/snowflake_backup/silver/lead_activities_processed_transient/data_0_1_18.snappy.parquet,17957265,0120646b1b449e119f5631d5820d15ea,"Fri, 24 Jul 2026 21:42:51 GMT"
s3://sales-analytics-raw-aqib-test/snowflake_backup/silver/lead_activities_processed_transient/data_0_1_19.snappy.parquet,18426644,936615fd9a4b7fca18bf9f138a467d18,"Fri, 24 Jul 2026 21:42:52 GMT"
s3://sales-analytics-raw-aqib-test/snowflake_backup/silver/lead_activities_processed_transient/data_0_1_2.snappy.parquet,18744088,24bc0abb35ea3bb59f28bc3825237371,"Fri, 24 Jul 2026 21:42:40 GMT"
s3://sales-analytics-raw-aqib-test/snowflake_backup/silver/lead_activities_processed_transient/data_0_1_20.snappy.parquet,18790596,c75427e0d85e32963fb0eab0fc198a88,"Fri, 24 Jul 2026 21:42:53 GMT"
s3://sales-analytics-raw-aqib-test/snowflake_backup/silver/lead_activities_processed_transient/data_0_1_21.snappy.parquet,18673179,e2b0f40b0d84230bf935fe9805bb7330,"Fri, 24 Jul 2026 21:42:53 GMT"
s3://sales-analytics-raw-aqib-test/snowflake_backup/silver/lead_activities_processed_transient/data_0_1_22.snappy.parquet,18800471,98008310427a012bc224d5b956163c0a,"Fri, 24 Jul 2026 21:42:54 GMT"
s3://sales-analytics-raw-aqib-test/snowflake_backup/silver/lead_activities_processed_transient/data_0_1_23.snappy.parquet,18548766,5d257fc9222d081e8378e2c0be19913e,"Fri, 24 Jul 2026 21:42:55 GMT"
s3://sales-analytics-raw-aqib-test/snowflake_backup/silver/lead_activities_processed_transient/data_0_1_24.snappy.parquet,18199793,9bb8cd89a63eb0a9ca7e7fb1ffa4014e,"Fri, 24 Jul 2026 21:42:56 GMT"
s3://sales-analytics-raw-aqib-test/snowflake_backup/silver/lead_activities_processed_transient/data_0_1_25.snappy.parquet,10607180,200d7d9e040b6daef016afd3afa4d995,"Fri, 24 Jul 2026 21:42:58 GMT"
s3://sales-analytics-raw-aqib-test/snowflake_backup/silver/lead_activities_processed_transient/data_0_1_3.snappy.parquet,16952708,5ee4b51f32be6fc98be3e8b5c764db5b,"Fri, 24 Jul 2026 21:42:41 GMT"
s3://sales-analytics-raw-aqib-test/snowflake_backup/silver/lead_activities_processed_transient/data_0_1_4.snappy.parquet,16963592,35f22f2b2619ddf7b7a2bde3dbde2ba1,"Fri, 24 Jul 2026 21:42:41 GMT"
s3://sales-analytics-raw-aqib-test/snowflake_backup/silver/lead_activities_processed_transient/data_0_1_5.snappy.parquet,19168182,140a5b79865e20b1b7922811daf7c16b,"Fri, 24 Jul 2026 21:42:42 GMT"
s3://sales-analytics-raw-aqib-test/snowflake_backup/silver/lead_activities_processed_transient/data_0_1_6.snappy.parquet,18520589,3c7a6c0c9eaae1f4d629bbbdb251cfb2,"Fri, 24 Jul 2026 21:42:43 GMT"
s3://sales-analytics-raw-aqib-test/snowflake_backup/silver/lead_activities_processed_transient/data_0_1_7.snappy.parquet,18602529,53931fdfa9ddb4b46959f1e71d4424c1,"Fri, 24 Jul 2026 21:42:44 GMT"
s3://sales-analytics-raw-aqib-test/snowflake_backup/silver/lead_activities_processed_transient/data_0_1_8.snappy.parquet,18803282,ad58f26c561bb043d16062f38b559d84,"Fri, 24 Jul 2026 21:42:44 GMT"
s3://sales-analytics-raw-aqib-test/snowflake_backup/silver/lead_activities_processed_transient/data_0_1_9.snappy.parquet,16986975,18b1dbb3f95eed90d0d1464d7c869d0e,"Fri, 24 Jul 2026 21:42:45 GMT"
s3://sales-analytics-raw-aqib-test/snowflake_backup/silver/lead_activities_processed_transient/data_0_2_0.snappy.parquet,16819302,9d66edcaa65f5997b0259c71500a3f26,"Fri, 24 Jul 2026 21:42:39 GMT"
s3://sales-analytics-raw-aqib-test/snowflake_backup/silver/lead_activities_processed_transient/data_0_2_1.snappy.parquet,17129914,3514e50e8cb61e83b09b324036047318,"Fri, 24 Jul 2026 21:42:39 GMT"
s3://sales-analytics-raw-aqib-test/snowflake_backup/silver/lead_activities_processed_transient/data_0_2_10.snappy.parquet,18596751,16bb7c8c48c1697565f76cbef388754e,"Fri, 24 Jul 2026 21:42:45 GMT"
s3://sales-analytics-raw-aqib-test/snowflake_backup/silver/lead_activities_processed_transient/data_0_2_11.snappy.parquet,17168732,8c6327049b67fcca31f04c1184559565,"Fri, 24 Jul 2026 21:42:46 GMT"
s3://sales-analytics-raw-aqib-test/snowflake_backup/silver/lead_activities_processed_transient/data_0_2_12.snappy.parquet,18822075,dc89d5acdcc389bfb904faf6b6f2a70f,"Fri, 24 Jul 2026 21:42:47 GMT"
s3://sales-analytics-raw-aqib-test/snowflake_backup/silver/lead_activities_processed_transient/data_0_2_13.snappy.parquet,18784185,c76052e652b7a8218021b975ee38d1de,"Fri, 24 Jul 2026 21:42:47 GMT"
s3://sales-analytics-raw-aqib-test/snowflake_backup/silver/lead_activities_processed_transient/data_0_2_14.snappy.parquet,16882856,7ab246312a65786375e69cb18f785d83,"Fri, 24 Jul 2026 21:42:48 GMT"
s3://sales-analytics-raw-aqib-test/snowflake_backup/silver/lead_activities_processed_transient/data_0_2_15.snappy.parquet,17263570,6f393d23e5ec2f2ee1f8a433342ab6c6,"Fri, 24 Jul 2026 21:42:49 GMT"
s3://sales-analytics-raw-aqib-test/snowflake_backup/silver/lead_activities_processed_transient/data_0_2_16.snappy.parquet,18395337,6f0783b01fb5a4bc3181e04ff16714a4,"Fri, 24 Jul 2026 21:42:49 GMT"
s3://sales-analytics-raw-aqib-test/snowflake_backup/silver/lead_activities_processed_transient/data_0_2_17.snappy.parquet,17040843,a48e7cd56096af252a7948de492980d4,"Fri, 24 Jul 2026 21:42:50 GMT"
s3://sales-analytics-raw-aqib-test/snowflake_backup/silver/lead_activities_processed_transient/data_0_2_18.snappy.parquet,18509809,016b305421bb9308b0078d4e393ecad7,"Fri, 24 Jul 2026 21:42:51 GMT"
s3://sales-analytics-raw-aqib-test/snowflake_backup/silver/lead_activities_processed_transient/data_0_2_19.snappy.parquet,18638015,dfd73b869918563fab3158d174b13026,"Fri, 24 Jul 2026 21:42:52 GMT"
s3://sales-analytics-raw-aqib-test/snowflake_backup/silver/lead_activities_processed_transient/data_0_2_2.snappy.parquet,18224704,f42b2cf9f3ff89664546b3569d2a3d96,"Fri, 24 Jul 2026 21:42:40 GMT"
s3://sales-analytics-raw-aqib-test/snowflake_backup/silver/lead_activities_processed_transient/data_0_2_20.snappy.parquet,18649533,efff1a0b028f9fff7a4bab1bcae059b2,"Fri, 24 Jul 2026 21:42:52 GMT"
s3://sales-analytics-raw-aqib-test/snowflake_backup/silver/lead_activities_processed_transient/data_0_2_21.snappy.parquet,18336875,fa18621f364abb59f5b0335c0548c5f3,"Fri, 24 Jul 2026 21:42:53 GMT"
s3://sales-analytics-raw-aqib-test/snowflake_backup/silver/lead_activities_processed_transient/data_0_2_22.snappy.parquet,16936077,a8f801ef6e49eb08f8e0a1fa5c1ed61b,"Fri, 24 Jul 2026 21:42:54 GMT"
s3://sales-analytics-raw-aqib-test/snowflake_backup/silver/lead_activities_processed_transient/data_0_2_23.snappy.parquet,18383779,1181d48983d0fbf04dd34281be7719cb,"Fri, 24 Jul 2026 21:42:54 GMT"
s3://sales-analytics-raw-aqib-test/snowflake_backup/silver/lead_activities_processed_transient/data_0_2_24.snappy.parquet,8204084,e7ec9e959a04404573ba86c981a74ce4,"Fri, 24 Jul 2026 21:42:58 GMT"
s3://sales-analytics-raw-aqib-test/snowflake_backup/silver/lead_activities_processed_transient/data_0_2_3.snappy.parquet,16909175,2b5e05feb5494f6d78ebfe2d0cde4daa,"Fri, 24 Jul 2026 21:42:41 GMT"
s3://sales-analytics-raw-aqib-test/snowflake_backup/silver/lead_activities_processed_transient/data_0_2_4.snappy.parquet,18606149,691f071ab7c56a0b9c53356d32452796,"Fri, 24 Jul 2026 21:42:41 GMT"
s3://sales-analytics-raw-aqib-test/snowflake_backup/silver/lead_activities_processed_transient/data_0_2_5.snappy.parquet,18509634,af7d9b52b19065b982acbd42e064998f,"Fri, 24 Jul 2026 21:42:42 GMT"
s3://sales-analytics-raw-aqib-test/snowflake_backup/silver/lead_activities_processed_transient/data_0_2_6.snappy.parquet,18740489,5388e168da7b8334db2b940ed2505ea0,"Fri, 24 Jul 2026 21:42:43 GMT"
s3://sales-analytics-raw-aqib-test/snowflake_backup/silver/lead_activities_processed_transient/data_0_2_7.snappy.parquet,18807824,84b44d81f28ea647db3c96fe4e609b5c,"Fri, 24 Jul 2026 21:42:44 GMT"
s3://sales-analytics-raw-aqib-test/snowflake_backup/silver/lead_activities_processed_transient/data_0_2_8.snappy.parquet,17136869,a45c7c0091a7835a0ed0a58b6c074540,"Fri, 24 Jul 2026 21:42:44 GMT"
s3://sales-analytics-raw-aqib-test/snowflake_backup/silver/lead_activities_processed_transient/data_0_2_9.snappy.parquet,17186165,3848eb8a6a437ae70ab861f18a8a6569,"Fri, 24 Jul 2026 21:42:45 GMT"
s3://sales-analytics-raw-aqib-test/snowflake_backup/silver/lead_activities_processed_transient/data_0_3_0.snappy.parquet,18306383,e8aa6b8f6d5be214795aac7cb1ea30f9,"Fri, 24 Jul 2026 21:42:39 GMT"
s3://sales-analytics-raw-aqib-test/snowflake_backup/silver/lead_activities_processed_transient/data_0_3_1.snappy.parquet,18811401,0661914addd2be23333140395fb3ecae,"Fri, 24 Jul 2026 21:42:39 GMT"
s3://sales-analytics-raw-aqib-test/snowflake_backup/silver/lead_activities_processed_transient/data_0_3_10.snappy.parquet,18534407,29ea1bba73fdbb67905db86f9ab00aec,"Fri, 24 Jul 2026 21:42:45 GMT"
s3://sales-analytics-raw-aqib-test/snowflake_backup/silver/lead_activities_processed_transient/data_0_3_11.snappy.parquet,18176565,ddbf531e44db01612a88368a2f419d27,"Fri, 24 Jul 2026 21:42:46 GMT"
s3://sales-analytics-raw-aqib-test/snowflake_backup/silver/lead_activities_processed_transient/data_0_3_12.snappy.parquet,16925416,c1ba46470ea666a150fdc961245879e8,"Fri, 24 Jul 2026 21:42:47 GMT"
s3://sales-analytics-raw-aqib-test/snowflake_backup/silver/lead_activities_processed_transient/data_0_3_13.snappy.parquet,18439831,cce698342d1fa8390827f03b6fd97d2a,"Fri, 24 Jul 2026 21:42:47 GMT"
s3://sales-analytics-raw-aqib-test/snowflake_backup/silver/lead_activities_processed_transient/data_0_3_14.snappy.parquet,18521611,5d21ce776ac007786c41324f01808c18,"Fri, 24 Jul 2026 21:42:48 GMT"
s3://sales-analytics-raw-aqib-test/snowflake_backup/silver/lead_activities_processed_transient/data_0_3_15.snappy.parquet,18422909,6955bbe64a65293ae66ec937fe2c1925,"Fri, 24 Jul 2026 21:42:49 GMT"
s3://sales-analytics-raw-aqib-test/snowflake_backup/silver/lead_activities_processed_transient/data_0_3_16.snappy.parquet,18550656,f6d3dc257c73e0ee1a37aa5d6e3e420e,"Fri, 24 Jul 2026 21:42:50 GMT"
s3://sales-analytics-raw-aqib-test/snowflake_backup/silver/lead_activities_processed_transient/data_0_3_17.snappy.parquet,18538096,2a32e9f78d0a553dd6b3d12101e7835d,"Fri, 24 Jul 2026 21:42:50 GMT"
s3://sales-analytics-raw-aqib-test/snowflake_backup/silver/lead_activities_processed_transient/data_0_3_18.snappy.parquet,18814519,a9354b370f08c721cd867af5ab5214cd,"Fri, 24 Jul 2026 21:42:51 GMT"
s3://sales-analytics-raw-aqib-test/snowflake_backup/silver/lead_activities_processed_transient/data_0_3_19.snappy.parquet,18994258,7c141d74f6590b7e48ab510b70e72a02,"Fri, 24 Jul 2026 21:42:52 GMT"
s3://sales-analytics-raw-aqib-test/snowflake_backup/silver/lead_activities_processed_transient/data_0_3_2.snappy.parquet,17095010,ed6d08e0613ed8bdfe2a15cac8fe426f,"Fri, 24 Jul 2026 21:42:40 GMT"
s3://sales-analytics-raw-aqib-test/snowflake_backup/silver/lead_activities_processed_transient/data_0_3_20.snappy.parquet,17173633,5535df31c9cc1212cf1a8a8fc4c45a7e,"Fri, 24 Jul 2026 21:42:53 GMT"
s3://sales-analytics-raw-aqib-test/snowflake_backup/silver/lead_activities_processed_transient/data_0_3_21.snappy.parquet,17835367,5248732804cc2c02afd7b0745644dd74,"Fri, 24 Jul 2026 21:42:53 GMT"
s3://sales-analytics-raw-aqib-test/snowflake_backup/silver/lead_activities_processed_transient/data_0_3_22.snappy.parquet,18245538,60a80d8ea7de423c4d22a3e60732b63e,"Fri, 24 Jul 2026 21:42:54 GMT"
s3://sales-analytics-raw-aqib-test/snowflake_backup/silver/lead_activities_processed_transient/data_0_3_23.snappy.parquet,18552638,15855fd002c0726545e20f5734951123,"Fri, 24 Jul 2026 21:42:55 GMT"
s3://sales-analytics-raw-aqib-test/snowflake_backup/silver/lead_activities_processed_transient/data_0_3_24.snappy.parquet,3842618,58fa3ffc19627b901ad72ab56bb164b6,"Fri, 24 Jul 2026 21:42:58 GMT"
s3://sales-analytics-raw-aqib-test/snowflake_backup/silver/lead_activities_processed_transient/data_0_3_3.snappy.parquet,18486624,2acab0c2e83d4217f25538abfac97fdd,"Fri, 24 Jul 2026 21:42:41 GMT"
s3://sales-analytics-raw-aqib-test/snowflake_backup/silver/lead_activities_processed_transient/data_0_3_4.snappy.parquet,18943028,5c164788d164c415ef49f2064543c50f,"Fri, 24 Jul 2026 21:42:41 GMT"
s3://sales-analytics-raw-aqib-test/snowflake_backup/silver/lead_activities_processed_transient/data_0_3_5.snappy.parquet,16819146,4878d856ea074c15fd75729d1005ac6c,"Fri, 24 Jul 2026 21:42:42 GMT"
s3://sales-analytics-raw-aqib-test/snowflake_backup/silver/lead_activities_processed_transient/data_0_3_6.snappy.parquet,16862702,92785eb9263c57b71869e19c8acb4497,"Fri, 24 Jul 2026 21:42:43 GMT"
s3://sales-analytics-raw-aqib-test/snowflake_backup/silver/lead_activities_processed_transient/data_0_3_7.snappy.parquet,17211462,428cb1f73ed1d1e28bfba2239abd0885,"Fri, 24 Jul 2026 21:42:43 GMT"
s3://sales-analytics-raw-aqib-test/snowflake_backup/silver/lead_activities_processed_transient/data_0_3_8.snappy.parquet,18739053,1f3dec1d863ae7a048dbe804eef1b14f,"Fri, 24 Jul 2026 21:42:44 GMT"
s3://sales-analytics-raw-aqib-test/snowflake_backup/silver/lead_activities_processed_transient/data_0_3_9.snappy.parquet,16957071,98b7392c378fc56e86cb0aa39df3e476,"Fri, 24 Jul 2026 21:42:45 GMT"
s3://sales-analytics-raw-aqib-test/snowflake_backup/silver/lead_activities_processed_transient/data_0_4_0.snappy.parquet,16976548,ed53c3d0d6e96e8b4435dbc2a0ac5e43,"Fri, 24 Jul 2026 21:42:39 GMT"
s3://sales-analytics-raw-aqib-test/snowflake_backup/silver/lead_activities_processed_transient/data_0_4_1.snappy.parquet,18697619,622752a668332345e1a4626f0899b332,"Fri, 24 Jul 2026 21:42:39 GMT"
s3://sales-analytics-raw-aqib-test/snowflake_backup/silver/lead_activities_processed_transient/data_0_4_10.snappy.parquet,18628403,7dd769d95efdf63307cf44492d14ad63,"Fri, 24 Jul 2026 21:42:46 GMT"
s3://sales-analytics-raw-aqib-test/snowflake_backup/silver/lead_activities_processed_transient/data_0_4_11.snappy.parquet,17111139,a859245498f536ffed564f146e571407,"Fri, 24 Jul 2026 21:42:46 GMT"
s3://sales-analytics-raw-aqib-test/snowflake_backup/silver/lead_activities_processed_transient/data_0_4_12.snappy.parquet,18547043,0bdbac1c9263e0019f7b5e5ebc7fcebc,"Fri, 24 Jul 2026 21:42:47 GMT"
s3://sales-analytics-raw-aqib-test/snowflake_backup/silver/lead_activities_processed_transient/data_0_4_13.snappy.parquet,17199812,bf51d611665515fbb531d4618ad70473,"Fri, 24 Jul 2026 21:42:48 GMT"
s3://sales-analytics-raw-aqib-test/snowflake_backup/silver/lead_activities_processed_transient/data_0_4_14.snappy.parquet,19308083,b52869524dbea1a1b0e5948d7044eff8,"Fri, 24 Jul 2026 21:42:48 GMT"
s3://sales-analytics-raw-aqib-test/snowflake_backup/silver/lead_activities_processed_transient/data_0_4_15.snappy.parquet,18585395,d5f657dbf457b6afd8357c91ab502312,"Fri, 24 Jul 2026 21:42:49 GMT"
s3://sales-analytics-raw-aqib-test/snowflake_backup/silver/lead_activities_processed_transient/data_0_4_16.snappy.parquet,18916400,f066732773d7338278a4eca72cd56ce0,"Fri, 24 Jul 2026 21:42:50 GMT"
s3://sales-analytics-raw-aqib-test/snowflake_backup/silver/lead_activities_processed_transient/data_0_4_17.snappy.parquet,18730145,5298fc3e6493c3e729ee2143147e5f6f,"Fri, 24 Jul 2026 21:42:50 GMT"
s3://sales-analytics-raw-aqib-test/snowflake_backup/silver/lead_activities_processed_transient/data_0_4_18.snappy.parquet,18779339,7f30a570a1e1818d272ba95bbc80e01e,"Fri, 24 Jul 2026 21:42:51 GMT"
s3://sales-analytics-raw-aqib-test/snowflake_backup/silver/lead_activities_processed_transient/data_0_4_19.snappy.parquet,17286047,11e97d15eb430764bc0fa4a054b7cb9b,"Fri, 24 Jul 2026 21:42:52 GMT"
s3://sales-analytics-raw-aqib-test/snowflake_backup/silver/lead_activities_processed_transient/data_0_4_2.snappy.parquet,18036564,b4b77001212347e2198ffbb99b14198b,"Fri, 24 Jul 2026 21:42:40 GMT"
s3://sales-analytics-raw-aqib-test/snowflake_backup/silver/lead_activities_processed_transient/data_0_4_20.snappy.parquet,16997949,a37d12d12b5ee405fec16b53abe28264,"Fri, 24 Jul 2026 21:42:52 GMT"
s3://sales-analytics-raw-aqib-test/snowflake_backup/silver/lead_activities_processed_transient/data_0_4_21.snappy.parquet,18176890,0733144586a60a8719d8923c92a47985,"Fri, 24 Jul 2026 21:42:53 GMT"
s3://sales-analytics-raw-aqib-test/snowflake_backup/silver/lead_activities_processed_transient/data_0_4_22.snappy.parquet,18851822,c67853c7494c0512c0344a68a1e2940b,"Fri, 24 Jul 2026 21:42:54 GMT"
s3://sales-analytics-raw-aqib-test/snowflake_backup/silver/lead_activities_processed_transient/data_0_4_23.snappy.parquet,17147027,f34a65f57f6bbda7d75ca2cf19c82ab9,"Fri, 24 Jul 2026 21:42:54 GMT"
s3://sales-analytics-raw-aqib-test/snowflake_backup/silver/lead_activities_processed_transient/data_0_4_24.snappy.parquet,18621595,2c652377420f04bf08bfac67d127ec5b,"Fri, 24 Jul 2026 21:42:55 GMT"
s3://sales-analytics-raw-aqib-test/snowflake_backup/silver/lead_activities_processed_transient/data_0_4_25.snappy.parquet,18900546,7d995eb8d00c5f24f41071fdd5a36f2a,"Fri, 24 Jul 2026 21:42:56 GMT"
s3://sales-analytics-raw-aqib-test/snowflake_backup/silver/lead_activities_processed_transient/data_0_4_26.snappy.parquet,8251217,da63e0f04dad0b22b3bad5b2ff38fe39,"Fri, 24 Jul 2026 21:42:58 GMT"
s3://sales-analytics-raw-aqib-test/snowflake_backup/silver/lead_activities_processed_transient/data_0_4_3.snappy.parquet,17071098,8ca639181c4c6a8b5662af75fb0344cb,"Fri, 24 Jul 2026 21:42:41 GMT"
s3://sales-analytics-raw-aqib-test/snowflake_backup/silver/lead_activities_processed_transient/data_0_4_4.snappy.parquet,18920672,7477467c9fdb6486e1b940dea1a67045,"Fri, 24 Jul 2026 21:42:42 GMT"
s3://sales-analytics-raw-aqib-test/snowflake_backup/silver/lead_activities_processed_transient/data_0_4_5.snappy.parquet,17274084,79d34abbf28e282e1c217ef9af0be565,"Fri, 24 Jul 2026 21:42:42 GMT"
s3://sales-analytics-raw-aqib-test/snowflake_backup/silver/lead_activities_processed_transient/data_0_4_6.snappy.parquet,17098570,35bf03411e1f0ed1cf4fc4f0513b4dbc,"Fri, 24 Jul 2026 21:42:43 GMT"
s3://sales-analytics-raw-aqib-test/snowflake_backup/silver/lead_activities_processed_transient/data_0_4_7.snappy.parquet,18440643,18e1a950e00e3f964f75276572b71727,"Fri, 24 Jul 2026 21:42:44 GMT"
s3://sales-analytics-raw-aqib-test/snowflake_backup/silver/lead_activities_processed_transient/data_0_4_8.snappy.parquet,17015728,cd6873b64c72b763a4a3ea24eec00e0d,"Fri, 24 Jul 2026 21:42:44 GMT"
s3://sales-analytics-raw-aqib-test/snowflake_backup/silver/lead_activities_processed_transient/data_0_4_9.snappy.parquet,18547161,ddb7c1cbd354b8e261ab2a7d74395293,"Fri, 24 Jul 2026 21:42:45 GMT"
s3://sales-analytics-raw-aqib-test/snowflake_backup/silver/lead_activities_processed_transient/data_0_5_0.snappy.parquet,17122330,c38547b69f8e29ad2eec1631e9f6fbc0,"Fri, 24 Jul 2026 21:42:38 GMT"
s3://sales-analytics-raw-aqib-test/snowflake_backup/silver/lead_activities_processed_transient/data_0_5_1.snappy.parquet,16969768,1c641fd01b4d4298933167baedd003a6,"Fri, 24 Jul 2026 21:42:39 GMT"
s3://sales-analytics-raw-aqib-test/snowflake_backup/silver/lead_activities_processed_transient/data_0_5_10.snappy.parquet,18424874,9d8217415142c9faa0cb7967f1ce1309,"Fri, 24 Jul 2026 21:42:45 GMT"
s3://sales-analytics-raw-aqib-test/snowflake_backup/silver/lead_activities_processed_transient/data_0_5_11.snappy.parquet,18312704,e23674ed24b74bd36d9847964ff37aff,"Fri, 24 Jul 2026 21:42:46 GMT"
s3://sales-analytics-raw-aqib-test/snowflake_backup/silver/lead_activities_processed_transient/data_0_5_12.snappy.parquet,18388415,1069db7c1b81d54282f537deaeb93807,"Fri, 24 Jul 2026 21:42:46 GMT"
s3://sales-analytics-raw-aqib-test/snowflake_backup/silver/lead_activities_processed_transient/data_0_5_13.snappy.parquet,16900722,cb1fad5833f5d39a918e3cfcdbe43751,"Fri, 24 Jul 2026 21:42:47 GMT"
s3://sales-analytics-raw-aqib-test/snowflake_backup/silver/lead_activities_processed_transient/data_0_5_14.snappy.parquet,16932806,2fdfb7892f1f8d35bb1ff1a4c5c0795e,"Fri, 24 Jul 2026 21:42:48 GMT"
s3://sales-analytics-raw-aqib-test/snowflake_backup/silver/lead_activities_processed_transient/data_0_5_15.snappy.parquet,17418720,8839161c0cb447d52335226d81a8c731,"Fri, 24 Jul 2026 21:42:48 GMT"
s3://sales-analytics-raw-aqib-test/snowflake_backup/silver/lead_activities_processed_transient/data_0_5_16.snappy.parquet,16952962,f76a805e8f5c018840292af77790a8bf,"Fri, 24 Jul 2026 21:42:49 GMT"
s3://sales-analytics-raw-aqib-test/snowflake_backup/silver/lead_activities_processed_transient/data_0_5_17.snappy.parquet,18653910,e52a7d99ca3bf8b30b281b56deca233b,"Fri, 24 Jul 2026 21:42:50 GMT"
s3://sales-analytics-raw-aqib-test/snowflake_backup/silver/lead_activities_processed_transient/data_0_5_18.snappy.parquet,16954863,eef67eb50996c957555130bfd4ba8977,"Fri, 24 Jul 2026 21:42:50 GMT"
s3://sales-analytics-raw-aqib-test/snowflake_backup/silver/lead_activities_processed_transient/data_0_5_19.snappy.parquet,18475894,6e936d896c2597e0568a6b82bd4c5a02,"Fri, 24 Jul 2026 21:42:51 GMT"
s3://sales-analytics-raw-aqib-test/snowflake_backup/silver/lead_activities_processed_transient/data_0_5_2.snappy.parquet,18870940,6655a09780bf6c27a7d849e561670738,"Fri, 24 Jul 2026 21:42:40 GMT"
s3://sales-analytics-raw-aqib-test/snowflake_backup/silver/lead_activities_processed_transient/data_0_5_20.snappy.parquet,16952231,ae40c5abc77defcb05465ccdd2e25a90,"Fri, 24 Jul 2026 21:42:52 GMT"
s3://sales-analytics-raw-aqib-test/snowflake_backup/silver/lead_activities_processed_transient/data_0_5_21.snappy.parquet,18701522,3348d638cfad7907dc4bbfdd85f35849,"Fri, 24 Jul 2026 21:42:52 GMT"
s3://sales-analytics-raw-aqib-test/snowflake_backup/silver/lead_activities_processed_transient/data_0_5_22.snappy.parquet,16955055,aed221d575e791bcb483a55c63f53387,"Fri, 24 Jul 2026 21:42:53 GMT"
s3://sales-analytics-raw-aqib-test/snowflake_backup/silver/lead_activities_processed_transient/data_0_5_23.snappy.parquet,18666715,968bf4cce9be122ad76b6238011f07ee,"Fri, 24 Jul 2026 21:42:54 GMT"
s3://sales-analytics-raw-aqib-test/snowflake_backup/silver/lead_activities_processed_transient/data_0_5_24.snappy.parquet,18378544,e2958ed9dd9654c49f28408ded683b51,"Fri, 24 Jul 2026 21:42:54 GMT"
s3://sales-analytics-raw-aqib-test/snowflake_backup/silver/lead_activities_processed_transient/data_0_5_25.snappy.parquet,7969560,fc7f660077d3dad0ae3d182608ae42b9,"Fri, 24 Jul 2026 21:42:58 GMT"
s3://sales-analytics-raw-aqib-test/snowflake_backup/silver/lead_activities_processed_transient/data_0_5_3.snappy.parquet,18362592,ae08e0a2081c63615062fcbd0916debf,"Fri, 24 Jul 2026 21:42:40 GMT"
s3://sales-analytics-raw-aqib-test/snowflake_backup/silver/lead_activities_processed_transient/data_0_5_4.snappy.parquet,18327600,628d64fe32db88851ce3138ef0ce545c,"Fri, 24 Jul 2026 21:42:41 GMT"
s3://sales-analytics-raw-aqib-test/snowflake_backup/silver/lead_activities_processed_transient/data_0_5_5.snappy.parquet,16800745,415c1217ab02aeb25f784c187690d0fe,"Fri, 24 Jul 2026 21:42:42 GMT"
s3://sales-analytics-raw-aqib-test/snowflake_backup/silver/lead_activities_processed_transient/data_0_5_6.snappy.parquet,19139166,44981ca04fb4100d68e69357b9fe25cc,"Fri, 24 Jul 2026 21:42:42 GMT"
s3://sales-analytics-raw-aqib-test/snowflake_backup/silver/lead_activities_processed_transient/data_0_5_7.snappy.parquet,18643995,4665de93369ff59f3b44ba5d1e5fc9d0,"Fri, 24 Jul 2026 21:42:43 GMT"
s3://sales-analytics-raw-aqib-test/snowflake_backup/silver/lead_activities_processed_transient/data_0_5_8.snappy.parquet,16913602,c82b0b213faf78212fd2c99bf14c41b3,"Fri, 24 Jul 2026 21:42:44 GMT"
s3://sales-analytics-raw-aqib-test/snowflake_backup/silver/lead_activities_processed_transient/data_0_5_9.snappy.parquet,17136509,0f8ebb2800914f71ce176cbce8e6ac34,"Fri, 24 Jul 2026 21:42:44 GMT"
s3://sales-analytics-raw-aqib-test/snowflake_backup/silver/lead_activities_processed_transient/data_0_6_0.snappy.parquet,18734167,587c86c5c0934f2f30b85559c51c90c1,"Fri, 24 Jul 2026 21:42:39 GMT"
s3://sales-analytics-raw-aqib-test/snowflake_backup/silver/lead_activities_processed_transient/data_0_6_1.snappy.parquet,18515013,fabbb1541d6172835fed60064e7a8e98,"Fri, 24 Jul 2026 21:42:39 GMT"
s3://sales-analytics-raw-aqib-test/snowflake_backup/silver/lead_activities_processed_transient/data_0_6_10.snappy.parquet,16933131,79078379cf29762e1567a8d1a9e54666,"Fri, 24 Jul 2026 21:42:45 GMT"
s3://sales-analytics-raw-aqib-test/snowflake_backup/silver/lead_activities_processed_transient/data_0_6_11.snappy.parquet,18369519,07b7959a07cc8af20a8b865901e29f09,"Fri, 24 Jul 2026 21:42:46 GMT"
s3://sales-analytics-raw-aqib-test/snowflake_backup/silver/lead_activities_processed_transient/data_0_6_12.snappy.parquet,18099253,08267019ebf1380628c48219bb17acab,"Fri, 24 Jul 2026 21:42:47 GMT"
s3://sales-analytics-raw-aqib-test/snowflake_backup/silver/lead_activities_processed_transient/data_0_6_13.snappy.parquet,18428576,9e5e9c0e9aecf3480e0e90b731916c56,"Fri, 24 Jul 2026 21:42:47 GMT"
s3://sales-analytics-raw-aqib-test/snowflake_backup/silver/lead_activities_processed_transient/data_0_6_14.snappy.parquet,18885902,5c6cac485dd975241354b23bdb70ee95,"Fri, 24 Jul 2026 21:42:48 GMT"
s3://sales-analytics-raw-aqib-test/snowflake_backup/silver/lead_activities_processed_transient/data_0_6_15.snappy.parquet,18409829,4ec311f7607e35ff1dcab6ddc19f9d8a,"Fri, 24 Jul 2026 21:42:49 GMT"
s3://sales-analytics-raw-aqib-test/snowflake_backup/silver/lead_activities_processed_transient/data_0_6_16.snappy.parquet,17917536,7dc9fbb10fc64a7c6cf8446c6556bdaa,"Fri, 24 Jul 2026 21:42:49 GMT"
s3://sales-analytics-raw-aqib-test/snowflake_backup/silver/lead_activities_processed_transient/data_0_6_17.snappy.parquet,17195536,48776a62c0e039f19665ecde75df5510,"Fri, 24 Jul 2026 21:42:50 GMT"
s3://sales-analytics-raw-aqib-test/snowflake_backup/silver/lead_activities_processed_transient/data_0_6_18.snappy.parquet,18710876,21af8f15d5a70d6b78a3904391a65f16,"Fri, 24 Jul 2026 21:42:51 GMT"
s3://sales-analytics-raw-aqib-test/snowflake_backup/silver/lead_activities_processed_transient/data_0_6_19.snappy.parquet,16987836,dd44343e083140b69823bd9ed792a735,"Fri, 24 Jul 2026 21:42:51 GMT"
s3://sales-analytics-raw-aqib-test/snowflake_backup/silver/lead_activities_processed_transient/data_0_6_2.snappy.parquet,18230408,04433057cec444767adef2be2345ceb7,"Fri, 24 Jul 2026 21:42:40 GMT"
s3://sales-analytics-raw-aqib-test/snowflake_backup/silver/lead_activities_processed_transient/data_0_6_20.snappy.parquet,18566079,1f21685ff60a7769950bde3e46aa8e38,"Fri, 24 Jul 2026 21:42:52 GMT"
s3://sales-analytics-raw-aqib-test/snowflake_backup/silver/lead_activities_processed_transient/data_0_6_21.snappy.parquet,17220266,bb69dc1cfe914d78ded16a242af12ea0,"Fri, 24 Jul 2026 21:42:53 GMT"
s3://sales-analytics-raw-aqib-test/snowflake_backup/silver/lead_activities_processed_transient/data_0_6_22.snappy.parquet,18696947,c752bfdb49767a1feda06e3d7d2f8cb8,"Fri, 24 Jul 2026 21:42:53 GMT"
s3://sales-analytics-raw-aqib-test/snowflake_backup/silver/lead_activities_processed_transient/data_0_6_23.snappy.parquet,17107848,aa093a22eaea23648c19bcd9e5d201f1,"Fri, 24 Jul 2026 21:42:54 GMT"
s3://sales-analytics-raw-aqib-test/snowflake_backup/silver/lead_activities_processed_transient/data_0_6_24.snappy.parquet,16930204,4997715a4586a23d8ff5048fda3fef21,"Fri, 24 Jul 2026 21:42:54 GMT"
s3://sales-analytics-raw-aqib-test/snowflake_backup/silver/lead_activities_processed_transient/data_0_6_25.snappy.parquet,10635990,49f9e56cdaf2db7458cf2080a081f983,"Fri, 24 Jul 2026 21:42:58 GMT"
s3://sales-analytics-raw-aqib-test/snowflake_backup/silver/lead_activities_processed_transient/data_0_6_3.snappy.parquet,18569928,fbcff4635987509717cada0f1937216c,"Fri, 24 Jul 2026 21:42:40 GMT"
s3://sales-analytics-raw-aqib-test/snowflake_backup/silver/lead_activities_processed_transient/data_0_6_4.snappy.parquet,18847582,541ba30a347c551b27a2ed04b71a15c8,"Fri, 24 Jul 2026 21:42:41 GMT"
s3://sales-analytics-raw-aqib-test/snowflake_backup/silver/lead_activities_processed_transient/data_0_6_5.snappy.parquet,18573757,aa5fcbf0eeb022bf256e1aea2c9d5d11,"Fri, 24 Jul 2026 21:42:42 GMT"
s3://sales-analytics-raw-aqib-test/snowflake_backup/silver/lead_activities_processed_transient/data_0_6_6.snappy.parquet,18797197,c52609efac90ac46e49d77eb5a8b86c2,"Fri, 24 Jul 2026 21:42:42 GMT"
s3://sales-analytics-raw-aqib-test/snowflake_backup/silver/lead_activities_processed_transient/data_0_6_7.snappy.parquet,18688162,1acda2d33363bef0ade624465bd1eadb,"Fri, 24 Jul 2026 21:42:43 GMT"
s3://sales-analytics-raw-aqib-test/snowflake_backup/silver/lead_activities_processed_transient/data_0_6_8.snappy.parquet,17039748,90def54ea6293a95cf9ab674cd8de620,"Fri, 24 Jul 2026 21:42:44 GMT"
s3://sales-analytics-raw-aqib-test/snowflake_backup/silver/lead_activities_processed_transient/data_0_6_9.snappy.parquet,18759258,74acae36661746515ce4ac1cf623a921,"Fri, 24 Jul 2026 21:42:44 GMT"
s3://sales-analytics-raw-aqib-test/snowflake_backup/silver/lead_activities_processed_transient/data_0_7_0.snappy.parquet,16910705,a8564046d7c7b8c36de2e215b48762e2,"Fri, 24 Jul 2026 21:42:39 GMT"
s3://sales-analytics-raw-aqib-test/snowflake_backup/silver/lead_activities_processed_transient/data_0_7_1.snappy.parquet,18570110,c706c0419840a33d4bfb6f9d90e12f1e,"Fri, 24 Jul 2026 21:42:39 GMT"
s3://sales-analytics-raw-aqib-test/snowflake_backup/silver/lead_activities_processed_transient/data_0_7_10.snappy.parquet,16917601,fd388aec9fd3d23cee97e65ff8e9a9fe,"Fri, 24 Jul 2026 21:42:46 GMT"
s3://sales-analytics-raw-aqib-test/snowflake_backup/silver/lead_activities_processed_transient/data_0_7_11.snappy.parquet,18813450,0f3951bbf0acc6383837feff882c0470,"Fri, 24 Jul 2026 21:42:47 GMT"
s3://sales-analytics-raw-aqib-test/snowflake_backup/silver/lead_activities_processed_transient/data_0_7_12.snappy.parquet,16909449,a0d054eaffc7429fe8796e859bf0a926,"Fri, 24 Jul 2026 21:42:47 GMT"
s3://sales-analytics-raw-aqib-test/snowflake_backup/silver/lead_activities_processed_transient/data_0_7_13.snappy.parquet,19234036,41e72ca51a6bf4050442ec122c26f80c,"Fri, 24 Jul 2026 21:42:48 GMT"
s3://sales-analytics-raw-aqib-test/snowflake_backup/silver/lead_activities_processed_transient/data_0_7_14.snappy.parquet,18455475,6de194a7c9589672c632a8c4d160d041,"Fri, 24 Jul 2026 21:42:49 GMT"
s3://sales-analytics-raw-aqib-test/snowflake_backup/silver/lead_activities_processed_transient/data_0_7_15.snappy.parquet,18481454,30acd612ba5834f09d2cd7db4e08971c,"Fri, 24 Jul 2026 21:42:49 GMT"
s3://sales-analytics-raw-aqib-test/snowflake_backup/silver/lead_activities_processed_transient/data_0_7_16.snappy.parquet,18438050,c014ff754c12a39e3122ac21507532ec,"Fri, 24 Jul 2026 21:42:50 GMT"
s3://sales-analytics-raw-aqib-test/snowflake_backup/silver/lead_activities_processed_transient/data_0_7_17.snappy.parquet,16912674,cc2a1cb6b9e32b0dab1b3ed26ac68b26,"Fri, 24 Jul 2026 21:42:51 GMT"
s3://sales-analytics-raw-aqib-test/snowflake_backup/silver/lead_activities_processed_transient/data_0_7_18.snappy.parquet,18436773,900c42c9fef2e4104a57bf596246525b,"Fri, 24 Jul 2026 21:42:51 GMT"
s3://sales-analytics-raw-aqib-test/snowflake_backup/silver/lead_activities_processed_transient/data_0_7_19.snappy.parquet,17030374,5e011244a41b7d1eee1f719e3e0199d5,"Fri, 24 Jul 2026 21:42:52 GMT"
s3://sales-analytics-raw-aqib-test/snowflake_backup/silver/lead_activities_processed_transient/data_0_7_2.snappy.parquet,18689801,575582c11b1641226aa55542ef46cc9e,"Fri, 24 Jul 2026 21:42:40 GMT"
s3://sales-analytics-raw-aqib-test/snowflake_backup/silver/lead_activities_processed_transient/data_0_7_20.snappy.parquet,16909172,94f4d4de97652ddff3c7592565375f38,"Fri, 24 Jul 2026 21:42:53 GMT"
s3://sales-analytics-raw-aqib-test/snowflake_backup/silver/lead_activities_processed_transient/data_0_7_21.snappy.parquet,18367026,60bd51f3cd646f2e024a16b821b36bfd,"Fri, 24 Jul 2026 21:42:53 GMT"
s3://sales-analytics-raw-aqib-test/snowflake_backup/silver/lead_activities_processed_transient/data_0_7_22.snappy.parquet,18503963,9b7e401121156b9edcba8daaf1e8f5cb,"Fri, 24 Jul 2026 21:42:54 GMT"
s3://sales-analytics-raw-aqib-test/snowflake_backup/silver/lead_activities_processed_transient/data_0_7_23.snappy.parquet,17205015,a626c3a6770bbd1a4984d19231139253,"Fri, 24 Jul 2026 21:42:55 GMT"
s3://sales-analytics-raw-aqib-test/snowflake_backup/silver/lead_activities_processed_transient/data_0_7_24.snappy.parquet,18987506,4b1b9e6762bc8418dcd42ee14c195b2e,"Fri, 24 Jul 2026 21:42:55 GMT"
s3://sales-analytics-raw-aqib-test/snowflake_backup/silver/lead_activities_processed_transient/data_0_7_25.snappy.parquet,17005757,5692291d5963040bfcd17d417ea4a23d,"Fri, 24 Jul 2026 21:42:56 GMT"
s3://sales-analytics-raw-aqib-test/snowflake_backup/silver/lead_activities_processed_transient/data_0_7_26.snappy.parquet,17186094,aa1aadc81f54014c16c66668ea9f353d,"Fri, 24 Jul 2026 21:42:57 GMT"
s3://sales-analytics-raw-aqib-test/snowflake_backup/silver/lead_activities_processed_transient/data_0_7_27.snappy.parquet,17045004,22b981cb1c15be0414a139dbffc2d2db,"Fri, 24 Jul 2026 21:42:57 GMT"
s3://sales-analytics-raw-aqib-test/snowflake_backup/silver/lead_activities_processed_transient/data_0_7_28.snappy.parquet,12833136,c6505a7b50411c975b95759ec0316e04,"Fri, 24 Jul 2026 21:42:58 GMT"
s3://sales-analytics-raw-aqib-test/snowflake_backup/silver/lead_activities_processed_transient/data_0_7_3.snappy.parquet,18829602,e9072e463f8a7fc52439412b1ee215f2,"Fri, 24 Jul 2026 21:42:41 GMT"
s3://sales-analytics-raw-aqib-test/snowflake_backup/silver/lead_activities_processed_transient/data_0_7_4.snappy.parquet,19116369,4e5672f124e405f37e7f51b754421c2d,"Fri, 24 Jul 2026 21:42:42 GMT"
s3://sales-analytics-raw-aqib-test/snowflake_backup/silver/lead_activities_processed_transient/data_0_7_5.snappy.parquet,18346895,3e82f3d77be7722d80ddbff0888befcf,"Fri, 24 Jul 2026 21:42:42 GMT"
s3://sales-analytics-raw-aqib-test/snowflake_backup/silver/lead_activities_processed_transient/data_0_7_6.snappy.parquet,18689693,bba32825480dfb4eaf0c7422712ed8e1,"Fri, 24 Jul 2026 21:42:43 GMT"
s3://sales-analytics-raw-aqib-test/snowflake_backup/silver/lead_activities_processed_transient/data_0_7_7.snappy.parquet,16894383,25fd95b6ededc14a5dfd6191462f8135,"Fri, 24 Jul 2026 21:42:44 GMT"
s3://sales-analytics-raw-aqib-test/snowflake_backup/silver/lead_activities_processed_transient/data_0_7_8.snappy.parquet,18299596,ef0aeecd708daf97b9d05f85e312456e,"Fri, 24 Jul 2026 21:42:45 GMT"
s3://sales-analytics-raw-aqib-test/snowflake_backup/silver/lead_activities_processed_transient/data_0_7_9.snappy.parquet,18628415,3600e3ff87ce4550857c6f4868ccb3e6,"Fri, 24 Jul 2026 21:42:45 GMT"
s3://sales-analytics-raw-aqib-test/snowflake_backup/silver/leads_activities_summary/data_0_0_0.snappy.parquet,12425236,1a19ab373bb21d92e8292676345ac981,"Fri, 24 Jul 2026 21:42:29 GMT"
s3://sales-analytics-raw-aqib-test/snowflake_backup/silver/leads_activities_summary/data_0_1_0.snappy.parquet,11259058,f6bc975a07a171864dbd882ce304aaa2,"Fri, 24 Jul 2026 21:42:29 GMT"
s3://sales-analytics-raw-aqib-test/snowflake_backup/silver/leads_activities_summary/data_0_2_0.snappy.parquet,12182786,20ff7fe2240e9c9e9752c79b4d8f791b,"Fri, 24 Jul 2026 21:42:29 GMT"
s3://sales-analytics-raw-aqib-test/snowflake_backup/silver/leads_activities_summary/data_0_3_0.snappy.parquet,15411636,7102edb71f2df8836e3d4825b247a0e6,"Fri, 24 Jul 2026 21:42:29 GMT"
s3://sales-analytics-raw-aqib-test/snowflake_backup/silver/leads_activities_summary/data_0_4_0.snappy.parquet,12213612,649df27af4dce2e11fb0803d56408faf,"Fri, 24 Jul 2026 21:42:29 GMT"
s3://sales-analytics-raw-aqib-test/snowflake_backup/silver/leads_activities_summary/data_0_5_0.snappy.parquet,12911185,e189eeeb3f09e8d555f98efd6aa43bbd,"Fri, 24 Jul 2026 21:42:29 GMT"
s3://sales-analytics-raw-aqib-test/snowflake_backup/silver/leads_activities_summary/data_0_6_0.snappy.parquet,11911006,46bbec27155690b4c6ac5ec469981fd8,"Fri, 24 Jul 2026 21:42:29 GMT"
s3://sales-analytics-raw-aqib-test/snowflake_backup/silver/leads_activities_summary/data_0_7_0.snappy.parquet,11237990,ebc61e5b4882132a6c70ee4021b35376,"Fri, 24 Jul 2026 21:42:29 GMT"
s3://sales-analytics-raw-aqib-test/snowflake_backup/silver/leads_activities_summary_transient/data_0_0_0.snappy.parquet,16110739,b5dd79c367f23afacf16356756f84efb,"Fri, 24 Jul 2026 21:42:31 GMT"
s3://sales-analytics-raw-aqib-test/snowflake_backup/silver/leads_activities_summary_transient/data_0_1_0.snappy.parquet,13136559,cf0de37afd373bc849d1e14bfec09d9e,"Fri, 24 Jul 2026 21:42:31 GMT"
s3://sales-analytics-raw-aqib-test/snowflake_backup/silver/leads_activities_summary_transient/data_0_2_0.snappy.parquet,16685983,3a4b4f415f5c1a3fb776b3cdb14407aa,"Fri, 24 Jul 2026 21:42:30 GMT"
s3://sales-analytics-raw-aqib-test/snowflake_backup/silver/leads_activities_summary_transient/data_0_3_0.snappy.parquet,16341207,96b45e328f6d9b6e7e1c4a5e737e8e23,"Fri, 24 Jul 2026 21:42:30 GMT"
s3://sales-analytics-raw-aqib-test/snowflake_backup/silver/leads_activities_summary_transient/data_0_4_0.snappy.parquet,18114037,2da7f41166861187df3987472845c849,"Fri, 24 Jul 2026 21:42:30 GMT"
s3://sales-analytics-raw-aqib-test/snowflake_backup/silver/leads_activities_summary_transient/data_0_4_1.snappy.parquet,1567318,e26046aa908a1941b2faa54c3d41e3f8,"Fri, 24 Jul 2026 21:42:30 GMT"
s3://sales-analytics-raw-aqib-test/snowflake_backup/silver/leads_activities_summary_transient/data_0_5_0.snappy.parquet,18069765,c08667657e7af49cd23a8b13c73a93c1,"Fri, 24 Jul 2026 21:42:30 GMT"
s3://sales-analytics-raw-aqib-test/snowflake_backup/silver/leads_activities_summary_transient/data_0_5_1.snappy.parquet,1563620,17fa7844740f00d1a64d0d0bb3773715,"Fri, 24 Jul 2026 21:42:30 GMT"
s3://sales-analytics-raw-aqib-test/snowflake_backup/silver/leads_activities_summary_transient/data_0_6_0.snappy.parquet,13141911,ce3c51245ebc7141772a000ee900ad0c,"Fri, 24 Jul 2026 21:42:30 GMT"
s3://sales-analytics-raw-aqib-test/snowflake_backup/silver/leads_activities_summary_transient/data_0_7_0.snappy.parquet,16372303,02206005e52c9c78ec2b384c6cb20ab6,"Fri, 24 Jul 2026 21:42:30 GMT"
s3://sales-analytics-raw-aqib-test/snowflake_backup/test/data,374,16e9528512077475b1b667e795987f24,"Fri, 24 Jul 2026 21:36:35 GMT"
