RAW_DATA_TYPE,JSON_OBJECT_SAMPLE,INSERT_DATE_SAMPLE,FILE_NAME
OBJECT,"{
  ""addresses"": [],
  ""contacts"": [
    {
      ""created_by"": ""user_RoWq89U2oZOlTTfJScR9pTREnX3AAeNdKnw4YOOcYwG"",
      ""date_created"": ""2026-07-05T01:23:15.406000+00:00"",
      ""date_updated"": ""2026-07-05T01:23:15.406000+00:00"",
      ""display_name"": ""user_daa2a0c4573448a80e782ff342ad0210"",
      ""emails"": [
        {
          ""email"": ""user_fbb5613@masked.com"",
          ""is_unsubscribed"": false,
          ""type"": ""direct""
        }
      ],
      ""id"": ""cont_3Q40YRRxpR8mP8xFIm0wrwu5EcYBUg6JvtG5cpzXsj4"",
      ""integration_links"": [
        {
          ""name"": ""LinkedIn Search"",
          ""url"": ""https://www.linkedin.com/search/results/people/?keywords=Ibi""
        }
      ],
      ""lead_id"": ""lead_pdBlJO7X79EPZRI5BHTIrPGwEL9oWrajIYpAzHlKQba"",
      ""name"": ""user_daa2a0c4573448a80e782ff342ad0210"",
      ""organization_id"": ""orga_rq7EW7TTwnrAshSzIQ49jJUWzDxtTQUBBrA4VoRWElD"",
      ""phones"": [
        {
          ""country"": ""US"",
          ""phone"": ""+1-use-r_d-629c"",
          ""phone_formatted"": ""+1-use-r_2-bd57"",
          ""type"": ""direct""
        }
      ],
      ""timezone"": ""America/New_York"",
      ""timezone_source"": ""inferred_from_phone_number"",
      ""title"": null,
      ""updated_by"": ""user_RoWq89U2oZOlTTfJScR9pTREnX3AAeNdKnw4YOOcYwG"",
      ""urls"": []
    }
  ],
  ""created_by"": ""user_RoWq89U2oZOlTTfJScR9pTREnX3AAeNdKnw4YOOcYwG"",
  ""created_by_name"": ""user_eb1efaee45a59705808492017b599a88"",
  ""custom"": {
    ""Current Salary"": ""150k-250k"",
    ""Funnel"": ""DE ACADEMY Direct VSL"",
    ""Funnel ID"": ""13074380"",
    ""LEAD INSIGHT"": ""_______________________"",
    ""Lead Intent"": ""HOT"",
    ""Lead Quality"": ""Tech to Data"",
    ""Page ID"": ""63640125"",
    ""Setter"": ""user_jlATOo2KAeSrKsr3YTpBJurKA25Hl3XnILIcIklPGsv"",
    ""Time Zone"": ""Eastern Time (US & Canada)"",
    ""Visa Status"": ""US Citizen: Yes"",
    ""career goal timeline"": ""As soon as possible"",
    ""handl_ad_id"": ""120221481685830645"",
    ""handl_adset_id"": ""120221481685840645"",
    ""handl_fbc"": ""fb.1.1783214518493.PAcGRvZgJmZGlkFlCfPOC60Yo0dhjY13FoI8B3HdK9gMtleHRuA2FlbQEwAGFkaWQBqy1rYupDxXNydGMGYXBwX2lkDzEyNDAyNDU3NDI4NzQxNAABp58gzUpZdfafxGrVze4Wd2KHyarFCGF7T_LpwGMENR1peV-hSWtsUjYCJvDu_aem_aTzsKSMWLBoXNYj8cQO0HA"",
    ""handl_fbp"": ""fb.1.1783214518497.268360617413660927"",
    ""handl_first_handlID"": ""2947346677551"",
    ""handl_handlID"": ""1573047734203"",
    ""handl_ip"": ""user_fa8ffa3c55b690e752254544736c4c98"",
    ""handl_url"": ""https://dataengineerinterviews.com/optin-636376331760632652319?fbc_id=120221481685840645&fbclid=PAcGRvZgJmZGlkFlCfPOC60Yo0dhjY13FoI8B3HdK9gMtleHRuA2FlbQEwAGFkaWQBqy1rYupDxXNydGMGYXBwX2lkDzEyNDAyNDU3NDI4NzQxNAABp58gzUpZdfafxGrVze4Wd2KHyarFCGF7T_LpwGMENR1peV-hSWtsUjYCJvDu_aem_aTzsKSMWLBoXNYj8cQO0HA&h_ad_id=120221481685830645&utm_campaign=120220560011990645&utm_content=120221482298840645&utm_id=120220560011990645&utm_medium=paid&utm_source=ig&utm_term=120221481685840645"",
    ""handl_user_agent"": ""Mozilla/5.0 (iPhone; CPU iPhone OS 26_5 like Mac OS X) AppleWebKit/605.1.15 (KHTML, like Gecko) Mobile/23F77 Instagram 436.0.0.24.53 (iPhone17,2; iOS 26_5; en_GB; en-GB; scale=3.00; 1320x2868; IABMV/1; 1005037813) Safari/604.1"",
    ""handl_utm_campaign"": ""120220560011990645"",
    ""handl_utm_content"": ""120221482298840645"",
    ""handl_utm_medium"": ""paid"",
    ""handl_utm_source"": ""ig"",
    ""handl_utm_term"": ""120221481685840645"",
    ""lead_route"": ""1""
  },
  ""custom.cf_0MA2LAoaDCSl9oMaZudcHJ2uNxewZRKa7KU6OX8HSQL"": ""120221481685840645"",
  ""custom.cf_2FgXkgJz8B7aIgQ8yTEsTJFSpR3D8xf6yMs8DnY6BTJ"": ""user_fa8ffa3c55b690e752254544736c4c98"",
  ""custom.cf_7ZWtXzOYPfLduhXb8fCM0m6L2KawUuubVHq12dKgvI9"": ""_______________________"",
  ""custom.cf_8gr3xBOTh980rxfFhSelzld6wd20H578A4yo86s9cjF"": ""fb.1.1783214518497.268360617413660927"",
  ""custom.cf_9jaBBYTkLKHU3P0aGJ1LIKLNRFt8wBrrEQk5xaZiNIf"": ""120221481685830645"",
  ""custom.cf_DeLLGkRULjyldwA4CA5umg5YrhOT6y0Ex44eycTadS2"": ""13074380"",
  ""custom.cf_G5r51NdcFqvmiLDwkJLb3hzvDzef1ARfaLDzRbqwwrq"": ""120220560011990645"",
  ""custom.cf_HHxrLgXWSOI9xHSZDVaj75LWA2x6N724GPMlVNrFoVm"": ""1573047734203"",
  ""custom.cf_HR0ji6nGFk5vMcsINNzeo3azcmlNtkfXxbbnQPvFfqN"": ""US Citizen: Yes"",
  ""custom.cf_IrgdpYtm7icLYVgVe2luKRrGI5xXsdBCKL7z5sEtTXJ"": ""Tech to Data"",
  ""custom.cf_JHukP9d2Q7x9GqAONrvYsyZPRPTB3YVrd8FNrytULm8"": ""As soon as possible"",
  ""custom.cf_LtrLGSMhdr5BeYDe7S7L9ABnjNRn87XnFl6ITxswBdh"": ""120221481685840645"",
  ""custom.cf_MUEARCFVH2Lgk0iVzJohMpmRcdXaTqVjH9rCzRyJx3I"": ""HOT"",
  ""custom.cf_O436LOSuO8GhvZymV1ca0HOIO04n0X0EQGGw13HDVde"": ""paid"",
  ""custom.cf_RnvAY4VZsaDSLgIN8VnlalXlBy70ce94ewuozN8bgg3"": ""https://dataengineerinterviews.com/optin-636376331760632652319?fbc_id=120221481685840645&fbclid=PAcGRvZgJmZGlkFlCfPOC60Yo0dhjY13FoI8B3HdK9gMtleHRuA2FlbQEwAGFkaWQBqy1rYupDxXNydGMGYXBwX2lkDzEyNDAyNDU3NDI4NzQxNAABp58gzUpZdfafxGrVze4Wd2KHyarFCGF7T_LpwGMENR1peV-hSWtsUjYCJvDu_aem_aTzsKSMWLBoXNYj8cQO0HA&h_ad_id=120221481685830645&utm_campaign=120220560011990645&utm_content=120221482298840645&utm_id=120220560011990645&utm_medium=paid&utm_source=ig&utm_term=120221481685840645"",
  ""custom.cf_SPkM9YDQhStMevWVgD5bOE1bvh74Xpu5g0M5iuBgrQ4"": ""120221482298840645"",
  ""custom.cf_Wdliv5pLvi89rA68CDtcsHLKeiIuwJp8fpHHaSIm5eJ"": ""1"",
  ""custom.cf_am3UgCUhyM5iNDtAPL84enDjUrZx1JsyVZ9uD9TbYwG"": ""DE ACADEMY Direct VSL"",
  ""custom.cf_ggzud96efuFJ4pLZDpuBPhupHvO0iR3jMkk9sJPfIMd"": ""2947346677551"",
  ""custom.cf_jr2d8YqWeVF2GF8UqYTLjnOhCF9N61vUOnTTHrwPcPz"": ""63640125"",
  ""custom.cf_o9EOtES0A8In9L4qeP8a749RrrjvuDyf7m4TIYVAWsK"": ""150k-250k"",
  ""custom.cf_rCyWUZqqs1zp8gS8fk5GTPFgzLBCt6WQhmrSn9tnJMo"": ""Eastern Time (US & Canada)"",
  ""custom.cf_tTFAjx2TU0Oeo3vgoHFi2UTSk32WS3Dhjrfz0ho3ID4"": ""ig"",
  ""custom.cf_uN3d9UcFrZdySFp0BXGqzAlCw6C6iLwFoMt8moAhpdr"": ""Mozilla/5.0 (iPhone; CPU iPhone OS 26_5 like Mac OS X) AppleWebKit/605.1.15 (KHTML, like Gecko) Mobile/23F77 Instagram 436.0.0.24.53 (iPhone17,2; iOS 26_5; en_GB; en-GB; scale=3.00; 1320x2868; IABMV/1; 1005037813) Safari/604.1"",
  ""custom.cf_v385AJ8HSgepKQ3rvqo4yOA3nn49eGqz39DOqojJG5M"": ""user_jlATOo2KAeSrKsr3YTpBJurKA25Hl3XnILIcIklPGsv"",
  ""custom.cf_wyMFUTPBRVzRV4CyFuX2lJ1sS6VVfFayRurQovmcalW"": ""fb.1.1783214518493.PAcGRvZgJmZGlkFlCfPOC60Yo0dhjY13FoI8B3HdK9gMtleHRuA2FlbQEwAGFkaWQBqy1rYupDxXNydGMGYXBwX2lkDzEyNDAyNDU3NDI4NzQxNAABp58gzUpZdfafxGrVze4Wd2KHyarFCGF7T_LpwGMENR1peV-hSWtsUjYCJvDu_aem_aTzsKSMWLBoXNYj8cQO0HA"",
  ""date_created"": ""2026-07-05T01:23:15.384000+00:00"",
  ""date_updated"": ""2026-07-06T13:38:58.367000+00:00"",
  ""description"": """",
  ""display_name"": ""user_daa2a0c4573448a80e782ff342ad0210"",
  ""html_url"": ""https://app.close.com/lead/lead_pdBlJO7X79EPZRI5BHTIrPGwEL9oWrajIYpAzHlKQba/"",
  ""id"": ""lead_pdBlJO7X79EPZRI5BHTIrPGwEL9oWrajIYpAzHlKQba"",
  ""integration_links"": [
    {
      ""name"": ""Google Search"",
      ""url"": ""https://google.com/search?q=Ibi""
    }
  ],
  ""name"": """",
  ""opportunities"": [
    {
      ""annualized_expected_value"": 0,
      ""annualized_value"": 0,
      ""attachments"": [],
      ""confidence"": 50,
      ""contact_id"": null,
      ""contact_name"": null,
      ""created_by"": ""user_RoWq89U2oZOlTTfJScR9pTREnX3AAeNdKnw4YOOcYwG"",
      ""created_by_name"": ""user_eb1efaee45a59705808492017b599a88"",
      ""date_created"": ""2026-07-05T01:23:15.639000+00:00"",
      ""date_lost"": null,
      ""date_updated"": ""2026-07-05T01:23:15.639000+00:00"",
      ""date_won"": null,
      ""expected_value"": 0,
      ""id"": ""oppo_BGB7fU6GRaAdg2DVyrVWaZXcfwSPKSyAhNsv9Gj34wH"",
      ""integration_links"": [],
      ""lead_id"": ""lead_pdBlJO7X79EPZRI5BHTIrPGwEL9oWrajIYpAzHlKQba"",
      ""lead_name"": ""user_daa2a0c4573448a80e782ff342ad0210"",
      ""note"": null,
      ""note_html"": null,
      ""organization_id"": ""orga_rq7EW7TTwnrAshSzIQ49jJUWzDxtTQUBBrA4VoRWElD"",
      ""pipeline_id"": ""pipe_1kD67pLoR967B9HD6JsI86"",
      ""pipeline_name"": ""Setter Pipeline"",
      ""status_display_name"": ""Setter Pipeline: 0. New Opt-Ins"",
      ""status_id"": ""stat_3kWI7qpACeU410wAwUJ9DqEWv7D2Wdixe9PxXi04yFv"",
      ""status_label"": ""0. New Opt-Ins"",
      ""status_type"": ""active"",
      ""updated_by"": ""user_RoWq89U2oZOlTTfJScR9pTREnX3AAeNdKnw4YOOcYwG"",
      ""updated_by_name"": ""user_eb1efaee45a59705808492017b599a88"",
      ""user_id"": ""user_RoWq89U2oZOlTTfJScR9pTREnX3AAeNdKnw4YOOcYwG"",
      ""user_name"": ""user_eb1efaee45a59705808492017b599a88"",
      ""value"": 0,
      ""value_currency"": ""USD"",
      ""value_formatted"": """",
      ""value_period"": ""one_time""
    }
  ],
  ""organization_id"": ""orga_rq7EW7TTwnrAshSzIQ49jJUWzDxtTQUBBrA4VoRWElD"",
  ""status_id"": ""stat_A8nn5gkGDgXImlkqNokFpPlwGPyAH480Vi4GjWjAY1v"",
  ""status_label"": ""DNC- Do Not Contact"",
  ""tasks"": [],
  ""updated_by"": ""user_jlATOo2KAeSrKsr3YTpBJurKA25Hl3XnILIcIklPGsv"",
  ""updated_by_name"": ""user_bbeb4f8b8b73744cc1f900d27bd58612"",
  ""url"": null
}",2026-07-07 11:01:29.570,leads_raw/leads_raw_20260730_223730_part_00003.json
OBJECT,"{
  ""addresses"": [],
  ""contacts"": [
    {
      ""created_by"": ""user_RoWq89U2oZOlTTfJScR9pTREnX3AAeNdKnw4YOOcYwG"",
      ""date_created"": ""2025-04-18T03:36:07.950000+00:00"",
      ""date_updated"": ""2026-07-03T13:34:05.087000+00:00"",
      ""display_name"": ""user_0e17910f1ab0f21b2dfa65a47fea40dd"",
      ""emails"": [
        {
          ""email"": ""user_5453256@masked.com"",
          ""is_unsubscribed"": false,
          ""type"": ""office""
        },
        {
          ""email"": ""user_5453256@masked.com"",
          ""is_unsubscribed"": false,
          ""type"": ""direct""
        }
      ],
      ""id"": ""cont_Hy4BVx10c6r3q0oC12kpQ24XOhqxRysWVJ0sGtDCa0E"",
      ""integration_links"": [
        {
          ""name"": ""LinkedIn Search"",
          ""url"": ""https://www.linkedin.com/search/results/people/?keywords=Sherol""
        }
      ],
      ""lead_id"": ""lead_pftqC78SUPRdzwbgUPghSEDeVEpmNgVBdtLeeb9yQEK"",
      ""name"": ""user_0e17910f1ab0f21b2dfa65a47fea40dd"",
      ""organization_id"": ""orga_rq7EW7TTwnrAshSzIQ49jJUWzDxtTQUBBrA4VoRWElD"",
      ""phones"": [
        {
          ""country"": ""US"",
          ""phone"": ""+1-use-r_2-a0eb"",
          ""phone_formatted"": ""+1-use-r_c-67e9"",
          ""type"": ""office""
        },
        {
          ""country"": ""US"",
          ""phone"": ""+1-use-r_4-ba59"",
          ""phone_formatted"": ""+1-use-r_0-648e"",
          ""type"": ""direct""
        }
      ],
      ""timezone"": ""America/New_York"",
      ""timezone_source"": ""inferred_from_phone_number"",
      ""title"": """",
      ""updated_by"": ""user_RoWq89U2oZOlTTfJScR9pTREnX3AAeNdKnw4YOOcYwG"",
      ""urls"": []
    }
  ],
  ""created_by"": ""user_RoWq89U2oZOlTTfJScR9pTREnX3AAeNdKnw4YOOcYwG"",
  ""created_by_name"": ""user_eb1efaee45a59705808492017b599a88"",
  ""custom"": {
    ""AD TRACKING"": ""_______________________"",
    ""App Grade"": ""1 - Unqualified"",
    ""Avatar"": ""N/A"",
    ""CALL RECORDS"": ""_______________________"",
    ""Calendar Source"": ""Data Engineer Academy Info Session E | Email Marketing"",
    ""Current Salary"": ""0-70k"",
    ""Funnel"": ""de_vsl_funnel"",
    ""Funnel ID"": ""13074380"",
    ""HADES"": ""2025-12-18"",
    ""HADES TYPE"": [
      ""N/C 45""
    ],
    ""JOURNEY OWNERS"": ""_______________________"",
    ""LEAD INSIGHT"": ""_______________________"",
    ""Last Click Date"": ""2026-07-03"",
    ""Last Click Funnel"": ""DE ACADEMY Direct VSL"",
    ""Last Click Funnel ID"": ""13074380"",
    ""Lead Owner"": ""user_eB6Y3KqgZ0MR4J6ql9IjqavTM8QDUyFY6zrrH4leArT"",
    ""Lead Quality"": ""Highly Technical"",
    ""Lead Source"": [
      ""VSL Typeform""
    ],
    ""Page ID"": ""63133456"",
    ""Reactivation Campaign"": [
      ""March 2026 Strategy N/S No Comm 45+""
    ],
    ""Reactivation Owner"": ""user_eB6Y3KqgZ0MR4J6ql9IjqavTM8QDUyFY6zrrH4leArT"",
    ""Setter"": ""user_eB6Y3KqgZ0MR4J6ql9IjqavTM8QDUyFY6zrrH4leArT"",
    ""Strategy Call Date & Time"": ""2025-06-16T15:30:00.000000Z"",
    ""Time Zone"": ""Eastern Time (US & Canada)"",
    ""Triage Call Time (Lead's Timezone)"": ""Monday, June 16 ⋅ 11:30 AM"",
    ""Visa Status"": ""US Citizen: No"",
    ""career goal timeline"": ""Within the next 30 days"",
    ""handl_ad_id"": ""120220552534420645"",
    ""handl_adset_id"": ""120220552533730645"",
    ""handl_fbc"": ""fb.1.1783084960639.IwZXh0bgNhZW0BMABhZGlkAasb-PjwWbVzcnRjBmFwcF9pZAwzNTA2ODU1MzE3MjgAAR7FOo-BVqdMDTKaRXv25sdHaNkVGaBIX2E4ibmc-1_zlqWp5KBE2pjp0a5GPw_aem_pDs4Pwk6XktvDqzpS5fCzA"",
    ""handl_fbp"": ""fb.1.1783084960645.992829621219852816"",
    ""handl_first_handlID"": ""1414552844960"",
    ""handl_handlID"": ""1339465418768"",
    ""handl_ip"": ""user_0951a3c43f8b07338b106565ddb864e4"",
    ""handl_url"": ""https://dataengineerinterviews.com/optin-636376331760632652319?fbc_id=120220552533730645&fbclid=IwZXh0bgNhZW0BMABhZGlkAasb-PjwWbVzcnRjBmFwcF9pZAwzNTA2ODU1MzE3MjgAAR7FOo-BVqdMDTKaRXv25sdHaNkVGaBIX2E4ibmc-1_zlqWp5KBE2pjp0a5GPw_aem_pDs4Pwk6XktvDqzpS5fCzA&h_ad_id=120220552534420645&utm_campaign=120220552532980645&utm_content=120220559373050645&utm_id=120220552532980645&utm_medium=paid&utm_source=fb&utm_term=120220552533730645"",
    ""handl_user_agent"": ""Mozilla/5.0 (Linux; Android 16; SM-S938U Build/BP4A.251205.006) AppleWebKit/537.36 (KHTML, like Gecko) Version/4.0 Chrome/149.0.7827.192 Mobile Safari/537.36 [FB_IAB/FB4A;FBAV/567.1.0.52.74;IABMV/1;]"",
    ""handl_utm_campaign"": ""120220552532980645"",
    ""handl_utm_content"": ""120220559373050645"",
    ""handl_utm_medium"": ""paid"",
    ""handl_utm_source"": ""fb"",
    ""handl_utm_term"": ""120220552533730645"",
    ""lead_route"": ""3""
  },
  ""custom.cf_0MA2LAoaDCSl9oMaZudcHJ2uNxewZRKa7KU6OX8HSQL"": ""120220552533730645"",
  ""custom.cf_0ZL1b2F0Y2SCZTssSTNZ39sfTkJmezrBLl7dwKElKdY"": ""2025-12-18"",
  ""custom.cf_2FgXkgJz8B7aIgQ8yTEsTJFSpR3D8xf6yMs8DnY6BTJ"": ""user_0951a3c43f8b07338b106565ddb864e4"",
  ""custom.cf_3LTjHX0x1lgzHVrTefr08rXC0ysvxaL4oyeJ3kWOv9v"": ""user_eB6Y3KqgZ0MR4J6ql9IjqavTM8QDUyFY6zrrH4leArT"",
  ""custom.cf_7ZGmboNWnq1ziSsV5ab6e8g1unK0jwEiNmDyYYN9tpO"": ""user_eB6Y3KqgZ0MR4J6ql9IjqavTM8QDUyFY6zrrH4leArT"",
  ""custom.cf_7ZWtXzOYPfLduhXb8fCM0m6L2KawUuubVHq12dKgvI9"": ""_______________________"",
  ""custom.cf_8JeMvuI2L83mIKJd1k0NUHhZUP6xkh0iD2ttxfeIJwt"": ""_______________________"",
  ""custom.cf_8gr3xBOTh980rxfFhSelzld6wd20H578A4yo86s9cjF"": ""fb.1.1783084960645.992829621219852816"",
  ""custom.cf_9jaBBYTkLKHU3P0aGJ1LIKLNRFt8wBrrEQk5xaZiNIf"": ""120220552534420645"",
  ""custom.cf_DeLLGkRULjyldwA4CA5umg5YrhOT6y0Ex44eycTadS2"": ""13074380"",
  ""custom.cf_G5r51NdcFqvmiLDwkJLb3hzvDzef1ARfaLDzRbqwwrq"": ""120220552532980645"",
  ""custom.cf_HHxrLgXWSOI9xHSZDVaj75LWA2x6N724GPMlVNrFoVm"": ""1339465418768"",
  ""custom.cf_HR0ji6nGFk5vMcsINNzeo3azcmlNtkfXxbbnQPvFfqN"": ""US Citizen: No"",
  ""custom.cf_IrgdpYtm7icLYVgVe2luKRrGI5xXsdBCKL7z5sEtTXJ"": ""Highly Technical"",
  ""custom.cf_JHukP9d2Q7x9GqAONrvYsyZPRPTB3YVrd8FNrytULm8"": ""Within the next 30 days"",
  ""custom.cf_LtrLGSMhdr5BeYDe7S7L9ABnjNRn87XnFl6ITxswBdh"": ""120220552533730645"",
  ""custom.cf_N6CMPfj0fI4YXhYHYfv812zss0npzxerIQbQfUkha69"": ""13074380"",
  ""custom.cf_O436LOSuO8GhvZymV1ca0HOIO04n0X0EQGGw13HDVde"": ""paid"",
  ""custom.cf_P83hgLlaNWEM7jtAhElMT2NypMQnPE2HuOOw1Bsv5kZ"": ""2025-06-16T15:30:00.000000Z"",
  ""custom.cf_RnvAY4VZsaDSLgIN8VnlalXlBy70ce94ewuozN8bgg3"": ""https://dataengineerinterviews.com/optin-636376331760632652319?fbc_id=120220552533730645&fbclid=IwZXh0bgNhZW0BMABhZGlkAasb-PjwWbVzcnRjBmFwcF9pZAwzNTA2ODU1MzE3MjgAAR7FOo-BVqdMDTKaRXv25sdHaNkVGaBIX2E4ibmc-1_zlqWp5KBE2pjp0a5GPw_aem_pDs4Pwk6XktvDqzpS5fCzA&h_ad_id=120220552534420645&utm_campaign=120220552532980645&utm_content=120220559373050645&utm_id=120220552532980645&utm_medium=paid&utm_source=fb&utm_term=120220552533730645"",
  ""custom.cf_SPkM9YDQhStMevWVgD5bOE1bvh74Xpu5g0M5iuBgrQ4"": ""120220559373050645"",
  ""custom.cf_UarLlGlju7BawmZJBrc1RYyxILy64ucuJohEOFcp4my"": ""1 - Unqualified"",
  ""custom.cf_WDBA0gbPfFTjOivjMrAXzjuPOipkcoapCrWMOg00Zyn"": ""user_0b6306d0e484d08120e8e39ccd22db39"",
  ""custom.cf_Wdliv5pLvi89rA68CDtcsHLKeiIuwJp8fpHHaSIm5eJ"": ""3"",
  ""custom.cf_am3UgCUhyM5iNDtAPL84enDjUrZx1JsyVZ9uD9TbYwG"": ""de_vsl_funnel"",
  ""custom.cf_dfJc8efcDpmwKtIhzKVLJ0Ca78SxHj6CPxH8MJrP7r2"": [
    ""March 2026 Strategy N/S No Comm 45+""
  ],
  ""custom.cf_gB5BL7B924yq2YG0o42MMmiOA8PDZ3d7QS793NIuUAP"": ""_______________________"",
  ""custom.cf_ggzud96efuFJ4pLZDpuBPhupHvO0iR3jMkk9sJPfIMd"": ""1414552844960"",
  ""custom.cf_jr2d8YqWeVF2GF8UqYTLjnOhCF9N61vUOnTTHrwPcPz"": ""63133456"",
  ""custom.cf_lKPgrDilrsGSE6BIYwoQsobmUxEs6Cw3fSWmxyUKnPt"": ""Data Engineer Academy Info Session E | Email Marketing"",
  ""custom.cf_lmaKBCRKlwK7rseRTFNdDZdFC0wWldeKauxeKpXXiPr"": ""user_75c8bec0c1d9355ba4fdf652d4b04e4e"",
  ""custom.cf_o9EOtES0A8In9L4qeP8a749RrrjvuDyf7m4TIYVAWsK"": ""0-70k"",
  ""custom.cf_qfopqGasPQqqQAqkgZmfJrjxKCEiYKIewjt5FX3vQRQ"": [
    ""N/C 45""
  ],
  ""custom.cf_r0QHY6IbVoodShQZWGJpLtWHKsFPqQjBDdF0QFNVtHS"": [
    ""VSL Typeform""
  ],
  ""custom.cf_rCyWUZqqs1zp8gS8fk5GTPFgzLBCt6WQhmrSn9tnJMo"": ""Eastern Time (US & Canada)"",
  ""custom.cf_sUefo1kdSSE2ed77kW3nLVJN7hFyGt5EWOoyqCnUi1p"": ""_______________________"",
  ""custom.cf_tTFAjx2TU0Oeo3vgoHFi2UTSk32WS3Dhjrfz0ho3ID4"": ""fb"",
  ""custom.cf_uN3d9UcFrZdySFp0BXGqzAlCw6C6iLwFoMt8moAhpdr"": ""Mozilla/5.0 (Linux; Android 16; SM-S938U Build/BP4A.251205.006) AppleWebKit/537.36 (KHTML, like Gecko) Version/4.0 Chrome/149.0.7827.192 Mobile Safari/537.36 [FB_IAB/FB4A;FBAV/567.1.0.52.74;IABMV/1;]"",
  ""custom.cf_uph6oRhrkzGk66UtViUrf4PVynL9HP00RBl4gI9GymQ"": ""2026-07-03"",
  ""custom.cf_v385AJ8HSgepKQ3rvqo4yOA3nn49eGqz39DOqojJG5M"": ""user_eB6Y3KqgZ0MR4J6ql9IjqavTM8QDUyFY6zrrH4leArT"",
  ""custom.cf_wp24VoqhLv6QwwkDkkNCE9XFTchjquWWMIuVM9lGMB5"": ""N/A"",
  ""custom.cf_wyMFUTPBRVzRV4CyFuX2lJ1sS6VVfFayRurQovmcalW"": ""fb.1.1783084960639.IwZXh0bgNhZW0BMABhZGlkAasb-PjwWbVzcnRjBmFwcF9pZAwzNTA2ODU1MzE3MjgAAR7FOo-BVqdMDTKaRXv25sdHaNkVGaBIX2E4ibmc-1_zlqWp5KBE2pjp0a5GPw_aem_pDs4Pwk6XktvDqzpS5fCzA"",
  ""date_created"": ""2025-04-18T03:36:07.922000+00:00"",
  ""date_updated"": ""2026-07-06T22:12:35.586000+00:00"",
  ""description"": """",
  ""display_name"": ""user_0e17910f1ab0f21b2dfa65a47fea40dd"",
  ""html_url"": ""https://app.close.com/lead/lead_pftqC78SUPRdzwbgUPghSEDeVEpmNgVBdtLeeb9yQEK/"",
  ""id"": ""lead_pftqC78SUPRdzwbgUPghSEDeVEpmNgVBdtLeeb9yQEK"",
  ""integration_links"": [
    {
      ""name"": ""Google Search"",
      ""url"": ""https://google.com/search?q=Sherol""
    }
  ],
  ""name"": """",
  ""opportunities"": [
    {
      ""annualized_expected_value"": 0,
      ""annualized_value"": 0,
      ""attachments"": [],
      ""confidence"": 50,
      ""contact_id"": ""cont_Hy4BVx10c6r3q0oC12kpQ24XOhqxRysWVJ0sGtDCa0E"",
      ""contact_name"": ""user_0e17910f1ab0f21b2dfa65a47fea40dd"",
      ""created_by"": ""user_RoWq89U2oZOlTTfJScR9pTREnX3AAeNdKnw4YOOcYwG"",
      ""created_by_name"": ""user_eb1efaee45a59705808492017b599a88"",
      ""custom.cf_tHxOwx1Ysk0Xo6sRXhqIHToin8itnyaCHC1vkmHqugh"": ""2025-06-16"",
      ""date_created"": ""2025-04-18T14:56:41.554000+00:00"",
      ""date_lost"": null,
      ""date_updated"": ""2025-06-15T01:25:11.834000+00:00"",
      ""date_won"": null,
      ""expected_value"": 0,
      ""id"": ""oppo_5PmztbnalYrgwyguuMXtDDyIiVQwCjCJe7NNi6jTG9J"",
      ""integration_links"": [],
      ""lead_id"": ""lead_pftqC78SUPRdzwbgUPghSEDeVEpmNgVBdtLeeb9yQEK"",
      ""lead_name"": ""user_0e17910f1ab0f21b2dfa65a47fea40dd"",
      ""note"": """",
      ""note_html"": null,
      ""organization_id"": ""orga_rq7EW7TTwnrAshSzIQ49jJUWzDxtTQUBBrA4VoRWElD"",
      ""pipeline_id"": ""pipe_1kD67pLoR967B9HD6JsI86"",
      ""pipeline_name"": ""Setter Pipeline"",
      ""status_display_name"": ""Setter Pipeline: 2. Triage Booked"",
      ""status_id"": ""stat_6m3m0ra8UKW6J4zllSX1uAPvQYWO709Tom8ZFUAgRlZ"",
      ""status_label"": ""2. Triage Booked"",
      ""status_type"": ""active"",
      ""updated_by"": ""user_RoWq89U2oZOlTTfJScR9pTREnX3AAeNdKnw4YOOcYwG"",
      ""updated_by_name"": ""user_eb1efaee45a59705808492017b599a88"",
      ""user_id"": ""user_eB6Y3KqgZ0MR4J6ql9IjqavTM8QDUyFY6zrrH4leArT"",
      ""user_name"": ""user_3dc981dd543339fc49d510bf6f795ea9"",
      ""value"": 0,
      ""value_currency"": ""USD"",
      ""value_formatted"": """",
      ""value_period"": ""one_time""
    }
  ],
  ""organization_id"": ""orga_rq7EW7TTwnrAshSzIQ49jJUWzDxtTQUBBrA4VoRWElD"",
  ""status_id"": ""stat_xouJVysObi1Fa5P59LhuaRSjpfmXTDxS04nnVpH5TSF"",
  ""status_label"": ""Interested"",
  ""tasks"": [],
  ""updated_by"": ""user_FzCzWHckcwSn1se1uqnb6huS1B8gOKbOpyHEh2U4v5o"",
  ""updated_by_name"": ""user_ee2d7836a7fa3bde7c995bfbc23f7554"",
  ""url"": null
}",2026-07-07 11:01:29.570,leads_raw/leads_raw_20260730_223730_part_00003.json
OBJECT,"{
  ""addresses"": [],
  ""contacts"": [
    {
      ""created_by"": ""user_RoWq89U2oZOlTTfJScR9pTREnX3AAeNdKnw4YOOcYwG"",
      ""date_created"": ""2026-02-26T23:14:03.532000+00:00"",
      ""date_updated"": ""2026-02-26T23:14:03.532000+00:00"",
      ""display_name"": ""user_7efa42d27278be724e6c8d0ba965e629"",
      ""emails"": [
        {
          ""email"": ""user_950c21e@masked.com"",
          ""is_unsubscribed"": false,
          ""type"": ""direct""
        }
      ],
      ""id"": ""cont_mkvdRHNbEs4UhDo9Fneln1ulQmONwdpnAqiJd2ERW78"",
      ""integration_links"": [
        {
          ""name"": ""LinkedIn Search"",
          ""url"": ""https://www.linkedin.com/search/results/people/?keywords=Karen%20peka""
        }
      ],
      ""lead_id"": ""lead_pkTZH4av8OWigkQHnteu4XaDcoNZOiLuJ7d2TIFaRLs"",
      ""name"": ""user_7efa42d27278be724e6c8d0ba965e629"",
      ""organization_id"": ""orga_rq7EW7TTwnrAshSzIQ49jJUWzDxtTQUBBrA4VoRWElD"",
      ""phones"": [
        {
          ""country"": ""US"",
          ""phone"": ""+1-use-r_0-f36c"",
          ""phone_formatted"": ""+1-use-r_b-91f0"",
          ""type"": ""direct""
        }
      ],
      ""timezone"": ""America/Chicago"",
      ""timezone_source"": ""inferred_from_phone_number"",
      ""title"": null,
      ""updated_by"": ""user_RoWq89U2oZOlTTfJScR9pTREnX3AAeNdKnw4YOOcYwG"",
      ""urls"": []
    }
  ],
  ""created_by"": ""user_RoWq89U2oZOlTTfJScR9pTREnX3AAeNdKnw4YOOcYwG"",
  ""created_by_name"": ""user_eb1efaee45a59705808492017b599a88"",
  ""custom"": {
    ""Avatar"": ""Highly technical"",
    ""Buyer Readiness Stage"": ""3- Looking/ Open"",
    ""CALL RECORDS"": ""_______________________"",
    ""Calendar Source"": ""Data Engineer Academy Breakthrough Session / Mahmoud |"",
    ""Current Salary"": ""70k-150k"",
    ""Funnel"": ""DE ACADEMY Direct VSL"",
    ""Funnel ID"": ""13074380"",
    ""JOURNEY OWNERS"": ""_______________________"",
    ""LEAD INSIGHT"": ""_______________________"",
    ""Last Click Date"": ""2026-03-07"",
    ""Lead Intent"": ""WARM"",
    ""Lead Owner"": ""user_LvLQHAG6feV9LODrhFZ2MrNOEgMxib4BbYst8isQHSY"",
    ""Lead Quality"": ""Tech to Data"",
    ""Objections Faced?"": [
      ""Think About It""
    ],
    ""Page ID"": ""63640125"",
    ""Reactivation Campaign"": [
      ""June 2026 Mini Blast HT’s"",
      ""June 2026 Promo Blast""
    ],
    ""Reactivation Owner"": ""user_02F09RlA5IQUjzDJSVizPTU5jX34wpDe9fCrwoXF0k8"",
    ""SMS Workflow (Closer First Name)"": ""Mahmoud"",
    ""SMS Workflow (Setter First Name)"": ""Johann"",
    ""Setter"": ""user_Bt4K3UWwUOYGyaBBj5A034puPgWZeaBmkHY6P4giLYA"",
    ""Strategy Call Date & Time"": ""2026-03-10T00:00:00.000000Z"",
    ""Strategy Call Time (Lead's Timezone)"": ""Tuesday, March 9 ⋅ 06:00 PM"",
    ""Strategy Location"": ""https://zoom.us/j/98259017151?pwd=mhjT6AqOdb82axrgJsjxEYpYR5yna1.1"",
    ""Time Zone"": ""America/Chicago"",
    ""Triage Call Time (Lead's Timezone)"": ""Saturday, March 7 ⋅ 11:00 AM"",
    ""Visa Status"": ""US Citizen: Yes"",
    ""[PF] Estimated Credit Score"": ""767.0"",
    ""career goal timeline"": ""Not now, I am just looking"",
    ""handl_ad_id"": ""120226591384070645"",
    ""handl_adset_id"": ""120226591384080645"",
    ""handl_fbc"": ""fb.1.1772147510528.IwZXh0bgNhZW0BMABhZGlkAashcqs8PtVzcnRjBmFwcF9pZAo2NjI4NTY4Mzc5AAEeItCGntoJeWTYglkHIq-fVfUXBBoOI_mSOBorRegrQkqF32qQ3EVoDoSP8Ts_aem_9v0aFbHML7mWUXN3mwowOA"",
    ""handl_fbp"": ""fb.1.1771203228503.687827181741381253"",
    ""handl_first_handlID"": ""1374831379315"",
    ""handl_handlID"": ""1164920235900"",
    ""handl_ip"": ""user_1d6994d8515bf1ef69f8612a65948a31"",
    ""handl_url"": ""https://dataengineerinterviews.com/optin-636376331760632652319?fbc_id=120226591384080645&fbclid=IwZXh0bgNhZW0BMABhZGlkAashcqs8PtVzcnRjBmFwcF9pZAo2NjI4NTY4Mzc5AAEeItCGntoJeWTYglkHIq-fVfUXBBoOI_mSOBorRegrQkqF32qQ3EVoDoSP8Ts_aem_9v0aFbHML7mWUXN3mwowOA&h_ad_id=120226591384070645&utm_campaign=120220560011990645&utm_content=120226591412270645&utm_id=120220560011990645&utm_medium=paid&utm_source=fb&utm_term=120226591384080645"",
    ""handl_user_agent"": ""Mozilla/5.0 (iPhone; CPU iPhone OS 26_2 like Mac OS X) AppleWebKit/605.1.15 (KHTML, like Gecko) Mobile/23C55 Safari/604.1 [FBAN/FBIOS;FBAV/550.0.0.34.65;FBBV/890804754;FBDV/iPhone14,5;FBMD/iPhone;FBSN/iOS;FBSV/26.2;FBSS/3;FBID/phone;FBLC/en_US;FBOP/5;FBRV/0;IABMV/1]"",
    ""handl_utm_campaign"": ""120220560011990645"",
    ""handl_utm_content"": ""120226591412270645"",
    ""handl_utm_medium"": ""paid"",
    ""handl_utm_source"": ""fb"",
    ""handl_utm_term"": ""120226591384080645"",
    ""lead_route"": ""1""
  },
  ""custom.cf_0MA2LAoaDCSl9oMaZudcHJ2uNxewZRKa7KU6OX8HSQL"": ""120226591384080645"",
  ""custom.cf_2FgXkgJz8B7aIgQ8yTEsTJFSpR3D8xf6yMs8DnY6BTJ"": ""user_1d6994d8515bf1ef69f8612a65948a31"",
  ""custom.cf_3LTjHX0x1lgzHVrTefr08rXC0ysvxaL4oyeJ3kWOv9v"": ""user_02F09RlA5IQUjzDJSVizPTU5jX34wpDe9fCrwoXF0k8"",
  ""custom.cf_5puDF6bLDbO0AxYMydnORFpdUf35L58cyBImZfoI6a1"": ""Tuesday, March 9 ⋅ 06:00 PM"",
  ""custom.cf_7JGYSDr5LWvKpyPVNWs5VjZrh5umvZSaE7irREHRSUN"": ""Johann"",
  ""custom.cf_7ZGmboNWnq1ziSsV5ab6e8g1unK0jwEiNmDyYYN9tpO"": ""user_LvLQHAG6feV9LODrhFZ2MrNOEgMxib4BbYst8isQHSY"",
  ""custom.cf_7ZWtXzOYPfLduhXb8fCM0m6L2KawUuubVHq12dKgvI9"": ""_______________________"",
  ""custom.cf_8gr3xBOTh980rxfFhSelzld6wd20H578A4yo86s9cjF"": ""fb.1.1771203228503.687827181741381253"",
  ""custom.cf_9jaBBYTkLKHU3P0aGJ1LIKLNRFt8wBrrEQk5xaZiNIf"": ""120226591384070645"",
  ""custom.cf_DeLLGkRULjyldwA4CA5umg5YrhOT6y0Ex44eycTadS2"": ""13074380"",
  ""custom.cf_G5r51NdcFqvmiLDwkJLb3hzvDzef1ARfaLDzRbqwwrq"": ""120220560011990645"",
  ""custom.cf_HHxrLgXWSOI9xHSZDVaj75LWA2x6N724GPMlVNrFoVm"": ""1164920235900"",
  ""custom.cf_HR0ji6nGFk5vMcsINNzeo3azcmlNtkfXxbbnQPvFfqN"": ""US Citizen: Yes"",
  ""custom.cf_ITJsAQnXD3Odj1etaqY0dYwVLXPmB1yOtcBZFFv03rD"": ""767.0"",
  ""custom.cf_IfVBiV0dZiB872GGAZvhaoFrSLhol6B5jwpjTY52jV6"": ""https://zoom.us/j/98259017151?pwd=mhjT6AqOdb82axrgJsjxEYpYR5yna1.1"",
  ""custom.cf_IrgdpYtm7icLYVgVe2luKRrGI5xXsdBCKL7z5sEtTXJ"": ""Tech to Data"",
  ""custom.cf_JHukP9d2Q7x9GqAONrvYsyZPRPTB3YVrd8FNrytULm8"": ""Not now, I am just looking"",
  ""custom.cf_LtrLGSMhdr5BeYDe7S7L9ABnjNRn87XnFl6ITxswBdh"": ""120226591384080645"",
  ""custom.cf_MUEARCFVH2Lgk0iVzJohMpmRcdXaTqVjH9rCzRyJx3I"": ""WARM"",
  ""custom.cf_O436LOSuO8GhvZymV1ca0HOIO04n0X0EQGGw13HDVde"": ""paid"",
  ""custom.cf_P83hgLlaNWEM7jtAhElMT2NypMQnPE2HuOOw1Bsv5kZ"": ""2026-03-10T00:00:00.000000Z"",
  ""custom.cf_RnvAY4VZsaDSLgIN8VnlalXlBy70ce94ewuozN8bgg3"": ""https://dataengineerinterviews.com/optin-636376331760632652319?fbc_id=120226591384080645&fbclid=IwZXh0bgNhZW0BMABhZGlkAashcqs8PtVzcnRjBmFwcF9pZAo2NjI4NTY4Mzc5AAEeItCGntoJeWTYglkHIq-fVfUXBBoOI_mSOBorRegrQkqF32qQ3EVoDoSP8Ts_aem_9v0aFbHML7mWUXN3mwowOA&h_ad_id=120226591384070645&utm_campaign=120220560011990645&utm_content=120226591412270645&utm_id=120220560011990645&utm_medium=paid&utm_source=fb&utm_term=120226591384080645"",
  ""custom.cf_SPkM9YDQhStMevWVgD5bOE1bvh74Xpu5g0M5iuBgrQ4"": ""120226591412270645"",
  ""custom.cf_Wdliv5pLvi89rA68CDtcsHLKeiIuwJp8fpHHaSIm5eJ"": ""1"",
  ""custom.cf_aIN5Gtqq33tUCCBxFTW63FY6d3mofnKIfFqfWPkvNla"": [
    ""Think About It""
  ],
  ""custom.cf_am3UgCUhyM5iNDtAPL84enDjUrZx1JsyVZ9uD9TbYwG"": ""DE ACADEMY Direct VSL"",
  ""custom.cf_dfJc8efcDpmwKtIhzKVLJ0Ca78SxHj6CPxH8MJrP7r2"": [
    ""June 2026 Mini Blast HT’s"",
    ""June 2026 Promo Blast""
  ],
  ""custom.cf_gB5BL7B924yq2YG0o42MMmiOA8PDZ3d7QS793NIuUAP"": ""_______________________"",
  ""custom.cf_ggzud96efuFJ4pLZDpuBPhupHvO0iR3jMkk9sJPfIMd"": ""1374831379315"",
  ""custom.cf_jr2d8YqWeVF2GF8UqYTLjnOhCF9N61vUOnTTHrwPcPz"": ""63640125"",
  ""custom.cf_lKPgrDilrsGSE6BIYwoQsobmUxEs6Cw3fSWmxyUKnPt"": ""Data Engineer Academy Breakthrough Session / Mahmoud |"",
  ""custom.cf_ljVwaKsdb9FMxA07jJ0RW2CVbROPmyA6DdA8IpjhUJ5"": ""user_a5d73b2513ebbfb60736e9f48c604a1f"",
  ""custom.cf_lmaKBCRKlwK7rseRTFNdDZdFC0wWldeKauxeKpXXiPr"": ""user_bda094bc8c97efffbc0b5d8d3008463b"",
  ""custom.cf_o9EOtES0A8In9L4qeP8a749RrrjvuDyf7m4TIYVAWsK"": ""70k-150k"",
  ""custom.cf_qLg4309N9yt4nBLfisgeu7Z9usosWnbzwoVSpLW1VNv"": ""Mahmoud"",
  ""custom.cf_rCyWUZqqs1zp8gS8fk5GTPFgzLBCt6WQhmrSn9tnJMo"": ""America/Chicago"",
  ""custom.cf_sUefo1kdSSE2ed77kW3nLVJN7hFyGt5EWOoyqCnUi1p"": ""_______________________"",
  ""custom.cf_tTFAjx2TU0Oeo3vgoHFi2UTSk32WS3Dhjrfz0ho3ID4"": ""fb"",
  ""custom.cf_uN3d9UcFrZdySFp0BXGqzAlCw6C6iLwFoMt8moAhpdr"": ""Mozilla/5.0 (iPhone; CPU iPhone OS 26_2 like Mac OS X) AppleWebKit/605.1.15 (KHTML, like Gecko) Mobile/23C55 Safari/604.1 [FBAN/FBIOS;FBAV/550.0.0.34.65;FBBV/890804754;FBDV/iPhone14,5;FBMD/iPhone;FBSN/iOS;FBSV/26.2;FBSS/3;FBID/phone;FBLC/en_US;FBOP/5;FBRV/0;IABMV/1]"",
  ""custom.cf_uph6oRhrkzGk66UtViUrf4PVynL9HP00RBl4gI9GymQ"": ""2026-03-07"",
  ""custom.cf_v385AJ8HSgepKQ3rvqo4yOA3nn49eGqz39DOqojJG5M"": ""user_Bt4K3UWwUOYGyaBBj5A034puPgWZeaBmkHY6P4giLYA"",
  ""custom.cf_wp24VoqhLv6QwwkDkkNCE9XFTchjquWWMIuVM9lGMB5"": ""Highly technical"",
  ""custom.cf_wyMFUTPBRVzRV4CyFuX2lJ1sS6VVfFayRurQovmcalW"": ""fb.1.1772147510528.IwZXh0bgNhZW0BMABhZGlkAashcqs8PtVzcnRjBmFwcF9pZAo2NjI4NTY4Mzc5AAEeItCGntoJeWTYglkHIq-fVfUXBBoOI_mSOBorRegrQkqF32qQ3EVoDoSP8Ts_aem_9v0aFbHML7mWUXN3mwowOA"",
  ""date_created"": ""2026-02-26T23:14:03.500000+00:00"",
  ""date_updated"": ""2026-07-07T01:33:30.772000+00:00"",
  ""description"": """",
  ""display_name"": ""user_7efa42d27278be724e6c8d0ba965e629"",
  ""html_url"": ""https://app.close.com/lead/lead_pkTZH4av8OWigkQHnteu4XaDcoNZOiLuJ7d2TIFaRLs/"",
  ""id"": ""lead_pkTZH4av8OWigkQHnteu4XaDcoNZOiLuJ7d2TIFaRLs"",
  ""integration_links"": [
    {
      ""name"": ""Google Search"",
      ""url"": ""https://google.com/search?q=Karen%20peka""
    }
  ],
  ""name"": """",
  ""opportunities"": [
    {
      ""annualized_expected_value"": 1250000,
      ""annualized_value"": 2500000,
      ""attachments"": [],
      ""confidence"": 50,
      ""contact_id"": ""cont_mkvdRHNbEs4UhDo9Fneln1ulQmONwdpnAqiJd2ERW78"",
      ""contact_name"": ""user_7efa42d27278be724e6c8d0ba965e629"",
      ""created_by"": ""user_RoWq89U2oZOlTTfJScR9pTREnX3AAeNdKnw4YOOcYwG"",
      ""created_by_name"": ""user_eb1efaee45a59705808492017b599a88"",
      ""custom.cf_HXUbFt9DpwvUwJUuRf0wmgP5rgaf76BoU7ElHgmLwBL"": ""5) Strategy Call"",
      ""custom.cf_cGI9OyyDGwmoRPiVEK20ExKAB6WhcNCoYDV1itlVMXF"": [
        ""Gold""
      ],
      ""custom.cf_oPRpL56rIs3TXIM90CdMFen5eCsM0SaJnhALsPs30NS"": ""03/08/2026"",
      ""custom.cf_tHxOwx1Ysk0Xo6sRXhqIHToin8itnyaCHC1vkmHqugh"": ""2026-03-07"",
      ""date_created"": ""2026-02-26T23:14:03.733000+00:00"",
      ""date_lost"": null,
      ""date_updated"": ""2026-07-07T01:33:30.692000+00:00"",
      ""date_won"": null,
      ""expected_value"": 1250000,
      ""id"": ""oppo_cnk80W1KrPdl9n9wWLVjFvb5m9eGEfwVRLi6oIE2fLy"",
      ""integration_links"": [],
      ""lead_id"": ""lead_pkTZH4av8OWigkQHnteu4XaDcoNZOiLuJ7d2TIFaRLs"",
      ""lead_name"": ""user_7efa42d27278be724e6c8d0ba965e629"",
      ""note"": null,
      ""note_html"": null,
      ""organization_id"": ""orga_rq7EW7TTwnrAshSzIQ49jJUWzDxtTQUBBrA4VoRWElD"",
      ""pipeline_id"": ""pipe_4vbnk4hNsnNAwvAembff9d"",
      ""pipeline_name"": ""New Sales"",
      ""status_display_name"": ""New Sales: 3. Short Term Farm- 1 Month"",
      ""status_id"": ""stat_Wp3EQ1L6LDamQlp63EFVkhUNlPIsssiTm8HgUND7P3P"",
      ""status_label"": ""3. Short Term Farm- 1 Month"",
      ""status_type"": ""active"",
      ""updated_by"": ""user_RoWq89U2oZOlTTfJScR9pTREnX3AAeNdKnw4YOOcYwG"",
      ""updated_by_name"": ""user_eb1efaee45a59705808492017b599a88"",
      ""user_id"": ""user_B8T558DOMhUj9bqaNHV4242vxxCig63uDwtAbJjV6mt"",
      ""user_name"": ""user_be6b6c4474804ffccfde4c838d0e2167"",
      ""value"": 2500000,
      ""value_currency"": ""USD"",
      ""value_formatted"": ""$25,000"",
      ""value_period"": ""one_time""
    },
    {
      ""annualized_expected_value"": 0,
      ""annualized_value"": 0,
      ""attachments"": [],
      ""confidence"": 50,
      ""contact_id"": null,
      ""contact_name"": null,
      ""created_by"": ""user_3IEU2x2vU2RSNY0N9e1sYSyMrGKPYe3BggVK59Fdy4g"",
      ""created_by_name"": ""user_e3208c634f9b31491fe389d471dab95a"",
      ""custom.cf_NIICDScHgfDkBRkO7cp3MlVyktSy76dt26cpuxtXh8F"": ""Tech to Data"",
      ""date_created"": ""2026-06-22T23:07:46.380000+00:00"",
      ""date_lost"": null,
      ""date_updated"": ""2026-06-22T23:07:46.380000+00:00"",
      ""date_won"": null,
      ""expected_value"": 0,
      ""id"": ""oppo_XqDJ7zAbK7FFFggbGeRtwoQlESHOSGOaXmQP3nvFfEV"",
      ""integration_links"": [],
      ""lead_id"": ""lead_pkTZH4av8OWigkQHnteu4XaDcoNZOiLuJ7d2TIFaRLs"",
      ""lead_name"": ""user_7efa42d27278be724e6c8d0ba965e629"",
      ""note"": null,
      ""note_html"": null,
      ""organization_id"": ""orga_rq7EW7TTwnrAshSzIQ49jJUWzDxtTQUBBrA4VoRWElD"",
      ""pipeline_id"": ""pipe_4vbnk4hNsnNAwvAembff9d"",
      ""pipeline_name"": ""New Sales"",
      ""status_display_name"": ""New Sales: 0. Strategy Call Scheduled"",
      ""status_id"": ""stat_yZrSNKjLg7851Gq6VfU7berxUYRnr1eximKuLlKYj27"",
      ""status_label"": ""0. Strategy Call Scheduled"",
      ""status_type"": ""active"",
      ""updated_by"": ""user_3IEU2x2vU2RSNY0N9e1sYSyMrGKPYe3BggVK59Fdy4g"",
      ""updated_by_name"": ""user_e3208c634f9b31491fe389d471dab95a"",
      ""user_id"": ""user_3IEU2x2vU2RSNY0N9e1sYSyMrGKPYe3BggVK59Fdy4g"",
      ""user_name"": ""user_e3208c634f9b31491fe389d471dab95a"",
      ""value"": 0,
      ""value_currency"": ""USD"",
      ""value_formatted"": """",
      ""value_period"": ""one_time""
    }
  ],
  ""organization_id"": ""orga_rq7EW7TTwnrAshSzIQ49jJUWzDxtTQUBBrA4VoRWElD"",
  ""status_id"": ""stat_poGoLDlOSWuJd5dDj0FTkf7xSut3NJdzcELIoPpuxmp"",
  ""status_label"": ""Qualified"",
  ""tasks"": [
    {
      ""_type"": ""lead"",
      ""agent_config_id"": null,
      ""assigned_to"": ""user_B8T558DOMhUj9bqaNHV4242vxxCig63uDwtAbJjV6mt"",
      ""assigned_to_name"": ""user_be6b6c4474804ffccfde4c838d0e2167"",
      ""contact_id"": null,
      ""contact_name"": null,
      ""created_by"": ""user_RoWq89U2oZOlTTfJScR9pTREnX3AAeNdKnw4YOOcYwG"",
      ""created_by_name"": ""user_eb1efaee45a59705808492017b599a88"",
      ""date"": ""2026-03-09T07:00:00+00:00"",
      ""date_created"": ""2026-04-20T02:31:24.948000+00:00"",
      ""date_updated"": ""2026-07-07T01:32:14.509000+00:00"",
      ""deduplication_key"": null,
      ""due_date"": ""2026-03-09T07:00:00+00:00"",
      ""id"": ""task_YXWrwyYXalelORsjoSfEF47Kecnxjcl3VBgUm0BuG0m"",
      ""is_complete"": false,
      ""is_dateless"": false,
      ""is_primary_lead_notification"": true,
      ""lead_id"": ""lead_pkTZH4av8OWigkQHnteu4XaDcoNZOiLuJ7d2TIFaRLs"",
      ""lead_name"": ""user_7efa42d27278be724e6c8d0ba965e629"",
      ""object_id"": null,
      ""object_type"": null,
      ""organization_id"": ""orga_rq7EW7TTwnrAshSzIQ49jJUWzDxtTQUBBrA4VoRWElD"",
      ""priority"": ""medium"",
      ""resolution"": null,
      ""sequence_id"": null,
      ""sequence_subscription_id"": null,
      ""text"": ""⚠️ Follow Up Task |   * 1\\. Follow Up\n  * Closer: Mahmoud | Task Creation Date: 03/08/2026"",
      ""updated_by"": ""user_RoWq89U2oZOlTTfJScR9pTREnX3AAeNdKnw4YOOcYwG"",
      ""updated_by_name"": ""user_eb1efaee45a59705808492017b599a88"",
      ""view"": ""inbox""
    },
    {
      ""_type"": ""lead"",
      ""agent_config_id"": null,
      ""assigned_to"": ""user_B8T558DOMhUj9bqaNHV4242vxxCig63uDwtAbJjV6mt"",
      ""assigned_to_name"": ""user_be6b6c4474804ffccfde4c838d0e2167"",
      ""contact_id"": null,
      ""contact_name"": null,
      ""created_by"": ""user_RoWq89U2oZOlTTfJScR9pTREnX3AAeNdKnw4YOOcYwG"",
      ""created_by_name"": ""user_eb1efaee45a59705808492017b599a88"",
      ""date"": ""2026-03-09T07:00:00+00:00"",
      ""date_created"": ""2026-04-20T02:34:40.060000+00:00"",
      ""date_updated"": ""2026-07-07T01:32:16.694000+00:00"",
      ""deduplication_key"": null,
      ""due_date"": ""2026-03-09T07:00:00+00:00"",
      ""id"": ""task_dw2DwWQQ5JpLZT693lA8P8xOWt1dBQx7srtsnLmrXNw"",
      ""is_complete"": false,
      ""is_dateless"": false,
      ""is_primary_lead_notification"": true,
      ""lead_id"": ""lead_pkTZH4av8OWigkQHnteu4XaDcoNZOiLuJ7d2TIFaRLs"",
      ""lead_name"": ""user_7efa42d27278be724e6c8d0ba965e629"",
      ""object_id"": null,
      ""object_type"": null,
      ""organization_id"": ""orga_rq7EW7TTwnrAshSzIQ49jJUWzDxtTQUBBrA4VoRWElD"",
      ""priority"": ""medium"",
      ""resolution"": null,
      ""sequence_id"": null,
      ""sequence_subscription_id"": null,
      ""text"": ""⚠️ Follow Up Task |   * 1\\. Follow Up\n  * Closer: Mahmoud | Task Creation Date: 03/08/2026"",
      ""updated_by"": ""user_RoWq89U2oZOlTTfJScR9pTREnX3AAeNdKnw4YOOcYwG"",
      ""updated_by_name"": ""user_eb1efaee45a59705808492017b599a88"",
      ""view"": ""inbox""
    },
    {
      ""_type"": ""lead"",
      ""agent_config_id"": null,
      ""assigned_to"": ""user_B8T558DOMhUj9bqaNHV4242vxxCig63uDwtAbJjV6mt"",
      ""assigned_to_name"": ""user_be6b6c4474804ffccfde4c838d0e2167"",
      ""contact_id"": null,
      ""contact_name"": null,
      ""created_by"": ""user_LvLQHAG6feV9LODrhFZ2MrNOEgMxib4BbYst8isQHSY"",
      ""created_by_name"": ""user_da2f26456f1c6e7b80821b736160c73a"",
      ""date"": ""2026-03-13T00:14:12+00:00"",
      ""date_created"": ""2026-03-10T00:14:12.282000+00:00"",
      ""date_updated"": ""2026-07-07T01:31:55.156000+00:00"",
      ""deduplication_key"": null,
      ""due_date"": ""2026-03-13T00:14:12+00:00"",
      ""id"": ""task_RBG7BqtxKbYbvSsae3wjPAWxWr9YWMDf0gxKCNfFNQ7"",
      ""is_complete"": false,
      ""is_dateless"": false,
      ""is_primary_lead_notification"": true,
      ""lead_id"": ""lead_pkTZH4av8OWigkQHnteu4XaDcoNZOiLuJ7d2TIFaRLs"",
      ""lead_name"": ""user_7efa42d27278be724e6c8d0ba965e629"",
      ""object_id"": null,
      ""object_type"": null,
      ""organization_id"": ""orga_rq7EW7TTwnrAshSzIQ49jJUWzDxtTQUBBrA4VoRWElD"",
      ""priority"": ""medium"",
      ""resolution"": null,
      ""sequence_id"": null,
      ""sequence_subscription_id"": null,
      ""text"": ""Decide on Data Engineer Academy program; email Mahmoud decision -- WATCH: https://fathom.video/share/UQyMXkHZy5xkB2fv41T7FRxZ-fDyxyyD?timestamp=661.9999"",
      ""updated_by"": ""user_LvLQHAG6feV9LODrhFZ2MrNOEgMxib4BbYst8isQHSY"",
      ""updated_by_name"": ""user_da2f26456f1c6e7b80821b736160c73a"",
      ""view"": ""inbox""
    }
  ],
  ""updated_by"": ""user_LvLQHAG6feV9LODrhFZ2MrNOEgMxib4BbYst8isQHSY"",
  ""updated_by_name"": ""user_da2f26456f1c6e7b80821b736160c73a"",
  ""url"": null
}",2026-07-07 11:01:29.570,leads_raw/leads_raw_20260730_223730_part_00003.json
OBJECT,"{
  ""addresses"": [],
  ""contacts"": [
    {
      ""created_by"": ""user_RoWq89U2oZOlTTfJScR9pTREnX3AAeNdKnw4YOOcYwG"",
      ""date_created"": ""2025-02-18T04:59:45.662000+00:00"",
      ""date_updated"": ""2026-01-19T21:18:55.933000+00:00"",
      ""display_name"": ""user_5a4cd850fc787d454416aa3a47580468"",
      ""emails"": [
        {
          ""email"": ""user_5252851@masked.com"",
          ""is_unsubscribed"": false,
          ""type"": ""direct""
        },
        {
          ""email"": ""user_5252851@masked.com"",
          ""is_unsubscribed"": false,
          ""type"": ""office""
        }
      ],
      ""id"": ""cont_u59SayvjGUFAe1159EyTPdGIPWIHgTfWArTXS5kfSSw"",
      ""integration_links"": [
        {
          ""name"": ""LinkedIn Search"",
          ""url"": ""https://www.linkedin.com/search/results/people/?keywords=shyam""
        }
      ],
      ""lead_id"": ""lead_pm0vUqeygLsWLHnZ4ecegdTXq4pFY6og1UjIwZ1SrNB"",
      ""name"": ""user_5a4cd850fc787d454416aa3a47580468"",
      ""organization_id"": ""orga_rq7EW7TTwnrAshSzIQ49jJUWzDxtTQUBBrA4VoRWElD"",
      ""phones"": [
        {
          ""country"": ""US"",
          ""phone"": ""+1-use-r_b-9b4a"",
          ""phone_formatted"": ""+1-use-r_3-c9fd"",
          ""type"": ""direct""
        }
      ],
      ""timezone"": ""America/Los_Angeles"",
      ""timezone_source"": ""inferred_from_phone_number"",
      ""title"": """",
      ""updated_by"": ""user_C2FAoq082j0eYvcKjn4tfMwmwUGIvvlmthEW2OFtJUd"",
      ""urls"": []
    }
  ],
  ""created_by"": ""user_RoWq89U2oZOlTTfJScR9pTREnX3AAeNdKnw4YOOcYwG"",
  ""created_by_name"": ""user_eb1efaee45a59705808492017b599a88"",
  ""custom"": {
    ""App Grade"": ""3 - Qualified"",
    ""Avatar"": ""Highly technical"",
    ""CALL RECORDS"": ""_______________________"",
    ""CSM"": ""user_CcihLqVKQqD08sOiK3McUbM3MSTDwVIRrYQwfz03HE8"",
    ""Calendar Source"": ""Data Engineer Academy Breakthrough Session / Mahmoud |"",
    ""Contract End Date"": ""2027-01-19"",
    ""Contract Start Date"": ""2026-01-19"",
    ""Funnel"": ""de_vsl_funnel"",
    ""Funnel ID"": ""13074380"",
    ""HADES"": ""2025-12-18"",
    ""HADES TYPE"": [
      ""N/C 45""
    ],
    ""JOURNEY OWNERS"": ""_______________________"",
    ""LEAD INSIGHT"": ""_______________________"",
    ""Last Click Date"": ""2026-01-16"",
    ""Lead Owner"": ""user_LvLQHAG6feV9LODrhFZ2MrNOEgMxib4BbYst8isQHSY"",
    ""Lead Source"": [
      ""VSL Typeform""
    ],
    ""Page ID"": ""62306128"",
    ""Reactivation Campaign"": [
      ""May 2025 Price Bump SMS"",
      ""ReActiv- Aug 2025 Old Strat N/S+R/S""
    ],
    ""Reactivation Owner"": ""user_ci7gp5InYtoqpNktVZplrgf5Xre7fDzoSAuM9kHuwse"",
    ""SMS Workflow (Closer First Name)"": ""Mahmoud"",
    ""SMS Workflow (Setter First Name)"": ""Miguel"",
    ""Setter"": ""user_nDycH3d5wn1pmMAhkC8dq4O7E2zExikgamMxXh8FztV"",
    ""Strategy Call Date & Time"": ""2026-01-19T18:00:00.000000Z"",
    ""Strategy Call Time (Lead's Timezone)"": ""Monday, January 19 ⋅ 01:00 PM"",
    ""Strategy Location"": ""https://zoom.us/j/97387683642?pwd=rdVJyo2SRE0QVpIVAxMUp3eifs9YYO.1"",
    ""Time Zone"": ""America/New_York"",
    ""Triage Call Time (Lead's Timezone)"": ""Thursday, January 14 ⋅ 5:30 PM""
  },
  ""custom.cf_0ZL1b2F0Y2SCZTssSTNZ39sfTkJmezrBLl7dwKElKdY"": ""2025-12-18"",
  ""custom.cf_3LTjHX0x1lgzHVrTefr08rXC0ysvxaL4oyeJ3kWOv9v"": ""user_ci7gp5InYtoqpNktVZplrgf5Xre7fDzoSAuM9kHuwse"",
  ""custom.cf_44U7VGIwUXIDMUI74S0iXZDmvZEbyeLTLIsCiofhWXC"": ""2027-01-19"",
  ""custom.cf_5puDF6bLDbO0AxYMydnORFpdUf35L58cyBImZfoI6a1"": ""Monday, January 19 ⋅ 01:00 PM"",
  ""custom.cf_7JGYSDr5LWvKpyPVNWs5VjZrh5umvZSaE7irREHRSUN"": ""Miguel"",
  ""custom.cf_7ZGmboNWnq1ziSsV5ab6e8g1unK0jwEiNmDyYYN9tpO"": ""user_LvLQHAG6feV9LODrhFZ2MrNOEgMxib4BbYst8isQHSY"",
  ""custom.cf_7ZWtXzOYPfLduhXb8fCM0m6L2KawUuubVHq12dKgvI9"": ""_______________________"",
  ""custom.cf_DeLLGkRULjyldwA4CA5umg5YrhOT6y0Ex44eycTadS2"": ""13074380"",
  ""custom.cf_F6bGF8IWYwP6LhT7jmOSXp6UMjL9RYjU53m6UhqEfJf"": ""user_CcihLqVKQqD08sOiK3McUbM3MSTDwVIRrYQwfz03HE8"",
  ""custom.cf_FtWdP6puIGov5z0T5r4W6vsbgh0STkvip3QhVfxk7ZP"": ""user_5e13ddfac5f1f81b4f3e8a276a90dd4c"",
  ""custom.cf_IfVBiV0dZiB872GGAZvhaoFrSLhol6B5jwpjTY52jV6"": ""https://zoom.us/j/97387683642?pwd=rdVJyo2SRE0QVpIVAxMUp3eifs9YYO.1"",
  ""custom.cf_P83hgLlaNWEM7jtAhElMT2NypMQnPE2HuOOw1Bsv5kZ"": ""2026-01-19T18:00:00.000000Z"",
  ""custom.cf_UarLlGlju7BawmZJBrc1RYyxILy64ucuJohEOFcp4my"": ""3 - Qualified"",
  ""custom.cf_am3UgCUhyM5iNDtAPL84enDjUrZx1JsyVZ9uD9TbYwG"": ""de_vsl_funnel"",
  ""custom.cf_dfJc8efcDpmwKtIhzKVLJ0Ca78SxHj6CPxH8MJrP7r2"": [
    ""May 2025 Price Bump SMS"",
    ""ReActiv- Aug 2025 Old Strat N/S+R/S""
  ],
  ""custom.cf_gB5BL7B924yq2YG0o42MMmiOA8PDZ3d7QS793NIuUAP"": ""_______________________"",
  ""custom.cf_jr2d8YqWeVF2GF8UqYTLjnOhCF9N61vUOnTTHrwPcPz"": ""62306128"",
  ""custom.cf_lKPgrDilrsGSE6BIYwoQsobmUxEs6Cw3fSWmxyUKnPt"": ""Data Engineer Academy Breakthrough Session / Mahmoud |"",
  ""custom.cf_lmaKBCRKlwK7rseRTFNdDZdFC0wWldeKauxeKpXXiPr"": ""user_06fb2018bb9a638039275080fa8c4b95"",
  ""custom.cf_qLg4309N9yt4nBLfisgeu7Z9usosWnbzwoVSpLW1VNv"": ""Mahmoud"",
  ""custom.cf_qfopqGasPQqqQAqkgZmfJrjxKCEiYKIewjt5FX3vQRQ"": [
    ""N/C 45""
  ],
  ""custom.cf_r0QHY6IbVoodShQZWGJpLtWHKsFPqQjBDdF0QFNVtHS"": [
    ""VSL Typeform""
  ],
  ""custom.cf_rCyWUZqqs1zp8gS8fk5GTPFgzLBCt6WQhmrSn9tnJMo"": ""America/New_York"",
  ""custom.cf_sUefo1kdSSE2ed77kW3nLVJN7hFyGt5EWOoyqCnUi1p"": ""_______________________"",
  ""custom.cf_uph6oRhrkzGk66UtViUrf4PVynL9HP00RBl4gI9GymQ"": ""2026-01-16"",
  ""custom.cf_v385AJ8HSgepKQ3rvqo4yOA3nn49eGqz39DOqojJG5M"": ""user_nDycH3d5wn1pmMAhkC8dq4O7E2zExikgamMxXh8FztV"",
  ""custom.cf_wp24VoqhLv6QwwkDkkNCE9XFTchjquWWMIuVM9lGMB5"": ""Highly technical"",
  ""date_created"": ""2025-02-18T04:59:45.642000+00:00"",
  ""date_updated"": ""2026-07-07T01:34:08.053000+00:00"",
  ""description"": ""deposit refund"",
  ""display_name"": ""user_a883f6a973f6ca4b5e6e1590ae133250"",
  ""html_url"": ""https://app.close.com/lead/lead_pm0vUqeygLsWLHnZ4ecegdTXq4pFY6og1UjIwZ1SrNB/"",
  ""id"": ""lead_pm0vUqeygLsWLHnZ4ecegdTXq4pFY6og1UjIwZ1SrNB"",
  ""integration_links"": [
    {
      ""name"": ""Google Search"",
      ""url"": ""https://google.com/search?q=Shyam%20Dhuli""
    }
  ],
  ""name"": ""user_a883f6a973f6ca4b5e6e1590ae133250"",
  ""opportunities"": [
    {
      ""annualized_expected_value"": 0,
      ""annualized_value"": 0,
      ""attachments"": [],
      ""confidence"": 50,
      ""contact_id"": ""cont_u59SayvjGUFAe1159EyTPdGIPWIHgTfWArTXS5kfSSw"",
      ""contact_name"": ""user_5a4cd850fc787d454416aa3a47580468"",
      ""created_by"": ""user_RoWq89U2oZOlTTfJScR9pTREnX3AAeNdKnw4YOOcYwG"",
      ""created_by_name"": ""user_eb1efaee45a59705808492017b599a88"",
      ""custom.cf_oPRpL56rIs3TXIM90CdMFen5eCsM0SaJnhALsPs30NS"": ""2026-01-19T18:00:00.000000Z"",
      ""date_created"": ""2025-02-18T05:12:01.453000+00:00"",
      ""date_lost"": null,
      ""date_updated"": ""2026-07-07T01:34:07.951000+00:00"",
      ""date_won"": null,
      ""expected_value"": 0,
      ""id"": ""oppo_e8AmqY3BlJewOT16vhgWVHjst3pf1XESu0geZfR8Zmc"",
      ""integration_links"": [],
      ""lead_id"": ""lead_pm0vUqeygLsWLHnZ4ecegdTXq4pFY6og1UjIwZ1SrNB"",
      ""lead_name"": ""user_a883f6a973f6ca4b5e6e1590ae133250"",
      ""note"": """",
      ""note_html"": null,
      ""organization_id"": ""orga_rq7EW7TTwnrAshSzIQ49jJUWzDxtTQUBBrA4VoRWElD"",
      ""pipeline_id"": ""pipe_4vbnk4hNsnNAwvAembff9d"",
      ""pipeline_name"": ""New Sales"",
      ""status_display_name"": ""New Sales: 0. Strategy Call Scheduled"",
      ""status_id"": ""stat_yZrSNKjLg7851Gq6VfU7berxUYRnr1eximKuLlKYj27"",
      ""status_label"": ""0. Strategy Call Scheduled"",
      ""status_type"": ""active"",
      ""updated_by"": ""user_RoWq89U2oZOlTTfJScR9pTREnX3AAeNdKnw4YOOcYwG"",
      ""updated_by_name"": ""user_eb1efaee45a59705808492017b599a88"",
      ""user_id"": ""user_B8T558DOMhUj9bqaNHV4242vxxCig63uDwtAbJjV6mt"",
      ""user_name"": ""user_be6b6c4474804ffccfde4c838d0e2167"",
      ""value"": 0,
      ""value_currency"": ""USD"",
      ""value_formatted"": """",
      ""value_period"": ""one_time""
    }
  ],
  ""organization_id"": ""orga_rq7EW7TTwnrAshSzIQ49jJUWzDxtTQUBBrA4VoRWElD"",
  ""status_id"": ""stat_oC7LIcaCoHq8WMPD41VtKqiqYJfW682hjBJLA0Q4Jpe"",
  ""status_label"": ""Unqualified"",
  ""tasks"": [],
  ""updated_by"": ""user_LvLQHAG6feV9LODrhFZ2MrNOEgMxib4BbYst8isQHSY"",
  ""updated_by_name"": ""user_da2f26456f1c6e7b80821b736160c73a"",
  ""url"": null
}",2026-07-07 11:01:29.570,leads_raw/leads_raw_20260730_223730_part_00003.json
OBJECT,"{
  ""addresses"": [],
  ""contacts"": [
    {
      ""created_by"": ""user_RoWq89U2oZOlTTfJScR9pTREnX3AAeNdKnw4YOOcYwG"",
      ""date_created"": ""2026-04-13T21:54:45.579000+00:00"",
      ""date_updated"": ""2026-04-13T21:54:45.579000+00:00"",
      ""display_name"": ""user_d711df446df7e373f52766a1c8f0a6ae"",
      ""emails"": [
        {
          ""email"": ""user_7afb37e@masked.com"",
          ""is_unsubscribed"": false,
          ""type"": ""direct""
        }
      ],
      ""id"": ""cont_rzkqOw1czv7TT7JwXZEXZqfcQQz5PDqakvG1IAHyVd0"",
      ""integration_links"": [
        {
          ""name"": ""LinkedIn Search"",
          ""url"": ""https://www.linkedin.com/search/results/people/?keywords=Kendrick%20Dixon""
        }
      ],
      ""lead_id"": ""lead_pmOYzlIzJEhlnWdvy4eZAjskHi2Uet8jkNOY9ZCUKOE"",
      ""name"": ""user_d711df446df7e373f52766a1c8f0a6ae"",
      ""organization_id"": ""orga_rq7EW7TTwnrAshSzIQ49jJUWzDxtTQUBBrA4VoRWElD"",
      ""phones"": [
        {
          ""country"": ""US"",
          ""phone"": ""+1-use-r_4-3522"",
          ""phone_formatted"": ""+1-use-r_d-63da"",
          ""type"": ""direct""
        }
      ],
      ""timezone"": ""America/New_York"",
      ""timezone_source"": ""inferred_from_phone_number"",
      ""title"": null,
      ""updated_by"": ""user_RoWq89U2oZOlTTfJScR9pTREnX3AAeNdKnw4YOOcYwG"",
      ""urls"": []
    }
  ],
  ""created_by"": ""user_RoWq89U2oZOlTTfJScR9pTREnX3AAeNdKnw4YOOcYwG"",
  ""created_by_name"": ""user_eb1efaee45a59705808492017b599a88"",
  ""custom"": {
    ""Current Salary"": ""70k-150k"",
    ""Funnel"": ""YT DE ACADEMY Direct VSL"",
    ""Funnel ID"": ""13386968"",
    ""LEAD INSIGHT"": ""_______________________"",
    ""Lead Intent"": ""COLD"",
    ""Lead Quality"": ""Full Transitioner"",
    ""Page ID"": ""63625424"",
    ""Setter"": ""user_eB6Y3KqgZ0MR4J6ql9IjqavTM8QDUyFY6zrrH4leArT"",
    ""Time Zone"": ""Eastern Time (US & Canada)"",
    ""Visa Status"": ""US Citizen: Yes"",
    ""career goal timeline"": ""As soon as possible"",
    ""lead_route"": ""2""
  },
  ""custom.cf_7ZWtXzOYPfLduhXb8fCM0m6L2KawUuubVHq12dKgvI9"": ""_______________________"",
  ""custom.cf_DeLLGkRULjyldwA4CA5umg5YrhOT6y0Ex44eycTadS2"": ""13386968"",
  ""custom.cf_HR0ji6nGFk5vMcsINNzeo3azcmlNtkfXxbbnQPvFfqN"": ""US Citizen: Yes"",
  ""custom.cf_IrgdpYtm7icLYVgVe2luKRrGI5xXsdBCKL7z5sEtTXJ"": ""Full Transitioner"",
  ""custom.cf_JHukP9d2Q7x9GqAONrvYsyZPRPTB3YVrd8FNrytULm8"": ""As soon as possible"",
  ""custom.cf_MUEARCFVH2Lgk0iVzJohMpmRcdXaTqVjH9rCzRyJx3I"": ""COLD"",
  ""custom.cf_Wdliv5pLvi89rA68CDtcsHLKeiIuwJp8fpHHaSIm5eJ"": ""2"",
  ""custom.cf_am3UgCUhyM5iNDtAPL84enDjUrZx1JsyVZ9uD9TbYwG"": ""YT DE ACADEMY Direct VSL"",
  ""custom.cf_jr2d8YqWeVF2GF8UqYTLjnOhCF9N61vUOnTTHrwPcPz"": ""63625424"",
  ""custom.cf_o9EOtES0A8In9L4qeP8a749RrrjvuDyf7m4TIYVAWsK"": ""70k-150k"",
  ""custom.cf_rCyWUZqqs1zp8gS8fk5GTPFgzLBCt6WQhmrSn9tnJMo"": ""Eastern Time (US & Canada)"",
  ""custom.cf_v385AJ8HSgepKQ3rvqo4yOA3nn49eGqz39DOqojJG5M"": ""user_eB6Y3KqgZ0MR4J6ql9IjqavTM8QDUyFY6zrrH4leArT"",
  ""date_created"": ""2026-04-13T21:54:45.557000+00:00"",
  ""date_updated"": ""2026-07-06T23:37:16.753000+00:00"",
  ""description"": """",
  ""display_name"": ""user_d711df446df7e373f52766a1c8f0a6ae"",
  ""html_url"": ""https://app.close.com/lead/lead_pmOYzlIzJEhlnWdvy4eZAjskHi2Uet8jkNOY9ZCUKOE/"",
  ""id"": ""lead_pmOYzlIzJEhlnWdvy4eZAjskHi2Uet8jkNOY9ZCUKOE"",
  ""integration_links"": [
    {
      ""name"": ""Google Search"",
      ""url"": ""https://google.com/search?q=Kendrick%20Dixon""
    }
  ],
  ""name"": """",
  ""opportunities"": [
    {
      ""annualized_expected_value"": 0,
      ""annualized_value"": 0,
      ""attachments"": [],
      ""confidence"": 50,
      ""contact_id"": null,
      ""contact_name"": null,
      ""created_by"": ""user_RoWq89U2oZOlTTfJScR9pTREnX3AAeNdKnw4YOOcYwG"",
      ""created_by_name"": ""user_eb1efaee45a59705808492017b599a88"",
      ""date_created"": ""2026-04-13T21:54:45.808000+00:00"",
      ""date_lost"": null,
      ""date_updated"": ""2026-04-13T21:54:45.808000+00:00"",
      ""date_won"": null,
      ""expected_value"": 0,
      ""id"": ""oppo_0ra2pVOU0kjN8MYWlV6cImMg3HMbCYHHnoB1U6hYKHe"",
      ""integration_links"": [],
      ""lead_id"": ""lead_pmOYzlIzJEhlnWdvy4eZAjskHi2Uet8jkNOY9ZCUKOE"",
      ""lead_name"": ""user_d711df446df7e373f52766a1c8f0a6ae"",
      ""note"": null,
      ""note_html"": null,
      ""organization_id"": ""orga_rq7EW7TTwnrAshSzIQ49jJUWzDxtTQUBBrA4VoRWElD"",
      ""pipeline_id"": ""pipe_1kD67pLoR967B9HD6JsI86"",
      ""pipeline_name"": ""Setter Pipeline"",
      ""status_display_name"": ""Setter Pipeline: 0. New Opt-Ins"",
      ""status_id"": ""stat_3kWI7qpACeU410wAwUJ9DqEWv7D2Wdixe9PxXi04yFv"",
      ""status_label"": ""0. New Opt-Ins"",
      ""status_type"": ""active"",
      ""updated_by"": ""user_RoWq89U2oZOlTTfJScR9pTREnX3AAeNdKnw4YOOcYwG"",
      ""updated_by_name"": ""user_eb1efaee45a59705808492017b599a88"",
      ""user_id"": ""user_RoWq89U2oZOlTTfJScR9pTREnX3AAeNdKnw4YOOcYwG"",
      ""user_name"": ""user_eb1efaee45a59705808492017b599a88"",
      ""value"": 0,
      ""value_currency"": ""USD"",
      ""value_formatted"": """",
      ""value_period"": ""one_time""
    }
  ],
  ""organization_id"": ""orga_rq7EW7TTwnrAshSzIQ49jJUWzDxtTQUBBrA4VoRWElD"",
  ""status_id"": ""stat_w883GIAbRCWhns1gvURwAaImLfsmA4SwN5HYLsToMOY"",
  ""status_label"": ""Potential"",
  ""tasks"": [],
  ""updated_by"": ""user_eB6Y3KqgZ0MR4J6ql9IjqavTM8QDUyFY6zrrH4leArT"",
  ""updated_by_name"": ""user_3dc981dd543339fc49d510bf6f795ea9"",
  ""url"": null
}",2026-07-07 11:01:29.570,leads_raw/leads_raw_20260730_223730_part_00003.json
OBJECT,"{
  ""addresses"": [],
  ""contacts"": [
    {
      ""created_by"": ""user_RoWq89U2oZOlTTfJScR9pTREnX3AAeNdKnw4YOOcYwG"",
      ""date_created"": ""2024-11-09T12:53:39.402000+00:00"",
      ""date_updated"": ""2024-11-09T12:55:39.774000+00:00"",
      ""display_name"": ""user_5f1c5342818bf8c161d8ff4e18ff1720"",
      ""emails"": [
        {
          ""email"": ""user_139565e@masked.com"",
          ""is_unsubscribed"": false,
          ""type"": ""direct""
        }
      ],
      ""id"": ""cont_od53KkKZ8LiPvigFWdHB8xTf6SPy5y4iEQhkOoD9gqq"",
      ""integration_links"": [
        {
          ""name"": ""LinkedIn Search"",
          ""url"": ""https://www.linkedin.com/search/results/people/?keywords=Sanjay""
        }
      ],
      ""lead_id"": ""lead_pnwo2Fld85mGj4ZJ5NlQI20nGCe4ef4kyDvC9Gs9Ipa"",
      ""name"": ""user_5f1c5342818bf8c161d8ff4e18ff1720"",
      ""organization_id"": ""orga_rq7EW7TTwnrAshSzIQ49jJUWzDxtTQUBBrA4VoRWElD"",
      ""phones"": [
        {
          ""country"": ""US"",
          ""phone"": ""+1-use-r_3-49e9"",
          ""phone_formatted"": ""+1-use-r_3-bef9"",
          ""type"": ""office""
        },
        {
          ""country"": ""US"",
          ""phone"": ""+1-use-r_3-49e9"",
          ""phone_formatted"": ""+1-use-r_3-bef9"",
          ""type"": ""direct""
        }
      ],
      ""timezone"": ""America/New_York"",
      ""timezone_source"": ""inferred_from_phone_number"",
      ""title"": """",
      ""updated_by"": ""user_RoWq89U2oZOlTTfJScR9pTREnX3AAeNdKnw4YOOcYwG"",
      ""urls"": []
    }
  ],
  ""created_by"": ""user_RoWq89U2oZOlTTfJScR9pTREnX3AAeNdKnw4YOOcYwG"",
  ""created_by_name"": ""user_eb1efaee45a59705808492017b599a88"",
  ""custom"": {
    ""App Grade"": ""3 - Qualified"",
    ""Avatar"": ""N/A"",
    ""Calendar Source"": ""Data Engineer Academy Info Session (YT) |"",
    ""Funnel"": ""de_vsl_funnel"",
    ""Funnel ID"": ""13386968"",
    ""HADES"": ""2025-12-19"",
    ""HADES TYPE"": [
      ""STRAT 30+""
    ],
    ""Lead Owner"": ""user_LvLQHAG6feV9LODrhFZ2MrNOEgMxib4BbYst8isQHSY"",
    ""Lead Source"": [
      ""Organic Traffic Typeform""
    ],
    ""Page ID"": ""62330063"",
    ""Reactivation Campaign"": [
      ""June 2026 Promo Blast"",
      ""Open Season Closer: Strategy No Shows/ R/S + CxI-Nurture, No Communication >45 Days""
    ],
    ""Reactivation Owner"": ""user_bC0YC1M3k1Kw2iSOa1DKZj6VPisM8aduT611puAHjJR"",
    ""Reserved"": ""Yes"",
    ""SMS Workflow (Setter First Name)"": ""Yousef"",
    ""Setter"": ""user_FzCzWHckcwSn1se1uqnb6huS1B8gOKbOpyHEh2U4v5o"",
    ""Strategy Call Date & Time"": ""2024-11-10T17:00:00.000000Z"",
    ""Time Zone"": ""Arizona"",
    ""[PF] Available Amount"": ""$16,000"",
    ""[PF] Estimated Credit Score"": ""Below 600"",
    ""[PF] Secured Revolving Credit Lines"": ""0% Unsecured Funding""
  },
  ""custom.cf_0ZL1b2F0Y2SCZTssSTNZ39sfTkJmezrBLl7dwKElKdY"": ""2025-12-19"",
  ""custom.cf_3LTjHX0x1lgzHVrTefr08rXC0ysvxaL4oyeJ3kWOv9v"": ""user_bC0YC1M3k1Kw2iSOa1DKZj6VPisM8aduT611puAHjJR"",
  ""custom.cf_7JGYSDr5LWvKpyPVNWs5VjZrh5umvZSaE7irREHRSUN"": ""Yousef"",
  ""custom.cf_7ZGmboNWnq1ziSsV5ab6e8g1unK0jwEiNmDyYYN9tpO"": ""user_LvLQHAG6feV9LODrhFZ2MrNOEgMxib4BbYst8isQHSY"",
  ""custom.cf_DeLLGkRULjyldwA4CA5umg5YrhOT6y0Ex44eycTadS2"": ""13386968"",
  ""custom.cf_HHwBGqv3Lo4oQpqff3AUx58bxPANrGePeklLFShhXPm"": ""$16,000"",
  ""custom.cf_ITJsAQnXD3Odj1etaqY0dYwVLXPmB1yOtcBZFFv03rD"": ""Below 600"",
  ""custom.cf_P83hgLlaNWEM7jtAhElMT2NypMQnPE2HuOOw1Bsv5kZ"": ""2024-11-10T17:00:00.000000Z"",
  ""custom.cf_UarLlGlju7BawmZJBrc1RYyxILy64ucuJohEOFcp4my"": ""3 - Qualified"",
  ""custom.cf_Xe0blrOQtALAcMMjo9kouiQdXn6Vso4BET8oOFbXX5W"": ""0% Unsecured Funding"",
  ""custom.cf_ZUwctIuc6Derqc3yQbueO4rvgepydz9waaJVD29ToPp"": ""Yes"",
  ""custom.cf_am3UgCUhyM5iNDtAPL84enDjUrZx1JsyVZ9uD9TbYwG"": ""de_vsl_funnel"",
  ""custom.cf_dfJc8efcDpmwKtIhzKVLJ0Ca78SxHj6CPxH8MJrP7r2"": [
    ""June 2026 Promo Blast"",
    ""Open Season Closer: Strategy No Shows/ R/S + CxI-Nurture, No Communication >45 Days""
  ],
  ""custom.cf_jr2d8YqWeVF2GF8UqYTLjnOhCF9N61vUOnTTHrwPcPz"": ""62330063"",
  ""custom.cf_lKPgrDilrsGSE6BIYwoQsobmUxEs6Cw3fSWmxyUKnPt"": ""Data Engineer Academy Info Session (YT) |"",
  ""custom.cf_qfopqGasPQqqQAqkgZmfJrjxKCEiYKIewjt5FX3vQRQ"": [
    ""STRAT 30+""
  ],
  ""custom.cf_r0QHY6IbVoodShQZWGJpLtWHKsFPqQjBDdF0QFNVtHS"": [
    ""Organic Traffic Typeform""
  ],
  ""custom.cf_rCyWUZqqs1zp8gS8fk5GTPFgzLBCt6WQhmrSn9tnJMo"": ""Arizona"",
  ""custom.cf_v385AJ8HSgepKQ3rvqo4yOA3nn49eGqz39DOqojJG5M"": ""user_FzCzWHckcwSn1se1uqnb6huS1B8gOKbOpyHEh2U4v5o"",
  ""custom.cf_wp24VoqhLv6QwwkDkkNCE9XFTchjquWWMIuVM9lGMB5"": ""N/A"",
  ""date_created"": ""2024-11-09T12:53:39.377000+00:00"",
  ""date_updated"": ""2026-07-06T13:02:08.063000+00:00"",
  ""description"": """",
  ""display_name"": ""user_5f1c5342818bf8c161d8ff4e18ff1720"",
  ""html_url"": ""https://app.close.com/lead/lead_pnwo2Fld85mGj4ZJ5NlQI20nGCe4ef4kyDvC9Gs9Ipa/"",
  ""id"": ""lead_pnwo2Fld85mGj4ZJ5NlQI20nGCe4ef4kyDvC9Gs9Ipa"",
  ""integration_links"": [
    {
      ""name"": ""Google Search"",
      ""url"": ""https://google.com/search?q=Sanjay""
    }
  ],
  ""name"": """",
  ""opportunities"": [
    {
      ""annualized_expected_value"": 0,
      ""annualized_value"": 0,
      ""attachments"": [],
      ""confidence"": 50,
      ""contact_id"": null,
      ""contact_name"": null,
      ""created_by"": ""user_mrokNuNoTE6Z44kv7DzHfPrePPQFLe2tMKwJKaY4urL"",
      ""created_by_name"": ""user_d71fd42f0d973ea716507bc8a081287e"",
      ""date_created"": ""2024-11-10T18:10:35.186000+00:00"",
      ""date_lost"": null,
      ""date_updated"": ""2026-06-19T20:39:41.498000+00:00"",
      ""date_won"": null,
      ""expected_value"": 0,
      ""id"": ""oppo_YTqAL9jHOj0xOM7xbRCxEyhuSJLkJMhUNjgHfxpqzRr"",
      ""integration_links"": [],
      ""lead_id"": ""lead_pnwo2Fld85mGj4ZJ5NlQI20nGCe4ef4kyDvC9Gs9Ipa"",
      ""lead_name"": ""user_5f1c5342818bf8c161d8ff4e18ff1720"",
      ""note"": """",
      ""note_html"": null,
      ""organization_id"": ""orga_rq7EW7TTwnrAshSzIQ49jJUWzDxtTQUBBrA4VoRWElD"",
      ""pipeline_id"": ""pipe_1kD67pLoR967B9HD6JsI86"",
      ""pipeline_name"": ""Setter Pipeline"",
      ""status_display_name"": ""Setter Pipeline: 1. Connected"",
      ""status_id"": ""stat_q7mnccygNmESLanpER3yHZ0sgXzMPz7mxKcrnzfKPsj"",
      ""status_label"": ""1. Connected"",
      ""status_type"": ""active"",
      ""updated_by"": ""user_RoWq89U2oZOlTTfJScR9pTREnX3AAeNdKnw4YOOcYwG"",
      ""updated_by_name"": ""user_eb1efaee45a59705808492017b599a88"",
      ""user_id"": ""user_FzCzWHckcwSn1se1uqnb6huS1B8gOKbOpyHEh2U4v5o"",
      ""user_name"": ""user_ee2d7836a7fa3bde7c995bfbc23f7554"",
      ""value"": 0,
      ""value_currency"": ""USD"",
      ""value_formatted"": """",
      ""value_period"": ""one_time""
    }
  ],
  ""organization_id"": ""orga_rq7EW7TTwnrAshSzIQ49jJUWzDxtTQUBBrA4VoRWElD"",
  ""status_id"": ""stat_w883GIAbRCWhns1gvURwAaImLfsmA4SwN5HYLsToMOY"",
  ""status_label"": ""Potential"",
  ""tasks"": [],
  ""updated_by"": ""user_LvLQHAG6feV9LODrhFZ2MrNOEgMxib4BbYst8isQHSY"",
  ""updated_by_name"": ""user_da2f26456f1c6e7b80821b736160c73a"",
  ""url"": null
}",2026-07-07 11:01:29.570,leads_raw/leads_raw_20260730_223730_part_00003.json
OBJECT,"{
  ""addresses"": [],
  ""contacts"": [
    {
      ""created_by"": ""user_RoWq89U2oZOlTTfJScR9pTREnX3AAeNdKnw4YOOcYwG"",
      ""date_created"": ""2026-06-25T00:28:38.653000+00:00"",
      ""date_updated"": ""2026-06-25T00:28:38.653000+00:00"",
      ""display_name"": ""user_bf61bcfc24afa55c23a9cc1514daa368"",
      ""emails"": [
        {
          ""email"": ""user_6394e60@masked.com"",
          ""is_unsubscribed"": false,
          ""type"": ""direct""
        }
      ],
      ""id"": ""cont_hoMXfIKja0iT51BJgUIwA0c1IMGJIrKcHNV2EcFaZ6y"",
      ""integration_links"": [
        {
          ""name"": ""LinkedIn Search"",
          ""url"": ""https://www.linkedin.com/search/results/people/?keywords=Busrat""
        }
      ],
      ""lead_id"": ""lead_pojzSWNSMXgxYmTBASdLOXb8rj8GZHsmapPWH27slOR"",
      ""name"": ""user_bf61bcfc24afa55c23a9cc1514daa368"",
      ""organization_id"": ""orga_rq7EW7TTwnrAshSzIQ49jJUWzDxtTQUBBrA4VoRWElD"",
      ""phones"": [
        {
          ""country"": ""US"",
          ""phone"": ""+1-use-r_e-4db5"",
          ""phone_formatted"": ""+1-use-r_7-8897"",
          ""type"": ""direct""
        }
      ],
      ""timezone"": ""America/New_York"",
      ""timezone_source"": ""inferred_from_phone_number"",
      ""title"": null,
      ""updated_by"": ""user_RoWq89U2oZOlTTfJScR9pTREnX3AAeNdKnw4YOOcYwG"",
      ""urls"": []
    }
  ],
  ""created_by"": ""user_RoWq89U2oZOlTTfJScR9pTREnX3AAeNdKnw4YOOcYwG"",
  ""created_by_name"": ""user_eb1efaee45a59705808492017b599a88"",
  ""custom"": {
    ""Current Salary"": ""0-70k"",
    ""Funnel"": ""YT DE ACADEMY Direct VSL"",
    ""Funnel ID"": ""13386968"",
    ""LEAD INSIGHT"": ""_______________________"",
    ""Lead Intent"": ""COLD"",
    ""Lead Quality"": ""Tech to Data"",
    ""Page ID"": ""63625424"",
    ""Setter"": ""user_jlATOo2KAeSrKsr3YTpBJurKA25Hl3XnILIcIklPGsv"",
    ""Time Zone"": ""Eastern Time (US & Canada)"",
    ""Visa Status"": ""US Citizen: No"",
    ""career goal timeline"": ""Within the next 30 day"",
    ""handl_first_handlID"": ""9294867601543"",
    ""handl_gclid"": ""CjwKCAjwgO7RBhBKEiwAZNP85kwQFBurrn8Noh4AIMppsP3aY5kjfKTAcOiby00INKN5d9nHYdvqQBoCBa8QAvD_BwE"",
    ""handl_handlID"": ""183354826532"",
    ""handl_ip"": ""user_30291c92c2ce5e81a52e2622b2470adb"",
    ""handl_url"": ""https://dataengineerinterviews.com/optin-yt63625424?gad_campaignid=23258663992&gad_source=2&gc_id=23254431581&gclid=CjwKCAjwgO7RBhBKEiwAZNP85kwQFBurrn8Noh4AIMppsP3aY5kjfKTAcOiby00INKN5d9nHYdvqQBoCBa8QAvD_BwE"",
    ""handl_user_agent"": ""Mozilla/5.0 (Linux; Android 10; K) AppleWebKit/537.36 (KHTML, like Gecko) Chrome/149.0.0.0 Mobile Safari/537.36"",
    ""lead_route"": ""3""
  },
  ""custom.cf_2FgXkgJz8B7aIgQ8yTEsTJFSpR3D8xf6yMs8DnY6BTJ"": ""user_30291c92c2ce5e81a52e2622b2470adb"",
  ""custom.cf_7ZWtXzOYPfLduhXb8fCM0m6L2KawUuubVHq12dKgvI9"": ""_______________________"",
  ""custom.cf_DeLLGkRULjyldwA4CA5umg5YrhOT6y0Ex44eycTadS2"": ""13386968"",
  ""custom.cf_HHxrLgXWSOI9xHSZDVaj75LWA2x6N724GPMlVNrFoVm"": ""183354826532"",
  ""custom.cf_HR0ji6nGFk5vMcsINNzeo3azcmlNtkfXxbbnQPvFfqN"": ""US Citizen: No"",
  ""custom.cf_IrgdpYtm7icLYVgVe2luKRrGI5xXsdBCKL7z5sEtTXJ"": ""Tech to Data"",
  ""custom.cf_JHukP9d2Q7x9GqAONrvYsyZPRPTB3YVrd8FNrytULm8"": ""Within the next 30 day"",
  ""custom.cf_MUEARCFVH2Lgk0iVzJohMpmRcdXaTqVjH9rCzRyJx3I"": ""COLD"",
  ""custom.cf_RnvAY4VZsaDSLgIN8VnlalXlBy70ce94ewuozN8bgg3"": ""https://dataengineerinterviews.com/optin-yt63625424?gad_campaignid=23258663992&gad_source=2&gc_id=23254431581&gclid=CjwKCAjwgO7RBhBKEiwAZNP85kwQFBurrn8Noh4AIMppsP3aY5kjfKTAcOiby00INKN5d9nHYdvqQBoCBa8QAvD_BwE"",
  ""custom.cf_SPBthjmFtIZsdh9aNbevXFecwg6DsHKs16q6p0rfrWi"": ""CjwKCAjwgO7RBhBKEiwAZNP85kwQFBurrn8Noh4AIMppsP3aY5kjfKTAcOiby00INKN5d9nHYdvqQBoCBa8QAvD_BwE"",
  ""custom.cf_Wdliv5pLvi89rA68CDtcsHLKeiIuwJp8fpHHaSIm5eJ"": ""3"",
  ""custom.cf_am3UgCUhyM5iNDtAPL84enDjUrZx1JsyVZ9uD9TbYwG"": ""YT DE ACADEMY Direct VSL"",
  ""custom.cf_ggzud96efuFJ4pLZDpuBPhupHvO0iR3jMkk9sJPfIMd"": ""9294867601543"",
  ""custom.cf_jr2d8YqWeVF2GF8UqYTLjnOhCF9N61vUOnTTHrwPcPz"": ""63625424"",
  ""custom.cf_o9EOtES0A8In9L4qeP8a749RrrjvuDyf7m4TIYVAWsK"": ""0-70k"",
  ""custom.cf_rCyWUZqqs1zp8gS8fk5GTPFgzLBCt6WQhmrSn9tnJMo"": ""Eastern Time (US & Canada)"",
  ""custom.cf_uN3d9UcFrZdySFp0BXGqzAlCw6C6iLwFoMt8moAhpdr"": ""Mozilla/5.0 (Linux; Android 10; K) AppleWebKit/537.36 (KHTML, like Gecko) Chrome/149.0.0.0 Mobile Safari/537.36"",
  ""custom.cf_v385AJ8HSgepKQ3rvqo4yOA3nn49eGqz39DOqojJG5M"": ""user_jlATOo2KAeSrKsr3YTpBJurKA25Hl3XnILIcIklPGsv"",
  ""date_created"": ""2026-06-25T00:28:38.623000+00:00"",
  ""date_updated"": ""2026-07-06T21:38:00.733000+00:00"",
  ""description"": """",
  ""display_name"": ""user_bf61bcfc24afa55c23a9cc1514daa368"",
  ""html_url"": ""https://app.close.com/lead/lead_pojzSWNSMXgxYmTBASdLOXb8rj8GZHsmapPWH27slOR/"",
  ""id"": ""lead_pojzSWNSMXgxYmTBASdLOXb8rj8GZHsmapPWH27slOR"",
  ""integration_links"": [
    {
      ""name"": ""Google Search"",
      ""url"": ""https://google.com/search?q=Busrat""
    }
  ],
  ""name"": """",
  ""opportunities"": [
    {
      ""annualized_expected_value"": 0,
      ""annualized_value"": 0,
      ""attachments"": [],
      ""confidence"": 50,
      ""contact_id"": null,
      ""contact_name"": null,
      ""created_by"": ""user_RoWq89U2oZOlTTfJScR9pTREnX3AAeNdKnw4YOOcYwG"",
      ""created_by_name"": ""user_eb1efaee45a59705808492017b599a88"",
      ""date_created"": ""2026-06-25T00:28:39.031000+00:00"",
      ""date_lost"": null,
      ""date_updated"": ""2026-06-25T00:28:39.031000+00:00"",
      ""date_won"": null,
      ""expected_value"": 0,
      ""id"": ""oppo_rTTvqZKyuGEA11vK1xhKZUKDszOuHddyHoHJepUhggd"",
      ""integration_links"": [],
      ""lead_id"": ""lead_pojzSWNSMXgxYmTBASdLOXb8rj8GZHsmapPWH27slOR"",
      ""lead_name"": ""user_bf61bcfc24afa55c23a9cc1514daa368"",
      ""note"": null,
      ""note_html"": null,
      ""organization_id"": ""orga_rq7EW7TTwnrAshSzIQ49jJUWzDxtTQUBBrA4VoRWElD"",
      ""pipeline_id"": ""pipe_1kD67pLoR967B9HD6JsI86"",
      ""pipeline_name"": ""Setter Pipeline"",
      ""status_display_name"": ""Setter Pipeline: 0. New Opt-Ins"",
      ""status_id"": ""stat_3kWI7qpACeU410wAwUJ9DqEWv7D2Wdixe9PxXi04yFv"",
      ""status_label"": ""0. New Opt-Ins"",
      ""status_type"": ""active"",
      ""updated_by"": ""user_RoWq89U2oZOlTTfJScR9pTREnX3AAeNdKnw4YOOcYwG"",
      ""updated_by_name"": ""user_eb1efaee45a59705808492017b599a88"",
      ""user_id"": ""user_RoWq89U2oZOlTTfJScR9pTREnX3AAeNdKnw4YOOcYwG"",
      ""user_name"": ""user_eb1efaee45a59705808492017b599a88"",
      ""value"": 0,
      ""value_currency"": ""USD"",
      ""value_formatted"": """",
      ""value_period"": ""one_time""
    }
  ],
  ""organization_id"": ""orga_rq7EW7TTwnrAshSzIQ49jJUWzDxtTQUBBrA4VoRWElD"",
  ""status_id"": ""stat_w883GIAbRCWhns1gvURwAaImLfsmA4SwN5HYLsToMOY"",
  ""status_label"": ""Potential"",
  ""tasks"": [],
  ""updated_by"": ""user_jlATOo2KAeSrKsr3YTpBJurKA25Hl3XnILIcIklPGsv"",
  ""updated_by_name"": ""user_bbeb4f8b8b73744cc1f900d27bd58612"",
  ""url"": null
}",2026-07-07 11:01:29.570,leads_raw/leads_raw_20260730_223730_part_00003.json
OBJECT,"{
  ""addresses"": [],
  ""contacts"": [
    {
      ""created_by"": ""user_RoWq89U2oZOlTTfJScR9pTREnX3AAeNdKnw4YOOcYwG"",
      ""date_created"": ""2026-07-04T01:28:49.161000+00:00"",
      ""date_updated"": ""2026-07-04T01:28:49.161000+00:00"",
      ""display_name"": ""user_41204e5e51d3a808cafe5dc7ffa2764a"",
      ""emails"": [
        {
          ""email"": ""user_a905eaa@masked.com"",
          ""is_unsubscribed"": false,
          ""type"": ""direct""
        }
      ],
      ""id"": ""cont_BRJ8aaZepkZpRrMXjIp1q6cVQ1tOaP4wt4B1dxKQc4Q"",
      ""integration_links"": [
        {
          ""name"": ""LinkedIn Search"",
          ""url"": ""https://www.linkedin.com/search/results/people/?keywords=Rob%20Akyempim""
        }
      ],
      ""lead_id"": ""lead_pq4asvbYlnecIKBtrzBeILCTRARRx7236NDiulofFZZ"",
      ""name"": ""user_41204e5e51d3a808cafe5dc7ffa2764a"",
      ""organization_id"": ""orga_rq7EW7TTwnrAshSzIQ49jJUWzDxtTQUBBrA4VoRWElD"",
      ""phones"": [
        {
          ""country"": ""US"",
          ""phone"": ""+1-use-r_f-c335"",
          ""phone_formatted"": ""+1-use-r_6-3be9"",
          ""type"": ""direct""
        }
      ],
      ""timezone"": ""America/New_York"",
      ""timezone_source"": ""inferred_from_phone_number"",
      ""title"": null,
      ""updated_by"": ""user_RoWq89U2oZOlTTfJScR9pTREnX3AAeNdKnw4YOOcYwG"",
      ""urls"": []
    }
  ],
  ""created_by"": ""user_RoWq89U2oZOlTTfJScR9pTREnX3AAeNdKnw4YOOcYwG"",
  ""created_by_name"": ""user_eb1efaee45a59705808492017b599a88"",
  ""custom"": {
    ""Avatar"": ""Highly technical"",
    ""Current Salary"": ""0-70k"",
    ""Funnel"": ""DE ACADEMY Direct VSL"",
    ""Funnel ID"": ""13074380"",
    ""LEAD INSIGHT"": ""_______________________"",
    ""Lead Intent"": ""WARM"",
    ""Lead Quality"": ""Tech to Data"",
    ""Page ID"": ""63640125"",
    ""SMS Workflow (Setter First Name)"": ""Andrew"",
    ""Setter"": ""user_txrVKyfEn4qRAb8ZmNDI1D6ex9CL74iJFWiSRls84nY"",
    ""Time Zone"": ""Eastern Time (US & Canada)"",
    ""Visa Status"": ""US Citizen: Yes"",
    ""career goal timeline"": ""As soon as possible"",
    ""handl_ad_id"": ""120238200644270645"",
    ""handl_adset_id"": ""120238200644210645"",
    ""handl_fbc"": ""fb.1.1783128281577.IwZXh0bgNhZW0BMABhZGlkAassAa4PMLVzcnRjBmFwcF9pZAwzNTA2ODU1MzE3MjgAAR7Dact3RDXIbX2xTTLRcAcHtm882Jm3_TyvixNXTjwsrJCg7J2FSbGEFblPng_aem_h_FEsh5wZV1QmQ8zHBBVYA"",
    ""handl_fbp"": ""fb.1.1783128281609.938190848156489635"",
    ""handl_first_handlID"": ""7888430197198"",
    ""handl_handlID"": ""1428430159154"",
    ""handl_ip"": ""user_cc23b0be9f3523ab2ccbea60d518086d"",
    ""handl_url"": ""https://dataengineerinterviews.com/optin-636376331760632652319?fbc_id=120238200644210645&fbclid=IwZXh0bgNhZW0BMABhZGlkAassAa4PMLVzcnRjBmFwcF9pZAwzNTA2ODU1MzE3MjgAAR7Dact3RDXIbX2xTTLRcAcHtm882Jm3_TyvixNXTjwsrJCg7J2FSbGEFblPng_aem_h_FEsh5wZV1QmQ8zHBBVYA&h_ad_id=120238200644270645&utm_campaign=120238200644160645&utm_content=120238200722770645&utm_id=120238200644160645&utm_medium=paid&utm_source=fb&utm_term=120238200644210645"",
    ""handl_user_agent"": ""Mozilla/5.0 (Linux; Android 16; SM-A156U Build/BP2A.250605.031.A3) AppleWebKit/537.36 (KHTML, like Gecko) Version/4.0 Chrome/149.0.7827.192 Mobile Safari/537.36 [FB_IAB/FB4A;FBAV/567.1.0.52.74;IABMV/1;]"",
    ""handl_utm_campaign"": ""120238200644160645"",
    ""handl_utm_content"": ""120238200722770645"",
    ""handl_utm_medium"": ""paid"",
    ""handl_utm_source"": ""fb"",
    ""handl_utm_term"": ""120238200644210645"",
    ""lead_route"": ""2""
  },
  ""custom.cf_0MA2LAoaDCSl9oMaZudcHJ2uNxewZRKa7KU6OX8HSQL"": ""120238200644210645"",
  ""custom.cf_2FgXkgJz8B7aIgQ8yTEsTJFSpR3D8xf6yMs8DnY6BTJ"": ""user_cc23b0be9f3523ab2ccbea60d518086d"",
  ""custom.cf_7JGYSDr5LWvKpyPVNWs5VjZrh5umvZSaE7irREHRSUN"": ""Andrew"",
  ""custom.cf_7ZWtXzOYPfLduhXb8fCM0m6L2KawUuubVHq12dKgvI9"": ""_______________________"",
  ""custom.cf_8gr3xBOTh980rxfFhSelzld6wd20H578A4yo86s9cjF"": ""fb.1.1783128281609.938190848156489635"",
  ""custom.cf_9jaBBYTkLKHU3P0aGJ1LIKLNRFt8wBrrEQk5xaZiNIf"": ""120238200644270645"",
  ""custom.cf_DeLLGkRULjyldwA4CA5umg5YrhOT6y0Ex44eycTadS2"": ""13074380"",
  ""custom.cf_G5r51NdcFqvmiLDwkJLb3hzvDzef1ARfaLDzRbqwwrq"": ""120238200644160645"",
  ""custom.cf_HHxrLgXWSOI9xHSZDVaj75LWA2x6N724GPMlVNrFoVm"": ""1428430159154"",
  ""custom.cf_HR0ji6nGFk5vMcsINNzeo3azcmlNtkfXxbbnQPvFfqN"": ""US Citizen: Yes"",
  ""custom.cf_IrgdpYtm7icLYVgVe2luKRrGI5xXsdBCKL7z5sEtTXJ"": ""Tech to Data"",
  ""custom.cf_JHukP9d2Q7x9GqAONrvYsyZPRPTB3YVrd8FNrytULm8"": ""As soon as possible"",
  ""custom.cf_LtrLGSMhdr5BeYDe7S7L9ABnjNRn87XnFl6ITxswBdh"": ""120238200644210645"",
  ""custom.cf_MUEARCFVH2Lgk0iVzJohMpmRcdXaTqVjH9rCzRyJx3I"": ""WARM"",
  ""custom.cf_O436LOSuO8GhvZymV1ca0HOIO04n0X0EQGGw13HDVde"": ""paid"",
  ""custom.cf_RnvAY4VZsaDSLgIN8VnlalXlBy70ce94ewuozN8bgg3"": ""https://dataengineerinterviews.com/optin-636376331760632652319?fbc_id=120238200644210645&fbclid=IwZXh0bgNhZW0BMABhZGlkAassAa4PMLVzcnRjBmFwcF9pZAwzNTA2ODU1MzE3MjgAAR7Dact3RDXIbX2xTTLRcAcHtm882Jm3_TyvixNXTjwsrJCg7J2FSbGEFblPng_aem_h_FEsh5wZV1QmQ8zHBBVYA&h_ad_id=120238200644270645&utm_campaign=120238200644160645&utm_content=120238200722770645&utm_id=120238200644160645&utm_medium=paid&utm_source=fb&utm_term=120238200644210645"",
  ""custom.cf_SPkM9YDQhStMevWVgD5bOE1bvh74Xpu5g0M5iuBgrQ4"": ""120238200722770645"",
  ""custom.cf_Wdliv5pLvi89rA68CDtcsHLKeiIuwJp8fpHHaSIm5eJ"": ""2"",
  ""custom.cf_am3UgCUhyM5iNDtAPL84enDjUrZx1JsyVZ9uD9TbYwG"": ""DE ACADEMY Direct VSL"",
  ""custom.cf_ggzud96efuFJ4pLZDpuBPhupHvO0iR3jMkk9sJPfIMd"": ""7888430197198"",
  ""custom.cf_jr2d8YqWeVF2GF8UqYTLjnOhCF9N61vUOnTTHrwPcPz"": ""63640125"",
  ""custom.cf_o9EOtES0A8In9L4qeP8a749RrrjvuDyf7m4TIYVAWsK"": ""0-70k"",
  ""custom.cf_rCyWUZqqs1zp8gS8fk5GTPFgzLBCt6WQhmrSn9tnJMo"": ""Eastern Time (US & Canada)"",
  ""custom.cf_tTFAjx2TU0Oeo3vgoHFi2UTSk32WS3Dhjrfz0ho3ID4"": ""fb"",
  ""custom.cf_uN3d9UcFrZdySFp0BXGqzAlCw6C6iLwFoMt8moAhpdr"": ""Mozilla/5.0 (Linux; Android 16; SM-A156U Build/BP2A.250605.031.A3) AppleWebKit/537.36 (KHTML, like Gecko) Version/4.0 Chrome/149.0.7827.192 Mobile Safari/537.36 [FB_IAB/FB4A;FBAV/567.1.0.52.74;IABMV/1;]"",
  ""custom.cf_v385AJ8HSgepKQ3rvqo4yOA3nn49eGqz39DOqojJG5M"": ""user_txrVKyfEn4qRAb8ZmNDI1D6ex9CL74iJFWiSRls84nY"",
  ""custom.cf_wp24VoqhLv6QwwkDkkNCE9XFTchjquWWMIuVM9lGMB5"": ""Highly technical"",
  ""custom.cf_wyMFUTPBRVzRV4CyFuX2lJ1sS6VVfFayRurQovmcalW"": ""fb.1.1783128281577.IwZXh0bgNhZW0BMABhZGlkAassAa4PMLVzcnRjBmFwcF9pZAwzNTA2ODU1MzE3MjgAAR7Dact3RDXIbX2xTTLRcAcHtm882Jm3_TyvixNXTjwsrJCg7J2FSbGEFblPng_aem_h_FEsh5wZV1QmQ8zHBBVYA"",
  ""date_created"": ""2026-07-04T01:28:49.135000+00:00"",
  ""date_updated"": ""2026-07-06T14:47:42.978000+00:00"",
  ""description"": """",
  ""display_name"": ""user_41204e5e51d3a808cafe5dc7ffa2764a"",
  ""html_url"": ""https://app.close.com/lead/lead_pq4asvbYlnecIKBtrzBeILCTRARRx7236NDiulofFZZ/"",
  ""id"": ""lead_pq4asvbYlnecIKBtrzBeILCTRARRx7236NDiulofFZZ"",
  ""integration_links"": [
    {
      ""name"": ""Google Search"",
      ""url"": ""https://google.com/search?q=Rob%20Akyempim""
    }
  ],
  ""name"": """",
  ""opportunities"": [
    {
      ""annualized_expected_value"": 0,
      ""annualized_value"": 0,
      ""attachments"": [],
      ""confidence"": 50,
      ""contact_id"": null,
      ""contact_name"": null,
      ""created_by"": ""user_RoWq89U2oZOlTTfJScR9pTREnX3AAeNdKnw4YOOcYwG"",
      ""created_by_name"": ""user_eb1efaee45a59705808492017b599a88"",
      ""date_created"": ""2026-07-04T01:28:49.481000+00:00"",
      ""date_lost"": null,
      ""date_updated"": ""2026-07-04T12:13:32.666000+00:00"",
      ""date_won"": null,
      ""expected_value"": 0,
      ""id"": ""oppo_NTtlX0rtuhS6OHnbHufxOonVsRz7gppkDslujgVXnOw"",
      ""integration_links"": [],
      ""lead_id"": ""lead_pq4asvbYlnecIKBtrzBeILCTRARRx7236NDiulofFZZ"",
      ""lead_name"": ""user_41204e5e51d3a808cafe5dc7ffa2764a"",
      ""note"": null,
      ""note_html"": null,
      ""organization_id"": ""orga_rq7EW7TTwnrAshSzIQ49jJUWzDxtTQUBBrA4VoRWElD"",
      ""pipeline_id"": ""pipe_1kD67pLoR967B9HD6JsI86"",
      ""pipeline_name"": ""Setter Pipeline"",
      ""status_display_name"": ""Setter Pipeline: 1. Connected"",
      ""status_id"": ""stat_q7mnccygNmESLanpER3yHZ0sgXzMPz7mxKcrnzfKPsj"",
      ""status_label"": ""1. Connected"",
      ""status_type"": ""active"",
      ""updated_by"": ""user_RoWq89U2oZOlTTfJScR9pTREnX3AAeNdKnw4YOOcYwG"",
      ""updated_by_name"": ""user_eb1efaee45a59705808492017b599a88"",
      ""user_id"": ""user_txrVKyfEn4qRAb8ZmNDI1D6ex9CL74iJFWiSRls84nY"",
      ""user_name"": ""user_4fe5a856b8d9b9e059cdc79c8d67acc1"",
      ""value"": 0,
      ""value_currency"": ""USD"",
      ""value_formatted"": """",
      ""value_period"": ""one_time""
    }
  ],
  ""organization_id"": ""orga_rq7EW7TTwnrAshSzIQ49jJUWzDxtTQUBBrA4VoRWElD"",
  ""status_id"": ""stat_w883GIAbRCWhns1gvURwAaImLfsmA4SwN5HYLsToMOY"",
  ""status_label"": ""Potential"",
  ""tasks"": [
    {
      ""_type"": ""lead"",
      ""agent_config_id"": null,
      ""assigned_to"": ""user_txrVKyfEn4qRAb8ZmNDI1D6ex9CL74iJFWiSRls84nY"",
      ""assigned_to_name"": ""user_4fe5a856b8d9b9e059cdc79c8d67acc1"",
      ""contact_id"": null,
      ""contact_name"": null,
      ""created_by"": ""user_RoWq89U2oZOlTTfJScR9pTREnX3AAeNdKnw4YOOcYwG"",
      ""created_by_name"": ""user_eb1efaee45a59705808492017b599a88"",
      ""date"": ""2026-07-04"",
      ""date_created"": ""2026-07-04T12:13:33.997000+00:00"",
      ""date_updated"": ""2026-07-04T12:13:33.997000+00:00"",
      ""deduplication_key"": null,
      ""due_date"": ""2026-07-04"",
      ""id"": ""task_83URY39WboLLIjnBqDhbW1eDf4vbrEVzBiR8ZFlgsZF"",
      ""is_complete"": false,
      ""is_dateless"": false,
      ""is_primary_lead_notification"": true,
      ""lead_id"": ""lead_pq4asvbYlnecIKBtrzBeILCTRARRx7236NDiulofFZZ"",
      ""lead_name"": ""user_41204e5e51d3a808cafe5dc7ffa2764a"",
      ""object_id"": null,
      ""object_type"": null,
      ""organization_id"": ""orga_rq7EW7TTwnrAshSzIQ49jJUWzDxtTQUBBrA4VoRWElD"",
      ""priority"": ""medium"",
      ""resolution"": null,
      ""sequence_id"": null,
      ""sequence_subscription_id"": null,
      ""text"": ""🔔 Prospecting Call [Next Action] -  | Prospecting Call Date: 7/4/2026"",
      ""updated_by"": ""user_RoWq89U2oZOlTTfJScR9pTREnX3AAeNdKnw4YOOcYwG"",
      ""updated_by_name"": ""user_eb1efaee45a59705808492017b599a88"",
      ""view"": ""inbox""
    }
  ],
  ""updated_by"": ""user_txrVKyfEn4qRAb8ZmNDI1D6ex9CL74iJFWiSRls84nY"",
  ""updated_by_name"": ""user_4fe5a856b8d9b9e059cdc79c8d67acc1"",
  ""url"": null
}",2026-07-07 11:01:29.570,leads_raw/leads_raw_20260730_223730_part_00003.json
OBJECT,"{
  ""addresses"": [],
  ""contacts"": [
    {
      ""created_by"": ""user_RoWq89U2oZOlTTfJScR9pTREnX3AAeNdKnw4YOOcYwG"",
      ""date_created"": ""2024-12-01T21:05:41.868000+00:00"",
      ""date_updated"": ""2026-05-08T15:52:04.507000+00:00"",
      ""display_name"": ""user_e527a34802ed6c753b4d199e086418b5"",
      ""emails"": [
        {
          ""email"": ""user_7c4cab0@masked.com"",
          ""is_unsubscribed"": false,
          ""type"": ""office""
        },
        {
          ""email"": ""user_7c4cab0@masked.com"",
          ""is_unsubscribed"": false,
          ""type"": ""direct""
        }
      ],
      ""id"": ""cont_i3OmpMiI1oDrl2lD19HWq5vKGajn9z5pQgHFaA55rtS"",
      ""integration_links"": [
        {
          ""name"": ""LinkedIn Search"",
          ""url"": ""https://www.linkedin.com/search/results/people/?keywords=Tyler%20Tabler""
        }
      ],
      ""lead_id"": ""lead_pqrxPYG3eOjdnmeLt8RBqfqLgpJkbzUMxCTa9RYziJA"",
      ""name"": ""user_e527a34802ed6c753b4d199e086418b5"",
      ""organization_id"": ""orga_rq7EW7TTwnrAshSzIQ49jJUWzDxtTQUBBrA4VoRWElD"",
      ""phones"": [
        {
          ""country"": ""US"",
          ""phone"": ""+1-use-r_6-5ce3"",
          ""phone_formatted"": ""+1-use-r_d-540e"",
          ""type"": ""office""
        }
      ],
      ""timezone"": ""America/Los_Angeles"",
      ""timezone_source"": ""manual"",
      ""title"": """",
      ""updated_by"": ""user_RoWq89U2oZOlTTfJScR9pTREnX3AAeNdKnw4YOOcYwG"",
      ""urls"": []
    }
  ],
  ""created_by"": ""user_RoWq89U2oZOlTTfJScR9pTREnX3AAeNdKnw4YOOcYwG"",
  ""created_by_name"": ""user_eb1efaee45a59705808492017b599a88"",
  ""custom"": {
    ""AD TRACKING"": ""_______________________"",
    ""Avatar"": ""N/A"",
    ""CALL RECORDS"": ""_______________________"",
    ""Calendar Source"": ""Data Engineer Academy Info Session (TT) | PT - TikTok"",
    ""Funnel"": ""DE ACADEMY Direct VSL"",
    ""Funnel ID"": ""13074380"",
    ""JOURNEY OWNERS"": ""_______________________"",
    ""LEAD INSIGHT"": ""_______________________"",
    ""Last Click Date"": ""2026-05-08"",
    ""Last Click Funnel"": ""PT | TikTok | Direct VSL"",
    ""Last Click Funnel ID"": ""13552230"",
    ""Lead Owner"": ""user_mrokNuNoTE6Z44kv7DzHfPrePPQFLe2tMKwJKaY4urL"",
    ""Lead Quality"": ""Tech to Data"",
    ""Page ID"": ""62306128"",
    ""SMS Workflow (Setter First Name)"": ""Alejandro"",
    ""Setter"": ""user_mrokNuNoTE6Z44kv7DzHfPrePPQFLe2tMKwJKaY4urL"",
    ""Strategy Call Date & Time"": ""2026-05-10T15:45:00.000000Z"",
    ""Time Zone"": ""America/Los_Angeles"",
    ""Triage Call Time (Lead's Timezone)"": ""Sunday, May 10 ⋅ 08:45 AM"",
    ""Visa Status"": ""US Citizen: Yes"",
    ""[PF] Estimated Credit Score"": ""562"",
    ""handl_ip"": ""user_8f49a8226007efd2b4a67dc3e3b9792f"",
    ""handl_ttclid"": ""E_C_P_CuEBw8Qbz4rCfj4AtN0yLig0rTEz2pU-6LgCwH6lKcS9Rfr-S2ynvy9-8vziCWLN8IQDFso63JUbVaMb0eiaED8pRplxGKIhknDx0wDk-GOaiQ28km-zoRj4IglKGVaB5a_lpslSi9ny-nnzd8r4c8IIaClazljLmqhBoGet9Q2wopH8kaGT5fK-Pi9wf93I8B8Yma3n8G9ZqKvQ6F6gM9CwAWF01aU-MWbN9FkxLbFNYBpJOo__z-5lVlzXH9WGed2POru0kJIhNKhNppw-MOr4FtL4vP9Tse36jsQnu86pjFToEgR2Mi4w"",
    ""handl_ttp"": ""01KR43XH70DFGKBDM4784WM7Z5_.tt.1"",
    ""handl_url"": ""https://dataengineerinterviews.com/optin-634287741753577739028?h_ad_id=1860620806044002&ttc_id=1859894294461537&ttclid=E_C_P_CuEBw8Qbz4rCfj4AtN0yLig0rTEz2pU-6LgCwH6lKcS9Rfr-S2ynvy9-8vziCWLN8IQDFso63JUbVaMb0eiaED8pRplxGKIhknDx0wDk-GOaiQ28km-zoRj4IglKGVaB5a_lpslSi9ny-nnzd8r4c8IIaClazljLmqhBoGet9Q2wopH8kaGT5fK-Pi9wf93I8B8Yma3n8G9ZqKvQ6F6gM9CwAWF01aU-MWbN9FkxLbFNYBpJOo__z-5lVlzXH9WGed2POru0kJIhNKhNppw-MOr4FtL4vP9Tse36jsQnu86pjFToEgR2Mi4w&utm_campaign=CT+|+TOF+|+CBO+|+Lead+(Subscribe)+|+DE+|+Creative+Testing+|+Smart++Campaign+|+Open+Targeting+|+USA+|+17/3/26&utm_id=1859894148649170&utm_medium=paid&utm_source=tiktok"",
    ""handl_user_agent"": ""Mozilla/5.0 (iPhone; CPU iPhone OS 18_7 like Mac OS X) AppleWebKit/605.1.15 (KHTML, like Gecko) Version/26.4 Mobile/15E148 Safari/604.1"",
    ""handl_utm_campaign"": ""CT+|+TOF+|+CBO+|+Lead+(Subscribe)+|+DE+|+Creative+Testing+|+Smart++Campaign+|+Open+Targeting+|+USA+|+17/3/26"",
    ""handl_utm_medium"": ""paid"",
    ""handl_utm_source"": ""tiktok"",
    ""lead_route"": ""1""
  },
  ""custom.cf_2FgXkgJz8B7aIgQ8yTEsTJFSpR3D8xf6yMs8DnY6BTJ"": ""user_8f49a8226007efd2b4a67dc3e3b9792f"",
  ""custom.cf_7JGYSDr5LWvKpyPVNWs5VjZrh5umvZSaE7irREHRSUN"": ""Alejandro"",
  ""custom.cf_7ZGmboNWnq1ziSsV5ab6e8g1unK0jwEiNmDyYYN9tpO"": ""user_mrokNuNoTE6Z44kv7DzHfPrePPQFLe2tMKwJKaY4urL"",
  ""custom.cf_7ZWtXzOYPfLduhXb8fCM0m6L2KawUuubVHq12dKgvI9"": ""_______________________"",
  ""custom.cf_8JeMvuI2L83mIKJd1k0NUHhZUP6xkh0iD2ttxfeIJwt"": ""_______________________"",
  ""custom.cf_DeLLGkRULjyldwA4CA5umg5YrhOT6y0Ex44eycTadS2"": ""13074380"",
  ""custom.cf_G5r51NdcFqvmiLDwkJLb3hzvDzef1ARfaLDzRbqwwrq"": ""CT+|+TOF+|+CBO+|+Lead+(Subscribe)+|+DE+|+Creative+Testing+|+Smart++Campaign+|+Open+Targeting+|+USA+|+17/3/26"",
  ""custom.cf_HR0ji6nGFk5vMcsINNzeo3azcmlNtkfXxbbnQPvFfqN"": ""US Citizen: Yes"",
  ""custom.cf_ITJsAQnXD3Odj1etaqY0dYwVLXPmB1yOtcBZFFv03rD"": ""562"",
  ""custom.cf_IrgdpYtm7icLYVgVe2luKRrGI5xXsdBCKL7z5sEtTXJ"": ""Tech to Data"",
  ""custom.cf_N6CMPfj0fI4YXhYHYfv812zss0npzxerIQbQfUkha69"": ""13552230"",
  ""custom.cf_O436LOSuO8GhvZymV1ca0HOIO04n0X0EQGGw13HDVde"": ""paid"",
  ""custom.cf_P83hgLlaNWEM7jtAhElMT2NypMQnPE2HuOOw1Bsv5kZ"": ""2026-05-10T15:45:00.000000Z"",
  ""custom.cf_RnvAY4VZsaDSLgIN8VnlalXlBy70ce94ewuozN8bgg3"": ""https://dataengineerinterviews.com/optin-634287741753577739028?h_ad_id=1860620806044002&ttc_id=1859894294461537&ttclid=E_C_P_CuEBw8Qbz4rCfj4AtN0yLig0rTEz2pU-6LgCwH6lKcS9Rfr-S2ynvy9-8vziCWLN8IQDFso63JUbVaMb0eiaED8pRplxGKIhknDx0wDk-GOaiQ28km-zoRj4IglKGVaB5a_lpslSi9ny-nnzd8r4c8IIaClazljLmqhBoGet9Q2wopH8kaGT5fK-Pi9wf93I8B8Yma3n8G9ZqKvQ6F6gM9CwAWF01aU-MWbN9FkxLbFNYBpJOo__z-5lVlzXH9WGed2POru0kJIhNKhNppw-MOr4FtL4vP9Tse36jsQnu86pjFToEgR2Mi4w&utm_campaign=CT+|+TOF+|+CBO+|+Lead+(Subscribe)+|+DE+|+Creative+Testing+|+Smart++Campaign+|+Open+Targeting+|+USA+|+17/3/26&utm_id=1859894148649170&utm_medium=paid&utm_source=tiktok"",
  ""custom.cf_WDBA0gbPfFTjOivjMrAXzjuPOipkcoapCrWMOg00Zyn"": ""user_7f43e5548ddb154f7f213229f1abee3a"",
  ""custom.cf_Wdliv5pLvi89rA68CDtcsHLKeiIuwJp8fpHHaSIm5eJ"": ""1"",
  ""custom.cf_am3UgCUhyM5iNDtAPL84enDjUrZx1JsyVZ9uD9TbYwG"": ""DE ACADEMY Direct VSL"",
  ""custom.cf_gB5BL7B924yq2YG0o42MMmiOA8PDZ3d7QS793NIuUAP"": ""_______________________"",
  ""custom.cf_jr2d8YqWeVF2GF8UqYTLjnOhCF9N61vUOnTTHrwPcPz"": ""62306128"",
  ""custom.cf_lKPgrDilrsGSE6BIYwoQsobmUxEs6Cw3fSWmxyUKnPt"": ""Data Engineer Academy Info Session (TT) | PT - TikTok"",
  ""custom.cf_lmaKBCRKlwK7rseRTFNdDZdFC0wWldeKauxeKpXXiPr"": ""user_b9e3b48cdcb46dc2ce536fca85f71dc5"",
  ""custom.cf_oASFhiIpJYgEmjB7qAdvplcoAew3VfKyLdFiCCU1d3I"": ""user_506bf2231f322f011782c6e94768b576"",
  ""custom.cf_rCyWUZqqs1zp8gS8fk5GTPFgzLBCt6WQhmrSn9tnJMo"": ""America/Los_Angeles"",
  ""custom.cf_sUefo1kdSSE2ed77kW3nLVJN7hFyGt5EWOoyqCnUi1p"": ""_______________________"",
  ""custom.cf_tTFAjx2TU0Oeo3vgoHFi2UTSk32WS3Dhjrfz0ho3ID4"": ""tiktok"",
  ""custom.cf_tXHGa6UVTMtVhCntJJQIET9eJxhQzjDpKOxOy2PHRCi"": ""01KR43XH70DFGKBDM4784WM7Z5_.tt.1"",
  ""custom.cf_uN3d9UcFrZdySFp0BXGqzAlCw6C6iLwFoMt8moAhpdr"": ""Mozilla/5.0 (iPhone; CPU iPhone OS 18_7 like Mac OS X) AppleWebKit/605.1.15 (KHTML, like Gecko) Version/26.4 Mobile/15E148 Safari/604.1"",
  ""custom.cf_uph6oRhrkzGk66UtViUrf4PVynL9HP00RBl4gI9GymQ"": ""2026-05-08"",
  ""custom.cf_v385AJ8HSgepKQ3rvqo4yOA3nn49eGqz39DOqojJG5M"": ""user_mrokNuNoTE6Z44kv7DzHfPrePPQFLe2tMKwJKaY4urL"",
  ""custom.cf_wp24VoqhLv6QwwkDkkNCE9XFTchjquWWMIuVM9lGMB5"": ""N/A"",
  ""date_created"": ""2024-12-01T21:05:41.848000+00:00"",
  ""date_updated"": ""2026-07-07T00:35:52.473000+00:00"",
  ""description"": """",
  ""display_name"": ""user_e527a34802ed6c753b4d199e086418b5"",
  ""html_url"": ""https://app.close.com/lead/lead_pqrxPYG3eOjdnmeLt8RBqfqLgpJkbzUMxCTa9RYziJA/"",
  ""id"": ""lead_pqrxPYG3eOjdnmeLt8RBqfqLgpJkbzUMxCTa9RYziJA"",
  ""integration_links"": [
    {
      ""name"": ""Google Search"",
      ""url"": ""https://google.com/search?q=Tyler%20Tabler""
    }
  ],
  ""name"": """",
  ""opportunities"": [
    {
      ""annualized_expected_value"": 0,
      ""annualized_value"": 0,
      ""attachments"": [],
      ""confidence"": 50,
      ""contact_id"": ""cont_i3OmpMiI1oDrl2lD19HWq5vKGajn9z5pQgHFaA55rtS"",
      ""contact_name"": ""user_e527a34802ed6c753b4d199e086418b5"",
      ""created_by"": ""user_RoWq89U2oZOlTTfJScR9pTREnX3AAeNdKnw4YOOcYwG"",
      ""created_by_name"": ""user_eb1efaee45a59705808492017b599a88"",
      ""custom.cf_tHxOwx1Ysk0Xo6sRXhqIHToin8itnyaCHC1vkmHqugh"": ""2026-05-10"",
      ""date_created"": ""2024-12-01T21:18:24.200000+00:00"",
      ""date_lost"": null,
      ""date_updated"": ""2026-05-10T15:46:19.728000+00:00"",
      ""date_won"": null,
      ""expected_value"": 0,
      ""id"": ""oppo_ikSFW78cIElaGd5itzW5VH5XRumrZIbDnG9PqNXKBcQ"",
      ""integration_links"": [],
      ""lead_id"": ""lead_pqrxPYG3eOjdnmeLt8RBqfqLgpJkbzUMxCTa9RYziJA"",
      ""lead_name"": ""user_e527a34802ed6c753b4d199e086418b5"",
      ""note"": """",
      ""note_html"": null,
      ""organization_id"": ""orga_rq7EW7TTwnrAshSzIQ49jJUWzDxtTQUBBrA4VoRWElD"",
      ""pipeline_id"": ""pipe_1kD67pLoR967B9HD6JsI86"",
      ""pipeline_name"": ""Setter Pipeline"",
      ""status_display_name"": ""Setter Pipeline: 2. Triage Booked"",
      ""status_id"": ""stat_6m3m0ra8UKW6J4zllSX1uAPvQYWO709Tom8ZFUAgRlZ"",
      ""status_label"": ""2. Triage Booked"",
      ""status_type"": ""active"",
      ""updated_by"": ""user_RoWq89U2oZOlTTfJScR9pTREnX3AAeNdKnw4YOOcYwG"",
      ""updated_by_name"": ""user_eb1efaee45a59705808492017b599a88"",
      ""user_id"": ""user_mrokNuNoTE6Z44kv7DzHfPrePPQFLe2tMKwJKaY4urL"",
      ""user_name"": ""user_d71fd42f0d973ea716507bc8a081287e"",
      ""value"": 0,
      ""value_currency"": ""USD"",
      ""value_formatted"": """",
      ""value_period"": ""one_time""
    }
  ],
  ""organization_id"": ""orga_rq7EW7TTwnrAshSzIQ49jJUWzDxtTQUBBrA4VoRWElD"",
  ""status_id"": ""stat_nBIVnGKz44ZHGQNdWiS7cg3CpmtnUU39vGgYOOeotUj"",
  ""status_label"": ""Prospect"",
  ""tasks"": [
    {
      ""_type"": ""lead"",
      ""agent_config_id"": null,
      ""assigned_to"": ""user_8wmKGiASqsudD3d0Q6XBIqIjULtrtwdmv2tnpz99FpO"",
      ""assigned_to_name"": ""user_973e7bbd9330aad0c9ffb911087169d8"",
      ""contact_id"": null,
      ""contact_name"": null,
      ""created_by"": ""user_RoWq89U2oZOlTTfJScR9pTREnX3AAeNdKnw4YOOcYwG"",
      ""created_by_name"": ""user_eb1efaee45a59705808492017b599a88"",
      ""date"": ""2026-05-08T15:40:44+00:00"",
      ""date_created"": ""2026-05-08T15:42:11.118000+00:00"",
      ""date_updated"": ""2026-05-08T15:42:11.118000+00:00"",
      ""deduplication_key"": null,
      ""due_date"": ""2026-05-08T15:40:44+00:00"",
      ""id"": ""task_dAdBPQY79oxJIw1AyXW0WisIpfW2HsHxNlrZuUwYoJj"",
      ""is_complete"": false,
      ""is_dateless"": false,
      ""is_primary_lead_notification"": true,
      ""lead_id"": ""lead_pqrxPYG3eOjdnmeLt8RBqfqLgpJkbzUMxCTa9RYziJA"",
      ""lead_name"": ""user_e527a34802ed6c753b4d199e086418b5"",
      ""object_id"": null,
      ""object_type"": null,
      ""organization_id"": ""orga_rq7EW7TTwnrAshSzIQ49jJUWzDxtTQUBBrA4VoRWElD"",
      ""priority"": ""medium"",
      ""resolution"": null,
      ""sequence_id"": null,
      ""sequence_subscription_id"": null,
      ""text"": ""Re-Optin Through Funnel | Please reach out to the lead"",
      ""updated_by"": ""user_RoWq89U2oZOlTTfJScR9pTREnX3AAeNdKnw4YOOcYwG"",
      ""updated_by_name"": ""user_eb1efaee45a59705808492017b599a88"",
      ""view"": ""inbox""
    }
  ],
  ""updated_by"": ""user_mrokNuNoTE6Z44kv7DzHfPrePPQFLe2tMKwJKaY4urL"",
  ""updated_by_name"": ""user_d71fd42f0d973ea716507bc8a081287e"",
  ""url"": null
}",2026-07-07 11:01:29.570,leads_raw/leads_raw_20260730_223730_part_00003.json
OBJECT,"{
  ""addresses"": [],
  ""contacts"": [
    {
      ""created_by"": ""user_RoWq89U2oZOlTTfJScR9pTREnX3AAeNdKnw4YOOcYwG"",
      ""date_created"": ""2025-07-30T20:57:07.941000+00:00"",
      ""date_updated"": ""2025-07-30T20:57:07.941000+00:00"",
      ""display_name"": ""user_81246a26d5031b0494ed6732dc34095b"",
      ""emails"": [
        {
          ""email"": ""user_57dac36@masked.com"",
          ""is_unsubscribed"": false,
          ""type"": ""direct""
        }
      ],
      ""id"": ""cont_OkLWr3I75NfVZczletdefulfxkhKh0vVwDHGOYRR8Yd"",
      ""integration_links"": [
        {
          ""name"": ""LinkedIn Search"",
          ""url"": ""https://www.linkedin.com/search/results/people/?keywords=moibrah1213%40gmail.com%20moibrah1213%40gmail.com""
        }
      ],
      ""lead_id"": ""lead_pwOsFwaKwkYJ5DglWeY6X0WtXAK9eQHsmUQbLrcIGaH"",
      ""name"": ""user_81246a26d5031b0494ed6732dc34095b"",
      ""organization_id"": ""orga_rq7EW7TTwnrAshSzIQ49jJUWzDxtTQUBBrA4VoRWElD"",
      ""phones"": [],
      ""timezone"": null,
      ""timezone_source"": null,
      ""title"": null,
      ""updated_by"": ""user_RoWq89U2oZOlTTfJScR9pTREnX3AAeNdKnw4YOOcYwG"",
      ""urls"": []
    },
    {
      ""created_by"": ""user_RoWq89U2oZOlTTfJScR9pTREnX3AAeNdKnw4YOOcYwG"",
      ""date_created"": ""2024-10-08T08:56:16.780000+00:00"",
      ""date_updated"": ""2025-07-28T23:45:09.757000+00:00"",
      ""display_name"": ""user_74f5cebcda47617a6de5c392a63fb5cd"",
      ""emails"": [
        {
          ""email"": ""user_57dac36@masked.com"",
          ""is_unsubscribed"": false,
          ""type"": ""office""
        },
        {
          ""email"": ""user_57dac36@masked.com"",
          ""is_unsubscribed"": false,
          ""type"": ""direct""
        }
      ],
      ""id"": ""cont_tMkGCjytZ7qun3FsRb4jSd0fwmkW2SNEDqgKa4myfA1"",
      ""integration_links"": [
        {
          ""name"": ""LinkedIn Search"",
          ""url"": ""https://www.linkedin.com/search/results/people/?keywords=Mo%20ibrahim""
        }
      ],
      ""lead_id"": ""lead_pwOsFwaKwkYJ5DglWeY6X0WtXAK9eQHsmUQbLrcIGaH"",
      ""name"": ""user_74f5cebcda47617a6de5c392a63fb5cd"",
      ""organization_id"": ""orga_rq7EW7TTwnrAshSzIQ49jJUWzDxtTQUBBrA4VoRWElD"",
      ""phones"": [
        {
          ""country"": ""US"",
          ""phone"": ""+1-use-r_7-5fa0"",
          ""phone_formatted"": ""+1-use-r_6-75b1"",
          ""type"": ""office""
        }
      ],
      ""timezone"": ""America/Chicago"",
      ""timezone_source"": ""inferred_from_phone_number"",
      ""title"": """",
      ""updated_by"": ""user_RoWq89U2oZOlTTfJScR9pTREnX3AAeNdKnw4YOOcYwG"",
      ""urls"": []
    },
    {
      ""created_by"": ""user_RoWq89U2oZOlTTfJScR9pTREnX3AAeNdKnw4YOOcYwG"",
      ""date_created"": ""2024-07-23T13:59:55.619000+00:00"",
      ""date_updated"": ""2025-07-28T23:57:39.400000+00:00"",
      ""display_name"": ""user_27c9d5187cd283f8d160ec1ed2b5ac89"",
      ""emails"": [
        {
          ""email"": ""user_57dac36@masked.com"",
          ""is_unsubscribed"": false,
          ""type"": ""direct""
        }
      ],
      ""id"": ""cont_XPRewmArZRgCRRr3QWWUYQxDdT8rvOv0Lojh0wD4u4A"",
      ""integration_links"": [
        {
          ""name"": ""LinkedIn Search"",
          ""url"": ""https://www.linkedin.com/search/results/people/?keywords=Mo""
        }
      ],
      ""lead_id"": ""lead_pwOsFwaKwkYJ5DglWeY6X0WtXAK9eQHsmUQbLrcIGaH"",
      ""name"": ""user_27c9d5187cd283f8d160ec1ed2b5ac89"",
      ""organization_id"": ""orga_rq7EW7TTwnrAshSzIQ49jJUWzDxtTQUBBrA4VoRWElD"",
      ""phones"": [
        {
          ""country"": ""US"",
          ""phone"": ""+1-use-r_7-5fa0"",
          ""phone_formatted"": ""+1-use-r_6-75b1"",
          ""type"": ""office""
        }
      ],
      ""timezone"": ""America/Chicago"",
      ""timezone_source"": ""inferred_from_phone_number"",
      ""title"": """",
      ""updated_by"": ""user_1x5aaG5n9Tk5VE42qtmbInArqpssoifWhf6MQz8MLYM"",
      ""urls"": []
    }
  ],
  ""created_by"": ""user_RoWq89U2oZOlTTfJScR9pTREnX3AAeNdKnw4YOOcYwG"",
  ""created_by_name"": ""user_eb1efaee45a59705808492017b599a88"",
  ""custom"": {
    ""AD TRACKING"": ""_______________________"",
    ""App Grade"": ""3 - Qualified"",
    ""Avatar"": ""Full transitioner"",
    ""BASE_ENGAGEMENT_SCORE"": ""20"",
    ""CALL RECORDS"": ""_______________________"",
    ""CSM"": ""user_EeokSIzCxIuhq995J9ztFiqTH8ImGnd8XQD7JHxxhTe"",
    ""Calendar Source"": ""Data Engineer Academy Info Session | Fb paid ads"",
    ""Channel_ID"": ""C09TLPN5C6R"",
    ""Contract End Date"": ""2026-11-18"",
    ""Contract Start Date"": ""2025-11-18"",
    ""Contracted Value"": ""15000"",
    ""DAYS_SINCE_LAST_EMAIL"": ""230"",
    ""DAYS_SINCE_LAST_LOGIN"": ""129"",
    ""DAYS_SINCE_LAST_MEETING"": ""230"",
    ""DAYS_SINCE_LAST_MESSAGE_FROM_CLIENT"": ""273"",
    ""DAYS_SINCE_LAST_MESSAGE_FROM_TEAM_MEMBER"": ""13"",
    ""Date Sent to Call Center"": ""2024-10-23"",
    ""ENGAGEMENT_PATTERN"": ""NO ENGAGEMENT"",
    ""FINAL_SCORE"": ""35"",
    ""Funnel"": ""DE ACADEMY Direct VSL"",
    ""Funnel ID"": ""13074380"",
    ""HEALTH_BAND"": ""POOR"",
    ""JOURNEY OWNERS"": ""_______________________"",
    ""LEAD INSIGHT"": ""_______________________"",
    ""Last Click Date"": ""2025-10-06"",
    ""Last Click Funnel"": ""DE ACADEMY Direct VSL"",
    ""Last Click Funnel ID"": ""13074380"",
    ""Lead Owner"": ""user_1x5aaG5n9Tk5VE42qtmbInArqpssoifWhf6MQz8MLYM"",
    ""Lead Source"": [
      ""Organic Traffic Typeform"",
      ""VSL Typeform"",
      ""VSL Typeform (YT)""
    ],
    ""MEETING_ENGAGED_FLAG"": ""0"",
    ""PLATFORM_ENGAGED_FLAG"": ""0"",
    ""Page ID"": ""61841738"",
    ""Reactivation Owner"": ""user_Q0GfMIQyHPTcfe52xd2oVZCXQGJV3o2GpsD0UOP4Ccj"",
    ""SDR"": ""user_1x5aaG5n9Tk5VE42qtmbInArqpssoifWhf6MQz8MLYM"",
    ""SENTIMENTS_LAST_30_DAYS"": ""Positive"",
    ""SLACK_ENGAGED_FLAG"": ""0"",
    ""SMS Blast Sept"": ""Yes"",
    ""SMS Workflow (Setter First Name)"": ""Andrine"",
    ""Setter"": ""user_1x5aaG5n9Tk5VE42qtmbInArqpssoifWhf6MQz8MLYM"",
    ""Strategy Call Date & Time"": ""2025-10-07T00:00:00.000000Z"",
    ""TOTAL_MISSED_CALLS"": ""0"",
    ""Tier"": ""Gold"",
    ""Time Zone"": ""America/Chicago"",
    ""Triage Call Time (Lead's Timezone)"": ""Tuesday, October 6 ⋅ 07:00 PM"",
    ""Type Of Follow Up"": ""Scheduled"",
    ""auto_checkin"": ""Yes"",
    ""handl_ad_id"": ""120221481685830645"",
    ""handl_adset_id"": ""120221481685840645"",
    ""handl_fbc"": ""fb.1.1759790704748.IwZXh0bgNhZW0BMABhZGlkAasczR3PysUBHt8N16TIPcmHZ4j3Jn2J3QaiKb6mQ9FsfD3dBIYYF_xKa3RoRxzFo_bNLAQZ_aem_g5-pgCEVso3HEygBqOYSnw"",
    ""handl_fbp"": ""fb.1.1759288099632.35998307680176582"",
    ""handl_first_handlID"": ""1283866159494"",
    ""handl_ip"": ""user_36a77eea023e38ef8bad3abff66256fe"",
    ""handl_url"": ""https://dataengineerinterviews.com/optin-635217391756480373114?fbc_id=120221481685840645&fbclid=IwZXh0bgNhZW0BMABhZGlkAasczR3PysUBHt8N16TIPcmHZ4j3Jn2J3QaiKb6mQ9FsfD3dBIYYF_xKa3RoRxzFo_bNLAQZ_aem_g5-pgCEVso3HEygBqOYSnw&h_ad_id=120221481685830645&utm_campaign=120220560011990645&utm_content=120221482298820645&utm_id=120220560011990645&utm_medium=paid&utm_source=fb&utm_term=120221481685840645"",
    ""handl_user_agent"": ""Mozilla/5.0 (iPad; CPU OS 18_5 like Mac OS X) AppleWebKit/605.1.15 (KHTML, like Gecko) Mobile/22F76 [FBAN/FBIOS;FBAV/525.0.0.53.107;FBBV/774177433;FBDV/iPad14,6;FBMD/iPad;FBSN/iPadOS;FBSV/18.5;FBSS/2;FBID/tablet;FBLC/en_US;FBOP/5;FBRV/778429392]"",
    ""handl_utm_campaign"": ""120220560011990645"",
    ""handl_utm_content"": ""120221482298820645"",
    ""handl_utm_medium"": ""paid"",
    ""handl_utm_source"": ""fb"",
    ""handl_utm_term"": ""120221481685840645""
  },
  ""custom.cf_0JAgDf4YdAXs04e1RI6xdZeyewpCJ2Nt7dTZYvh3RV9"": ""230"",
  ""custom.cf_0MA2LAoaDCSl9oMaZudcHJ2uNxewZRKa7KU6OX8HSQL"": ""120221481685840645"",
  ""custom.cf_0cNcfm64qK8tLesO9pc0jEaI1WHp9pzSHJKazPOVF36"": ""C09TLPN5C6R"",
  ""custom.cf_2FgXkgJz8B7aIgQ8yTEsTJFSpR3D8xf6yMs8DnY6BTJ"": ""user_36a77eea023e38ef8bad3abff66256fe"",
  ""custom.cf_3LTjHX0x1lgzHVrTefr08rXC0ysvxaL4oyeJ3kWOv9v"": ""user_Q0GfMIQyHPTcfe52xd2oVZCXQGJV3o2GpsD0UOP4Ccj"",
  ""custom.cf_44U7VGIwUXIDMUI74S0iXZDmvZEbyeLTLIsCiofhWXC"": ""2026-11-18"",
  ""custom.cf_4FTvinsJBfqB99cunoGYL9xtHnJUJnIIOaLLfEp8DBE"": ""20"",
  ""custom.cf_7JGYSDr5LWvKpyPVNWs5VjZrh5umvZSaE7irREHRSUN"": ""Andrine"",
  ""custom.cf_7ZGmboNWnq1ziSsV5ab6e8g1unK0jwEiNmDyYYN9tpO"": ""user_1x5aaG5n9Tk5VE42qtmbInArqpssoifWhf6MQz8MLYM"",
  ""custom.cf_7ZWtXzOYPfLduhXb8fCM0m6L2KawUuubVHq12dKgvI9"": ""_______________________"",
  ""custom.cf_8JeMvuI2L83mIKJd1k0NUHhZUP6xkh0iD2ttxfeIJwt"": ""_______________________"",
  ""custom.cf_8gr3xBOTh980rxfFhSelzld6wd20H578A4yo86s9cjF"": ""fb.1.1759288099632.35998307680176582"",
  ""custom.cf_9jaBBYTkLKHU3P0aGJ1LIKLNRFt8wBrrEQk5xaZiNIf"": ""120221481685830645"",
  ""custom.cf_CzrHmb25QrmH7shWZxkxfPjC4KZHOMAbIcuLACX6dAv"": ""user_1x5aaG5n9Tk5VE42qtmbInArqpssoifWhf6MQz8MLYM"",
  ""custom.cf_DCpvToinMZExqzCP7XwF3VvX27xMA7t7wZZWWAmn9kp"": ""129"",
  ""custom.cf_DeLLGkRULjyldwA4CA5umg5YrhOT6y0Ex44eycTadS2"": ""13074380"",
  ""custom.cf_F6bGF8IWYwP6LhT7jmOSXp6UMjL9RYjU53m6UhqEfJf"": ""user_EeokSIzCxIuhq995J9ztFiqTH8ImGnd8XQD7JHxxhTe"",
  ""custom.cf_FQA8qAcIN2VOz9HT66BIqVe3J2ofJOVov8JiRwYs6xK"": ""15000"",
  ""custom.cf_FtWdP6puIGov5z0T5r4W6vsbgh0STkvip3QhVfxk7ZP"": ""user_a6e64403e26f4765e51c6ac8dde332a2"",
  ""custom.cf_G5r51NdcFqvmiLDwkJLb3hzvDzef1ARfaLDzRbqwwrq"": ""120220560011990645"",
  ""custom.cf_GG1zPN36SRV1hLTogmZ0nHQqSeC7oZdX3xZwYEWANCo"": ""POOR"",
  ""custom.cf_GJKGUjA6p0yG1gjr0dnY6mIpkufAKZoOveDJGkDSQjQ"": ""user_4734ba6f3de83d861c3176a6273cac6d"",
  ""custom.cf_HW3vcWO1syALanle7yn7oFLpst59itpTil33VmXDfXH"": ""Yes"",
  ""custom.cf_LtrLGSMhdr5BeYDe7S7L9ABnjNRn87XnFl6ITxswBdh"": ""120221481685840645"",
  ""custom.cf_N6CMPfj0fI4YXhYHYfv812zss0npzxerIQbQfUkha69"": ""13074380"",
  ""custom.cf_Ni79nFdIzwiHHmQtiz2bC5fNMvCXEuAypfte6o8lVZv"": ""0"",
  ""custom.cf_O436LOSuO8GhvZymV1ca0HOIO04n0X0EQGGw13HDVde"": ""paid"",
  ""custom.cf_OAsQovkD39yCxatra9mIblrVale1QNgbbJ8nSnb5nDy"": ""NO ENGAGEMENT"",
  ""custom.cf_P83hgLlaNWEM7jtAhElMT2NypMQnPE2HuOOw1Bsv5kZ"": ""2025-10-07T00:00:00.000000Z"",
  ""custom.cf_PuE1vmGp9ivIZoyi0sjqIL0fHGgshE6L5b62srtXgYs"": ""0"",
  ""custom.cf_RnvAY4VZsaDSLgIN8VnlalXlBy70ce94ewuozN8bgg3"": ""https://dataengineerinterviews.com/optin-635217391756480373114?fbc_id=120221481685840645&fbclid=IwZXh0bgNhZW0BMABhZGlkAasczR3PysUBHt8N16TIPcmHZ4j3Jn2J3QaiKb6mQ9FsfD3dBIYYF_xKa3RoRxzFo_bNLAQZ_aem_g5-pgCEVso3HEygBqOYSnw&h_ad_id=120221481685830645&utm_campaign=120220560011990645&utm_content=120221482298820645&utm_id=120220560011990645&utm_medium=paid&utm_source=fb&utm_term=120221481685840645"",
  ""custom.cf_SPkM9YDQhStMevWVgD5bOE1bvh74Xpu5g0M5iuBgrQ4"": ""120221482298820645"",
  ""custom.cf_T16APiW7P2LckN7IaOmzZqBytKj8y5yVWBcaanjfL4B"": ""230"",
  ""custom.cf_UarLlGlju7BawmZJBrc1RYyxILy64ucuJohEOFcp4my"": ""3 - Qualified"",
  ""custom.cf_WDBA0gbPfFTjOivjMrAXzjuPOipkcoapCrWMOg00Zyn"": ""user_0b6306d0e484d08120e8e39ccd22db39"",
  ""custom.cf_aFlcYBmMm7HwtPT5Jeka9PJcfrKpTfHajMW6pQRAoxS"": ""Scheduled"",
  ""custom.cf_am3UgCUhyM5iNDtAPL84enDjUrZx1JsyVZ9uD9TbYwG"": ""DE ACADEMY Direct VSL"",
  ""custom.cf_cdGzLY5Ttzt4UiEI5ZwzrWupvrbFLNe78ctRJ7FGt4G"": ""0"",
  ""custom.cf_cqHJbCcMJPxyPTcArpRyQu95C9c05JL3VHguFcOej32"": ""Yes"",
  ""custom.cf_gB5BL7B924yq2YG0o42MMmiOA8PDZ3d7QS793NIuUAP"": ""_______________________"",
  ""custom.cf_gS8bTWnMjskby4aBfKYMFQNIORclErHRx6mqxtK96Ow"": ""35"",
  ""custom.cf_ggzud96efuFJ4pLZDpuBPhupHvO0iR3jMkk9sJPfIMd"": ""1283866159494"",
  ""custom.cf_idruqmE4HLojpd0WrCAZZg6sAtGCf1obe9ppEn9bAyQ"": ""2024-10-23"",
  ""custom.cf_jr2d8YqWeVF2GF8UqYTLjnOhCF9N61vUOnTTHrwPcPz"": ""61841738"",
  ""custom.cf_k5kkVmRBzWAPVRxCEzh2xDOPTVxbaQmEb2evt3fBY6z"": ""Gold"",
  ""custom.cf_lKPgrDilrsGSE6BIYwoQsobmUxEs6Cw3fSWmxyUKnPt"": ""Data Engineer Academy Info Session | Fb paid ads"",
  ""custom.cf_lmaKBCRKlwK7rseRTFNdDZdFC0wWldeKauxeKpXXiPr"": ""user_0335c6afc0fe7cadf0b72356ae85695a"",
  ""custom.cf_mMvPypkD22bqTHa3W0jO69pkEFlr6ClTVsDSCz7uuU2"": ""13"",
  ""custom.cf_r0QHY6IbVoodShQZWGJpLtWHKsFPqQjBDdF0QFNVtHS"": [
    ""Organic Traffic Typeform"",
    ""VSL Typeform"",
    ""VSL Typeform (YT)""
  ],
  ""custom.cf_rCyWUZqqs1zp8gS8fk5GTPFgzLBCt6WQhmrSn9tnJMo"": ""America/Chicago"",
  ""custom.cf_sUefo1kdSSE2ed77kW3nLVJN7hFyGt5EWOoyqCnUi1p"": ""_______________________"",
  ""custom.cf_tTFAjx2TU0Oeo3vgoHFi2UTSk32WS3Dhjrfz0ho3ID4"": ""fb"",
  ""custom.cf_tVeS3mufSzgDaRdIeyUX2lBzBdg9JMWweOf1WLXPswR"": ""Positive"",
  ""custom.cf_uN3d9UcFrZdySFp0BXGqzAlCw6C6iLwFoMt8moAhpdr"": ""Mozilla/5.0 (iPad; CPU OS 18_5 like Mac OS X) AppleWebKit/605.1.15 (KHTML, like Gecko) Mobile/22F76 [FBAN/FBIOS;FBAV/525.0.0.53.107;FBBV/774177433;FBDV/iPad14,6;FBMD/iPad;FBSN/iPadOS;FBSV/18.5;FBSS/2;FBID/tablet;FBLC/en_US;FBOP/5;FBRV/778429392]"",
  ""custom.cf_uVO3yZc2hQz7pJUv6YYBmJislrIdoNEVxKxBsppJseH"": ""0"",
  ""custom.cf_uph6oRhrkzGk66UtViUrf4PVynL9HP00RBl4gI9GymQ"": ""2025-10-06"",
  ""custom.cf_v385AJ8HSgepKQ3rvqo4yOA3nn49eGqz39DOqojJG5M"": ""user_1x5aaG5n9Tk5VE42qtmbInArqpssoifWhf6MQz8MLYM"",
  ""custom.cf_wp24VoqhLv6QwwkDkkNCE9XFTchjquWWMIuVM9lGMB5"": ""Full transitioner"",
  ""custom.cf_wyMFUTPBRVzRV4CyFuX2lJ1sS6VVfFayRurQovmcalW"": ""fb.1.1759790704748.IwZXh0bgNhZW0BMABhZGlkAasczR3PysUBHt8N16TIPcmHZ4j3Jn2J3QaiKb6mQ9FsfD3dBIYYF_xKa3RoRxzFo_bNLAQZ_aem_g5-pgCEVso3HEygBqOYSnw"",
  ""date_created"": ""2024-07-23T13:59:55.587000+00:00"",
  ""date_updated"": ""2026-07-06T10:32:15.859000+00:00"",
  ""description"": """",
  ""display_name"": ""user_74f5cebcda47617a6de5c392a63fb5cd"",
  ""html_url"": ""https://app.close.com/lead/lead_pwOsFwaKwkYJ5DglWeY6X0WtXAK9eQHsmUQbLrcIGaH/"",
  ""id"": ""lead_pwOsFwaKwkYJ5DglWeY6X0WtXAK9eQHsmUQbLrcIGaH"",
  ""integration_links"": [
    {
      ""name"": ""Google Search"",
      ""url"": ""https://google.com/search?q=Mo%20Ibrahim""
    }
  ],
  ""name"": ""user_74f5cebcda47617a6de5c392a63fb5cd"",
  ""opportunities"": [
    {
      ""annualized_expected_value"": 1500000,
      ""annualized_value"": 1500000,
      ""attachments"": [],
      ""confidence"": 100,
      ""contact_id"": ""cont_OkLWr3I75NfVZczletdefulfxkhKh0vVwDHGOYRR8Yd"",
      ""contact_name"": ""user_81246a26d5031b0494ed6732dc34095b"",
      ""created_by"": ""user_RoWq89U2oZOlTTfJScR9pTREnX3AAeNdKnw4YOOcYwG"",
      ""created_by_name"": ""user_eb1efaee45a59705808492017b599a88"",
      ""custom.cf_DPNuCUGxrFXoDtl2d8te9KKkJgapCb2JtLhR1WaRrzg"": ""FU deposit from August - had to sort out some family situation. Deposit 3.5k ,\nClimb 10k (5.2k advanced) and remainder will add on after a few payments.\nInterest sensitive but was able to work around.  \n  \nAutopay set up, onboarding completed today."",
      ""custom.cf_HXUbFt9DpwvUwJUuRf0wmgP5rgaf76BoU7ElHgmLwBL"": ""7) New Sale"",
      ""custom.cf_Z3ONKlVKtvaoA9X93OiwyZSoWKCjp5bhUnAkpGrE2h0"": ""Payment Plan"",
      ""custom.cf_cGI9OyyDGwmoRPiVEK20ExKAB6WhcNCoYDV1itlVMXF"": [
        ""Gold""
      ],
      ""custom.cf_nBQgTEp26tGIn2MvQGro5Mc5DebNhwYVo1IF2hN9ert"": 8700,
      ""custom.cf_oPRpL56rIs3TXIM90CdMFen5eCsM0SaJnhALsPs30NS"": ""11/17/2025"",
      ""date_created"": ""2025-11-18T22:18:03.299000+00:00"",
      ""date_lost"": null,
      ""date_updated"": ""2026-02-21T01:52:29.688000+00:00"",
      ""date_won"": ""2025-11-17"",
      ""expected_value"": 1500000,
      ""id"": ""oppo_VMjxu9f6aCjWnDTvVGPdoMxLMOP49kch9BnQTFGf9Zh"",
      ""integration_links"": [],
      ""lead_id"": ""lead_pwOsFwaKwkYJ5DglWeY6X0WtXAK9eQHsmUQbLrcIGaH"",
      ""lead_name"": ""user_74f5cebcda47617a6de5c392a63fb5cd"",
      ""note"": """",
      ""note_html"": null,
      ""organization_id"": ""orga_rq7EW7TTwnrAshSzIQ49jJUWzDxtTQUBBrA4VoRWElD"",
      ""pipeline_id"": ""pipe_4vbnk4hNsnNAwvAembff9d"",
      ""pipeline_name"": ""New Sales"",
      ""status_display_name"": ""New Sales: WON"",
      ""status_id"": ""stat_WHTBGASuEtRJPInablJa9lgIyCS6SoD1lbrXdCeieUj"",
      ""status_label"": ""WON"",
      ""status_type"": ""won"",
      ""updated_by"": ""user_RoWq89U2oZOlTTfJScR9pTREnX3AAeNdKnw4YOOcYwG"",
      ""updated_by_name"": ""user_eb1efaee45a59705808492017b599a88"",
      ""user_id"": ""user_1x5aaG5n9Tk5VE42qtmbInArqpssoifWhf6MQz8MLYM"",
      ""user_name"": ""user_75613a3d80a70bc160355cc67df557d0"",
      ""value"": 1500000,
      ""value_currency"": ""USD"",
      ""value_formatted"": ""$15,000"",
      ""value_period"": ""one_time""
    }
  ],
  ""organization_id"": ""orga_rq7EW7TTwnrAshSzIQ49jJUWzDxtTQUBBrA4VoRWElD"",
  ""status_id"": ""stat_I5C6J5zoAxKyp6ykS94lxbvmVl9at9uhuQ5WCNpuWVm"",
  ""status_label"": ""Coaching Client"",
  ""tasks"": [],
  ""updated_by"": ""user_RoWq89U2oZOlTTfJScR9pTREnX3AAeNdKnw4YOOcYwG"",
  ""updated_by_name"": ""user_eb1efaee45a59705808492017b599a88"",
  ""url"": null
}",2026-07-07 11:01:29.570,leads_raw/leads_raw_20260730_223730_part_00003.json
